startTime,price_eur_mwh,price_sell_eur_mwh,co2_g_kwh,load_kw,irradiance_kw_m2,T_out_C,T_in_C,hot_water_draw,EV_connected,EV_energy_req_kWh,price_norm,co2_norm,hour,dayofweek,month
2025-01-01 00:00:00,36.514680806435976,20.4356633570078,142.14047033810482,1.5145184272764671,0.0,-7.0,21.656990477751048,0.2476004628532377,1,7.83158799309174,0.31238524092944436,0.2180007336864683,0,2,1
2025-01-01 01:00:00,33.65078700388164,17.261117072290837,142.03961427760365,0.9229110136610943,0.0,-6.929128629885273,23.650344778309343,0.21891867124199393,1,8.719909287973376,0.2622578037783581,0.2174064887262501,1,2,1
2025-01-01 02:00:00,40.57693872710197,20.325511024292524,126.62154456884491,1.9365408902177168,0.0,-7.0,21.58013394193189,0.19440797173072208,1,6.600994964796988,0.3834879397893206,0.12656306121981517,2,2,1
2025-01-01 03:00:00,43.092964070128325,27.949499314951975,170.15128212217263,1.2852189294931853,0.0,-7.0,22.75009724785998,0.20371907748071771,1,9.863747816628406,0.4275265497896651,0.38304072882002355,3,2,1
2025-01-01 04:00:00,29.736807189507026,20.537599531133335,149.22115194189618,1.5658833125429834,0.0,-6.892046417987158,17.188692569519127,0.16083715180794067,1,4.712332926042129,0.1937504530586167,0.25972018353463955,4,2,1
2025-01-01 05:00:00,43.04612967696008,30.47688649956168,173.52311457060273,1.9793205461986911,0.0,-7.0,17.154637060247808,0.18633958981126109,1,5.8150982310348285,0.42670679589447646,0.40290760076825427,5,2,1
2025-01-01 06:00:00,55.08114794346491,38.8124246616152,193.93902659366745,3.344267844869232,0.0,-4.703740818978275,25.272613138885163,1.857100765473759,1,5.00485791958624,0.6373586787360541,0.5231983673089865,6,2,1
2025-01-01 07:00:00,46.99204671851535,43.496103057099894,141.07313946720285,3.164888140781945,0.07877304285129082,-3.9622985288984687,16.642097969826533,1.5357916969553649,1,11.315705906742823,0.49577315175150694,0.21171200906479393,7,2,1
2025-01-01 08:00:00,51.43339219209527,29.80280247086257,173.50870353440712,3.350150805746077,0.15340412724847619,-3.494639603285705,19.12146189398072,1.5454706576926251,0,0.0,0.5735111132270931,0.4028226907927088,8,2,1
2025-01-01 09:00:00,65.3633664770085,54.49182836270549,183.99596955739548,4.045654044939181,0.22037508415827317,-3.11295425651487,26.02674202530988,0.24539798690202483,0,0.0,0.8173308770257501,0.4646137715632692,9,2,1
2025-01-01 10:00:00,65.96314853370735,38.51674631582005,185.44722504383543,3.729950767236794,0.2678032008254608,-3.8169086874303604,20.812963080936814,0.2386354180344176,0,0.0,0.8278290097863662,0.47316458402332895,10,2,1
2025-01-01 11:00:00,68.25106644584386,43.19356363828915,157.14067939786418,3.19728557211952,0.3022560456618259,-2.522400973965727,22.973358090235255,0.2068716377804028,0,0.0,0.8678749993566416,0.30638212189147224,11,2,1
2025-01-01 12:00:00,55.397511940351414,41.58274200640392,248.551303295869,3.309564552420847,0.3114158333283584,-2.3421589032707524,18.07774886667695,0.17689908489821538,0,0.0,0.6428960755336064,0.8449744711450885,12,2,1
2025-01-01 13:00:00,48.45896486469526,33.123724275600246,176.17327432556732,2.767762471432303,0.2978169315183644,-2.903847717162559,18.47582462969899,0.1616931415232252,0,0.0,0.5214489806222692,0.41852236968085244,13,2,1
2025-01-01 14:00:00,40.93397494526049,44.97944362917399,274.5028657713935,3.767491694070129,0.2674366297119239,-2.5624532506223794,20.843380679834045,0.2363651425694754,0,0.0,0.38973723247274344,0.9978813478784812,14,2,1
2025-01-01 15:00:00,48.21382366040959,51.937786744584464,248.4764504604076,2.268987604576116,0.21580510213826712,-2.473760656928018,22.072084246220825,0.24200915165175832,0,0.0,0.5171582138696711,0.844533437457971,15,2,1
2025-01-01 16:00:00,60.20669777793385,47.110526541269856,223.2277318920535,3.4978798841573275,0.1533172224842683,-1.6128263466327193,25.302136312464622,0.19942849213467057,0,0.0,0.7270724373129059,0.6957677243550103,16,2,1
2025-01-01 17:00:00,50.309228379066674,47.44807538587705,172.31424596034108,2.583830675438879,0.0816941576032801,-4.04784997385497,21.28047573449466,0.15945485662063788,0,0.0,0.5538345976960857,0.39578493431029144,17,2,1
2025-01-01 18:00:00,47.0149482562517,44.423158897384475,201.5392971393247,1.868163388225476,3.89268580960591e-17,-4.741199489098304,16.358683253947852,0.2106224730533348,1,13.624977397208864,0.49617400299554343,0.5679792406209994,18,2,1
2025-01-01 19:00:00,41.08672326265823,29.743733910340943,167.61595632981323,2.1868261558818185,0.0,-5.849510172466542,19.15182648878126,0.18674613989418745,1,9.798269624882286,0.3924108238166195,0.36810256281260456,19,2,1
2025-01-01 20:00:00,55.27270280513515,37.98179441782744,157.70902720887625,2.06056313404699,0.0,-7.0,17.936136305114065,0.16578606606473875,1,8.484184985525179,0.6407115105627075,0.3097308331207895,20,2,1
2025-01-01 21:00:00,30.60265965388686,24.16093088523603,197.59910172715234,1.1481886349343773,0.0,-7.0,18.11107556604348,0.24191433896389267,1,11.917652836897735,0.20890568156311007,0.5447635681634071,21,2,1
2025-01-01 22:00:00,31.341517958815913,21.001208764260536,150.45155391675476,1.659328552093005,0.0,-7.0,20.80589478759627,0.17394490520477077,1,9.059361376535513,0.22183810008046412,0.26696972480136133,22,2,1
2025-01-01 23:00:00,24.24303026009918,18.375022198316337,147.97774171317934,1.9572907666127561,0.0,-5.432494293040625,18.957450476071568,0.22111615158461628,1,6.254550564882132,0.09759152513141589,0.25239399750053243,23,2,1
2025-01-02 00:00:00,30.76492017613728,22.18730535223427,170.28548673843605,1.7325987806104632,0.0,-7.0,18.787743272991253,0.1929377859302681,1,8.532336639619725,0.21174576736655565,0.3838314638185577,0,3,1
2025-01-02 01:00:00,36.38533560065629,21.676908145767726,112.22739687226564,0.9741844141831423,0.0,-7.0,26.07389166762945,0.2327920867288268,1,7.631016812613542,0.3101212800005396,0.04175259288678619,1,3,1
2025-01-02 02:00:00,39.4016068756694,20.984037723059483,146.6232497163735,1.6100247983992304,0.0,-7.0,22.142060402789657,0.220083490350944,1,7.782312805935333,0.3629158175053841,0.24441331653046405,2,3,1
2025-01-02 03:00:00,39.222314405240375,37.41130783437111,146.89136733883038,1.7612436035487506,0.0,-7.0,18.810119146549,0.16231600296185575,1,8.771684094347107,0.35977761732663516,0.24599306835795925,3,3,1
2025-01-02 04:00:00,39.52278229324071,30.773763247548036,139.92361673958365,1.5812280802385161,0.0,-5.354152262978868,19.031115978644742,0.1949611734656722,1,4.614245972078798,0.36503678062320105,0.20493900916623,4,3,1
2025-01-02 05:00:00,33.56198317057348,25.547929887044937,176.7317287764197,2.474614149794079,0.0,-5.021279263831292,24.82386562469274,0.17597885552758413,1,6.901959192742832,0.260703448456607,0.4218127891289389,5,3,1
2025-01-02 06:00:00,56.01854146494236,47.32915570871085,195.4312049068554,2.67354629847241,0.0,-4.205495582655318,25.654615121137578,1.6601883536335573,1,6.480755644613356,0.6537661079472162,0.5319902974909962,6,3,1
2025-01-02 07:00:00,42.08972224684597,50.65073868171523,166.70690055050056,2.8381991094882277,0.07828715073330558,-5.12922250256176,23.406023284168445,1.5335166200455026,1,7.4743686995009595,0.40996656156696176,0.36274639668109576,7,3,1
2025-01-02 08:00:00,52.87115518985219,48.07614904333521,176.05323458985598,3.172420089310824,0.1530725076757205,-2.093254810524145,20.698362161427806,1.380135913325889,0,0.0,0.598676632368877,0.417815094306245,8,3,1
2025-01-02 09:00:00,54.01063544316733,42.52545606224613,190.5491801253225,2.9247680204692825,0.21759026351039318,-4.276329064213018,24.178351022096006,0.18294601469947983,0,0.0,0.6186212353188933,0.5032253565675641,9,3,1
2025-01-02 10:00:00,42.83142818569378,52.015355985742765,222.31240308330618,3.4212976905720263,0.2670986032560599,-1.8106065486104264,25.897182595784344,0.16144869928546954,0,0.0,0.42294882292072417,0.6903745974686561,10,3,1
2025-01-02 11:00:00,49.35143001172883,40.14371320807082,225.7864288343969,3.6893205285731585,0.2968732649040177,0.0929594567330585,17.602917067294985,0.17138218333679264,0,0.0,0.5370700174524613,0.7108435934218535,11,3,1
2025-01-02 12:00:00,57.73279717374828,56.208888456691795,184.89552207943657,4.214870901953354,0.3091584199765012,-2.9855360527883574,24.797909307323465,0.2213466247596085,0,0.0,0.6837711469704568,0.4699139444038323,12,3,1
2025-01-02 13:00:00,56.719968119092144,44.61932042378436,170.96271951044992,3.0095788404875106,0.3006193176478225,-2.66323834378113,24.510657485802447,0.21099044804825284,0,0.0,0.6660433510805439,0.38782172637356965,13,3,1
2025-01-02 14:00:00,40.00433095774782,46.543720250247254,269.4179542798468,3.017256868716083,0.2684337206417021,-2.296701167811741,19.364957859450428,0.1855595945977831,0,0.0,0.37346544525934783,0.9679209963439085,14,3,1
2025-01-02 15:00:00,59.58076071733268,40.439327578340574,192.5175336325028,3.5694667437079812,0.2169633180900172,-3.3762869919844913,18.49700812146529,0.23361156056235957,0,0.0,0.7161165070902715,0.5148229159582178,15,3,1
2025-01-02 16:00:00,56.00137501972432,50.82749318189699,229.51528276997792,2.5334054563339885,0.1520179543238585,-5.044490335790236,21.238603770524684,0.19844128509641876,0,0.0,0.6534656394371733,0.7328140396954623,16,3,1
2025-01-02 17:00:00,58.23259607334879,44.415371424496286,242.48850627318595,3.937950783673628,0.07939612549812892,-4.148494304184398,18.181108595327263,0.2294434154355324,0,0.0,0.6925192499572229,0.8092524078634928,17,3,1
2025-01-02 18:00:00,50.121493390950995,31.089044770443717,180.02767505471863,2.9727137581110665,3.701363399948618e-17,-6.055497924036464,16.86511737932496,0.22811801509955762,1,9.254893359435593,0.5505486260551558,0.4412325389714021,18,3,1
2025-01-02 19:00:00,31.83358449082942,30.26763276484769,203.24282396917764,2.3881783636806646,0.0,-5.295730997598328,25.164955441421032,0.2347998950649561,1,9.846944713494832,0.2304508615367933,0.5780164384671798,19,3,1
2025-01-02 20:00:00,50.5558609159112,46.04698405653839,144.71102170343025,2.1621657420810485,0.0,-7.0,20.47819745536893,0.23497717072153082,1,10.11027451119838,0.5581514676090203,0.23314644913714178,20,3,1
2025-01-02 21:00:00,44.39358607224502,34.10906224438808,209.50852403576948,1.8159078019885562,0.0,-5.5635732571876595,20.360039966716577,0.21790625986271112,1,9.731038519682341,0.45029165637646484,0.6149340085993961,21,3,1
2025-01-02 22:00:00,36.65486572015549,29.530659980997672,124.65266200405009,1.612300369479076,0.0,-7.0,16.870820127549802,0.22494234933956003,1,10.213669951294024,0.314838931930744,0.11496238461617943,22,3,1
2025-01-02 23:00:00,26.271229386461837,13.507695903642523,147.0257915457483,1.439045238544042,0.0,-7.0,20.91392685224716,0.22769071960476484,1,7.732400965398347,0.13309159295723857,0.2467850971869196,23,3,1
2025-01-03 00:00:00,36.89530893462699,19.984462529978078,148.03498765458315,1.6511797736938925,0.0,-7.0,23.549746661642963,0.1669159400222352,1,10.668972530009396,0.3190474686128917,0.25273129118425475,0,4,1
2025-01-03 01:00:00,26.864396726740534,16.88157999418835,161.89464998659346,0.6634467315905579,0.0,-7.0,18.46759310554479,0.18002448283355277,1,8.591614731748086,0.14347394671050184,0.3343925661755331,1,4,1
2025-01-03 02:00:00,37.132541554767606,19.69377754096899,113.47899619506948,1.3689099684624535,0.0,-7.0,19.85694198255008,0.1604239738265549,1,8.269223532507329,0.32319980947332433,0.04912702914865126,2,4,1
2025-01-03 03:00:00,47.87135281155019,30.128998272832913,137.1791867306764,1.822797104771026,0.0,-5.804142881921076,17.925403626530127,0.1689371362406833,1,8.219942046814042,0.5111638624251563,0.18876879893433443,3,4,1
2025-01-03 04:00:00,25.09796169861041,22.633684505513575,130.80212248472284,1.4899235302446605,0.0,-7.0,19.879930660737575,0.22782872523011868,1,6.4324625425754105,0.1125556002358196,0.151195069895993,4,4,1
2025-01-03 05:00:00,43.052291883114236,22.62194433465006,137.4552631194116,2.6637046897977252,0.0,-5.580986198112351,25.363661983077208,0.24471104338753158,1,5.046789817599688,0.42681465450341965,0.19039544389573684,5,4,1
2025-01-03 06:00:00,42.11798902210833,48.13553302359008,182.30303328522007,2.7357996933653266,0.0,-4.728867374346831,18.67339576087319,1.630226600048148,1,6.373437055466197,0.4104613218821536,0.45463897339336506,6,4,1
2025-01-03 07:00:00,47.760882277748735,45.15322181013623,127.69864576821942,3.4912747106975632,0.07812616075285246,-3.43004969765804,16.429542712155342,1.7895357802804879,1,7.795878262739357,0.5092302695191483,0.13290935271873652,7,4,1
2025-01-03 08:00:00,54.73315100997699,44.231509826044544,202.41752772023696,2.4670729257460957,0.15239211110096199,-4.724852240874462,21.82119873913744,1.363482511455754,0,0.0,0.6312676028740135,0.5731537843620822,8,4,1
2025-01-03 09:00:00,64.15484800864357,43.1907645756735,219.89536102089605,3.124826573490646,0.214098544185064,-4.186601914100574,22.202274442824155,0.23457955803065023,0,0.0,0.7961778812286091,0.6761333604315825,9,4,1
2025-01-03 10:00:00,63.73232552378678,44.042457146766544,240.1362243842069,3.307789572258945,0.25763023516083927,-1.867004271735626,19.43217644472519,0.18387859358257194,0,0.0,0.7887823663231021,0.7953927384436058,10,4,1
2025-01-03 11:00:00,67.9189130924425,42.20597211315963,221.49801320767446,3.45591384819972,0.29011003024745285,-1.7918085905138892,22.625041490274352,0.23941667249119625,0,0.0,0.8620612375710967,0.6855762038288287,11,4,1
2025-01-03 12:00:00,59.09494677113683,51.27871341750814,196.76735736425564,3.22628104441247,0.30565074875312553,-1.7356188761875728,16.147971284957492,0.22980458381772584,0,0.0,0.7076131861803505,0.5398629217036387,12,4,1
2025-01-03 13:00:00,54.37659362527878,42.70762937355788,210.68244195920354,3.2844971663297673,0.29682207892590173,-1.7414193123353088,19.206930571561795,0.24835971854533279,0,0.0,0.6250266913303403,0.6218507452460986,13,4,1
2025-01-03 14:00:00,48.07892959982649,41.39040366416149,271.67096905161725,3.9376040615251844,0.26130412593552976,-3.0671190755776925,17.062433155546152,0.23272727113763245,0,0.0,0.5147971299712727,0.9811957828740268,14,4,1
2025-01-03 15:00:00,51.060296511740376,55.38034968237623,260.3078114367006,3.039339950487786,0.21360803056440814,-2.631114380015954,17.857174530803626,0.18982096586020494,0,0.0,0.5669807278295442,0.9142439397098684,15,4,1
2025-01-03 16:00:00,48.81377847914458,51.940106907571725,210.72659818433084,3.28031360209285,0.15084392591555237,-3.19112609380111,19.359030286604597,0.1610079780135767,0,0.0,0.5276593705266694,0.6221109141850178,16,4,1
2025-01-03 17:00:00,60.64295026845417,45.541656148090574,254.42579902386566,3.222793537130906,0.07847608724814996,-4.921595287412909,20.449439428710097,0.23742730998922956,0,0.0,0.7347082718822807,0.8795870612347525,17,4,1
2025-01-03 18:00:00,44.374108222884104,31.512504907298776,232.2954875406459,3.0932017158316505,3.686766740486022e-17,-3.117421222630746,16.330294614666613,0.2071190973533387,1,13.203274419419769,0.44995073079158215,0.7491950351967179,18,4,1
2025-01-03 19:00:00,43.895955066752364,36.234545761835705,228.5270432533842,2.681732083006411,0.0,-5.285306968999709,16.427162522115914,0.23581415493448843,1,13.234955003857783,0.4415814985731216,0.7269913221581511,19,4,1
2025-01-03 20:00:00,54.385880212211354,43.54686283889286,196.4679511118329,2.212841331930277,0.0,-7.0,22.3567764878863,0.18871289145756714,1,11.250354418147086,0.625189236743999,0.538098816942101,20,4,1
2025-01-03 21:00:00,27.65075114127717,29.588620535081784,199.98474854736097,1.3220722199769235,0.0,-6.44640040748731,19.6567839949762,0.15289492334686336,1,10.96331408152337,0.1572377013085275,0.5588198241060343,21,4,1
2025-01-03 22:00:00,36.99269258241561,29.49395907418837,191.34129130674606,1.5468568523206105,0.0,-7.0,17.39391526398005,0.1552416587294738,1,12.658388625775771,0.32075199853635233,0.5078924839087908,22,4,1
2025-01-03 23:00:00,24.096636368270573,14.138920748619244,120.76697815485733,1.5175955075532679,0.0,-7.0,18.10437194402074,0.21704984793991047,1,6.849688533373017,0.09502915686014962,0.09206789485611948,23,4,1
2025-01-04 00:00:00,32.279176985507064,19.164467505815807,179.17071734688324,1.5330038056710524,0.0,-6.821406665319735,23.31059060487248,0.16144625711711746,1,10.524648747664104,0.238250176494641,0.4361833352203255,0,5,1
2025-01-04 01:00:00,33.97422523267985,17.704592460882527,129.60249393840297,0.7488435305797692,0.0,-7.0,16.393874142968354,0.22454619956580704,1,7.909623844202197,0.26791902259585765,0.14412684599113218,1,5,1
2025-01-04 02:00:00,34.55292947561942,20.26246215059616,135.7929656708349,1.7514106860207055,0.0,-6.613576174096724,21.342895622062496,0.19194426079056826,1,9.442634609608838,0.2780482252014665,0.18060116999398348,2,5,1
2025-01-04 03:00:00,47.264855913857616,30.731175347767238,161.99515767988655,1.315662640266801,0.0,-6.686840873249316,19.862234466526385,0.20631079176345224,1,8.3529957599273,0.5005481981521664,0.33498475855252835,3,5,1
2025-01-04 04:00:00,36.75761228744248,20.404295622959022,157.34356355782757,1.6150494151756372,0.0,-5.655658955535057,24.767423058149536,0.230121337611943,1,5.4735550325724995,0.3166373303523526,0.30757751747768936,4,5,1
2025-01-04 05:00:00,37.28913588243713,33.007649372333546,181.53241428186072,2.338731404051173,0.0,-3.856793221651073,24.5991420827608,0.17530714443031215,1,5.466992624670424,0.3259407184803097,0.450098478189417,5,5,1
2025-01-04 06:00:00,55.25171237985365,41.99010117834273,152.04590006214178,2.3408847188074224,0.0,-5.221919433336336,23.53391754335873,1.4346769111398823,1,5.84461726260831,0.6403441099897064,0.27636362891611255,6,5,1
2025-01-04 07:00:00,37.5643098639206,39.877538115289724,158.8990816563639,2.42499225621963,0.07648023689585597,-4.9532048898950105,20.245369575143783,1.6721679871786885,1,7.475697422930069,0.3307571563140464,0.31674264633549043,7,5,1
2025-01-04 08:00:00,35.53135308083752,30.232041788745388,137.85199645871876,2.5877176729729108,0.14909688131911636,-4.364827129469303,22.839407019531524,1.8138208179224007,0,0.0,0.29517381405324755,0.1927330008681419,8,5,1
2025-01-04 09:00:00,43.71057503123733,48.25578731410989,186.80509805603174,3.328843546588319,0.2084277003673343,-3.66918177605081,22.84668722698905,0.17902997614949412,0,0.0,0.4383367462463916,0.48116518597133573,9,5,1
2025-01-04 10:00:00,51.62595653720389,37.270827725066034,222.40707703291088,3.9163790513825716,0.2573201859467855,-2.453088763628994,19.467123635748305,0.212272294439644,0,0.0,0.5768816142904927,0.6909324173670042,10,5,1
2025-01-04 11:00:00,48.299080703322986,52.08857092078606,187.57859829360717,3.804119128450307,0.28626976031608564,-1.7344975392528643,25.143731957161762,0.2451213958859426,0,0.0,0.5186504888473665,0.485722657437331,11,5,1
2025-01-04 12:00:00,75.39571396570508,60.91665878696323,210.64080666110195,3.5567413591335435,0.29198881107341057,-1.6960922177478612,26.091004080551997,0.21488521890409565,0,0.0,0.9929295210009416,0.6216054296355036,12,5,1
2025-01-04 13:00:00,51.500020728266314,41.36387461637379,187.96201336854946,3.68123436774354,0.2813046163275992,-1.2471706104197768,18.934216794978333,0.23927891034743798,0,0.0,0.574677328872521,0.487981743057213,13,5,1
2025-01-04 14:00:00,54.99487970487466,34.25904470723088,250.00665864586068,3.226430959130763,0.2547730500042857,-2.36039385377613,23.875233248604488,0.2439729851476849,0,0.0,0.635848704551882,0.8535494400439493,14,5,1
2025-01-04 15:00:00,49.07670781776208,54.17098082656651,170.59280890714507,2.3772757250724488,0.20516393667497923,-1.3959504527531803,20.65582284722903,0.24293426224287581,0,0.0,0.5322614873666759,0.3856422092414026,15,5,1
2025-01-04 16:00:00,46.03903604340715,39.12221835827779,236.68282996416815,3.184930980322909,0.14678288443906126,-3.734786921292524,20.193206952095725,0.22584770843110033,0,0.0,0.47909237166175916,0.7750453025081138,16,5,1
2025-01-04 17:00:00,49.622847772703025,39.829984368087416,195.6768255320007,2.7418047128133067,0.07651346319545381,-1.4728212992106,19.353340542666604,0.20520954863028384,0,0.0,0.5418207092353715,0.5334374967757286,17,5,1
2025-01-04 18:00:00,48.748351043218946,35.6932018439584,154.15960693871207,2.5202025316465573,3.624117778586411e-17,-4.343090065215875,18.368259485470254,0.15967528378931717,1,9.541017972071353,0.526514178034059,0.2888176118749835,18,5,1
2025-01-04 19:00:00,37.43970821683931,35.90044096306322,223.99471788147443,2.8118435024880495,0.0,-6.601674215752794,24.820566270281073,0.17227061405649,1,11.231227092257775,0.328576223058973,0.7002868138029474,19,5,1
2025-01-04 20:00:00,48.8743089134353,35.01951452321055,178.89496768630488,2.0883145582535465,0.0,-7.0,23.04340725227741,0.17557671265011576,1,10.280727018556552,0.5287188495960154,0.43455861534463036,20,5,1
2025-01-04 21:00:00,38.04424418069088,33.25865547726531,178.07183264381854,1.2551529764893274,0.0,-6.605488573406579,20.034309715625913,0.15332595728369652,1,8.78946690153629,0.33915756462496016,0.42970869509049925,21,5,1
2025-01-04 22:00:00,39.39909340495344,20.407547356314318,178.56245532195655,1.339895974207502,0.0,-7.0,23.359982891031105,0.1601923377908047,1,8.14546949826896,0.36287182360964915,0.4325994490263907,22,5,1
2025-01-04 23:00:00,19.788873777860434,14.206583108312701,163.47934405936908,1.385065848619089,0.0,-7.0,23.151742774059652,0.17947566982782953,1,5.193455585198056,0.019629329422418414,0.34372960017780435,23,5,1
2025-01-05 00:00:00,37.56236690435643,26.87773902678169,162.13754392666476,1.3514385289669333,0.0,-7.0,18.557043769030685,0.1590740942256198,1,12.481461501986214,0.3307231482152289,0.33582369980337523,0,6,1
2025-01-05 01:00:00,30.235346645752927,18.105910201755428,159.90142550251736,0.7847195188994367,0.0,-7.0,17.70784289997267,0.16695350077336457,1,9.186534032053313,0.2024765116987848,0.32264846672965003,1,6,1
2025-01-05 02:00:00,36.6030033294037,22.34312799758057,146.24060713952278,1.35267931691035,0.0,-7.0,24.823178908257624,0.15544175973758645,1,10.481988813190439,0.3139311717580041,0.24215878247739345,2,6,1
2025-01-05 03:00:00,36.20815755075241,26.182349169919792,131.86604951418371,1.7388907023604572,0.0,-7.0,24.6783679885191,0.19165326495990895,1,8.651052307824632,0.307020089043952,0.15746373904840055,3,6,1
2025-01-05 04:00:00,31.717427547978566,22.55680177068527,126.69068579323545,1.6006117095409653,0.0,-6.907946998950448,26.757644682643182,0.2321327291673069,1,6.382417724374391,0.22841773801551427,0.12697044203494143,4,6,1
2025-01-05 05:00:00,31.446034376040497,24.95993167157679,182.27910783530507,2.5739080180450222,0.0,-4.8807155110658655,16.320212676169675,0.2312243844203218,1,5.579436602353949,0.22366747662054715,0.45449800439296695,5,6,1
2025-01-05 06:00:00,60.75993033150723,45.187518605375324,197.59398757105765,3.006049638874294,0.0,-4.745780852492132,21.934092383071633,1.8036678221985718,1,5.478652741634977,0.7367558026787759,0.5447334355023659,6,6,1
2025-01-05 07:00:00,48.76399046979714,47.0015856796159,157.57367795089806,3.2517891610030403,0.07894534122916422,-5.428365970312143,23.64546750879041,1.684199626940286,1,9.933220668014396,0.5267879187615183,0.30893335388133536,7,6,1
2025-01-05 08:00:00,58.077361991065324,47.2836361473408,145.10796561650702,3.429368850906517,0.1528901892906078,-3.2851054354933122,22.317553802583635,1.3083314675317275,0,0.0,0.6898021496595684,0.23548524681239325,8,6,1
2025-01-05 09:00:00,54.9308278415674,51.33419074774578,163.94486876363328,2.467690555345757,0.2191428865110981,-2.4508429770546876,23.600395918091166,0.22023898964558222,0,0.0,0.6347275890449168,0.3464724765899051,9,6,1
2025-01-05 10:00:00,45.822353898261916,50.60378194536918,217.06673459871894,2.852737738741482,0.26924293840448965,-3.2424485691660436,17.39590040626999,0.22538218957135325,0,0.0,0.47529973081633303,0.6594670640546854,10,6,1
2025-01-05 11:00:00,55.869138944954145,50.95038923154852,174.22285390366574,4.390699411713803,0.3040638810726194,-1.9043437088753872,15.863073531940083,0.20431075414411046,0,0.0,0.6511510789177727,0.40703047221567024,11,6,1
2025-01-05 12:00:00,46.72572390640064,63.0384996154926,244.7038808195996,3.295798669678418,0.31270411968405165,-1.896808830429226,16.726836568906858,0.23070105962882537,0,0.0,0.4911116381107869,0.8223054177932896,12,6,1
2025-01-05 13:00:00,60.64059765763285,36.35037868499984,264.8820713202119,4.4799839332210105,0.29768604240158436,-3.199373929269334,19.61897921582325,0.15712658425766599,0,0.0,0.73466709355682,0.9411955266447289,13,6,1
2025-01-05 14:00:00,58.96571572105066,37.38441389348865,271.0016666586732,2.7525510021059074,0.2650398441493388,-1.9974734067088913,18.97518286172146,0.2094780586905216,0,0.0,0.7053512233466079,0.9772522461951935,14,6,1
2025-01-05 15:00:00,61.409212276728475,53.089653809732056,164.9972252676994,2.516430457392291,0.21525506373074832,-2.2703802836953604,24.50736438916167,0.19798933800684904,0,0.0,0.7481203441549243,0.35267297208602727,15,6,1
2025-01-05 16:00:00,53.31790153980692,37.409968059165706,263.81035391127847,3.4912539514263594,0.15459800393981937,-2.368574393207105,16.28418238619131,0.2305211814999022,0,0.0,0.606496143539249,0.9348809564952296,16,6,1
2025-01-05 17:00:00,56.22960453427515,55.76904408462052,233.29863102052184,2.862610258180733,0.08049201869638907,-3.120499239787631,19.929287032930752,0.16279605956358706,0,0.0,0.6574603967275676,0.7551055670411091,17,6,1
2025-01-05 18:00:00,55.3551675876091,36.85652739440592,158.40502322638025,2.280736112792891,3.780015335552808e-17,-6.32755289426964,25.192679991622203,0.17126239766414908,1,10.62877038452885,0.6421549119196134,0.3138316489138958,18,6,1
2025-01-05 19:00:00,33.72726137287108,26.67549128850323,182.28565637550568,3.0147527161136627,0.0,-6.663283109602511,20.5468252386561,0.205869196445539,1,9.633933385122656,0.26359635345564286,0.45453658846011835,19,6,1
2025-01-05 20:00:00,55.220746700451954,44.34688937213381,198.00409271215582,1.5327221850075186,0.0,-5.9330753845773225,16.78677593330396,0.24472053219541282,1,8.68261814454728,0.6398021100919921,0.5471497792703671,20,6,1
2025-01-05 21:00:00,37.851509769421405,25.05648741830395,208.38495447293946,1.4807230520155588,0.0,-6.55474707163648,18.491651018397057,0.1583199902151932,1,10.122458679367057,0.33578408685174616,0.6083139250184143,21,6,1
2025-01-05 22:00:00,42.99495224068132,32.355654008937265,133.13131148891142,1.4396512626671714,0.0,-7.0,22.065461648915008,0.22433770240038564,1,10.056804182130119,0.42581102464823506,0.16491867579787767,22,6,1
2025-01-05 23:00:00,28.96471302794616,22.27613799100146,123.47637054115418,1.663515649187048,0.0,-3.9904396528501884,15.778056606647015,0.1705399202009996,1,4.96559357101863,0.18023629917349596,0.10803166305021596,23,6,1
2025-01-06 00:00:00,41.219022498442186,26.489409777559445,143.34918172948574,1.2261625874893822,0.0,-7.0,25.915053427402345,0.1605448868084884,1,11.090403646009856,0.3947264898587688,0.22512247380914635,0,0,1
2025-01-06 01:00:00,30.603022926992523,17.28169710691873,174.44889117051434,0.6637303032665108,0.0,-6.705755733755651,21.836999950900896,0.1894766113843542,1,8.744266829382557,0.20891204002156843,0.40836228614909986,1,0,1
2025-01-06 02:00:00,28.763800274955432,21.68620085906086,172.99654506806073,1.1953571529234743,0.0,-6.586681926125406,23.41897879660699,0.20830528328432704,1,8.494437021216028,0.176719673874956,0.3998050477681145,2,0,1
2025-01-06 03:00:00,39.697817192694615,32.24714123310624,122.13157721459,1.9104844468275533,0.0,-6.411592466343441,21.3424613761048,0.23270179411721081,1,6.318719007018031,0.3681004594906914,0.10010812674635096,3,0,1
2025-01-06 04:00:00,36.729465104990425,28.94866099731947,132.22922634851022,1.8329878301908284,0.0,-6.75598082766801,26.34036030202462,0.21346918507400092,1,4.124764639945083,0.3161446632995146,0.15960358074352626,4,0,1
2025-01-06 05:00:00,41.31297769133898,23.620104906763455,182.66816378075006,2.7018130451781275,0.0,-4.957240020383459,22.441329183815093,0.19916671429261612,1,5.8850355431119326,0.3963710106935677,0.4567903260806748,5,0,1
2025-01-06 06:00:00,36.77283204505655,32.418633881910765,178.78731926816513,2.19828036761742,0.0,-5.7116101567452615,23.241324693341568,1.339250524770978,1,4.010478061290877,0.3169037255107813,0.4339243497423737,6,0,1
2025-01-06 07:00:00,48.959928042824124,33.60679033822428,209.71082703405685,2.3403987256238588,0.07914188680269695,-4.398171564873266,25.35889290965374,1.3444147824987032,1,10.517548260699533,0.5302174622622885,0.6161259799749575,7,0,1
2025-01-06 08:00:00,40.374495754754086,38.655616708032746,215.3833526713999,2.991057604811426,0.15286575160561022,-3.922191107599185,25.30763691349091,1.7029326234487907,0,0.0,0.37994453068525524,0.6495485601843095,8,0,1
2025-01-06 09:00:00,65.56276629234705,55.03304308957318,163.23663496826305,3.6201355617638007,0.21593952781175835,-2.7326428587549767,16.315944243520413,0.1614059675031534,0,0.0,0.8208210210046946,0.34229955568199316,9,0,1
2025-01-06 10:00:00,44.041263283943444,35.56067955470735,225.97268594126834,3.447339211987007,0.26446249096988944,-0.02210466171599368,18.947571821774385,0.1646473767371647,0,0.0,0.4441248640143561,0.711941022237863,10,0,1
2025-01-06 11:00:00,60.29435388974092,39.76086683712998,161.27089036732798,3.729991278388611,0.2963460055726035,-3.903321568133646,18.449335488207296,0.22197363789960312,0,0.0,0.7286067037831218,0.33071736799414236,11,0,1
2025-01-06 12:00:00,53.59883843406171,58.01994115444927,248.7509914490205,3.3508380087009035,0.30377031865160165,-1.246560395842616,15.819771413474795,0.2461042029282605,0,0.0,0.6114134510517056,0.8461510358258414,12,0,1
2025-01-06 13:00:00,46.816050781461875,47.06841536511785,229.73906766516848,2.9777812008976423,0.2972327548179244,-3.6467380280106294,24.802427634722502,0.16202342033330674,0,0.0,0.49269265160669506,0.7341325826315946,13,0,1
2025-01-06 14:00:00,62.068667045723195,47.920202849838674,270.1711058900108,3.6145222023066954,0.2675987278603466,-2.804626657783607,18.852828223320135,0.21094260828611033,0,0.0,0.7596629430659885,0.9723585734849962,14,0,1
2025-01-06 15:00:00,48.018044310455316,54.12846894370361,268.927098637155,2.563926826473259,0.21998320641952257,-1.7194637491972498,19.066505528267218,0.17391883872680705,0,0.0,0.5137314397862327,0.9650288697784365,15,0,1
2025-01-06 16:00:00,40.30767057225388,35.26961144557919,166.43426543194852,3.050193364557412,0.15417316033355183,-3.364410676256162,16.449706738046025,0.1525757814872517,0,0.0,0.3787748730907938,0.3611400277194986,16,0,1
2025-01-06 17:00:00,42.42658764881314,43.866603999055,172.93025375486795,3.4929651004013382,0.07891422187456865,-5.228926663388403,25.540852012705308,0.23322676560647226,0,0.0,0.4158627994967424,0.3994144586594848,17,0,1
2025-01-06 18:00:00,44.444487286383314,45.006822404919966,198.42070473186917,1.8589274801065088,3.777021864736785e-17,-5.6418833757704165,23.844074133761307,0.2008604603986803,1,11.418783409215957,0.4511825928386882,0.5496044616350239,18,0,1
2025-01-06 19:00:00,40.6266407173405,36.882050627620764,226.47158208423733,2.8220307161330984,0.0,-5.022372019500873,21.254237958557336,0.15238899516944182,1,10.436866741897521,0.3843578859408657,0.7148805235148158,19,0,1
2025-01-06 20:00:00,44.26249570860767,40.96310260711421,208.30006280664506,2.4092798741247967,0.0,-7.0,23.363381383842217,0.23954533020999588,1,8.924451187280372,0.44799714952062986,0.607813742435342,20,0,1
2025-01-06 21:00:00,39.83109830460368,30.544526727908877,209.03678443166726,1.1310793653101348,0.0,-6.828217285161586,23.507147028834655,0.20356852406273723,1,9.801651997506982,0.37043331155199677,0.6121545139326395,21,0,1
2025-01-06 22:00:00,27.108161718599344,32.19810357629498,169.44672936890726,1.6410756949471377,0.0,-7.0,22.37608726393613,0.2237067388406099,1,8.146255058243801,0.14774062527872914,0.37888949665058,22,0,1
2025-01-06 23:00:00,29.332171203701844,17.49377803954235,133.24915723520724,1.7198077800300693,0.0,-7.0,17.468800954858793,0.19235048110968112,1,6.845454122222792,0.1866680099423859,0.16561302416396942,23,0,1
2025-01-07 00:00:00,38.21720079616939,20.01094339652561,110.84397568962996,1.1073595380103156,0.0,-5.776118209347491,23.31330601286676,0.16848832727046212,1,12.481120971987355,0.34218486677720145,0.03360146085212962,0,1,1
2025-01-07 01:00:00,36.42330555831225,23.229009842413987,121.77900028115798,0.8859606435634073,0.0,-7.0,21.86489697892654,0.1965573305793742,1,10.276771430638128,0.31078587750214076,0.09803073977783326,1,1,1
2025-01-07 02:00:00,41.115479791167104,30.257489190761344,152.26912385675374,1.6454906160431355,0.0,-7.0,23.630764016988703,0.17876723504526532,1,9.00792694352082,0.392914156403263,0.2776788658417844,2,1,1
2025-01-07 03:00:00,36.77569120034881,35.1558097185214,171.49270383003193,1.645506541983743,0.0,-6.851566013015489,21.817493651944805,0.17967354387869328,1,6.370797281798207,0.3169537700086219,0.3909443995113195,3,1,1
2025-01-07 04:00:00,31.549463013274227,28.356178009164367,132.34235338307974,1.962912210255276,0.0,-7.0,26.323351725724105,0.21438781213058147,1,6.158283260864426,0.22547781348008156,0.16027012641091912,4,1,1
2025-01-07 05:00:00,40.79718245320889,26.954651569447822,180.21585688520045,2.120107916865591,0.0,-4.838443870592751,22.847404219313376,0.15940796550552047,1,6.468155615911354,0.38734291986173075,0.44234130827899526,5,1,1
2025-01-07 06:00:00,40.04628543674598,32.25819179671375,151.59185986729253,3.0580185106064817,0.0,-5.705789341841983,22.292064756539773,1.4227608991024385,1,4.571186616866498,0.37419978481736893,0.27368841935324717,6,1,1
2025-01-07 07:00:00,44.295675700099125,35.62183072212826,153.3841116822113,3.465888699847324,0.07958759827273848,-4.250388770618225,25.165016167939175,1.5349840455893722,1,10.889862293477892,0.4485779070671136,0.2842483857366758,7,1,1
2025-01-07 08:00:00,37.65933144896435,47.817690382674755,180.79598185252362,2.3765883809336397,0.15347111212565986,-2.905955374846122,20.138850478983564,1.6573931043199388,0,0.0,0.33242034247270524,0.44575941063611185,8,1,1
2025-01-07 09:00:00,53.96737748069825,45.99780006012693,184.85856172953325,3.9998154604298404,0.21660203166687228,-1.92269263438283,19.38682348794235,0.2132899262645553,0,0.0,0.6178640805692936,0.46969617363677263,9,1,1
2025-01-07 10:00:00,54.67515463483572,34.86119070109985,241.37998685170183,3.3474862673563535,0.2630787326709156,-3.510806215623637,21.283668855352207,0.23862465707105535,0,0.0,0.6302524780648142,0.8027209998722667,10,1,1
2025-01-07 11:00:00,47.6230779912206,57.01471922607193,204.97848195932778,4.374037892780663,0.29494348360365963,-2.344119954834239,22.02178384254967,0.24923842825293896,0,0.0,0.5068182472207208,0.5882429534449009,11,1,1
2025-01-07 12:00:00,46.33227843475528,52.84883262426709,190.7445367776815,4.007926977213735,0.304796432476219,-2.3811440177036274,18.065062313339084,0.24374234240147816,0,0.0,0.48422506531444526,0.5043764000004779,12,1,1
2025-01-07 13:00:00,55.96505078062981,47.27898023316407,256.0857937968684,3.6106758326647204,0.29826995541787443,-2.660545300290271,22.77275188677504,0.2264152372798517,0,0.0,0.6528298473520593,0.8893677677480112,13,1,1
2025-01-07 14:00:00,38.65699799860227,42.54249359478142,274.86244628255236,2.61191693249795,0.2655621500565252,-0.5402502669693545,23.887137482893362,0.2186015254852777,0,0.0,0.34988274531044705,1.0,14,1,1
2025-01-07 15:00:00,68.23987129479674,37.94096724655881,234.83491278798476,2.654319681606544,0.22057562211539583,-2.3762581687060527,21.44463648356037,0.15354316841082943,0,0.0,0.8676790478761744,0.7641573552356257,15,1,1
2025-01-07 16:00:00,43.50712100351709,45.781891193411525,187.8604034811157,2.8994508407858546,0.15607072491519422,-4.66221601541535,20.80313294275312,0.20334988126767725,0,0.0,0.43477564039163347,0.48738305654084685,16,1,1
2025-01-07 17:00:00,58.50237699792817,57.74314718264977,181.0839155748947,3.2474452902169197,0.08157685004765312,-3.205777150434206,18.410370585470265,0.216371690113873,0,0.0,0.6972412917903918,0.44745591913094723,17,1,1
2025-01-07 18:00:00,42.89554042866358,27.799102199477755,155.77066962152597,2.182561710915836,3.852767935306245e-17,-2.7766965419985876,24.698225994115706,0.19129400479349956,1,10.380559267907284,0.4240709952677635,0.29831001000257695,18,1,1
2025-01-07 19:00:00,29.585828943009915,34.70231967814763,150.12104302776902,2.548717414172294,0.0,-4.641593455120407,23.127827311951833,0.18847966128246105,1,11.702560874892916,0.19110784370078543,0.2650223511968298,19,1,1
2025-01-07 20:00:00,47.77216225338338,33.813618571074805,217.34847856644862,1.79579841406066,0.0,-7.0,20.36426742921159,0.20425264831661616,1,9.623162306726758,0.5094277057052202,0.6611271024506259,20,1,1
2025-01-07 21:00:00,36.67592000561897,26.18390719560696,135.41981426315854,1.0941657092328998,0.0,-7.0,22.288942810043157,0.24066399183945775,1,11.774329611069197,0.31520745026420677,0.17840255800866386,21,1,1
2025-01-07 22:00:00,40.890297526303605,24.59841447969101,158.7475078621423,1.4619002374198178,0.0,-6.224967183874129,19.05762343063672,0.17609283691246688,1,8.35467184303807,0.38897273587313835,0.3158495719592977,22,1,1
2025-01-07 23:00:00,27.77698331391508,21.520809314304106,166.74482384648826,1.8985886235899458,0.0,-7.0,16.27715534982073,0.18990548210729694,1,5.16396022562004,0.15944717405319006,0.36296984113652625,23,1,1
2025-01-08 00:00:00,26.05429255054136,24.50514497904198,170.82259145386035,1.5950954743519148,0.0,-7.0,17.89123994509807,0.21530878066490697,1,10.667549882008851,0.12929449419657219,0.38699609040286315,0,2,1
2025-01-08 01:00:00,25.046649791452403,20.853848232365614,118.1279100513005,0.6204983658086589,0.0,-7.0,16.686825767927058,0.16860072599660733,1,7.108477385607399,0.11165747531272671,0.07651847806928164,1,2,1
2025-01-08 02:00:00,30.575201794428573,28.51004185266118,135.64450753877497,1.369721173516178,0.0,-7.0,21.336866616986587,0.23349035805176538,1,8.653463146475747,0.20842507990006268,0.17972645313173813,2,2,1
2025-01-08 03:00:00,32.024889966859554,24.782875232913234,123.79721845928755,1.9087692652173365,0.0,-7.0,22.656799521149665,0.21660672045881502,1,8.752218995764283,0.23379932830529082,0.10992210232971807,3,2,1
2025-01-08 04:00:00,32.50666826839739,19.530857919378388,127.61233008774683,1.4948328795579344,0.0,-7.0,20.1518146336509,0.18522620597164396,1,5.979922601633822,0.2422320123348296,0.13240077982927642,4,2,1
2025-01-08 05:00:00,45.12662584349896,21.332268078653595,136.83539754390733,2.7018039686143407,0.0,-6.685513346689202,21.80686401583384,0.22221670048248043,1,4.727949236030141,0.4631222316687486,0.18674318946079504,5,2,1
2025-01-08 06:00:00,49.371892456773,44.210461094677015,166.96929715347738,2.8224665091735517,0.0,-5.13590129266215,17.043425110316914,1.334509903008335,1,5.851308663111699,0.5374281766575946,0.36429244020215457,6,2,1
2025-01-08 07:00:00,54.74359437387087,43.236221255233175,128.64158979078977,2.5062319501599473,0.07978995994123471,-5.353316102270246,24.382716306607957,1.7058456725511415,1,8.808093788973524,0.6314503956391534,0.13846518873291236,7,2,1
2025-01-08 08:00:00,50.79141106535313,45.763868988178665,171.7889657683975,3.0524533578127855,0.15438123490425026,-1.7482280098386043,16.42606854601368,1.1780160397928794,0,0.0,0.5622743597712745,0.39268997794164273,8,2,1
2025-01-08 09:00:00,64.8725952977855,46.12123229182644,160.54638746797346,4.014912402938174,0.21651463332496623,-4.1881019508366855,22.788785328460314,0.19267519873767416,0,0.0,0.8087407884477017,0.3264485893558978,9,2,1
2025-01-08 10:00:00,45.71503484245657,39.69832214514065,246.71185085126348,4.342369413381083,0.258117961518373,-2.719883139651859,20.541807005421337,0.1761638857863045,0,0.0,0.473421299004302,0.8341363981593289,10,2,1
2025-01-08 11:00:00,62.725937002042045,53.526546225348554,216.89986257014496,4.327771625765331,0.2878744503846145,-1.848023101937207,17.788889457151377,0.2316700387346766,0,0.0,0.7711673006637754,0.6584838523221558,11,2,1
2025-01-08 12:00:00,72.27258217660551,47.46665059441428,254.14520888660658,3.577848852009186,0.29868241705694837,-0.4338865094232338,21.242086642600356,0.22527470629328183,0,0.0,0.9382645776524781,0.8779338212199771,12,2,1
2025-01-08 13:00:00,42.1501278817584,49.290967231629274,185.37031384127582,3.2779043733420328,0.2886029733368082,-3.4118554585276204,23.802368193521623,0.2341861380561189,0,0.0,0.4110238562421147,0.4727114224158037,13,2,1
2025-01-08 14:00:00,46.96814944119673,36.352901486705186,254.10172692561665,2.97795237808004,0.25998565166206633,-1.1111341584749157,19.85279505220827,0.2151563042102211,0,0.0,0.4953548718328163,0.8776776250523866,14,2,1
2025-01-08 15:00:00,68.14880273618994,39.5048039276004,209.32117813947247,2.7597708997502766,0.21213827914177755,-2.73941640193208,19.28077733952141,0.2295322417616304,0,0.0,0.8660850525108675,0.613830164624737,15,2,1
2025-01-08 16:00:00,57.63829840387448,43.13644082582926,180.05104640320246,4.049427693191066,0.15040354989259266,-4.351066491570151,16.890230951909825,0.19387882692485026,0,0.0,0.6821171117742217,0.44137024320038953,16,2,1
2025-01-08 17:00:00,48.193445389694496,35.84992903012771,235.4909045456263,2.7530352964451685,0.07811580976433803,-3.629577615171405,21.487246589188484,0.21780574161018995,0,0.0,0.5168015279885091,0.7680224655124509,17,2,1
2025-01-08 18:00:00,45.75982355847278,27.829422813146287,226.2011097615281,2.3272517285202823,3.700066623290459e-17,-4.667651264328334,23.86214056838306,0.1531117669019676,1,12.512346935959666,0.47420524690948557,0.7132868977688785,18,2,1
2025-01-08 19:00:00,36.12362068448876,29.578318583754367,237.5495781125152,2.405755016309282,0.0,-6.241950059201525,21.14631051788451,0.23807246085395253,1,9.245324951758038,0.3055404194951715,0.7801521916367817,19,2,1
2025-01-08 20:00:00,48.202884844130054,33.41665895765468,205.2843535618348,1.9170050508330552,0.0,-6.294031400990447,17.122917371029697,0.2184773651203032,1,7.71476746541198,0.5169667490796462,0.5900451521165567,20,2,1
2025-01-08 21:00:00,33.73723468987606,20.867761901675767,139.55752235250247,1.0965123403438268,0.0,-7.0,22.310837503784715,0.23660964577184998,1,11.811096893037085,0.2637709188745524,0.20278197721984903,21,2,1
2025-01-08 22:00:00,30.899007771162104,23.59156722319463,145.80357934285826,1.3894954171458727,0.0,-7.0,15.875220808849324,0.22708588676193897,1,8.542979490405669,0.21409273550006402,0.23958381014204091,22,2,1
2025-01-08 23:00:00,27.060443876717134,17.73995145072211,148.05383579138544,1.8010100295438694,0.0,-7.0,24.398283234874135,0.17863766809412637,1,6.196179692762519,0.1469054081635545,0.2528423446028456,23,2,1
2025-01-09 00:00:00,37.5898828678562,23.157964130698794,118.22429945624324,1.5858326818229866,0.0,-6.27196996583799,25.425699427066316,0.17728802295944088,1,11.10351328089211,0.33120476688759587,0.07708640544837048,0,3,1
2025-01-09 01:00:00,34.788773034742626,17.515551774989913,161.72198896080135,0.84018259963257,0.0,-7.0,22.154571388983957,0.2299638777573521,1,8.455007787281085,0.28217625298548993,0.33337524561102544,1,3,1
2025-01-09 02:00:00,27.933325132704113,25.57850480367278,141.86889765388105,1.4683025126028504,0.0,-5.320060400636185,25.306412508454358,0.16847091918213045,1,9.512354032411135,0.16218366333517528,0.21640062459901263,2,3,1
2025-01-09 03:00:00,46.02130587261954,35.36584313518893,172.77732182160236,1.6627710104110114,0.0,-7.0,16.91741224047714,0.16106612008284346,1,9.197348117354455,0.47878203612451226,0.398513382113882,3,3,1
2025-01-09 04:00:00,29.149550493541366,26.783054704979023,151.84985441746204,1.8376774330725985,0.0,-6.50380287169269,18.521814748025186,0.1515042204994583,1,6.14166757057793,0.1834715547655594,0.27520852593325995,4,3,1
2025-01-09 05:00:00,35.00940561743605,26.548289947322104,153.4528043410954,2.0738427475234746,0.0,-5.038646350301491,19.520071434002322,0.17984280459186547,1,5.927529589163599,0.28603803931031185,0.28465312359916034,5,3,1
2025-01-09 06:00:00,58.851914330346794,33.08932661107005,125.71401223462914,2.2527412409547676,0.0,-4.5679955585752685,24.43654210380691,1.1994487879268978,1,4.63700934863647,0.7033593296335358,0.12121587124270398,6,3,1
2025-01-09 07:00:00,47.726215876229716,42.67849715110058,139.90348880178183,3.558380391028611,0.07971089035151287,-4.6937031764469515,21.313675500825713,1.7262648975725736,1,9.500548746423009,0.508623494972603,0.2048204151468039,7,3,1
2025-01-09 08:00:00,39.486352589849425,46.04140864982294,211.4573469087736,2.8906483468074167,0.15305919457182993,-3.554048769491987,19.807827314283227,1.4884078732363124,0,0.0,0.3643991425705782,0.6264164932898147,8,3,1
2025-01-09 09:00:00,45.82299822480541,45.43328943906287,237.05352556913599,2.7291848385117374,0.21729071475393982,-3.2160651998012684,17.702839923170743,0.17525152241433006,0,0.0,0.4753110086221948,0.7772294448782655,9,3,1
2025-01-09 10:00:00,52.56967229120734,39.0956715981976,191.51791358982695,3.205744272110309,0.26303955966193354,-2.834123607020108,24.55058181468646,0.2102086938191793,0,0.0,0.5933997030915177,0.5089331442425526,10,3,1
2025-01-09 11:00:00,62.972133360447,36.99140552243914,240.57729823377508,4.478199291622326,0.2910172734886356,-1.0938983022250848,16.06388102091505,0.15703524199969682,0,0.0,0.7754765360382727,0.7979915501648596,11,3,1
2025-01-09 12:00:00,75.78855137822795,64.6511004885642,228.33358541720918,3.8287850134579444,0.30501565698975963,-1.482697573590447,19.291339888220165,0.22261212512835016,0,0.0,0.9998054507890056,0.7258514665699946,12,3,1
2025-01-09 13:00:00,57.68112450233547,45.3917013912567,268.82071184675715,4.405472857005995,0.2957350846206934,-2.6332727229542314,18.186377976193622,0.20013930449414616,0,0.0,0.6828667075019387,0.9644020376999917,13,3,1
2025-01-09 14:00:00,60.452522590077585,37.65179978096492,191.19509589885024,3.151117388506141,0.26803559134617844,-1.338884433151593,16.900982345974693,0.15064763692280092,0,0.0,0.7313751694218696,0.5070310990409164,14,3,1
2025-01-09 15:00:00,62.01650732022776,42.52813243393794,223.53840996452223,2.3202599130609722,0.2208148295210605,-2.4063529360642333,17.260857755426258,0.18192171529147594,0,0.0,0.7587499785701479,0.6975982427978034,15,3,1
2025-01-09 16:00:00,60.53557475232129,51.833621105988506,204.85293703727748,3.678840504500215,0.15281674544871493,-2.520515330225628,20.503199364277865,0.22501923733892967,0,0.0,0.7328288518312592,0.5875032414549752,16,3,1
2025-01-09 17:00:00,42.61607061542409,38.787562574592584,212.6286620717957,2.8231730710843532,0.07822179122941304,-3.425688489220085,19.75848626734787,0.16881151704835817,0,0.0,0.41917936643491593,0.6333178944450282,17,3,1
2025-01-09 18:00:00,53.87421431357083,36.8611565015217,176.8858083418855,2.2601177936010757,3.715501288353553e-17,-5.659158864407182,20.688284330903098,0.2461877257871922,1,9.428665763288155,0.6162334227562105,0.4227206275354332,18,3,1
2025-01-09 19:00:00,35.97338488347284,32.80123123019444,190.13824972824327,2.112731739480497,0.0,-6.165183786499268,22.852084875694718,0.23966291443211352,1,10.967764315656968,0.30291080534308534,0.5008041503827165,19,3,1
2025-01-09 20:00:00,58.65871068012383,36.948735004116934,191.23237320522884,1.8166150606922065,0.0,-5.579626134689455,24.601497647836403,0.22782387287959543,1,7.292045684531397,0.6999776386555834,0.5072507373188336,20,3,1
2025-01-09 21:00:00,28.655582875873286,21.290131026099196,134.12445385600057,1.6981166490303006,0.0,-6.3362363189016,16.70774537890812,0.15785483585003154,1,13.525582776215971,0.1748255181397447,0.17077028098143573,21,3,1
2025-01-09 22:00:00,38.46884510765973,22.6944580318691,179.43898038460986,1.6293770035034214,0.0,-7.0,16.42028277932672,0.185383729763338,1,8.297807497766671,0.3465894590136209,0.4377639438361064,22,3,1
2025-01-09 23:00:00,27.818538736289536,21.547821991341838,167.38211968254623,1.4500888783653327,0.0,-7.0,18.99593826415981,0.17981973451089106,1,5.963103934531496,0.1601745288250411,0.36672479484841647,23,3,1
2025-01-10 00:00:00,41.19239209864163,24.732933491123216,173.0104490208585,1.463841665493229,0.0,-6.542675089167039,21.48616207934342,0.1637625318408769,1,12.444777100585513,0.3942603714254945,0.39988697000299184,0,4,1
2025-01-10 01:00:00,33.248574839195996,24.79791391643692,136.12239804046894,0.8662021456724488,0.0,-7.0,16.902337508126763,0.24996188950868437,1,10.352440316358505,0.25521778539894074,0.18254218895124782,1,4,1
2025-01-10 02:00:00,31.768012691767332,25.283453849333547,109.31683928303023,1.8577713432192662,0.0,-6.867983187493979,23.544700207561878,0.1647197634952792,1,8.508854008881514,0.229303142220722,0.024603557219188513,2,4,1
2025-01-10 03:00:00,40.75899851983228,39.098203188339376,138.63898237626861,1.8121453806195564,0.0,-7.0,21.95245882935291,0.18153275465430002,1,7.9465550379827965,0.3866745770904974,0.1973699301011776,3,4,1
2025-01-10 04:00:00,31.005866912028683,29.65884083332576,119.02060259605534,1.3260396779407815,0.0,-6.5313194418804015,24.095649850367774,0.23801414525677062,1,5.530491881264866,0.21596311730787787,0.08177823185213696,4,4,1
2025-01-10 05:00:00,30.80759798811421,27.79773216513821,162.90072913538918,2.807992660259135,0.0,-4.489624030677189,19.95674665670004,0.16443853607985517,1,5.48945955835123,0.21249276759949423,0.3403203950118134,5,4,1
2025-01-10 06:00:00,42.85035280691383,36.740110223794545,123.77052193050446,2.1784501305432022,0.0,-3.984825286921772,20.436788108768315,1.4771459789652979,1,4.762369927364975,0.4232800652174777,0.10976480610373184,6,4,1
2025-01-10 07:00:00,42.04906374109539,44.859544230289856,158.95915735278442,2.5555910815015457,0.07727809341987939,-3.2185651338795633,24.78673718224345,1.8567675980246023,1,10.586748860650495,0.40925490574723417,0.31709661296528036,7,4,1
2025-01-10 08:00:00,47.67072233619793,41.889877137214434,142.4558608638746,2.295036353023944,0.1486928989577534,-2.0013357489159196,18.936168063074238,1.3104663622243042,0,0.0,0.5076521779015043,0.2198590179532534,8,4,1
2025-01-10 09:00:00,66.42543320332835,46.117128858105694,143.08497636455618,2.737605024540574,0.21158682483647645,-2.6627654042484417,20.087468409595044,0.22030582169695834,0,0.0,0.8359204919850668,0.22356577304379996,9,4,1
2025-01-10 10:00:00,64.28651375928959,53.54262948434458,246.0557223901592,4.190335502686991,0.2615812092368068,-1.5233278235386343,16.080863137681398,0.1580039648375781,0,0.0,0.798482459224683,0.8302704824242759,10,4,1
2025-01-10 11:00:00,43.27042257857258,39.08763621148521,259.95203281225673,4.319525372525022,0.29368424095444506,-2.214106084926084,21.713857157025448,0.2100871941248288,0,0.0,0.4306326496810196,0.9121476883445211,11,4,1
2025-01-10 12:00:00,47.94891889855341,48.5271291495645,220.59762110947204,3.888690100191937,0.2983890015248051,-1.475702640886414,24.6903699017432,0.18390495330988235,0,0.0,0.512521520711173,0.6802710841967679,12,4,1
2025-01-10 13:00:00,44.006317173511086,44.24562034814343,190.10007381986958,4.363963435963781,0.28768567718581284,-2.0304791411116407,15.94399667145939,0.21995645320272686,0,0.0,0.44351319365395003,0.5005792175324734,13,4,1
2025-01-10 14:00:00,44.634933702447924,36.27522849037541,265.22089404895235,3.0338952786915976,0.25622655978812064,-2.1012783484658257,21.93056816940426,0.1932890005435277,0,0.0,0.4545160232694583,0.9431918736957726,14,4,1
2025-01-10 15:00:00,44.00214977332204,45.950852834268666,264.8827662800374,2.2471637913463876,0.2092954404636982,-2.078102502887382,24.21258895370002,0.17989986465546606,0,0.0,0.44344025062412346,0.941199621355268,15,4,1
2025-01-10 16:00:00,47.723778331769026,53.31631826906247,252.6870904691668,3.5774336688944866,0.1483346870338739,-4.111022290971808,20.504585872724608,0.20460078853341837,0,0.0,0.5085808300327762,0.8693425722988984,16,4,1
2025-01-10 17:00:00,56.442946897757935,49.153021382620295,212.90505619790105,3.8095862249134793,0.07782003595005711,-1.9221713222969172,18.598916124588296,0.163968691292072,0,0.0,0.6611945805536612,0.6349464115183289,17,4,1
2025-01-10 18:00:00,46.07510590848659,44.36040679260787,157.47021608960273,3.0685778562012955,3.6991247660996504e-17,-5.795239630957139,25.58998408569836,0.2314431970648514,1,13.202022162791812,0.4797237113759641,0.3083237555156642,18,4,1
2025-01-10 19:00:00,38.76230957266858,32.93366775070235,151.18186840688674,2.320991001866697,0.0,-6.778066905258859,16.052850145118555,0.2250709391981608,1,11.596260085169497,0.35172603967617466,0.27127274539307095,19,4,1
2025-01-10 20:00:00,44.53811157895218,43.344780181830615,215.69578089413898,2.332010662068574,0.0,-5.127501583834839,17.589128991670073,0.20449681715735013,1,10.981110100713105,0.45282132184371454,0.6513893905307463,20,4,1
2025-01-10 21:00:00,40.12563059514023,28.921258241740635,201.5262315513944,1.7125117535193246,0.0,-6.113453800498621,24.6234127929138,0.18670483012973949,1,13.00588062982636,0.37558858262722594,0.5679022580406637,21,4,1
2025-01-10 22:00:00,40.40060259907855,21.570738773639775,154.7517799344974,1.2902162255585603,0.0,-6.755928633100205,18.647058781233152,0.2415226160689289,1,9.805041975624038,0.3804014851983453,0.29230670134143805,22,4,1
2025-01-10 23:00:00,22.973078086279152,18.11986700142118,138.67990518309242,1.9207999000409008,0.0,-7.0,24.208284818343078,0.21344583999974134,1,5.559578272292547,0.07536324008772109,0.19761104770573387,23,4,1
2025-01-11 00:00:00,26.15711857658337,21.426607767367038,155.8338371388358,1.1737792953028439,0.0,-7.0,19.248613586580003,0.1784800132411517,1,10.670382209471462,0.13109428340430032,0.29868219367328885,0,5,1
2025-01-11 01:00:00,26.32403289927816,26.76028467668939,163.06133053984445,0.790309688778458,0.0,-7.0,24.42539620829507,0.23067086086892397,1,7.605025165924643,0.13401582582079516,0.34126666016164436,1,5,1
2025-01-11 02:00:00,27.630231973893476,21.73236116912676,156.21794594362746,1.8534426324713524,0.0,-7.0,23.223368123757684,0.2135019701732663,1,8.008332729483177,0.15687854927834352,0.3009453667566776,2,5,1
2025-01-11 03:00:00,38.978066791173106,27.691376955998873,149.5339541038394,1.7582502755376022,0.0,-7.0,21.017474476591723,0.16270126165468418,1,6.270981186729301,0.35550249130326805,0.2615632171347666,3,5,1
2025-01-11 04:00:00,27.50726158434684,26.147117790381117,125.84534297158383,1.7566037351952173,0.0,-5.295749366516892,21.678906445977237,0.16142332446087304,1,6.450058329020533,0.15472616832485084,0.12198967331438179,4,5,1
2025-01-11 05:00:00,35.65440295978285,28.191110805734837,133.69985533185883,2.7391911126768247,0.0,-5.692506491444562,18.020548928198668,0.24381050194336368,1,5.206469106375041,0.29732758632922346,0.16826854204940211,5,5,1
2025-01-11 06:00:00,42.17642719593944,30.740511573247705,177.92539851181616,2.321644041912973,0.0,-5.592604448073901,17.370752447613256,1.3409339858429583,1,5.950996266415672,0.41148417960241207,0.4288459036576995,6,5,1
2025-01-11 07:00:00,54.666649871820894,34.78193907521573,195.31654929168315,2.618622363410774,0.07928009089673518,-4.310143637189237,23.81324987257252,1.622611949491081,1,11.78624737133311,0.6301036171073547,0.5313147454107516,7,5,1
2025-01-11 08:00:00,35.5426281648717,44.5123238813275,145.4521669289631,2.4336240352293355,0.1548872916370735,-2.8503835600199667,25.168499412167254,1.1523254048005578,0,0.0,0.2953711646204343,0.2375132845347782,8,5,1
2025-01-11 09:00:00,56.72414858600092,45.77873965582746,160.5908265078764,3.7050819818614653,0.2182149229407542,-3.2038117118585854,23.72348610706924,0.20565019368054474,0,0.0,0.6661165228203777,0.3267104246424242,9,5,1
2025-01-11 10:00:00,44.48310877665453,37.95057466388749,218.04702621773714,4.349894916187138,0.26462845777060756,-2.9836365809941907,25.636687500120757,0.17311286377843446,0,0.0,0.4518585942757964,0.6652429524965995,10,5,1
2025-01-11 11:00:00,41.7739036639741,45.63380550458387,196.72309738385536,4.075932015011233,0.3023655743122952,-1.6161050074222052,25.250472802265712,0.16396262693569566,0,0.0,0.4044387112849664,0.5396021414375691,11,5,1
2025-01-11 12:00:00,71.90368121452568,46.37742220853393,221.43363882447167,4.37057800377179,0.31283121518990537,-1.5106728354954253,23.92096642516175,0.2273503125634261,0,0.0,0.9318076134399298,0.6851969092916901,12,5,1
2025-01-11 13:00:00,54.75898059154676,34.88025891184507,231.1884333508547,4.014256918380205,0.3038327128216551,-2.36286722074653,25.025162430943737,0.2309542656939562,0,0.0,0.6317197043889589,0.7426722603659062,13,5,1
2025-01-11 14:00:00,40.66455227816357,51.042176398552506,250.38238139940654,3.3094575274909848,0.2729700092858044,-2.6247181459586573,17.29744488950068,0.22152122338665442,0,0.0,0.3850214613083472,0.8557632024259465,14,5,1
2025-01-11 15:00:00,59.70561335639389,44.10745511563757,252.05755658072044,3.156475360606931,0.2226085916402335,-2.396432709040902,23.03483857188943,0.15111868451415209,0,0.0,0.7183018335196614,0.8656333520632788,15,5,1
2025-01-11 16:00:00,53.36391076557573,33.46547481594512,191.0408334650854,3.928136513048417,0.15663928925700632,-4.695926681538243,23.175669038910158,0.17849092156432841,0,0.0,0.607301454326625,0.5061221831724972,16,5,1
2025-01-11 17:00:00,53.35091822279002,57.11717020290186,212.58500079169113,2.5581673248269863,0.0788041180674006,-5.376880742019596,16.9673493664022,0.18609612664364972,0,0.0,0.607074042656771,0.6330606417273442,17,5,1
2025-01-11 18:00:00,42.552029925851,41.56702245286053,162.35239386218802,2.0670047374424496,3.693119359747115e-17,-5.462342500952172,24.698228537670026,0.21908502238516317,1,9.606447235108128,0.4180584465045665,0.3370895978639724,18,5,1
2025-01-11 19:00:00,45.280901011825414,25.998104990007064,222.9045277743378,2.199458529616822,0.0,-5.7318191583242495,15.477901309096717,0.22555436816761115,1,9.681012805235968,0.4658225478597192,0.6938634023229981,19,5,1
2025-01-11 20:00:00,42.272683984521024,37.19231036950992,211.0903144499876,2.4049426464068437,0.0,-5.929016313188335,19.894498192657625,0.2127854922027913,1,7.436621234366809,0.41316898583219797,0.6242539342151666,20,5,1
2025-01-11 21:00:00,34.52183001437877,32.660158488791396,152.64058767299178,1.7822865677075432,0.0,-5.383889429778531,15.706567982857413,0.22890883447380217,1,13.03388959265908,0.2775038836873423,0.2798675345207511,21,5,1
2025-01-11 22:00:00,31.763539649902373,24.397498555577506,132.8496165937634,1.4563404582412216,0.0,-6.476335733630673,20.992337650298804,0.1927299877819465,1,11.819903309534808,0.22922484946951738,0.16325892653809995,22,5,1
2025-01-11 23:00:00,28.260415874855934,18.547715609281312,119.10380916901093,2.1842589130337795,0.0,-7.0,19.95391400693912,0.2041844989836771,1,6.108887233091149,0.1679088129916652,0.08226848584768455,23,5,1
2025-01-12 00:00:00,39.86525382773646,24.876431117637466,150.80823355304915,1.4359512216849417,0.0,-7.0,22.29215033971315,0.1564250175077228,1,10.032962659605003,0.3710311440685775,0.2690712849379278,0,6,1
2025-01-12 01:00:00,34.43449816990056,20.362485387267515,112.48449897882126,0.8011264098426956,0.0,-7.0,23.944312965316257,0.1927163246545425,1,7.045894190497753,0.27597529294788625,0.043267441179719326,1,6,1
2025-01-12 02:00:00,38.773242924936646,26.314334789568647,152.641639123442,1.8172175096022745,0.0,-7.0,24.10361180896103,0.19326331134961544,1,8.158948703012747,0.35191740882826383,0.2798737296777684,2,6,1
2025-01-12 03:00:00,49.269237609077585,31.573111813937746,153.9532052194543,1.5713380408803266,0.0,-7.0,23.726163794310168,0.21115201095682634,1,9.618620637468032,0.5356313836265414,0.2876014907927222,3,6,1
2025-01-12 04:00:00,36.497461774832836,18.727863044704858,153.64353068471857,1.6583033738276516,0.0,-5.90100447358226,17.16652977824483,0.18778963526783166,1,4.242431453730518,0.3120838519869776,0.285776885204717,4,6,1
2025-01-12 05:00:00,40.889621373744625,32.44489874914487,180.28080423232853,1.798630083933148,0.0,-6.325351909709775,20.596130372698276,0.17384549870514865,1,6.51789096134216,0.388960901008705,0.44272397872555663,5,6,1
2025-01-12 06:00:00,60.845766747269835,32.59548364955618,150.26245541833055,2.125091593133436,0.0,-4.200250539832997,24.89646785420119,1.3031972169454984,1,4.03813222931371,0.738258218561857,0.2658555544766924,6,6,1
2025-01-12 07:00:00,36.79858533455328,41.92296124755602,203.7692000471375,3.2870934907654816,0.08055005844954974,-2.4083266563462455,23.140375451300592,1.2254046710509177,1,8.564599918970409,0.3173544916668201,0.5811178518076645,7,6,1
2025-01-12 08:00:00,49.65387856454969,40.0603623460078,138.32328319615178,2.2407303838574326,0.15695900343235905,-3.3242009321206045,23.372999394748682,1.6507669875711883,0,0.0,0.5423638488122144,0.19550982723976085,8,6,1
2025-01-12 09:00:00,61.80994394368464,50.897664429331954,153.49637338485138,3.641483478056302,0.22257872725386163,-2.190319226508774,18.43800361306096,0.21225683810552798,0,0.0,0.7551344490186866,0.2849098328593165,9,6,1
2025-01-12 10:00:00,64.42241341321764,44.05538048914087,191.22055625184433,3.8611859201055743,0.27089185352817,-1.4230340281777052,19.391261022496277,0.20792499199404496,0,0.0,0.8008611442705659,0.5071811117062628,10,6,1
2025-01-12 11:00:00,66.34445173898223,51.910429166572634,218.07290494741122,3.8682528516906243,0.3051673080047462,-2.2125925949855483,25.944920392387807,0.2031019629265437,0,0.0,0.8345030535099416,0.6653954302417072,11,6,1
2025-01-12 12:00:00,71.07698293981399,43.15537815865518,164.45533188694375,3.929304593285252,0.31409858941584323,-1.4829449236140626,24.642715201212297,0.18675374988665738,0,0.0,0.9173377103410228,0.3494801306356525,12,6,1
2025-01-12 13:00:00,61.67502785034478,43.579200739234274,226.00886943036346,4.491783218444748,0.29998266550530517,-1.79454776305245,17.373949871952384,0.22687168666307303,0,0.0,0.7527729794755312,0.7121542157329395,13,6,1
2025-01-12 14:00:00,51.81493131262297,48.31353733579145,198.81381481313346,2.8005712286984283,0.2685349737699824,-2.0070380049862266,21.213690611476448,0.24220241650726188,0,0.0,0.5801892862333249,0.5519206703332563,14,6,1
2025-01-12 15:00:00,41.575129339256705,56.600915435370524,260.9593477592437,3.074954897902759,0.21729124557301221,-3.3523448633754755,20.54845101026277,0.193998918919843,0,0.0,0.4009595154221051,0.9180827985166314,15,6,1
2025-01-12 16:00:00,38.18619276233946,45.0027679785798,218.2131354403576,3.916971292912457,0.1549314381754871,-3.174002794114664,19.987613818107185,0.19090886059468948,0,0.0,0.3416421255395194,0.6662216697684964,16,6,1
2025-01-12 17:00:00,55.27808113333885,41.916498224880065,217.43773055754167,2.44023826885518,0.0794682509955562,-3.421907525319482,20.215575863870384,0.16627275570844535,0,0.0,0.6408056487632121,0.6616529761128821,17,6,1
2025-01-12 18:00:00,42.907080757069316,30.12880648808607,244.56218111148834,2.1109849345986933,3.754832054857234e-17,-3.243061766887288,21.964607226193287,0.21707088053140172,1,13.336899075262641,0.42427298847238076,0.821470521635428,18,6,1
2025-01-12 19:00:00,37.01363717302209,27.34876100347205,215.49560406026416,2.5165755409628927,0.0,-4.509226547135502,25.309298042439515,0.20580922633778131,1,9.130033137116522,0.32111859685377087,0.6502099465380755,19,6,1
2025-01-12 20:00:00,46.03346420063972,39.74628559502219,174.4445939532089,2.060958637917335,0.0,-4.036685085167299,24.426643040725228,0.2487997996237808,1,8.067055962969212,0.47899484632828104,0.4083369668999241,20,6,1
2025-01-12 21:00:00,43.96769594854208,23.45284615430213,167.68608346153061,1.1563861362214096,0.0,-7.0,24.518960241297194,0.20843231667699583,1,12.511962823425533,0.4428371968604917,0.36851575260398184,21,6,1
2025-01-12 22:00:00,32.28545927118055,32.21427444491723,171.83390948475193,1.496557949248573,0.0,-6.411255055922372,22.8600336056024,0.17886108661948893,1,11.40475530056252,0.23836013688492572,0.39295478678708423,22,6,1
2025-01-12 23:00:00,29.318388120847686,21.505900785853935,128.9734815893135,1.8201290128384102,0.0,-7.0,15.836475014061557,0.20629406617279222,1,6.861894645212126,0.1864267612554046,0.14042069867084214,23,6,1
2025-01-13 00:00:00,39.640881526902966,18.74063214610373,115.46233593224282,1.3490496473027633,0.0,-5.491298266286055,20.37483559585675,0.24846952327210783,1,9.027361138614145,0.3671039005379535,0.06081288756270322,0,0,1
2025-01-13 01:00:00,29.30137726268569,22.083199584120525,128.02088386971155,0.8934167310167506,0.0,-7.0,21.246954912273996,0.222333518002415,1,8.03214510614242,0.18612901602384577,0.13480798297308555,1,0,1
2025-01-13 02:00:00,32.854146475132374,28.15685178507354,159.48679585553614,1.7693864572684603,0.0,-7.0,24.88897011589768,0.1628577308769944,1,7.613018992805616,0.24831400879501417,0.32020546452580356,2,0,1
2025-01-13 03:00:00,44.79620869730252,27.926678247876293,124.21025304160942,1.5054291515618607,0.0,-7.0,25.86814365482511,0.18431626183319463,1,6.266848372488873,0.457338859144659,0.11235570639595809,3,0,1
2025-01-13 04:00:00,36.67731177948888,24.91617914865515,118.52275013131073,1.6338485262146871,0.0,-7.0,20.91375386850498,0.17986849610525696,1,4.411447407020192,0.3152318108243401,0.07884487993816588,4,0,1
2025-01-13 05:00:00,33.21471431649249,26.719739457617646,130.40138313389176,2.6165758167103004,0.0,-5.972185497340591,19.339603765711004,0.23568237789874164,1,7.180134664467227,0.25462511634738266,0.14883390946191358,5,0,1
2025-01-13 06:00:00,39.27346936050355,34.28047471127501,174.3178329604565,2.886980311198517,0.0,-5.426857784138559,19.751563051841167,1.5833721361209054,1,4.5258532070628785,0.3606729950821351,0.40759008980874034,6,0,1
2025-01-13 07:00:00,43.09520156342806,45.138489841322745,179.31272475382178,3.662289702225105,0.08020570714408412,-3.738618437077688,22.327912075448857,1.7325764971744992,1,7.844203311459166,0.42756571318485054,0.43702004434288644,7,0,1
2025-01-13 08:00:00,37.949885418325124,48.03027748340542,196.94834975667925,2.8213846497429,0.15729554089046638,-2.8214500745653552,19.021498248117112,1.2571845400751083,0,0.0,0.3375059800145514,0.54092933076722,8,0,1
2025-01-13 09:00:00,49.5460972935645,43.0462500239032,173.40738027181274,3.3767608002029132,0.22122396304169117,-0.6634440154169683,25.738919044797253,0.24080349049663502,0,0.0,0.5404773267342813,0.4022256930728854,9,0,1
2025-01-13 10:00:00,46.94330683486786,47.31971010371913,240.08561269332716,2.9632930542696165,0.27532320186786996,-1.1101567540402524,20.38567729710397,0.15583109970956022,0,0.0,0.494920045588104,0.7950945338331544,10,0,1
2025-01-13 11:00:00,59.49436049366909,42.44359785867852,203.26153325924554,4.615667200866967,0.3051256362820993,-2.3354970444712073,26.306792776475465,0.18748371871207486,0,0.0,0.7146042227389198,0.5781266737993637,11,0,1
2025-01-13 12:00:00,74.49235750978251,62.87927856974993,216.1127057050353,3.418073513547698,0.3169376232442041,-2.552492063006084,16.899910097066208,0.15141490442864322,0,0.0,0.977117850914258,0.653845915864315,12,0,1
2025-01-13 13:00:00,55.11746121253322,47.852380494620306,267.70005519305374,3.9981010897780864,0.30703464205568676,-1.2620797263309447,17.6135181369501,0.16842794941069741,0,0.0,0.6379942788101031,0.9577991170099603,13,0,1
2025-01-13 14:00:00,61.714909597873245,34.864859885713855,272.7204994739473,3.0942439454148083,0.2732861193134407,-3.3716248196679013,20.87025336361342,0.24622258658374313,0,0.0,0.7534710395051755,0.9873796270670891,14,0,1
2025-01-13 15:00:00,63.01800231999691,56.849754513661985,236.29664420429103,2.243762727140098,0.22260883465309897,-0.6943726253191675,24.44854522173478,0.1578495331390476,0,0.0,0.7762793917115428,0.7727698919837028,15,0,1
2025-01-13 16:00:00,56.3011923334277,35.7394021700509,262.37859397738066,3.1772557481355337,0.15904085168287085,-1.9653879893726252,19.06511503154454,0.1645406577371611,0,0.0,0.6587134155719129,0.9264450120340514,16,0,1
2025-01-13 17:00:00,51.74784807843565,36.88864988254551,212.60693910511495,2.6503819744275097,0.08177275080936228,-4.33521546807544,23.978957532761427,0.24248490262455202,0,0.0,0.5790151118967567,0.633189902498814,17,0,1
2025-01-13 18:00:00,40.45766974127474,38.99666124560855,180.72829455667718,2.3527609237228684,3.842311576729986e-17,-6.353292788576404,19.735889011401014,0.2210174563939553,1,13.135388731390147,0.38140034541490786,0.4453605963831292,18,0,1
2025-01-13 19:00:00,44.50710033688382,27.946626237982148,172.7539690320621,2.268007609995995,0.0,-4.060396797060952,24.138212423914755,0.19069644086416734,1,8.152799862678567,0.4522785244514466,0.39837578723438355,19,0,1
2025-01-13 20:00:00,58.265789970118576,39.56637723459761,185.3046530894111,1.7097753797137483,0.0,-6.249998127037824,18.27820482589238,0.15687658173883345,1,8.877862326589165,0.6931002508912111,0.4723245485810945,20,0,1
2025-01-13 21:00:00,35.49607473495262,29.76066255910579,178.556782085882,1.183677846324395,0.0,-5.516601029881753,20.35627884368741,0.2285038959079244,1,11.406861590678442,0.2945563284940546,0.43256602226027785,21,0,1
2025-01-13 22:00:00,26.205664888906668,20.396828100995176,155.1693655935799,1.7485159832467367,0.0,-7.0,18.454337403856805,0.1992726605475656,1,8.764474362200787,0.13194400144123755,0.2947671203994112,22,0,1
2025-01-13 23:00:00,28.525824135524243,16.085479588149465,180.82781390025912,2.0319673370568605,0.0,-7.0,17.898863889082445,0.1823016866323992,1,7.404955608722481,0.17255431901362858,0.44594696539331974,23,0,1
2025-01-14 00:00:00,29.4488905931609,23.97237443088505,140.03129500064327,1.2382211919664508,0.0,-7.0,20.17203006312501,0.186075042547508,1,8.523273349683683,0.18871097810489373,0.20557345060328172,0,1,1
2025-01-14 01:00:00,22.12640899899527,18.91979879890093,125.34821419805421,0.8100242484835022,0.0,-7.0,19.383135160760048,0.20052775379745041,1,9.033753149452188,0.06054378294767753,0.1190605853965962,1,1,1
2025-01-14 02:00:00,38.896169414098964,19.05123409845874,105.55873148404778,1.530006069447856,0.0,-7.0,24.300936411090362,0.20512328230781662,1,8.889407268764348,0.3540690213825394,0.002460746877353896,2,1,1
2025-01-14 03:00:00,39.969784823123916,25.387195060610875,174.62350160601127,1.4247811360467668,0.0,-6.117241660393036,23.997534964754166,0.23180987708704334,1,9.3887801713343,0.3728607757738285,0.40939109265591705,3,1,1
2025-01-14 04:00:00,36.299225587841065,28.336809632330056,168.92990849175695,1.5082570651689013,0.0,-7.0,19.91719934864036,0.22717037220699862,1,4.690718074129771,0.3086140752809985,0.37584438265290854,4,1,1
2025-01-14 05:00:00,43.86201382971163,33.804774580818176,160.48183205497574,2.000409248844784,0.0,-5.532772440478841,26.770714538806835,0.22670586915202087,1,5.133914950842975,0.44098741675868,0.3260682281893197,5,1,1
2025-01-14 06:00:00,50.02282089415389,33.385085414807705,186.4433803122769,3.3330834488195444,0.0,-4.4912111958743965,26.593756509964315,1.671973489740214,1,6.124143259689294,0.5488215370907094,0.47903394125307397,6,1,1
2025-01-14 07:00:00,48.915168384352604,37.337517032162395,195.9670936729012,3.604929165276564,0.08021455110079724,-3.3181743486223967,25.97111346555576,1.6933401863572586,1,8.137836699055875,0.5294340229584519,0.5351477596888833,7,1,1
2025-01-14 08:00:00,41.66415368335814,41.45384788957069,218.86657022032426,2.730288502432066,0.15316057549158715,-2.395011414521738,22.360076158268736,1.633201143896204,0,0.0,0.4025177303984709,0.6700717143061964,8,1,1
2025-01-14 09:00:00,49.8349032677859,56.638566482477756,179.50909623855486,3.615854015515677,0.21606559277258636,-3.607496500987712,20.417314762636547,0.23680234733881467,0,0.0,0.5455323686875581,0.43817706717873117,9,1,1
2025-01-14 10:00:00,61.19080443272443,41.491392671099426,205.4852242085941,3.6355750635370407,0.26433629712331397,-3.537753658928761,19.263368831450528,0.20574542961060877,0,0.0,0.7442974979782078,0.5912286840619781,10,1,1
2025-01-14 11:00:00,54.24317204553549,54.68910686847513,166.48453645817082,3.132538603785203,0.28895289565072324,-0.42379483362089565,16.00586651215978,0.2020844259606434,0,0.0,0.6226913806260065,0.3614362251302358,11,1,1
2025-01-14 12:00:00,50.48693810131874,53.066936973109875,264.5789040549932,4.129497985340295,0.2992654879213953,-1.2644610465193376,22.383970684171455,0.2201295978638867,0,0.0,0.556945094644465,0.9394092619565771,12,1,1
2025-01-14 13:00:00,40.20891196076296,49.713289544825855,271.6704045920256,3.097622972757552,0.2917305938407515,-2.445002530845553,21.425350702798696,0.1666005973079775,0,0.0,0.3770462768396952,0.9811924570722264,13,1,1
2025-01-14 14:00:00,50.17559860575888,33.98191168140707,251.7992672724322,3.538995994889205,0.26155975776474294,-0.4425761927592935,22.097416973977477,0.22769517138350426,0,0.0,0.5514956429286197,0.8641115087653566,14,1,1
2025-01-14 15:00:00,54.212071026250854,58.59611014838481,213.6216069896776,3.030621534345271,0.21436194198311523,-2.352312801363721,21.430546131571663,0.2436155843217289,0,0.0,0.6221470118410555,0.6391683362557979,15,1,1
2025-01-14 16:00:00,54.420524494760954,42.00366326806333,214.27255811515602,3.6623174967816077,0.15241680343243302,-1.9075064891200584,16.841441483166168,0.17962599648147057,0,0.0,0.6257956241367859,0.6430037470753533,16,1,1
2025-01-14 17:00:00,53.289028033926705,56.71513047043043,201.5532456169056,3.171128428498436,0.07867155620342459,-3.740316446108759,22.52134018304496,0.21110449571784767,0,0.0,0.6059907634689227,0.5680614251963633,17,1,1
2025-01-14 18:00:00,36.437635668748804,35.47826223907708,179.33106365222304,2.729410431182741,3.7507474277104356e-17,-2.5210250245539116,19.06946669088313,0.15326225136010413,1,8.996129416283155,0.3110367009473522,0.437128097323508,18,1,1
2025-01-14 19:00:00,38.086496293585014,30.083155584681094,192.99784720441363,1.9087172158940537,0.0,-3.600362627172676,20.6841979348879,0.22658228626726673,1,8.661369318527782,0.3398971137422187,0.5176529285327136,19,1,1
2025-01-14 20:00:00,58.29960939000821,44.905586548730746,139.81005625505102,1.5473944819577792,0.0,-6.325676367222643,19.18543873354853,0.20596681731860392,1,8.305760938958603,0.693692200510115,0.20426990960713443,20,1,1
2025-01-14 21:00:00,30.177870110904568,30.729255158438743,211.3708789768671,1.7468550753135115,0.0,-5.723919996650562,15.711944530040844,0.21736542846346954,1,12.483993553263263,0.2014704857820055,0.6259070233333184,21,1,1
2025-01-14 22:00:00,38.02622725275444,27.84141410100159,153.92401081313128,1.7650966484871293,0.0,-6.524321753289225,24.656745896135803,0.16429927199418046,1,8.224201778600769,0.33884220990685426,0.2874294770462223,22,1,1
2025-01-14 23:00:00,26.053763121287975,17.198186510123396,184.1348451233743,2.098298480386772,0.0,-6.098210803817138,17.2050202507344,0.23094548053608013,1,7.8309031072423805,0.1292852274662202,0.46543202784623605,23,1,1
2025-01-15 00:00:00,37.095687042388285,28.025403647896344,161.65891966251465,1.3726282801061365,0.0,-7.0,21.862817159104473,0.1755936337343628,1,9.221049002692238,0.32255473588456884,0.3330036406478221,0,2,1
2025-01-15 01:00:00,24.188456368117812,26.220037130622927,126.51582069811286,0.7955940525996855,0.0,-6.775655198994858,25.17707556626226,0.2184792203293424,1,7.69631421065783,0.09663630488618677,0.12594013507095422,1,2,1
2025-01-15 02:00:00,41.2015471646632,18.569588266043496,120.54368327222217,1.5844837599674275,0.0,-6.101001813954498,18.28912327725107,0.20931417650302114,1,7.567581064602258,0.39442061479632085,0.09075223907907357,2,2,1
2025-01-15 03:00:00,42.02140155693003,33.40600826546965,176.3980419284874,1.3390864004466603,0.0,-7.0,20.414154338395782,0.21537914461283672,1,8.401980982271258,0.4087707277386174,0.4198467027411749,3,2,1
2025-01-15 04:00:00,38.987939648620575,29.127582602904113,165.1369890731645,1.8950413267193482,0.0,-7.0,20.122726709422935,0.1550237286806158,1,3.93374531108698,0.3556752983538501,0.3534964618853099,4,2,1
2025-01-15 05:00:00,31.726513837417052,30.184077147316312,132.72558281040367,2.7638045093463144,0.0,-7.0,17.07058232094167,0.22418505702312236,1,4.585687529752189,0.2285767775729022,0.16252811819309768,5,2,1
2025-01-15 06:00:00,54.881043554646446,46.490638570631305,125.39560385418085,3.3813071493295146,0.0,-4.820365662217174,20.677810661067124,1.7214372963957567,1,4.172812553132326,0.6338562024343114,0.1193398057446823,6,2,1
2025-01-15 07:00:00,55.699546299438104,51.121922811661456,186.35041222862745,3.116283903601459,0.07945270295576161,-3.054342903187696,21.262531452475745,1.481111867364308,1,10.232689462614653,0.6481826571586244,0.47848617233472335,7,2,1
2025-01-15 08:00:00,44.148493370394085,43.35491082628816,162.2714811129969,2.7265816609038662,0.15337496405650008,-1.5433612241754349,16.35979000465094,1.4316457831778133,0,0.0,0.44600173857390357,0.3366128591019654,8,2,1
2025-01-15 09:00:00,52.00917280696573,51.16331805759986,163.8300370810916,3.7944847666077193,0.21583828764043078,-2.3476716510839535,21.226966935897167,0.18425447039548395,0,0.0,0.583589142852001,0.34579588711888387,9,2,1
2025-01-15 10:00:00,57.493956331975745,56.82725295329297,223.49374151493362,4.098285569559877,0.26718795470450374,-0.3137560350960975,16.934445105133733,0.24278819064822704,0,0.0,0.679590657011511,0.6973350558270166,10,2,1
2025-01-15 11:00:00,44.34591590461914,54.8858079873618,226.95292822342037,4.677465007224426,0.295701447817072,-3.0201253078487875,25.27566164847634,0.2255068254341535,0,0.0,0.44945727371551675,0.7177166199864472,11,2,1
2025-01-15 12:00:00,67.84973840856007,61.25049949610522,212.64621496287316,3.8331568383188293,0.30652281445613516,-3.2385298252212475,22.57665635415612,0.21986187272366486,0,0.0,0.8608504560764513,0.6334213162623012,12,2,1
2025-01-15 13:00:00,38.90666590182026,32.103988213175214,267.0275229533559,4.294031426169933,0.29752286848878345,-1.6902561855104292,16.241774559034955,0.2425606624625486,0,0.0,0.35425274398708817,0.9538365500403725,13,2,1
2025-01-15 14:00:00,42.9953446319745,36.1162701577232,239.76022026632404,2.548290497292158,0.2669004621744907,-1.5476754084224296,24.1430713125023,0.18487692306192138,0,0.0,0.42581789276948656,0.7931773182600007,14,2,1
2025-01-15 15:00:00,59.7075829565709,48.7202358068976,261.6450757907559,3.2580807355410424,0.2193410720215514,-2.438515101475728,19.217706820055767,0.21301380858165786,0,0.0,0.7183363079156736,0.9221231152291978,15,2,1
2025-01-15 16:00:00,40.39159391006232,47.81588900012398,181.43100070182243,2.6562729425385347,0.15426347127006979,-5.0918989515764,17.74537289175011,0.21860568305268463,0,0.0,0.38024380390022167,0.44950094831827214,16,2,1
2025-01-15 17:00:00,66.827779360874,41.6926769701655,187.10654203546542,3.6178794163325168,0.08025135205050231,-3.834428438086811,17.992633319317484,0.2496227543317751,0,0.0,0.8429628556744474,0.4829412970416715,17,2,1
2025-01-15 18:00:00,52.5099081066615,28.860364001454336,160.45201336937282,2.6375644123863964,3.815253493300702e-17,-5.8235362458658155,21.501615520491328,0.19271861144071556,1,10.028268371985257,0.5923536358797952,0.3258925361827926,18,2,1
2025-01-15 19:00:00,40.334340843611834,26.838115414406392,171.75339324569018,1.887771642521543,0.0,-4.623145073840638,16.224390107536518,0.19001810519397777,1,12.660136694901567,0.3792416894057373,0.3924803842668944,19,2,1
2025-01-15 20:00:00,56.17448024335404,44.24809232598573,222.46004962857424,2.1081731965509487,0.0,-5.6470485151834895,16.02934570920102,0.15844879243106008,1,8.785005208113432,0.6564955427144121,0.6912445324530606,20,2,1
2025-01-15 21:00:00,43.419478434839355,32.86908397883981,208.90838011153932,1.2000852469646333,0.0,-7.0,21.962792263468124,0.15984524847399753,1,13.509240629060113,0.43324161097013936,0.6113979543394222,21,2,1
2025-01-15 22:00:00,30.554208971298884,31.693972646800223,180.83090836407928,1.2886263073589808,0.0,-7.0,25.749810745058124,0.20117990605316477,1,10.585301775249922,0.2080576373569353,0.44596519800641776,22,2,1
2025-01-15 23:00:00,29.23358508903815,16.856252635888588,153.31240501608374,1.4873147251235086,0.0,-7.0,20.69766108798631,0.16711819594377064,1,7.020893902401907,0.18494243294565285,0.283825889312082,23,2,1
2025-01-16 00:00:00,27.95959213489372,22.892065563464623,165.76591696745317,1.3917370524118882,0.0,-7.0,20.089474933748726,0.15729308322569577,1,12.211094311753742,0.16264342113074462,0.3572021115970329,0,3,1
2025-01-16 01:00:00,28.03876663459766,20.420456705909892,145.14350400673615,0.6558826138333651,0.0,-6.442601316955874,25.853921221982805,0.2464893005035237,1,8.582233263673375,0.1640292318595985,0.2356946393782241,1,3,1
2025-01-16 02:00:00,34.7326736193469,23.071107503085024,105.24559532700104,1.2663815251591535,0.0,-7.0,18.498024924076724,0.24514173979083198,1,10.175877925021467,0.2811943311289763,0.0006157453745938298,2,3,1
2025-01-16 03:00:00,43.86245814391808,34.65965070778847,141.47231642981635,1.348690631594369,0.0,-6.111715518120107,18.58336793978243,0.18252767683489934,1,7.505154325923864,0.44099519369944484,0.2140639638912024,3,3,1
2025-01-16 04:00:00,25.417660500871133,22.877810914571068,152.5486896441078,1.273420719979002,0.0,-6.52192588827054,25.774442100377442,0.22898694069333045,1,4.824291551165657,0.11815136695150877,0.27932607037623736,4,3,1
2025-01-16 05:00:00,32.52399042634917,21.313413896049394,133.94589942608272,2.1069035557867783,0.0,-6.058217361905947,23.06122145419908,0.23725490536191707,1,6.601442680327088,0.24253520632312436,0.16971823641836176,5,3,1
2025-01-16 06:00:00,51.67324391697931,39.18000068159443,136.26348513933291,2.9756213179062327,0.0,-4.5931294247774135,16.70317572516726,1.4735603008379927,1,4.544717725045268,0.5777092969216074,0.18337347560903625,6,3,1
2025-01-16 07:00:00,45.35431835390492,36.80155328859866,150.4609070102733,3.246891724469876,0.07958727459137657,-4.742088469904762,23.351738014184498,1.2927728293202738,1,10.480908550605953,0.46710758964360377,0.2670248333259083,7,3,1
2025-01-16 08:00:00,52.9340473678354,29.44590826829964,191.1264974566079,3.516905767896046,0.15136888313137437,-3.5341493550318726,24.86263274627065,1.222353620483092,0,0.0,0.5997774496185726,0.5066269163038675,8,3,1
2025-01-16 09:00:00,59.39937045604572,45.48221620129945,156.66642519230265,2.6365669961326903,0.21288214060678906,-3.554246915969462,18.94010344141154,0.16408223714251036,0,0.0,0.7129415887625139,0.3035878111666948,9,3,1
2025-01-16 10:00:00,46.21270462775492,39.33253793101505,222.03283013294995,4.303695176313673,0.26101197515132374,0.08793010826411263,20.00573678924111,0.22969331547370064,0,0.0,0.48213213558011614,0.6887273507297198,10,3,1
2025-01-16 11:00:00,45.80762911431798,45.34353258179101,200.23146196491658,3.7367777619788813,0.28907946835868437,-1.5390046274915645,17.9354522481486,0.18844158150262627,0,0.0,0.47504199930371394,0.5602734621350441,11,3,1
2025-01-16 12:00:00,64.61519104647275,47.028209127133024,198.90223389090562,3.355384256468481,0.30339801021808366,-2.168938143361238,22.400135829559357,0.2193507650450549,0,0.0,0.804235378568818,0.5524416364615401,12,3,1
2025-01-16 13:00:00,49.18454331627273,42.572681361029225,252.22310208835856,3.331014862275876,0.2897120795980004,-1.3546147789760838,22.584012414173284,0.2038693434385342,0,0.0,0.5341489586023158,0.8666087479206213,13,3,1
2025-01-16 14:00:00,42.445164337295665,51.73068128748845,220.66695743801793,2.6055331034733396,0.2625214927374809,-1.9777760977559147,16.27355925096146,0.18946683804234554,0,0.0,0.41618795184127155,0.6806796145676121,14,3,1
2025-01-16 15:00:00,50.38869946088618,48.49462977078662,205.34396279058745,2.9575347687071187,0.21754113581464224,-2.5603181653300036,22.48093140312895,0.16238157391842606,0,0.0,0.5552255995746062,0.5903963703139833,15,3,1
2025-01-16 16:00:00,45.56519656087426,46.45980737334785,255.22477235655919,3.8242189023383792,0.15429201472198092,-2.343639419817137,22.196454007893482,0.1833448987628938,0,0.0,0.47079864273257,0.8842946204428214,16,3,1
2025-01-16 17:00:00,43.476842230830655,55.93680655834373,194.5637148597745,3.82142327468946,0.0796980887441817,-2.9209710470487744,15.748205308387435,0.23401739208538075,0,0.0,0.43424566359099315,0.5268790370872519,17,3,1
2025-01-16 18:00:00,45.38218904206651,33.94425401086384,235.90002829433706,3.0519714534672535,3.777375090237588e-17,-4.982559376072737,21.067543280382434,0.23113979369585522,1,11.043414801754993,0.46759541714891534,0.7704330269062711,18,3,1
2025-01-16 19:00:00,42.939695902539285,24.69606301226184,190.75237872826614,2.845734204374068,0.0,-5.801448505468986,21.685876620603125,0.15283685919656842,1,10.831098348275901,0.42484385938011526,0.5044226048550998,19,3,1
2025-01-16 20:00:00,50.27399103829307,34.735519670188914,153.72063877095064,2.132105087158719,0.0,-6.2213322942032,19.848743442314856,0.1640276558375128,1,10.44943562603359,0.5532178298594345,0.2862312068528935,20,3,1
2025-01-16 21:00:00,42.30490944700203,26.307352410873975,179.2168852115546,1.4561381405980063,0.0,-7.0,24.789333429091545,0.22559012167332498,1,9.898020199380646,0.4137330360227954,0.436455356760416,21,3,1
2025-01-16 22:00:00,28.26357359298241,28.175236820282446,142.8258821015969,1.863330368282367,0.0,-7.0,18.969331688745132,0.18357328963663755,1,10.65364842436323,0.16796408330817786,0.2220391869445619,22,3,1
2025-01-16 23:00:00,24.084700286333064,13.49841168536439,124.94967062329732,2.0181376626255436,0.0,-5.9684616248600335,16.35396900358267,0.21435910669585378,1,5.5284263240841085,0.0948202366841923,0.11671236249804391,23,3,1
2025-01-17 00:00:00,34.799741721306894,28.77046356838078,115.30814863618747,1.1654436183253274,0.0,-5.789668448310945,22.80445644719188,0.206267573899405,1,10.185438419609797,0.2823682406024504,0.059904414406451965,0,4,1
2025-01-17 01:00:00,31.88786507620101,16.879652086696908,123.10575145725754,0.8860903591062194,0.0,-7.0,22.241030423465354,0.21520673153948855,1,7.799236275494965,0.2314009479643388,0.10584797154301388,1,4,1
2025-01-17 02:00:00,37.05340568360236,29.526331923048126,156.5588249401534,1.5042739565958676,0.0,-6.450288630243499,26.446246674943968,0.15536965509242873,1,8.09213561790021,0.3218146748692778,0.3029538293589564,2,4,1
2025-01-17 03:00:00,44.161119215450704,39.19152335588649,165.25325339908707,1.609518800567536,0.0,-6.235895045739099,18.484791906701435,0.2431119205530227,1,8.309945120722363,0.4462227318432736,0.35418149250607117,3,4,1
2025-01-17 04:00:00,35.73807982601487,30.65564643267979,171.64867115302056,2.034910734585909,0.0,-2.8439921015367746,20.3130776301863,0.15209695497553155,1,5.66883047744178,0.2987922030860684,0.3918633606048241,4,4,1
2025-01-17 05:00:00,28.958607384072465,32.37658616051333,134.27966767297568,2.553938888261565,0.0,-4.076795767144735,21.06597642205698,0.15080324959847455,1,4.352856336877543,0.1801294305880503,0.1716848024096509,5,4,1
2025-01-17 06:00:00,53.800113002227114,33.17539169054088,172.87783463562735,3.4255538924977538,0.0,-4.54486434956529,25.386209787255,1.294614751791673,1,6.203038744651645,0.6149364092901796,0.3991056046622831,6,4,1
2025-01-17 07:00:00,54.326048466488075,47.090030860649236,146.77489368281462,3.6560019728648743,0.07775789119202926,-4.593055861249568,20.56529658050495,1.8701219395730497,1,8.813527145692127,0.6241419869923817,0.24530680436210597,7,4,1
2025-01-17 08:00:00,58.01693683687454,32.80717445326065,191.04859025714163,2.319746568266997,0.14990043165146624,-4.517437258676056,24.349491950063385,1.17939932595028,0,0.0,0.6887445133336887,0.5061678862721818,8,4,1
2025-01-17 09:00:00,60.55084101154551,55.31982464414918,227.20610276729857,2.460791261681781,0.21094868020498808,-2.083217927576757,17.69080748796342,0.2374500174010714,0,0.0,0.7330960609188,0.7192083270391276,9,4,1
2025-01-17 10:00:00,58.26756367903735,41.88371905411361,154.08936826020815,3.4283186398645493,0.25860691612888426,-2.5632799971809326,20.29145918354295,0.1659089070443306,0,0.0,0.6931312965543817,0.2884037648487767,10,4,1
2025-01-17 11:00:00,56.07399898512877,42.41901426870669,258.81670854383657,4.6736254011463645,0.2861864359246519,-2.926477839429497,17.48434812802749,0.1609103293190191,0,0.0,0.6547367945541078,0.905458345915622,11,4,1
2025-01-17 12:00:00,71.8649196482805,63.95607124372957,249.7442533456165,3.0763783159238294,0.29968016780556106,-2.0455632291386947,25.721628081880702,0.22789703976190945,0,0.0,0.9311291602186199,0.8520033452785006,12,4,1
2025-01-17 13:00:00,62.9621812982469,30.623203197073533,247.24154743578632,3.948259810504558,0.2880460662376325,-2.579742198137775,17.50789280990681,0.23466787145536686,0,0.0,0.7753023426474371,0.8372573759591098,13,4,1
2025-01-17 14:00:00,57.96100898065485,35.18038405100511,241.049918308297,3.168834606216481,0.2580226157594215,-0.10772774930936224,19.910379610585778,0.22921828884592116,0,0.0,0.6877655943196015,0.8007762325725108,14,4,1
2025-01-17 15:00:00,58.282769402303124,45.52654380219114,248.18297364328174,3.357511325535517,0.21120347215488003,-1.3869520129778725,16.334030769377303,0.17410288791877493,0,0.0,0.6933974460661623,0.842804268991036,15,4,1
2025-01-17 16:00:00,39.90211962999299,47.624619011612076,267.72124105352515,2.7836396685946667,0.15132644143688023,-2.894843869522929,24.90028207039101,0.2379842726067651,0,0.0,0.3716764152668287,0.9579239443207879,16,4,1
2025-01-17 17:00:00,60.2012692892316,49.65452690393232,236.42256995570787,2.797723460022568,0.079729887526743,-2.1274216672601276,21.78723420862,0.15718854321901385,0,0.0,0.726977421140866,0.7735118478242274,17,4,1
2025-01-17 18:00:00,48.96620107346442,39.295118105817146,185.16007846683272,2.1593336770350593,3.834496488354726e-17,-4.303398947161825,25.240176691455734,0.18419774632390595,1,9.025782503796389,0.5303272606594525,0.4714727133972123,18,4,1
2025-01-17 19:00:00,43.16580003123233,35.268806011468335,201.19543147196734,2.5508285125282475,0.0,-6.015445506469312,15.821422168925203,0.196318312572778,1,8.606314578856137,0.42880141551943607,0.5659531805230362,19,4,1
2025-01-17 20:00:00,39.35157119405716,31.583699566576154,165.32307145438523,1.797222136202071,0.0,-4.351509610835936,17.224630859132198,0.15677352716070228,1,10.368596962865858,0.3620400306717059,0.3545928612159633,20,4,1
2025-01-17 21:00:00,39.16682998707495,27.957673859601883,209.51989030581186,1.6851715609303783,0.0,-5.9539661110805495,19.408163861215947,0.20798432785486162,1,9.734124273629279,0.35880645991780546,0.6150009787810152,21,4,1
2025-01-17 22:00:00,31.18367876247824,29.23209513686001,192.01117862605602,1.4489838455557273,0.0,-7.0,22.0091089790548,0.20593830170655902,1,10.409566547991544,0.2190754018312002,0.5118394669798716,22,4,1
2025-01-17 23:00:00,28.124417218865,19.1641868653035,156.8452547965058,1.9472509893876035,0.0,-7.0,19.09155706297052,0.24921825749081838,1,6.428673843163645,0.1655283950883416,0.3046414770595273,23,4,1
2025-01-18 00:00:00,28.711543779958237,23.818432992870918,165.8018174168498,1.7177287304787838,0.0,-7.0,23.2246772141831,0.21216640027879552,1,10.17965533152651,0.1758050155987407,0.3574136374192542,0,5,1
2025-01-18 01:00:00,32.0047644384978,16.247994613939014,170.32024783769916,0.8553867595600829,0.0,-7.0,17.591602052081473,0.1897545676818996,1,6.697153135905518,0.23344706623566158,0.384036276577911,1,5,1
2025-01-18 02:00:00,30.290106860233184,19.192440682847586,122.05201845595916,1.3571329825655964,0.0,-6.027954218497454,22.31926343489347,0.2290184847534628,1,9.687290800480774,0.20343499319250877,0.09963936571084488,2,5,1
2025-01-18 03:00:00,29.896774553075637,25.903438640193155,146.9808625054508,1.7897291758026597,0.0,-4.564837043217373,20.264161054613364,0.18349670041735974,1,6.953685668161195,0.1965504011420123,0.2465203748129586,3,5,1
2025-01-18 04:00:00,35.437881786035454,22.691970154577987,144.0301352213914,1.2833343983633048,0.0,-7.0,21.521327202452923,0.2032868654372537,1,5.795484523989082,0.29353776300573936,0.22913465888456105,4,5,1
2025-01-18 05:00:00,29.304480524552233,22.677577584088606,172.31806891398114,2.0840611091208796,0.0,-4.560154659234314,22.230925147401802,0.15554696067932208,1,6.806408057655329,0.18618333317905583,0.3958074591930051,5,5,1
2025-01-18 06:00:00,52.9175168752043,38.9184883532829,150.3266017067063,2.6512633795459926,0.0,-4.994164968000402,16.768880712799373,1.3669993308495336,1,5.314940062274405,0.5994881123429716,0.2662335050767315,6,5,1
2025-01-18 07:00:00,59.22995491310745,35.83015319868874,187.37364755373355,2.620259263762796,0.07896712566774128,-4.051038906430298,26.03761165278673,1.5210810110654955,1,10.430504374966878,0.709976266873315,0.48451508554073214,7,5,1
2025-01-18 08:00:00,57.45307328415268,43.89835520902754,171.2693780110564,2.996368715570035,0.15390679187525774,-3.429605463761362,24.49891767024453,1.65173392029389,0,0.0,0.678875070976698,0.38962856145703356,8,5,1
2025-01-18 09:00:00,47.92258730715571,54.728111348524145,153.33627497912465,3.350182597289941,0.21546804575836112,-3.0767154712719362,20.739166696860337,0.15990327903704626,0,0.0,0.5120606323948188,0.2839665313832394,9,5,1
2025-01-18 10:00:00,61.52949024056099,43.56776790018071,160.71214316083174,3.4684982761289826,0.26105827324420283,-1.6842733371919125,21.75436342079134,0.2297186729143917,0,0.0,0.7502255989193636,0.32742522362674925,10,5,1
2025-01-18 11:00:00,51.585993140257735,46.70401726449739,168.6119833340774,3.545491496938286,0.28657470804367907,-2.2608625727140597,16.19078618212678,0.24001589866512646,0,0.0,0.5761821251310217,0.3739711643084794,11,5,1
2025-01-18 12:00:00,72.85231036311824,64.90425268446755,164.4708117211311,3.438726620809519,0.2959359644163302,-1.0540444970489895,20.97844700183436,0.17810371655610943,0,0.0,0.948411702594126,0.3495713379801108,12,5,1
2025-01-18 13:00:00,57.68316555508279,41.19249783113236,222.24161125567187,3.2272210161136936,0.28706662000914307,-1.4737659716882503,20.101675570270135,0.22653465807843043,0,0.0,0.6829024325498514,0.6899574912820048,13,5,1
2025-01-18 14:00:00,40.028211794465435,51.81782049887639,238.90929501821086,2.7603220190853692,0.2556260103670265,-1.9589738271599557,19.447784644285132,0.16803484911606945,0,0.0,0.3738834374141582,0.788163657824515,14,5,1
2025-01-18 15:00:00,52.616902130671534,38.898638580502066,177.83153567793954,2.767339824720446,0.2103613514835471,-3.101134594580466,23.901897104562785,0.20234158717566897,0,0.0,0.5942263785804223,0.42829286286167983,15,5,1
2025-01-18 16:00:00,46.43126860964595,51.119657739158654,226.64567356749146,3.514850444174696,0.1501118195083271,-3.388444526681365,17.296058623596533,0.22976353650720746,0,0.0,0.48595771467664617,0.7159062723496067,16,5,1
2025-01-18 17:00:00,61.78128189463511,46.17793472295436,218.46313173327147,3.456175304459331,0.0774994141590804,-2.7765993922125913,17.196459779382597,0.1886491685578459,0,0.0,0.7546327701292425,0.6676946505333516,17,5,1
2025-01-18 18:00:00,42.35310237498484,27.58131433125852,164.70940513968623,2.2272698731909935,3.6277959180889914e-17,-3.8042977618322795,20.722197717502354,0.1526300252038821,1,13.769632452597014,0.4145765686867616,0.35097713289033305,18,5,1
2025-01-18 19:00:00,41.43998324744542,36.63510265783191,181.2236908028797,3.0475942783167738,0.0,-6.055987166214467,22.436855525400603,0.2039967375214185,1,12.406499397212315,0.3985940201591722,0.4482794762318364,19,5,1
2025-01-18 20:00:00,50.92724522170497,48.02829835411449,202.96221387938854,1.7694394582522326,0.0,-5.699394959538656,15.656007516264593,0.23446998729007387,1,10.94340428445844,0.564651898396982,0.5763630808918895,20,5,1
2025-01-18 21:00:00,45.02087460473291,26.03741928134879,128.65673537594373,1.612573449519472,0.0,-5.665405607893861,21.11966822660262,0.16083273773145934,1,12.36759915363125,0.4612712417437149,0.1385544266785804,21,5,1
2025-01-18 22:00:00,42.33340257668911,32.2356475882199,131.75583071187106,1.2408199196255438,0.0,-7.0,18.66150346056056,0.15296414021425112,1,11.232508435510164,0.4142317582751194,0.1568143287157927,22,5,1
2025-01-18 23:00:00,23.986247483949807,14.722318200939199,189.32821032597053,1.9508496393285586,0.0,-6.643357858007148,23.5512249593696,0.23090407759845866,1,5.886085228305967,0.09309699308507097,0.49603138977728767,23,5,1
2025-01-19 00:00:00,36.68312952156593,26.6521741961096,162.33290831493161,1.3749878221266774,0.0,-7.0,20.67315502325441,0.1767132578671356,1,9.99441746793353,0.3153336401938748,0.3369747888163388,0,6,1
2025-01-19 01:00:00,34.13669847971714,18.12022198067328,138.82764187184824,0.8400339507108738,0.0,-6.609558161265381,24.658816065930843,0.18643437057388842,1,9.078651286717424,0.2707628317735341,0.19848151381650822,1,6,1
2025-01-19 02:00:00,40.48066369957939,21.48250492192894,149.08609884641376,1.31188814425431,0.0,-7.0,20.15536973990315,0.15869820299046,1,7.2428050086437725,0.3818028143188675,0.2589244492876989,2,6,1
2025-01-19 03:00:00,31.06847837412657,36.469930358509764,165.83437876022126,1.484926060947441,0.0,-7.0,24.8458154622218,0.15966189844244671,1,9.302863371922333,0.21705902111843475,0.3576054891939545,3,6,1
2025-01-19 04:00:00,29.934899858744508,23.112148544248004,170.2375072100227,1.9228499627428308,0.0,-7.0,23.75321224489827,0.21145433569160066,1,6.313636586975385,0.19721771773806684,0.38354876793680703,4,6,1
2025-01-19 05:00:00,33.063855461310155,21.128135212247056,138.4179540183997,2.689805507599034,0.0,-4.997540939621519,25.008933546337804,0.20522296493464928,1,4.598403963978648,0.25198459672507945,0.1960676287116902,5,6,1
2025-01-19 06:00:00,47.40725259090056,38.67917030970692,159.30331380361793,2.4406578564904606,0.0,-4.006125242705834,24.858519979579164,1.3443013323106894,1,3.9736126006885475,0.5030406021905519,0.3191243863625173,6,6,1
2025-01-19 07:00:00,40.761086245721394,36.885166011267074,181.3575711158308,2.8622352101369883,0.07698001257840832,-4.390378888469926,21.336496567133565,1.4645531672135812,1,7.765760664414007,0.38671111906988287,0.4490683004318725,7,6,1
2025-01-19 08:00:00,46.446634222227246,42.052480502697186,141.47072248631434,2.1416070077560385,0.14858741392917668,-2.120591256647636,20.019413439253,1.416148323257269,0,0.0,0.48622666277041626,0.2140545723594667,8,6,1
2025-01-19 09:00:00,59.71856024084655,39.10371544642933,232.78206875255384,2.5882711418893987,0.2130658167912923,-3.7960404151083447,24.18444564857987,0.21950529164212856,0,0.0,0.7185284460204895,0.7520619767714367,9,6,1
2025-01-19 10:00:00,53.219275549461344,54.00306547120231,193.2741825662373,2.959518268899581,0.2617162282524623,-1.7204939306090634,19.77869331581873,0.23620890248135873,0,0.0,0.6047698685886549,0.519281099366254,10,6,1
2025-01-19 11:00:00,60.27589772903547,41.03268489498593,194.83559821862394,3.544052812404309,0.28899055682509106,-2.5623713787920224,16.791505514712746,0.22651024194460168,0,0.0,0.7282836610658995,0.5284809766728418,11,6,1
2025-01-19 12:00:00,47.540484361283184,50.07775530003249,258.33123377996935,4.016809346852485,0.3028340437784173,-1.8976037496736349,24.76786879777224,0.15044076496682007,0,0.0,0.5053725906149922,0.9025979235442975,12,6,1
2025-01-19 13:00:00,59.91479589293985,36.38680780953119,176.9086957551676,3.621881029809114,0.2976198587097261,-1.2972191467867698,19.79782372803489,0.15995534611211926,0,0.0,0.7219632068724234,0.4228554804131654,13,6,1
2025-01-19 14:00:00,62.03077139747658,44.52512034304462,169.31868771258192,3.676575418522822,0.2678890453826582,-2.5013527788590624,16.938265989166837,0.19293767800534126,0,0.0,0.7589996462202439,0.3781350738762695,14,6,1
2025-01-19 15:00:00,58.43194695212571,37.92820556806459,238.8612223179196,3.3707076329474415,0.22030999174089982,-2.498863828154505,22.15855945576629,0.2351798855881101,0,0.0,0.696008537387501,0.7878804129730881,15,6,1
2025-01-19 16:00:00,60.180663115016536,42.806973127002706,202.29947626122114,3.489442278256483,0.15726234761183952,-1.725941497166065,24.575218016752125,0.17369741880740452,0,0.0,0.726616746208727,0.572458223934499,16,6,1
2025-01-19 17:00:00,44.10715183452779,42.4149846539568,235.82734679984273,3.217229964523534,0.07994951453022671,-4.029267397578822,24.22000857760103,0.2378952086548509,0,0.0,0.44527812751017676,0.770004786782775,17,6,1
2025-01-19 18:00:00,50.936929889938,43.18450724842576,156.85446115267555,3.0128891203104553,3.8451482468848375e-17,-3.389731588117428,21.05807991243813,0.16100136585411318,1,13.574918236772554,0.5648214115254883,0.30469572100608505,18,6,1
2025-01-19 19:00:00,30.714011886504128,23.315904324394133,179.2891874200824,2.576734963875621,0.0,-6.128171408557424,16.29125700220392,0.15726071238484743,1,13.283891551463755,0.21085470706020662,0.4368813621270425,19,6,1
2025-01-19 20:00:00,46.21769192968957,45.39112187813979,156.1792690841501,1.9912418730097545,0.0,-5.1887796424344295,22.588753841786232,0.2413419697145598,1,8.159058810924,0.4822194295517222,0.30071748229730766,20,6,1
2025-01-19 21:00:00,33.167160019239304,23.056745141613305,189.97153147994166,1.7270131827072916,0.0,-4.894904630118184,21.769909583052755,0.16619769259966916,1,9.798919417735867,0.25379276179404797,0.4998218447251553,21,6,1
2025-01-19 22:00:00,36.217385828628,20.86628570340358,138.1736088341897,1.2329415418364547,0.0,-7.0,17.74278901649455,0.1963775581632116,1,10.74189413863871,0.30718161385985426,0.19462794433824893,22,6,1
2025-01-19 23:00:00,22.416135480557607,15.272389724554728,148.52555166146172,1.9429030945408308,0.0,-7.0,25.050346307158488,0.18259570441764916,1,5.304530975160814,0.06561493676719694,0.25562169942847374,23,6,1
2025-01-20 00:00:00,35.25999323739582,19.59267362085482,168.53484225130723,1.1316075623129118,0.0,-6.6277441689605885,16.660011240975212,0.16476364346648667,1,10.730117062002606,0.2904241360151443,0.3735166482443563,0,0,1
2025-01-20 01:00:00,27.365326840902995,21.64433498368083,170.723386216216,0.9418208587158262,0.0,-7.0,19.78809620820501,0.21321110149600364,1,9.236222175718062,0.1522418496237904,0.3864115721081324,1,0,1
2025-01-20 02:00:00,39.83781275362393,30.60325454440168,155.58240555660444,1.7859808897839398,0.0,-6.424819018078726,16.941913689470727,0.24636727141315076,1,6.755842462682076,0.3705508362035626,0.29720075616880753,2,0,1
2025-01-20 03:00:00,42.27732629417938,24.549595315956957,136.36072608775953,1.538711909678049,0.0,-6.919719445092022,25.75179663559018,0.2158109446854224,1,8.717712550430937,0.4132502413191953,0.1839464202912121,3,0,1
2025-01-20 04:00:00,28.493361543842017,24.14344396865692,150.59088065065143,1.8335631932578382,0.0,-5.604342059607117,16.45395377074352,0.18536986827773305,1,4.296304843074468,0.1719861182923376,0.2677906393704049,4,0,1
2025-01-20 05:00:00,33.35266227443035,26.440462972381674,166.10520303717362,2.696374768828062,0.0,-5.11957684937816,20.685566639974596,0.22117969558099176,1,5.177755201440898,0.25703965336180806,0.3592011886579626,5,0,1
2025-01-20 06:00:00,57.52798360000481,37.17115323780341,189.99461012592946,2.7858476389631455,0.0,-3.016163749747365,25.389120881742574,1.2324361166023001,1,5.843298447329708,0.6801862446474871,0.49995782434798364,6,0,1
2025-01-20 07:00:00,46.065169564677994,39.10062667861292,202.60748987057863,3.7171651460002857,0.07690691618236091,-3.1495638684560556,18.812440918834707,1.5600122330200576,1,7.8645159672645475,0.47954979310799867,0.5742730433328551,7,0,1
2025-01-20 08:00:00,47.36786696102085,46.12964198690552,218.78725423395124,2.7585580853341822,0.1481806269253273,-2.3393279253790222,17.200124190821914,1.4770930846096486,0,0.0,0.5023512258300562,0.6696043836873651,8,0,1
2025-01-20 09:00:00,59.32455089483375,35.05423992034538,219.9251197042045,3.8939309039526546,0.20925131777930306,-2.463968656944504,17.371161930578214,0.18599835714236382,0,0.0,0.7116320035924982,0.6763086989039648,9,0,1
2025-01-20 10:00:00,49.23443840599491,52.45053838864674,164.67979359416665,3.789146155644193,0.2555720023645415,-2.059416202376571,20.23993537598284,0.2239567302429425,0,0.0,0.5350222846215856,0.3508026613553372,10,0,1
2025-01-20 11:00:00,49.92797913864521,40.703887274218665,234.07398111916947,3.8060395342054303,0.29368085677044176,-1.7011337640477158,20.37489795138376,0.16184871454224403,0,0.0,0.5471614985326039,0.7596739379078327,11,0,1
2025-01-20 12:00:00,59.94770114607205,49.820287328364,248.40322951891895,2.6744717200309314,0.30598593329800994,-0.7683604901346951,23.28980784227576,0.2032790475483174,0,0.0,0.7225391556058763,0.8441020189071589,12,0,1
2025-01-20 13:00:00,43.24380944817194,38.85800528768672,259.9453769626241,3.235065041209663,0.2975493952145137,-1.6824719256849714,18.13579871335841,0.2354397326553344,0,0.0,0.4301668335182967,0.9121084720090772,13,0,1
2025-01-20 14:00:00,45.376309700667086,37.480770298599566,266.7298584079609,3.797352810946376,0.26466431280035785,-1.267858862327449,22.844086675792706,0.17017101556958322,0,0.0,0.46749250959130045,0.952082707434805,14,0,1
2025-01-20 15:00:00,43.096920136629876,37.74806666545124,219.63837027705222,2.8831036694604495,0.21715313173780734,0.04457348732732713,25.797487064849392,0.1764541241929489,0,0.0,0.42759579379401513,0.6746191682889086,15,0,1
2025-01-20 16:00:00,45.58853523417883,34.934856265421246,231.28564299094643,3.2124626364067552,0.15316748856249687,-1.7774533950345677,24.312758836559013,0.21606717927717814,0,0.0,0.4712071452679017,0.7432450205790464,16,0,1
2025-01-20 17:00:00,49.223860962755694,41.57513360438173,157.20804999362403,3.200419534847639,0.0786926738792134,-3.694567660039286,21.907828974916594,0.2272586958395495,0,0.0,0.5348371450327084,0.30677907014424205,17,0,1
2025-01-20 18:00:00,54.58150659904112,42.055527581792376,207.27835676924337,2.213585243829815,3.793911855412564e-17,-2.9402032286923414,25.009103135794273,0.1783335601381773,1,12.467218537199322,0.628613333476272,0.6017938398084354,18,0,1
2025-01-20 19:00:00,39.64056918550102,24.223038652142044,187.80188071240252,2.4799563310060715,0.0,-5.322358271671016,25.555089639354485,0.18598980085367667,1,12.098946038145534,0.36709843354962396,0.48703823977730276,19,0,1
2025-01-20 20:00:00,55.40721664803627,43.69496228384376,221.60754402253193,1.8837264882221256,0.0,-7.0,21.289648413614,0.22399124828894812,1,9.194711763677141,0.6430659394175635,0.6862215605321761,20,0,1
2025-01-20 21:00:00,28.10354959215908,24.73226377802362,203.72167472868136,1.7564064256566132,0.0,-7.0,18.309579847824427,0.17853236651370336,1,10.511409798976509,0.1651631438889919,0.5808378321357183,21,0,1
2025-01-20 22:00:00,27.89834452583377,31.3072892528818,183.80831435467087,1.6193761482956708,0.0,-7.0,25.05545131833,0.21662475047064855,1,11.139839118993926,0.16157138917513628,0.4635081051519133,22,0,1
2025-01-20 23:00:00,28.799642231338115,17.299999146899193,118.11025368397802,2.1034201206255894,0.0,-7.0,24.462364580332014,0.16588347508057827,1,6.468224477033308,0.17734702444722317,0.07641444656889373,23,0,1
2025-01-21 00:00:00,35.03292250253515,20.437068803687,138.23848988253854,1.5341856525581492,0.0,-7.0,16.638418245790803,0.19113104594884125,1,10.345673726555463,0.28644966113048653,0.19501022415171163,0,1,1
2025-01-21 01:00:00,24.78022433623886,26.622898238939694,155.21952203673115,0.6952970839196744,0.0,-5.337464929551276,25.73957941217026,0.2188677209723232,1,9.80414515616303,0.10699416508461883,0.29506264268549887,1,1,1
2025-01-21 02:00:00,32.142998939008216,20.621398850527775,107.07625204949967,1.8444052430741786,0.0,-6.383631338635443,19.828585770305235,0.19599045561019582,1,7.245528856635156,0.23586661867516448,0.011401993873976229,2,1,1
2025-01-21 03:00:00,40.3909626495054,33.082399146990625,122.6898938360964,1.218982051343483,0.0,-6.449253851195746,19.454004368390017,0.15192373483585292,1,8.716969256415444,0.38023275479153446,0.10339773410249374,3,1,1
2025-01-21 04:00:00,38.930442759485175,25.474978298258826,173.52280954342555,1.653344591776606,0.0,-4.775770616996277,19.75340777255383,0.1906380357104514,1,5.802754494843965,0.35466891617098173,0.4029058035449455,4,1,1
2025-01-21 05:00:00,28.34434955596587,26.254617309772943,123.63168840885143,2.063438374463448,0.0,-7.0,19.549692980892832,0.17883352908896744,1,6.9100346781840525,0.1693779248424416,0.10894679754637106,5,1,1
2025-01-21 06:00:00,51.38414082974375,49.53486649572279,124.10988034709152,2.8620520784591816,0.0,-3.8622263110198802,21.67227067974534,1.2009616371220195,1,6.381716785466961,0.5726490545262155,0.11176430943315395,6,1,1
2025-01-21 07:00:00,54.136884140713256,50.029360114139486,176.48281369171016,2.7810468002935154,0.07925645994138365,-2.546839995303726,22.33985086627499,1.1318535087364883,1,9.49205713684782,0.6208309973030826,0.42034617885409875,7,1,1
2025-01-21 08:00:00,57.65424194095874,44.873974862222276,220.18181538850024,3.1655654896250565,0.15329600638505483,-4.06906277476703,20.636084394766105,1.1591365511747669,0,0.0,0.6823961754226171,0.6778211525527045,8,1,1
2025-01-21 09:00:00,63.69238423676485,57.0973517471176,222.20113350889497,3.9670166065129533,0.2186431553865784,-0.821709097724717,20.42017843815308,0.2449247657737741,0,0.0,0.7880832641590696,0.689718995975886,9,1,1
2025-01-21 10:00:00,47.32714448394218,45.12316981990771,247.47725047209553,4.019007905966471,0.2680653141180862,-1.1465105740628292,23.771459067896277,0.2249819207678253,0,0.0,0.5016384503044494,0.8386461407069976,10,1,1
2025-01-21 11:00:00,61.49450278040463,37.0873633706378,234.6867139034527,3.6658841260412736,0.2970568379313425,-1.596886091182274,15.879042189973163,0.24397417129131407,0,0.0,0.7496132048045749,0.7632841658625179,11,1,1
2025-01-21 12:00:00,68.68901126481123,59.92987531025142,207.91950848523857,3.734184515572329,0.3101648550455609,-0.44287901000667784,25.69230784632012,0.16147838966201583,0,0.0,0.8755404551667874,0.6055715124051254,12,1,1
2025-01-21 13:00:00,56.22679279053675,38.06193707504252,267.460479683554,4.303423341556801,0.3002531616767519,1.0965314819570406,23.10826898834905,0.20705097165983322,0,0.0,0.6574111820858077,0.9563875356096511,13,1,1
2025-01-21 14:00:00,59.006249906488975,35.10518292654273,211.9296606298643,2.838532570927983,0.2726351825475423,-1.2882671274564723,22.900244984052957,0.15832885650481932,0,0.0,0.7060607031573528,0.6291993706598543,14,1,1
2025-01-21 15:00:00,66.31764016588158,46.97896934897785,202.2495988910874,2.41894600312007,0.22216033018752146,-1.694932165632704,19.84085701283059,0.15268063912007027,0,0.0,0.8340337639558647,0.5721643459495407,15,1,1
2025-01-21 16:00:00,40.39427776190011,52.493664837351695,209.08137572578377,2.7264398599935853,0.15518821503978658,-3.020090261050324,25.35690312023805,0.19662811444402575,0,0.0,0.3802907800186105,0.6124172463025802,16,1,1
2025-01-21 17:00:00,43.38578316843335,38.64395117547649,240.98218938707964,3.2091747592447555,0.08109537997404871,-4.130365628003595,15.391093693333053,0.2146343547297853,0,0.0,0.43265183444017524,0.8003771730624085,17,1,1
2025-01-21 18:00:00,50.9136739472665,42.54258879832792,241.76935498488882,2.7660598658801288,3.807849203057089e-17,-3.222884377887179,16.158934453689284,0.15635623609247992,1,10.302103297387058,0.5644143570447617,0.8050151609734059,18,1,1
2025-01-21 19:00:00,33.24117538495969,28.425282274064003,176.8074600924468,2.686300411312311,0.0,-5.681995726415045,23.636286379031066,0.18650597167269956,1,12.914541903129669,0.2550882709327088,0.42225899883271056,19,1,1
2025-01-21 20:00:00,37.752516265498876,31.89098835929339,176.60227108790363,1.962184550311086,0.0,-5.474115870865705,23.021666293280234,0.15901670015745012,1,8.844598910786932,0.33405137922068234,0.42105002307819406,20,1,1
2025-01-21 21:00:00,34.57491591623924,32.467881611714745,203.43480334417598,1.6250868626343078,0.0,-6.640880015356446,18.286098338918404,0.18621036419001566,1,11.066601660112124,0.27843305927574785,0.5791475829466657,21,1,1
2025-01-21 22:00:00,40.28586810444076,32.43895776584795,123.76349316229351,1.6743002340831925,0.0,-6.157211503590037,21.73313375633511,0.197179569829553,1,10.946639831393757,0.3783932591377672,0.10972339252813569,22,1,1
2025-01-21 23:00:00,20.239249380745413,16.07038544061989,173.24940165129524,1.9178551224172657,0.0,-6.598436162467873,21.205071442804627,0.18375313853242548,1,7.467183299825724,0.02751236429887348,0.4012948813933666,23,1,1
2025-01-22 00:00:00,35.82961909546445,22.04850127846877,142.03155377793823,1.1942898081172262,0.0,-5.992979295439325,21.284704813612716,0.2076249024300707,1,8.20082385097805,0.30039443741895383,0.2173589961781651,0,2,1
2025-01-22 01:00:00,22.03449693567913,20.247370393698933,132.63510081878533,0.7358879945189939,0.0,-7.0,22.13898648999923,0.2084590056423685,1,7.44540127968489,0.058935023512115645,0.16199499735491985,1,2,1
2025-01-22 02:00:00,27.163961493503994,28.462139297705665,136.28449042857872,1.436801667464662,0.0,-6.890845635505169,26.495937530759846,0.18329353327801823,1,9.035837006407977,0.14871730245407788,0.18349723899231948,2,2,1
2025-01-22 03:00:00,36.66975798537185,24.167027259022166,135.6159032726023,1.7726295412566981,0.0,-7.0,26.556826522698866,0.18895984160777624,1,7.731474045296877,0.31509959490924017,0.1795579164971583,3,2,1
2025-01-22 04:00:00,26.30571744013436,21.22362283208932,164.009894636831,1.9303441147478915,0.0,-5.959534141233474,26.59495763729569,0.194106561791226,1,4.60391006168578,0.13369524583759004,0.3468556097128877,4,2,1
2025-01-22 05:00:00,42.612500570156534,30.924091947265353,184.17891385509563,2.07947614826904,0.0,-4.4105599031657325,22.005905395726646,0.18756533065761272,1,5.495224747825939,0.41911687905510586,0.4656916812730948,5,2,1
2025-01-22 06:00:00,57.936013882755276,38.505419138266404,159.31646603572628,2.184444530720787,0.0,-3.2505698156985177,19.5445093487001,1.6954857454182433,1,6.436898580342555,0.6873280989774457,0.31920187945125356,6,2,1
2025-01-22 07:00:00,55.07784904878534,39.067158415929136,197.87092210213368,3.503688441901868,0.0800475052344647,-4.149414586328059,22.128633776356665,1.2299606280116675,1,7.190584773637454,0.6373009373716324,0.5463651366473893,7,2,1
2025-01-22 08:00:00,40.54306967633039,45.691848635852445,200.87500821410146,2.7198736024930255,0.15377698620124222,-1.6302412381215312,22.74780472003022,1.7677765724817154,0,0.0,0.38289512146889093,0.5640652433462585,8,2,1
2025-01-22 09:00:00,55.85456827836793,55.786131462807525,174.23757175618812,2.7996369875153517,0.21676623991476193,-0.5190225142721325,19.34031975725475,0.18312510174185104,0,0.0,0.6508960449591465,0.40711718995621254,9,2,1
2025-01-22 10:00:00,44.87479337633381,56.44084146368207,208.73138145265474,2.9418464847488432,0.2643246183081221,-0.980595960098797,22.660744096542853,0.22239608542398345,0,0.0,0.4587143460973058,0.6103550763955001,10,2,1
2025-01-22 11:00:00,49.574522109991726,41.15941094694977,225.6568118991106,2.989151202163909,0.296370942820918,0.7863470570879574,22.41824300506095,0.23837757950891386,0,0.0,0.5409748532828272,0.7100798890874779,11,2,1
2025-01-22 12:00:00,61.18444895621487,63.82008065126319,163.5027266442772,3.427742067625631,0.3016161946122877,-1.7581273967212723,25.236449829482094,0.23874527016712144,0,0.0,0.7441862565107296,0.3438673706119208,12,2,1
2025-01-22 13:00:00,56.35989483816035,45.269392130436664,207.26304825865404,3.314714697474199,0.2963321590600532,-2.3273201909614647,18.1324069687983,0.19523650700145323,0,0.0,0.6597408999409118,0.6017036419044031,13,2,1
2025-01-22 14:00:00,40.555487990470915,34.35482468389189,274.1901993432203,3.522402295820985,0.2632225609196186,-3.157184580590834,22.800201942606886,0.17566031579018276,0,0.0,0.38311248227362693,0.9960391140231424,14,2,1
2025-01-22 15:00:00,49.56991270218164,49.987870306173924,233.64170204249447,3.702201403990148,0.21075420501917574,-0.3552662741444317,20.1381452686405,0.21057604287571363,0,0.0,0.5408941736849673,0.7571269450801789,15,2,1
2025-01-22 16:00:00,61.32368937721881,33.03058202973814,196.8520054512123,2.853533803152799,0.14940841004651834,-1.8143484706346689,16.76122748915199,0.16839630105909473,0,0.0,0.746623415823879,0.540361669114713,16,2,1
2025-01-22 17:00:00,52.155041733925316,51.060579312319376,182.25124085606006,2.8040700528489904,0.07724408416892874,-3.2439176740441265,18.631343632437435,0.22905968721540848,0,0.0,0.5861423225341322,0.45433381186065347,17,2,1
2025-01-22 18:00:00,54.072381111519306,40.45718593345658,170.94816021007563,2.276782563789516,3.657907557903171e-17,-3.680890339249843,15.962089603082047,0.22113448991499884,1,12.81668693130221,0.6197019849287095,0.3877359428239373,18,2,1
2025-01-22 19:00:00,47.25997666906598,33.92499514306571,180.99134707878446,2.4480612465405844,0.0,-5.8588667930023135,18.663659592224043,0.22956405243040684,1,8.016128193871147,0.5004627955312942,0.4469105045865447,19,2,1
2025-01-22 20:00:00,49.09173857835081,32.58700665106223,152.39391215468487,2.2070288136388068,0.0,-3.007223095330583,16.134941877046593,0.19332575084152692,1,10.754397235283918,0.5325245744637157,0.27841411979450964,20,2,1
2025-01-22 21:00:00,32.51658027937511,29.424411436527798,138.70240986073892,1.3500716553268448,0.0,-5.941121522837164,25.038410925321703,0.20574282998979454,1,12.981941540402948,0.24240550469927533,0.19774364550110998,21,2,1
2025-01-22 22:00:00,39.780529689493,22.052118775375106,149.12506275415672,1.258646278914561,0.0,-6.433743888094233,16.61811430055227,0.16027266364977547,1,10.261580579858975,0.36954819665230426,0.2591540250384431,22,2,1
2025-01-22 23:00:00,20.646702274276596,21.950121514748393,159.83249692556515,2.009872342310204,0.0,-6.113106262232292,24.182141265344693,0.2187645617599611,1,7.526694563828305,0.03464411244340863,0.32224233883544795,23,2,1
2025-01-23 00:00:00,28.90411569277225,26.589832672367574,119.65945605862136,1.6097892179975541,0.0,-6.456111939310901,25.264327308879885,0.19868386805583008,1,9.778365235781795,0.17917564912154774,0.08554236311565577,0,3,1
2025-01-23 01:00:00,33.483405332621736,17.08562163150394,109.15647359005844,0.709525222867773,0.0,-6.607033219329927,20.787858512669885,0.20092383020186555,1,9.27991251228173,0.2593280812450571,0.023658680883876158,1,3,1
2025-01-23 02:00:00,32.62984502997623,20.749283215655232,107.42429726445842,1.2750287816082622,0.0,-7.0,16.51046604501649,0.23469921486916287,1,8.177789909117664,0.24438800546872672,0.013452679909991808,2,3,1
2025-01-23 03:00:00,33.7115231898232,34.61586591980906,124.92134083114716,1.5572976517296466,0.0,-5.575007436482046,22.376235743136586,0.2272321109588843,1,6.1458275505992,0.263320884169421,0.11654544306726697,3,3,1
2025-01-23 04:00:00,35.73302886903456,24.334783281822194,122.8379561595972,1.4494392557732132,0.0,-3.539128049313237,18.5906564019465,0.20351925411471614,1,4.099438537315118,0.29870379494455235,0.10427011885658119,4,3,1
2025-01-23 05:00:00,40.55735473136632,31.350233724657034,154.69355654947003,2.2236199776133656,0.0,-3.348179568796356,18.009795152048426,0.1855106326790802,1,5.58848022899523,0.38314515629835094,0.2919636485496928,5,3,1
2025-01-23 06:00:00,39.82544080813361,35.98268239141039,156.45761496407198,3.1988952747366093,0.0,-2.319938627048611,22.217711815894866,1.4598265815517704,1,6.499156156776018,0.3703342870007082,0.30235749912444876,6,3,1
2025-01-23 07:00:00,43.39134676074584,46.06015837146785,154.783308237348,2.656764413503398,0.07809211480173353,-3.6438594111111384,19.940297070457948,1.388072753415155,1,7.930543422756273,0.4327492153639127,0.2924924664306167,7,3,1
2025-01-23 08:00:00,40.049732672863584,32.29944056185674,210.01885507358648,3.284383876980204,0.15078129348467004,-3.3946741508713414,23.901866183789473,1.2387040625306245,0,0.0,0.3742601226384417,0.6179408843960384,8,3,1
2025-01-23 09:00:00,51.89601902830596,47.16381484311046,190.82359869385797,3.539048467425287,0.21349251891003515,-1.9054972141778257,22.32782053154866,0.21457759748174166,0,0.0,0.5816085844517153,0.5048422336350618,9,3,1
2025-01-23 10:00:00,60.30893838095079,56.66709886276427,159.15299920840994,3.1287054446019615,0.2608264202755862,-1.2431836694984286,24.749251033289823,0.21915150025807378,0,0.0,0.7288619797175336,0.318238731200044,10,3,1
2025-01-23 11:00:00,61.609413877298074,49.41826584437555,187.0147349102044,4.003947044623774,0.29354201112543943,0.09903719813608247,16.46388655381928,0.2471210034538145,0,0.0,0.7516245219778411,0.4824003685022522,11,3,1
2025-01-23 12:00:00,65.63119369036843,41.003191977929205,265.44002669176945,3.7590796736803513,0.30102671561813926,-2.581336287622567,18.216649969614217,0.19557044757953512,0,0.0,0.8220187225712366,0.9444830055124059,12,3,1
2025-01-23 13:00:00,37.98370043174783,50.36499059830999,270.77948617327064,3.0633986429298687,0.2890749596994564,0.5425234269815233,21.569647608206903,0.24972924127590998,0,0.0,0.3380978525059817,0.9759431564582632,13,3,1
2025-01-23 14:00:00,41.763233615544245,34.40989287015969,193.0138799101831,2.637947670315228,0.2600627327387081,-1.4406616288358016,24.696942911621704,0.16870985855058196,0,0.0,0.40425195080467563,0.5177473934022994,14,3,1
2025-01-23 15:00:00,47.54486897073132,52.541404250831086,182.25978029804654,3.036257009462579,0.21199449049537364,-2.1822090971832138,23.882071758624296,0.2156630832980584,0,0.0,0.5054493355118691,0.45438412634188863,15,3,1
2025-01-23 16:00:00,44.77949143428659,43.984877586490946,214.17826581266414,3.667836697167767,0.14861582214876806,-3.3846640362621727,22.413196681858455,0.24947686429684876,0,0.0,0.45704625278110544,0.642448175845774,16,3,1
2025-01-23 17:00:00,44.512159590851695,41.48795620673851,206.35398824139668,3.161260147508598,0.07755264861912212,-4.746863350891431,21.276906435294844,0.21403249693903406,0,0.0,0.45236707781717533,0.5963474508028799,17,3,1
2025-01-23 18:00:00,42.353763978287596,30.381558421186877,191.0137687269017,1.9455902530889986,3.657140627511423e-17,-3.0411902489344764,21.84745717927508,0.19523698958277194,1,9.036669575530292,0.41458814889198714,0.5059627174528829,18,3,1
2025-01-23 19:00:00,29.87997973659859,24.8613494011105,193.14687647029348,3.0199682515537387,0.0,-4.563389886921414,17.579076901241873,0.2015252300963446,1,11.976714744690064,0.19625643734116663,0.5185310105213818,19,3,1
2025-01-23 20:00:00,54.502240456377784,45.9503945294965,155.89758406663807,2.204283960405145,0.0,-6.646094373906278,21.545905837394745,0.23455111384836336,1,9.149590607561198,0.6272259186981746,0.29905779123666437,20,3,1
2025-01-23 21:00:00,41.60348192204732,32.80702739667151,136.98415133720425,1.5462841463856187,0.0,-7.0,20.582046102462282,0.2439110495786766,1,12.291301195163049,0.40145577764755497,0.18761964836213202,21,3,1
2025-01-23 22:00:00,36.02071896345573,25.81257998100851,165.6369166781148,1.681877103065182,0.0,-6.781738512382594,19.551007740754446,0.19539265311480528,1,12.69716044325914,0.3037393053794102,0.35644204054701284,22,3,1
2025-01-23 23:00:00,19.78060082270599,14.386890145771098,184.53168892190118,1.7109284167466345,0.0,-5.072494931775124,24.916672896336078,0.22723700283475134,1,5.8004464586812645,0.019484525854915884,0.4677702356455155,23,3,1
2025-01-24 00:00:00,39.43001870444125,29.14677678961032,119.03078532417149,1.7429131420751554,0.0,-7.0,24.458865109844346,0.24336884198553488,1,8.977618380677718,0.3634131167278057,0.08183822859238465,0,4,1
2025-01-24 01:00:00,36.132263893624305,21.280550240455796,155.83957549448002,0.6628489529987702,0.0,-7.0,16.657746731847823,0.17821205756954137,1,9.091736141830593,0.30569170370911103,0.29871600412458515,1,4,1
2025-01-24 02:00:00,28.72700655663035,23.845383558437813,135.65276811662693,1.7442852063624539,0.0,-6.675099659256954,26.41087531674831,0.1993160594233367,1,10.813200187124917,0.17607566437947458,0.17977512454258465,2,4,1
2025-01-24 03:00:00,43.67917093277373,30.518157037523032,126.80092668005157,1.4751820056635412,0.0,-6.22115719820199,18.470655021529147,0.2495417554952839,1,8.909993088866871,0.43778707259207633,0.12761998248967404,3,4,1
2025-01-24 04:00:00,38.90268195368092,22.960182704485405,171.02278243517463,2.020268800307594,0.0,-7.0,18.382445438477514,0.1853478565211064,1,5.943290529206595,0.3541830119635788,0.38817561775239473,4,4,1
2025-01-24 05:00:00,37.05305916012406,28.402186296677968,148.41528161749835,2.6306918474704655,0.0,-4.649509750536725,26.25020689308113,0.21196879558776627,1,6.128919748761848,0.3218086095836641,0.25497198717952557,5,4,1
2025-01-24 06:00:00,44.683977176813485,42.524435566128865,166.66496112543922,2.896742437832124,0.0,-4.045503845958236,20.906626100663185,1.6177736668178915,1,4.875962837464229,0.45537444325582016,0.3624992891512824,6,4,1
2025-01-24 07:00:00,48.31360776835998,41.972956415963125,164.81706636926882,3.7661963089384045,0.07866496627491751,-2.337710275625212,24.763032214287993,1.2406113202108817,1,10.18594391110565,0.5189047596373596,0.35161147397774456,7,4,1
2025-01-24 08:00:00,46.820376376631174,46.16114108071899,142.31246235025975,3.43560249811418,0.15335073226458504,-0.4572150359144267,19.16328107993619,1.7299627691583623,0,0.0,0.4927683635621442,0.21901411241564905,8,4,1
2025-01-24 09:00:00,52.46974670377513,41.947158149942496,199.38544643390279,2.5270168996124025,0.21685169251802852,-0.554076010144831,25.337818065855643,0.19129006092580664,0,0.0,0.5916506809736843,0.5552887298039074,9,4,1
2025-01-24 10:00:00,64.74256188449205,47.917618613452554,191.88409750381211,3.0793334850424907,0.2670761594691956,-1.4685570142909194,24.78073813207167,0.2000323413568328,0,0.0,0.806464781653527,0.5110907036823855,10,4,1
2025-01-24 11:00:00,62.44921050444999,41.795729781480034,165.24822167094612,4.299622734815436,0.2963615054934324,-2.002269018415184,21.3351959373227,0.21428424701678095,0,0.0,0.7663236887589924,0.35415184551139295,11,4,1
2025-01-24 12:00:00,52.84737190994316,59.60962843690133,224.92358016883486,4.306330479829298,0.30917543800148267,1.7840702574707032,23.153087578453825,0.1910484694371146,0,0.0,0.5982603477748663,0.7057596800864196,12,4,1
2025-01-24 13:00:00,52.591077205588086,32.42206753370328,165.05685043592717,3.47788840086041,0.29894057942805247,-0.8280554960997716,25.712861336653862,0.18250824656470666,0,0.0,0.5937743585691013,0.35302428419900733,13,4,1
2025-01-24 14:00:00,55.66306885480212,35.07099548699753,187.93724270800516,2.4669262754088193,0.26428653612600955,-1.168800677061738,20.25247143924743,0.2046430728191143,0,0.0,0.6475441834792612,0.48783579406697297,14,4,1
2025-01-24 15:00:00,45.25104918878562,54.51063422439522,249.3631378666289,3.203871633988994,0.2179581796587965,-1.6793586055531144,20.586622236549186,0.18467849341824835,0,0.0,0.4653000440636853,0.8497578089019642,15,4,1
2025-01-24 16:00:00,46.96469147253516,36.42516408450926,165.05115261937505,2.833311387643889,0.15382211347240035,-2.074209695425443,22.858188268572594,0.19341297238624053,0,0.0,0.4952943461573884,0.35299071260446435,16,4,1
2025-01-24 17:00:00,65.03548521941073,49.150024249294205,223.56005819669357,3.3016262703364507,0.07938177096544538,-3.1359312417074436,19.3519418533084,0.160840750885314,0,0.0,0.8115918907831067,0.6977257944075086,17,4,1
2025-01-24 18:00:00,45.831465654958706,44.74415822270628,244.9706946207324,2.3354966326915956,3.73960556051877e-17,-4.337416397771157,25.22760467797735,0.2344743061362904,1,9.970023595712401,0.47545921613340275,0.8238774874919467,18,4,1
2025-01-24 19:00:00,32.57014360649378,29.976586681836228,159.05804995970806,2.562734518817736,0.0,-5.082789812339401,15.802588910339143,0.19117072252702527,1,9.663859217707921,0.24334303677932287,0.3176792892365445,19,4,1
2025-01-24 20:00:00,39.30868222273012,32.87675666461936,172.5400674188617,2.4427629937530657,0.0,-5.287939272210789,19.57337450311668,0.15827840075382285,1,10.201736974762463,0.36128933446476097,0.39711547669880204,20,4,1
2025-01-24 21:00:00,36.702584748775976,25.172213750143815,176.051226120469,1.4475850214616377,0.0,-6.415636306400382,22.85407892841141,0.22900237508387913,1,8.689136074110808,0.3156741698176904,0.4178032603836724,21,4,1
2025-01-24 22:00:00,35.55912666606297,30.519087146996867,156.03326709870754,1.2039822591950728,0.0,-7.0,20.01732399289873,0.15196253113332833,1,10.889328889362995,0.2956599419420008,0.29985723707654494,22,4,1
2025-01-24 23:00:00,22.82550713008278,16.61217610275999,160.84732294484368,1.8752192208544285,0.0,-6.533627601674553,18.35827863639925,0.20993462005611502,1,5.072962680581447,0.07278026936951165,0.3282217043238269,23,4,1
2025-01-25 00:00:00,35.146201152797964,27.18276060925424,138.3888407034758,1.2808385280538725,0.0,-6.992941541430163,20.091268654356774,0.22026637597298496,1,9.851562524636924,0.288432405189133,0.19589609275655961,0,5,1
2025-01-25 01:00:00,22.98803756354567,24.38996493763259,116.51871735264406,0.9248965210516082,0.0,-5.127425720172496,25.160021850712265,0.16912104075291845,1,8.141799955323476,0.0756250794952514,0.06703709790784443,1,5,1
2025-01-25 02:00:00,27.761366523902772,24.613109889227147,111.2331051877119,1.534569064231837,0.0,-7.0,21.749452058245655,0.1631259429208413,1,8.450608666649009,0.1591738295391074,0.03589421591274144,2,5,1
2025-01-25 03:00:00,40.54156294150802,36.53194641669811,158.64057185215796,1.7213135303178517,0.0,-4.754787339288276,19.593061740090864,0.16138830275094004,1,8.835504129282466,0.38286874871895016,0.31521950387332187,3,5,1
2025-01-25 04:00:00,25.943813562368952,22.367886272777213,126.36230529869138,2.0437923565983724,0.0,-3.9745443714968918,23.271139851150064,0.24933299901734818,1,4.093665256631417,0.12736075331163135,0.12503562073667643,4,5,1
2025-01-25 05:00:00,43.24839251106152,28.264160494285903,178.07256745588847,2.209513629974287,0.0,-6.5661255893403965,22.68434456106946,0.2255086824890422,1,5.088329457056218,0.43024705199453767,0.42971302461087807,5,5,1
2025-01-25 06:00:00,40.24389915178038,44.18167476698494,179.44217950574725,3.4967045063365374,0.0,-4.054607416860373,22.14980326547688,1.3595328527749722,1,5.58835331249254,0.37765866624367894,0.4377827930912089,6,5,1
2025-01-25 07:00:00,53.08405119132255,35.60456413561152,131.43022671876153,2.54893356510774,0.07836625204119779,-3.302538100391069,20.313830755171182,1.3766682566601964,1,11.551800854481721,0.6024030034109542,0.15489586659293386,7,5,1
2025-01-25 08:00:00,44.003494518975664,34.161215279160174,153.10900053573616,3.0532103515288993,0.1513411293067806,-3.6106935593568794,16.848494581581473,1.6114685659776677,0,0.0,0.44346378803782793,0.2826274279927352,8,5,1
2025-01-25 09:00:00,52.44630068076053,49.66372079138709,170.55537565438783,2.4984208812042197,0.21377378177154333,-2.355298653869238,22.642576603999714,0.19576719585501445,0,0.0,0.591240299469992,0.3854216521257962,9,5,1
2025-01-25 10:00:00,60.34743027658561,49.69404560695514,209.448224882604,3.1165721411613214,0.2599616986626693,-2.20691534166538,20.39775561124185,0.17713401440622603,0,0.0,0.7295357128278674,0.6145787253601345,10,5,1
2025-01-25 11:00:00,55.64676301707799,46.285373113817855,240.55031673417483,4.21610594485111,0.2861011476705404,0.9600258622504227,20.376823146554635,0.15570966065674538,0,0.0,0.6472587783937154,0.7978325748878469,11,5,1
2025-01-25 12:00:00,67.5471952569159,60.72691269360135,167.4557577109953,2.7493204309329986,0.29899166076149525,0.2500570235865519,18.207844563614636,0.22838536449883662,0,0.0,0.855554968930242,0.3671586708799491,12,5,1
2025-01-25 13:00:00,50.56450495074865,40.11077434487189,191.2646551197281,2.885950442285045,0.29092523348368016,0.4881189354829616,18.2557142008467,0.23882258656128097,0,0.0,0.5583027662754233,0.5074409426957049,13,5,1
2025-01-25 14:00:00,53.22708072805176,49.455434379898364,206.3830738617693,2.8721809988347045,0.2597220792100766,-0.3570505933638902,23.73241104184929,0.17059592860805411,0,0.0,0.604906484547981,0.5965188235814255,14,5,1
2025-01-25 15:00:00,62.371922259324634,52.963862074636886,184.02429329296928,3.102731042771748,0.21326502273556386,-2.6801084906358987,20.43342478475574,0.15634051142164368,0,0.0,0.7649708936076557,0.46478065530863505,15,5,1
2025-01-25 16:00:00,53.25426929456999,39.27082497436603,219.5017870675726,2.5345392067394488,0.15078134713596164,-2.6924684895866107,16.549204828772535,0.1618625505711686,0,0.0,0.6053823727105081,0.6738144185943401,16,5,1
2025-01-25 17:00:00,57.19696263376492,43.82074119159949,205.99340246940923,3.189067672813213,0.07898955364471219,-2.3976806554889047,15.858140788734254,0.19142593117362117,0,0.0,0.6743923033127622,0.594222875674076,17,5,1
2025-01-25 18:00:00,50.75447676431771,39.26386930428806,181.649564205116,2.634218426062016,3.692232602703681e-17,-4.881197260305139,17.678333539608126,0.17993482472255493,1,9.193417471182352,0.5616278896220597,0.4507887267588978,18,5,1
2025-01-25 19:00:00,46.457317418752986,35.48264844142299,191.95999458588258,2.3690946382829696,0.0,-3.7180782288940506,20.388208413485277,0.15734578159217819,1,13.098318077931324,0.48641365338506093,0.5115378900814133,19,5,1
2025-01-25 20:00:00,45.45965614344624,32.707487701287945,167.02394079160027,1.5742950714074286,0.0,-5.390487969508876,21.772727891765822,0.19548687439182266,1,9.107766372633895,0.4689513428652341,0.36461440108780835,20,5,1
2025-01-25 21:00:00,37.773537129397624,27.854007055074813,156.34639150244587,1.5387599937272707,0.0,-6.141839747590878,16.968062991414165,0.1703918902883368,1,8.449397984974334,0.3344193125682828,0.30170216932868926,21,5,1
2025-01-25 22:00:00,27.546457695363838,21.26305756374709,141.2316420285594,1.6522260249485787,0.0,-5.528343844598069,20.063787606504132,0.15669485793522905,1,12.235586065597875,0.1554122274901101,0.2126459078092002,22,5,1
2025-01-25 23:00:00,23.12898331018893,15.964382138052313,154.78326408941544,1.8077450465669722,0.0,-6.090263755931792,16.410046305532052,0.21579281387512658,1,6.130105895421696,0.07809208754222272,0.2924922063105377,23,5,1
2025-01-26 00:00:00,31.543729398725418,26.723950720848848,141.297319111027,1.5385852937019435,0.0,-6.993230725911624,16.146121824236847,0.20725062924018223,1,11.949455813952916,0.22537745661535155,0.21303287786399186,0,6,1
2025-01-26 01:00:00,34.22135986316189,16.897223251597712,119.89875219619586,0.6933478313591149,0.0,-5.366220193884315,24.968073226921035,0.23263978978068722,1,6.531923672238248,0.2722446807771408,0.08695229845366827,1,6,1
2025-01-26 02:00:00,33.97554910421196,26.59545551732551,105.90763826287393,1.6970774719955897,0.0,-7.0,22.932301083643534,0.18022814997152908,1,10.71197785864502,0.26794219464468244,0.004516509256660757,2,6,1
2025-01-26 03:00:00,44.20274396857651,38.4135376165578,116.69014904193143,1.2759533597451294,0.0,-5.124152141062639,24.354728967975593,0.16358226773854767,1,8.676322110185037,0.44695130012830653,0.0680471752088464,3,6,1
2025-01-26 04:00:00,25.23271147898304,30.40040866257378,112.13243496016102,1.6058780556800853,0.0,-4.521153078888696,18.02385012165084,0.18601607549354585,1,4.007710942079257,0.11491415876223114,0.041193076310385705,4,6,1
2025-01-26 05:00:00,35.68433671649156,24.065141923887126,146.52696235150367,1.8598551486395776,0.0,-4.695737839900977,19.57267296525928,0.22787070515583996,1,4.32980164793301,0.2978515242304031,0.24384599037254895,5,6,1
2025-01-26 06:00:00,58.848825955366294,45.441312834027535,138.00774831298867,3.257562040897559,0.0,-3.279074169797419,20.895756509530212,1.3063045163617244,1,5.465348624290683,0.7033052730471513,0.1936506924177088,6,6,1
2025-01-26 07:00:00,42.10530890428686,51.79021219620689,162.89997162070335,3.1490368923689664,0.07973149458709589,-4.075329560544232,23.180485897031556,1.3162506374454217,1,11.707493027638083,0.41023937866324045,0.34031593172738495,7,6,1
2025-01-26 08:00:00,35.63462639733686,30.650900031879168,164.6504886033008,3.5190640949583765,0.1542009885602543,-1.172105030686064,21.80641616040948,1.2356885130167012,0,0.0,0.2969814322957912,0.3506299960435578,8,6,1
2025-01-26 09:00:00,53.37445507706143,44.17096527551167,193.97087390592483,3.9758200306041394,0.21717871574405914,-1.6551657785383473,21.90295093579089,0.24865143618467023,0,0.0,0.607486014002277,0.5233860120049166,9,6,1
2025-01-26 10:00:00,58.7365493616786,55.78198194850427,222.38668287886009,4.545644160754954,0.2668081481946291,-1.511675738258207,17.60501776828252,0.24673098252436432,0,0.0,0.7013400682310376,0.690812254798663,10,6,1
2025-01-26 11:00:00,54.39441224313222,39.53948229111954,206.12998058707706,3.1639214334826704,0.2969366400260479,0.3643198221552655,20.863041790111172,0.21580521383755663,0,0.0,0.6253385749783202,0.5950275953676362,11,6,1
2025-01-26 12:00:00,59.484066606299535,64.38217255779932,167.63120589798592,3.745760843191053,0.30527565366808906,-1.282241538913722,24.399882024676366,0.1714818084286152,0,0.0,0.7144240462981252,0.36819241342730336,12,6,1
2025-01-26 13:00:00,54.71553843674915,41.024213625395966,165.89199464060206,3.436890942791274,0.2980184206231716,-2.084005646405868,20.96931726529536,0.2266556337529079,0,0.0,0.6309593256757596,0.3579449625619871,13,6,1
2025-01-26 14:00:00,44.61787777949504,33.226669278440745,188.4554282905293,3.2597130477730376,0.26757427286911456,-2.527291788689206,17.634821268363552,0.20839334295997208,0,0.0,0.4542174892577879,0.49088894892293855,14,6,1
2025-01-26 15:00:00,62.12844968991715,46.18850342155801,210.4345926869891,2.7038052838629563,0.21815447367506743,-0.8368185486508282,19.752426460556777,0.22495661385656587,0,0.0,0.7607093333814693,0.620390414749594,15,6,1
2025-01-26 16:00:00,41.77620077982099,39.521125680662294,165.79999260096483,2.5881835848555044,0.15473744070675804,-3.339981234879611,23.187310277014475,0.23604103604409607,0,0.0,0.4044789182682494,0.3574028855850305,16,6,1
2025-01-26 17:00:00,51.252789816199666,41.20688146312344,190.34410178771353,3.5516684202808078,0.07876235562583242,-1.023696628073209,16.77260005440433,0.18184743672731637,0,0.0,0.5703499854509971,0.5020170328637779,17,6,1
2025-01-26 18:00:00,47.801033965827315,36.977774839775805,238.70257078951522,3.0556367741992245,3.802560993175981e-17,-5.632266442753958,21.32474969682802,0.24136987435918417,1,10.556064043149737,0.5099330543845906,0.7869456365132825,18,6,1
2025-01-26 19:00:00,44.16739224521548,29.394242986318712,151.3322560653077,2.530800112032012,0.0,-2.6257199202881987,25.29047675258459,0.23985583297308694,1,10.854956858536388,0.44633253022511316,0.27215883104475697,19,6,1
2025-01-26 20:00:00,55.50770920724741,38.61608939939915,220.36648587926163,1.8373472560575836,0.0,-4.830076835739468,19.336072747626645,0.20471305011525953,1,9.187539097150427,0.644824885381801,0.678909233010048,20,6,1
2025-01-26 21:00:00,40.40259509837957,21.957071308406828,199.90142902467412,1.7774267406339965,0.0,-5.754495941693966,15.935353255543292,0.2184571553188297,1,13.091592568311706,0.3804363604033533,0.5583289046094922,21,6,1
2025-01-26 22:00:00,32.284174784789094,30.241410386931246,186.54249248108312,1.463006354800122,0.0,-6.674819003781266,22.13095404170476,0.19110358888263818,1,8.40331754738657,0.23833765420389832,0.4796179111852399,22,6,1
2025-01-26 23:00:00,20.1862336569481,17.776483053887276,179.30208674986775,2.1758529559525197,0.0,-6.025819327908875,16.14448194743134,0.21551027404254688,1,6.80652636058768,0.026584417054356654,0.43695736511265426,23,6,1
2025-01-27 00:00:00,28.32320070639912,28.373422641633535,114.83725049345999,1.6526178249793546,0.0,-6.56015996440311,17.76185947575776,0.20489584724202078,1,11.4218407963716,0.16900775133023613,0.057129877638890394,0,0,1
2025-01-27 01:00:00,34.65507698175126,24.8959449518429,116.70701034771234,0.8236332994539765,0.0,-5.312341200616828,16.358360075716515,0.1822819890356096,1,10.063794109654534,0.27983613810843144,0.06814652219834026,1,0,1
2025-01-27 02:00:00,39.77944271384117,22.34945771979329,114.40606985927575,1.6957780454543985,0.0,-5.997047553845921,17.750662761376052,0.18228385619779552,1,8.29451291889496,0.36952917105029925,0.05458935684584694,2,0,1
2025-01-27 03:00:00,48.571265286006266,24.069891556854422,113.8849614195935,1.6897856846092303,0.0,-5.479544008642241,25.143085417449576,0.2151666074046931,1,7.173547803044161,0.5234146024991303,0.05151898048502575,3,0,1
2025-01-27 04:00:00,26.179245043019264,29.684836756644696,132.83712281996569,1.8166343078050626,0.0,-5.3674571245538845,23.949798339400534,0.24566280304339885,1,5.505595776232556,0.1314815683848578,0.16318531309259657,4,0,1
2025-01-27 05:00:00,36.99793964616904,31.69225102686407,176.7652762741535,1.9704134185874933,0.0,-4.33256020997787,19.784225965504117,0.1701548280533528,1,6.40248886727025,0.32084383918292003,0.422010451335426,5,0,1
2025-01-27 06:00:00,52.65753730846009,32.47619073089538,140.15697149049834,3.0800829487150576,0.0,-3.1866612758915656,25.769231581637158,1.419402489671705,1,4.361259504481386,0.5949376260850966,0.206313937792085,6,0,1
2025-01-27 07:00:00,53.981129097552234,46.99526008074315,147.95119532122555,2.3224470540703535,0.07995466821779526,-4.423472953607423,23.25726462041357,1.7292818934756269,1,7.838863141928232,0.6181047784991397,0.2522375858823101,7,0,1
2025-01-27 08:00:00,49.88224536314058,29.276724727858024,195.8299881678552,3.1473518247451944,0.15371824935186348,-3.33323882989764,20.873038762714298,1.217258605414968,0,0.0,0.5463610090189056,0.5343399326233911,8,0,1
2025-01-27 09:00:00,62.66684268154996,35.25692812596052,151.98955179300992,3.345031192818023,0.2207921216643516,-0.6157537442242881,16.74473995682535,0.2494166790477752,0,0.0,0.7701329582472334,0.27603162432677764,9,0,1
2025-01-27 10:00:00,49.545167604808036,46.707439529022146,186.0279992361924,3.2015405071517065,0.2689881187645101,-0.7066743712470515,23.701414540415307,0.21781385752746263,0,0.0,0.540461054163466,0.47658651162111476,10,0,1
2025-01-27 11:00:00,46.74006867991804,37.06069825737604,186.97952994978525,4.551978629975972,0.298985082189806,-0.757092784471782,19.814379788381235,0.24108004659626286,0,0.0,0.49136271820750654,0.48219294050833883,11,0,1
2025-01-27 12:00:00,51.73299630205553,65.19101910389064,251.91352134487275,3.387821949408738,0.30681178994233904,-0.44771696994811333,18.929704544567834,0.23380535433677246,0,0.0,0.5787551576043131,0.8647846949516387,12,0,1
2025-01-27 13:00:00,38.1272632918378,48.443877137181104,220.22229120930652,3.5777879574992277,0.29489198571576647,-0.21604876701756676,18.66115686210988,0.22771349355463757,0,0.0,0.34061066853287897,0.6780596365109843,13,0,1
2025-01-27 14:00:00,47.05766176378974,44.6474168510005,236.1120920534135,2.449878209179642,0.26255111563588596,-1.3983415430811745,15.642483219173434,0.15329010602895587,0,0.0,0.4969216280166618,0.7716825087861889,14,0,1
2025-01-27 15:00:00,43.91537745380227,37.04098536315367,178.08361722226365,2.842155552622215,0.21696814674957327,-2.108885655935924,23.151327221744186,0.19064961155881943,0,0.0,0.4419214533875424,0.4297781299495896,15,0,1
2025-01-27 16:00:00,46.03124705324059,39.49026773897599,260.6727417971785,2.787628626977677,0.15146031112993266,-1.7512922985002897,16.919538401439898,0.17018623946708117,0,0.0,0.4789560390523948,0.9163941131993643,16,0,1
2025-01-27 17:00:00,57.53747537549369,43.276673578539935,189.79405940265727,2.8573304677523024,0.07908105909090898,-3.644282557397413,20.728822549170527,0.23713333276176038,0,0.0,0.6803523815268807,0.4987761773950846,17,0,1
2025-01-27 18:00:00,53.08817087274773,35.88018854018815,220.68388378431615,2.171248606609504,3.771639236137153e-17,-3.0293366053091506,15.539834370543282,0.2180286266798449,1,12.625805303772953,0.602475111207528,0.6807793447765123,18,0,1
2025-01-27 19:00:00,44.3805390520413,24.730952492326857,233.62243627178674,1.9251646259424733,0.0,-5.9118456334022,21.82893016743175,0.16070733118226263,1,10.843583274641977,0.4500632911749732,0.7570134309582618,19,0,1
2025-01-27 20:00:00,42.45499077737588,40.47765117456684,180.7783975454402,1.9688176361558747,0.0,-3.8988578787251513,19.224912695271563,0.18595977500655764,1,10.271261891609432,0.41635994643726554,0.44565580371540403,20,0,1
2025-01-27 21:00:00,29.71671579988116,26.763262573133662,170.28640611254423,1.4744050816883159,0.0,-5.071938091217354,21.99618174637075,0.15693081692342986,1,12.085799048830792,0.19339878852767278,0.38383688078039047,21,0,1
2025-01-27 22:00:00,29.40107984426297,32.145735727820224,129.37995388467615,1.624943516202407,0.0,-5.760456515424548,16.495160075292198,0.2239996628307898,1,8.791359217877195,0.18787413481538703,0.1428156376738857,22,0,1
2025-01-27 23:00:00,30.746336194481998,21.856325792958916,143.39226679292224,1.768254324980255,0.0,-5.328684438387601,18.432215172933255,0.1918317975632316,1,5.766228695256686,0.2114204873678311,0.2253763314522131,23,0,1
2025-01-28 00:00:00,33.81088076679709,25.250729592473892,170.97595652766586,1.6623243978723903,0.0,-4.743304503326279,16.90822132621558,0.1734371269219819,1,7.889901278394381,0.26505996426058953,0.387899719017044,0,1,1
2025-01-28 01:00:00,24.655958359803275,22.965553680672173,115.57175356010168,0.6242802638614149,0.0,-5.28736046768215,22.672604165522227,0.20176905873654163,1,10.495713638656863,0.10481910715536276,0.0614575773670745,1,1,1
2025-01-28 02:00:00,39.499570890946984,20.14371874763759,169.22528913924603,1.6466513089544517,0.0,-7.0,17.090880893701737,0.1542044434794744,1,9.985992047419824,0.36463050574365435,0.37758476850819717,2,1,1
2025-01-28 03:00:00,37.54825689922638,27.573573565674728,153.18864455648895,1.8171266385938025,0.0,-6.795177891315235,22.60382755366247,0.17572946132879835,1,9.70647489348579,0.3304761773272975,0.283096691393553,3,1,1
2025-01-28 04:00:00,39.85423661118437,29.555198600924722,139.61438481909963,1.3075136225021868,0.0,-5.514252584834213,17.51817081411863,0.16753042144618088,1,3.9977031762944897,0.3708383070193118,0.20311701146601158,4,1,1
2025-01-28 05:00:00,31.98209716652899,30.82969084294571,155.2429994787684,2.3685384350060534,0.0,-4.134946630027471,26.24524818770338,0.2430643660352676,1,5.756238511792699,0.23305031540293528,0.29520097201880946,5,1,1
2025-01-28 06:00:00,46.39697587499034,34.136687207359586,132.03972861893607,2.934351896853717,0.0,-2.862061176424146,20.60109228210125,1.4078305545170067,1,5.865806921127279,0.4853574805130558,0.15848705814475864,6,1,1
2025-01-28 07:00:00,48.957991021033244,44.18807156982429,145.683148664207,2.612421390031131,0.078731162073499,-3.3241396433725483,17.471987177210874,1.5633547248009958,1,7.581412264679499,0.5301835580937764,0.2388742313275548,7,1,1
2025-01-28 08:00:00,55.67007410062751,46.89522613101714,160.77675843600056,2.495765848572247,0.14934019002656315,-1.683212088857868,16.522821483633216,1.502206463124608,0,0.0,0.6476667980187831,0.32780593750186376,8,1,1
2025-01-28 09:00:00,65.39286541797325,42.582018579168725,179.3928320851192,3.720676738816486,0.20945750797476842,-1.999160451619233,19.532336088820674,0.2159204873977402,0,0.0,0.8178472042400887,0.43749203757426464,9,1,1
2025-01-28 10:00:00,55.27068600595639,38.86832360654638,241.5521994992985,3.7612266188365058,0.256709623351111,-1.3736515881482543,25.408480758005805,0.17791160308658902,0,0.0,0.6406762100309668,0.803735678587771,10,1,1
2025-01-28 11:00:00,47.9185037435173,56.704911969211246,194.49262668460037,3.5877740036516177,0.28695337917731545,-1.8641988748828109,17.366421868012058,0.16207795793434882,0,0.0,0.5119891567767445,0.5264601848178055,11,1,1
2025-01-28 12:00:00,57.76564572267629,51.88288466450047,217.19902625973296,4.027015307581823,0.2994251320804654,-1.2736468926310551,24.053736709147774,0.15814516060605333,0,0.0,0.6843461031962862,0.6602465279009415,12,1,1
2025-01-28 13:00:00,62.427542368501534,38.79915793204418,181.69023439323735,4.047922389070948,0.2892864550239332,-1.7994122946355446,20.008341113266155,0.16933969642513058,0,0.0,0.7659444260496111,0.4510283559314248,13,1,1
2025-01-28 14:00:00,53.60520293212065,36.70893475067868,245.95705211572775,2.9594062469682445,0.26054945471422475,-1.7183868651498284,23.892876451414374,0.19828295529686166,0,0.0,0.6115248504255802,0.8296891161383745,14,1,1
2025-01-28 15:00:00,62.93428197197871,56.65163886434629,225.22684604644905,2.9726962527144747,0.21225061790003172,-0.16070547579959316,24.510339784591636,0.17360273861048628,0,0.0,0.7748140138823068,0.707546525799834,15,1,1
2025-01-28 16:00:00,49.27546564952059,50.76021725315324,208.19185401059335,3.6188134759673423,0.1504359651558895,-2.780137436574358,25.686290990150468,0.19340020787080867,0,0.0,0.5357403945492238,0.6071761750805843,16,1,1
2025-01-28 17:00:00,54.93657314632775,43.99961662684756,254.8552247927202,2.9652855796159527,0.07834026452590771,0.08303657875718473,16.087382893802495,0.15293025530353446,0,0.0,0.6348281505262928,0.8821172423429731,17,1,1
2025-01-28 18:00:00,42.767001049334816,27.7243940149695,239.06508441418367,2.638265229771691,3.762805180364971e-17,-2.8275419385615193,23.537087922438147,0.21275510976945486,1,9.044642476306196,0.4218211389172957,0.7890815705701869,18,1,1
2025-01-28 19:00:00,41.7877387581139,28.846821943205143,205.53446741893143,2.1805044391930313,0.0,-3.9075312160618836,16.102682521343283,0.23781615988681537,1,13.188740396367786,0.4046808703382642,0.5915188255708028,19,1,1
2025-01-28 20:00:00,56.95963318609637,32.74936374243145,217.96311655408743,1.7996286794421599,0.0,-5.669311499135647,18.66240932592859,0.15475899399809112,1,8.507008048159767,0.6702382676563087,0.6647485558833502,20,1,1
2025-01-28 21:00:00,36.50502864915861,22.711845178927824,175.1422644937836,1.3199223577300407,0.0,-4.72700084965885,22.15603482841785,0.17180397663988228,1,13.099991168105495,0.3122162968481862,0.41244764900042524,21,1,1
2025-01-28 22:00:00,34.39879278258038,24.866163717069945,186.15497213722136,1.911314196626227,0.0,-6.474734244254924,20.20311751324799,0.18177704090463426,1,10.914254996353396,0.27535033277748777,0.47733463727807396,22,1,1
2025-01-28 23:00:00,22.89857226382545,14.346118933985343,144.8475701666483,2.102988625648375,0.0,-6.071810849200122,21.551565237234502,0.1787240574229829,1,7.60688637356059,0.07405914636430619,0.23395099410637468,23,1,1
2025-01-29 00:00:00,27.66763720515736,30.04287301091623,115.3237616410209,1.4488022041639992,0.0,-3.730974784743273,25.89501726972871,0.15403851544856054,1,10.015307204981662,0.15753326223509834,0.05999640639374576,0,2,1
2025-01-29 01:00:00,35.74556363865981,16.573835967694393,176.29012231304748,0.8379083431164299,0.0,-6.2799060019210176,24.495924093288668,0.1606578474755676,1,9.935639886801745,0.2989231940982614,0.4192108392415975,1,2,1
2025-01-29 02:00:00,30.645941443911077,23.385479064857513,116.59420645786007,1.2122340217767256,0.0,-4.729873973564756,19.801489045045976,0.2412461789021413,1,7.526451012360805,0.20966325337226385,0.06748188050299124,2,2,1
2025-01-29 03:00:00,45.582183000998214,26.60363084476986,123.7993278948123,1.6507654224192745,0.0,-6.100563489772425,22.420639938227545,0.2211361801818612,1,7.859873149659758,0.4710959605692071,0.10993453114582744,3,2,1
2025-01-29 04:00:00,36.79982876517035,26.9464482106077,120.87350936099726,1.5510896818685838,0.0,-4.806044014170034,16.594328204291738,0.2458438072242095,1,6.07449949458285,0.3173762557385373,0.09269557783362271,4,2,1
2025-01-29 05:00:00,41.613733816338815,22.133058889206755,139.38727206900387,2.5061587355485964,0.0,-2.2716939985058477,20.977020200822842,0.1940462106935388,1,4.657029910497158,0.40163521907318256,0.2017788607740744,5,2,1
2025-01-29 06:00:00,59.71760665185828,41.35782690128671,143.14241069810708,3.287209166186204,0.0,-3.8879797069382414,22.665262755478352,1.7842748517156748,1,5.816740294606717,0.7185117551180424,0.22390417673601754,6,2,1
2025-01-29 07:00:00,51.849713265623514,48.51872839237288,178.22309681678573,2.387769296719403,0.07964076456420514,-0.6670752839037857,23.789342976358185,1.7374044056806934,1,9.15643846059103,0.5807980833058531,0.43059994517503214,7,2,1
2025-01-29 08:00:00,55.79420619927204,47.189887705025285,224.6814012977356,3.000705738096142,0.15311720295602302,-1.0431905501403986,25.735875277119323,1.7812057916323194,0,0.0,0.6498395126521563,0.7043327596524175,8,2,1
2025-01-29 09:00:00,46.03911955696644,50.73661798656175,147.76219321877699,3.3602754631426532,0.2172817555792815,-1.6870436092398355,19.037314594080875,0.153915416096945,0,0.0,0.47909383342011447,0.25112398352373494,9,2,1
2025-01-29 10:00:00,56.66573900166803,36.87792848191306,227.8443113293322,3.10512851298532,0.26743016823870897,-0.010361103323143994,25.523060855644143,0.21525156567896153,0,0.0,0.6650941655091336,0.7229686585419846,10,2,1
2025-01-29 11:00:00,63.23939842634205,36.88615297497448,169.54255578587907,4.241109528696128,0.2952072603928999,0.6345458098186078,22.835804958260283,0.20666289424426038,0,0.0,0.7801545421785093,0.37945410689867326,11,2,1
2025-01-29 12:00:00,53.76815564599385,59.03420644342638,163.10946703475634,3.653751566730281,0.31062311842887047,0.3910895878793914,16.565280083944593,0.20452157580791216,0,0.0,0.6143770518291352,0.3415502808916413,12,2,1
2025-01-29 13:00:00,56.504639085874494,34.71305997710692,233.78604545147056,4.085045743483462,0.2978027188857366,-1.8980950643488275,19.62182879090684,0.20043839663749738,0,0.0,0.6622743940857716,0.7579774179511051,13,2,1
2025-01-29 14:00:00,57.94656247517394,40.44037518514479,261.0646751756304,2.5828926199221693,0.2692087746300036,-1.3496294327197804,20.507174356911943,0.2295976544159194,0,0.0,0.6875127335833194,0.9187033887523551,14,2,1
2025-01-29 15:00:00,64.31624415220722,58.66595874042518,183.25046600118523,2.90536855732402,0.22038458899390478,-1.3416806037108095,19.123639713562476,0.24680569265103341,0,0.0,0.7990028375994419,0.4602212568358321,15,2,1
2025-01-29 16:00:00,45.81376846236283,50.20384180242844,197.6429270469659,4.176241299034997,0.1564250000596321,-1.7848227854543777,16.61750533494824,0.23289188325553814,0,0.0,0.47514945782155155,0.5450217874047669,16,2,1
2025-01-29 17:00:00,58.981083121249775,54.25629479311907,173.78721009032844,3.5219561554294567,0.08032915457415281,-1.8081603719161774,21.04621828076778,0.23703953735205574,0,0.0,0.705620202729492,0.4044636543245142,17,2,1
2025-01-29 18:00:00,40.002248667048015,42.76123556288777,240.65075693029172,2.7067790412086468,3.7347628407131765e-17,-3.022482058669728,16.72547265330914,0.19839027052391411,1,12.192380060046528,0.37342899841341676,0.7984243695707762,18,2,1
2025-01-29 19:00:00,42.47289615195706,31.40888300230488,168.49649884974593,2.2636830960524446,0.0,-5.3068712174847175,24.774601379968775,0.21906092702738086,1,10.980523610598587,0.41667334860957517,0.3732907285225052,19,2,1
2025-01-29 20:00:00,47.54907003333607,43.72017598254637,175.0241602265492,1.6006548027673124,0.0,-4.309751747991273,24.323064829223934,0.19155643325777266,1,7.096963991171947,0.5055228677432317,0.4117517774262674,20,2,1
2025-01-29 21:00:00,38.14501749991763,25.70131907170194,203.13062185757352,1.7856029375815743,0.0,-4.695557287103383,20.39059231962628,0.18602861443805907,1,12.996708101555457,0.3409214248007598,0.5773553424555443,21,2,1
2025-01-29 22:00:00,33.26955684919219,32.817591543216345,164.22953630101375,1.2596433881689366,0.0,-5.217974759018034,16.26539220328212,0.23952813986031868,1,8.285725310283619,0.25558503867713483,0.34814974068871557,22,2,1
2025-01-29 23:00:00,20.679952188939218,15.965880507174312,184.55079023454564,2.2463022648710274,0.0,-4.9915452752554055,21.415369340509795,0.24052112575710685,1,6.023294195953388,0.035226093872343954,0.4678827807788087,23,2,1
2025-01-30 00:00:00,27.683026508023712,25.550654681772144,176.35318331608107,1.1405548436177446,0.0,-5.335479115964419,21.96848546505622,0.21822201922917261,1,8.37469462870588,0.15780262498575065,0.41958239532908304,0,3,1
2025-01-30 01:00:00,23.118229952652047,19.085525128231602,138.64887007062845,0.6783691361896971,0.0,-5.602844643594075,25.232981721993422,0.2337842189602793,1,9.142878728934933,0.07790386888215493,0.1974281884994564,1,3,1
2025-01-30 02:00:00,35.742005512783884,19.827314616102136,145.76678289133594,1.4087130714872054,0.0,-5.82732836773233,16.65487361844701,0.18603637349322744,1,7.904000711254772,0.2988609153464927,0.23936700506595132,2,3,1
2025-01-30 03:00:00,46.532126081933875,33.08185503684551,122.30117974264557,1.5454510002127704,0.0,-6.93620015313909,23.404613151998063,0.19337606298928234,1,6.278942436274912,0.4877230478041599,0.10110742661030035,3,3,1
2025-01-30 04:00:00,25.263100655753753,22.81656873960798,181.01087792976702,1.943318079327594,0.0,-4.219126320910527,22.10606172055031,0.23210162920323663,1,4.000867362092922,0.11544606799269512,0.4470255805642052,4,3,1
2025-01-30 05:00:00,28.45020428697521,29.204256626187654,134.89930404357764,2.931752550103614,0.0,-3.7123328876658537,17.98955959741811,0.18980502802706278,1,4.998833835698969,0.17123072621764734,0.1753357063669182,5,3,1
2025-01-30 06:00:00,47.97142669400257,41.597731194490414,182.6645590384761,2.6109982358973967,0.0,-2.8667967399682697,17.43363456253565,1.1549757144068815,1,5.656565673375996,0.5129154801871776,0.45676908690160584,6,3,1
2025-01-30 07:00:00,54.64197808148697,43.59141013191298,153.78259699497454,2.3490130584860753,0.08014028177519368,-3.633472396151609,23.566282162809355,1.3899737618620898,1,10.486501141185855,0.6296717806969873,0.28659626535495386,7,3,1
2025-01-30 08:00:00,38.57064113209308,31.265929331593714,163.17380358808066,3.014400078631803,0.15512251632023144,-2.709036118027819,19.71645212700136,1.4236727281100858,0,0.0,0.3483712198500255,0.3419293525347415,8,3,1
2025-01-30 09:00:00,48.908915181050695,44.77460843844565,152.6498688263666,3.598905490335769,0.22371987319140754,0.051701751111070005,26.691297886387883,0.16546362003395415,0,0.0,0.5293245716040652,0.279922219173221,9,3,1
2025-01-30 10:00:00,46.14888370937982,53.30563006660311,205.98958107965797,3.452029287430495,0.271270015012624,-0.5590355053074184,25.436283569857693,0.18441242849404804,0,0.0,0.4810150623590634,0.5942003600058113,10,3,1
2025-01-30 11:00:00,52.85224026830606,42.14843847014624,181.71056599801955,3.3263588858386965,0.29924968011263625,0.4669432448695906,21.82369522568446,0.24344220150001342,0,0.0,0.5983455598479004,0.45114814995882324,11,3,1
2025-01-30 12:00:00,52.35258752208739,51.42169327931755,176.90656291184956,3.2113194283435735,0.3066997720901743,-0.0787881780357522,22.488181650301797,0.23585331039016136,0,0.0,0.5896000150197,0.42284291367809385,12,3,1
2025-01-30 13:00:00,46.71660922399554,40.34909876619178,188.75664157904382,3.88411867078436,0.29957947521527367,-0.17433781551888178,17.31097104867998,0.19459239610045048,0,0.0,0.49095210158432556,0.49266370075997284,13,3,1
2025-01-30 14:00:00,56.67662768027338,49.06933642889806,192.6202472770433,3.198001264208248,0.26647098623309023,0.43973044411900064,24.837798769121147,0.2209889569889718,0,0.0,0.6652847527271236,0.515428105822967,14,3,1
2025-01-30 15:00:00,58.24162992981305,51.06163678137163,219.08343041684304,3.3535444395030933,0.21572158106266845,-1.4861053595061802,20.22251079168486,0.16518499619018856,0,0.0,0.6926773717673752,0.6713494568455426,15,3,1
2025-01-30 16:00:00,39.958395572282,34.62911310320305,202.3982184747887,2.8725725326528186,0.15291696648924774,-1.490004864555425,20.786581017646785,0.22525508593137175,0,0.0,0.3726614269169446,0.5730400140865408,16,3,1
2025-01-30 17:00:00,57.79527592241215,54.68583376099302,164.07492252005898,3.767616507985671,0.0793896924354034,-2.7666817292552475,24.34478873593674,0.19757847699644102,0,0.0,0.684864727865158,0.34723875467898946,17,3,1
2025-01-30 18:00:00,43.83394137501155,42.241313872252036,203.60285828958612,2.0519700766035474,3.793330409443623e-17,-3.51009100807211,15.439065877215379,0.2222568212030899,1,13.003161239580924,0.4404960576840523,0.5801377644375297,18,3,1
2025-01-30 19:00:00,46.18186050015469,33.39607867468152,217.73952286010743,2.2786811577739368,0.0,-4.155948517329203,20.459041585090645,0.2144023254943191,1,13.211033293855394,0.4815922632334595,0.6634311395067445,19,3,1
2025-01-30 20:00:00,43.34228104818498,38.306120175249816,186.68116448045959,2.100085650583979,0.0,-4.342903240677641,21.870591368404167,0.17327646079495232,1,8.580051840560222,0.43189040613695245,0.4804349680516628,20,3,1
2025-01-30 21:00:00,40.48408132309167,31.212003309510713,209.89945979954828,1.6306016157305485,0.0,-5.6598170098556295,17.12942770869649,0.2334691571722094,1,9.277735189400115,0.3818626338232308,0.6172374061963298,21,3,1
2025-01-30 22:00:00,38.740057465288245,25.991173270223648,127.9320166515577,1.3857355592849216,0.0,-4.39677244401714,16.27111668659197,0.20721766235167924,1,10.977279111074832,0.35133655557128507,0.13428437639699958,22,3,1
2025-01-30 23:00:00,21.420529217021684,20.06586830480495,176.07765915845664,2.2061230731810877,0.0,-6.841534736936958,21.235138507840666,0.2284197412513752,1,7.236333874486735,0.04818859562350228,0.417959004119144,23,3,1
2025-01-31 00:00:00,39.64680128747516,29.097204552321596,145.77272420445343,1.547681361937473,0.0,-6.230712484360524,21.499055104058126,0.1593986345520031,1,12.733314673678304,0.36720751556228415,0.23940201134479666,0,4,1
2025-01-31 01:00:00,29.179474122166038,25.60222356393062,142.8893461332231,0.6973562768617046,0.0,-6.376033551156748,19.33605623481715,0.21153503393155138,1,9.275479038415188,0.18399531539239475,0.22241311768071798,1,4,1
2025-01-31 02:00:00,36.768172337364994,24.039910845643483,141.33699542546842,1.733865460961677,0.0,-4.18430080703327,25.311207318473308,0.1791884019521015,1,7.94853180579676,0.3168221655017325,0.21326665112243243,2,4,1
2025-01-31 03:00:00,32.608322526518464,37.75003288386737,129.0162425699339,1.686726270669675,0.0,-4.952638808040352,19.22977793920265,0.2360895367570206,1,7.970192150092716,0.24401129180062525,0.14067264681457672,3,4,1
2025-01-31 04:00:00,29.199435811395663,19.715535981057663,132.607731422936,1.911316157028773,0.0,-3.490692760164226,21.609615096700974,0.24495059661274535,1,5.854173569712994,0.18434470974542383,0.1618337365891626,4,4,1
2025-01-31 05:00:00,37.89342153016331,22.45560324175966,161.7171714561791,2.8663458839523033,0.0,-5.279212167045084,18.117818313784124,0.15558276356096182,1,6.583800088357521,0.3365176787016281,0.3333468608235533,5,4,1
2025-01-31 06:00:00,44.578699718713075,41.38735544968641,123.58120683064932,3.106688386027306,0.0,-2.7447950550747557,16.244973283924445,1.668212172344942,1,4.1092846046990585,0.45353174603022905,0.10864935956117316,6,4,1
2025-01-31 07:00:00,48.829675151228166,45.93053359291106,177.17839188379264,2.861170743999454,0.07919101407896036,-1.3404013581841137,20.688392475327223,1.202233362210785,1,9.992569895434006,0.5279376138854388,0.4244445328154643,7,4,1
2025-01-31 08:00:00,43.60333515700446,31.837830876472218,200.21316463898242,3.261965729821479,0.15195446332617427,-1.4188425766939647,21.721805115136387,1.7681305247910948,0,0.0,0.4364597003688859,0.5601656540998323,8,4,1
2025-01-31 09:00:00,59.09298456491951,45.5130730309766,176.67841838630778,3.574604296271364,0.21428532061509642,0.1910435643592403,24.17948111231929,0.1624524332186727,0,0.0,0.7075788412026321,0.42149868375446914,9,4,1
2025-01-31 10:00:00,52.94700457350388,36.75967203788512,171.73569394596333,3.773709604044457,0.2600908201788029,-0.9095932955136171,20.70570275816513,0.16950068725492307,0,0.0,0.6000042427741782,0.3923760998083324,10,4,1
2025-01-31 11:00:00,41.87459772769024,48.811684058281664,178.43577224071439,3.662964805076011,0.2928329869601167,1.3221266428151641,18.791780328498962,0.17516201622040495,0,0.0,0.40620118423208335,0.4318530309906377,11,4,1
2025-01-31 12:00:00,65.24141479787554,62.30114229147591,169.7638352912102,4.304925317271607,0.30960303610694295,2.3192893081711565,22.09448505398077,0.2227832686559415,0,0.0,0.8151963268110198,0.3807578880516271,12,4,1
2025-01-31 13:00:00,48.46975370416795,45.28302013310427,173.78575766801964,3.626393603374594,0.296779002398763,-0.43927375874313496,19.630618306708957,0.17925344560583298,0,0.0,0.5216378203313806,0.4044550966371246,13,4,1
2025-01-31 14:00:00,46.83834682182608,39.00846431692191,183.3356655014052,3.412764893985269,0.2630035399528365,-0.8162361742288948,17.984281509148627,0.20960848594197046,0,0.0,0.4930829046813998,0.460723253179604,14,4,1
2025-01-31 15:00:00,43.98166671618337,59.07274386898067,166.07372832656517,2.8631480948085133,0.21695448015417754,0.6113044414173803,24.88256050555507,0.20719426671847702,0,0.0,0.44308173064043377,0.3590157393348336,15,4,1
2025-01-31 16:00:00,43.4758461926367,46.80689994190924,189.55328131676666,3.8132469288415196,0.15382697994261674,0.12158792054152134,20.944296836397193,0.19022616196442158,0,0.0,0.4342282296896652,0.49735751040213955,16,4,1
2025-01-31 17:00:00,46.603249765574716,53.531559350761576,188.12254429249674,2.961730756118728,0.07983355219839108,-2.6989642966011353,17.44437761724632,0.20394895646246136,0,0.0,0.48896794312062736,0.4889275929351559,17,4,1
2025-01-31 18:00:00,53.99477845329058,39.30028966073697,249.52212533561305,2.8633346298671496,3.830472111647714e-17,-3.367318737844515,22.2518411763086,0.16181918137617304,1,9.814831225734007,0.6183436865275439,0.850694564727169,18,4,1
2025-01-31 19:00:00,36.65830386401475,36.88988555739178,237.14982120812766,2.002270584983054,0.0,-3.99993752013012,23.626164409483867,0.23761742517288795,1,8.35189351742429,0.3148991106077842,0.7777968197873927,19,4,1
2025-01-31 20:00:00,37.35342876329775,45.2287192872725,151.83439621533762,2.2183398292492953,0.0,-5.780703484226485,23.225617530625986,0.1707076639717725,1,10.806247648908458,0.3270660525767516,0.27511744604514193,20,4,1
2025-01-31 21:00:00,29.80279787283098,27.91981265197521,145.3055872809521,1.4410837634928049,0.0,-5.970775805283227,21.6739935307478,0.23802266228135915,1,11.879717137396641,0.19490550420888225,0.23664963572013822,21,4,1
2025-01-31 22:00:00,27.420722962885943,24.521836932877402,159.3525096448346,1.7251290696466262,0.0,-6.527564383012412,20.953574456181254,0.20187374394549915,1,12.238176590974058,0.15321146156283558,0.31941424877198915,22,4,1
2025-01-31 23:00:00,25.991674414022263,19.57720230980539,125.07325837439234,1.8305921617852297,0.0,-6.585459688973394,23.76454498690738,0.21139359178010395,1,6.515969677688084,0.1281984735619804,0.11744054281629124,23,4,1
2025-02-01 00:00:00,27.824771040249587,25.5532758212824,145.65256598123474,1.146535744750805,0.0,-5.9491001257216976,23.18528314317461,0.17572970282089934,1,10.025282706909074,0.1602836143731104,0.23869403784056042,0,5,2
2025-02-01 01:00:00,29.28754166551691,22.804920113739318,134.25168203128086,0.8026357931559831,0.0,-5.572501934050024,21.884544173933964,0.1722329463059279,1,10.41459353073915,0.185886848165908,0.17151991071694572,1,5,2
2025-02-01 02:00:00,31.55688149904759,22.66771934065224,127.72360237349106,1.9198849148016766,0.0,-3.951032214511825,22.925781000544124,0.1990702967930268,1,9.871233736520134,0.22560766105998442,0.13305639729724902,2,5,2
2025-02-01 03:00:00,45.6452837320109,30.860104357788522,164.1651789977259,1.7316580296634807,0.0,-6.017641550213645,17.815545529392676,0.17673593931148668,1,7.640769781904056,0.4722004281738386,0.34777054678661384,3,5,2
2025-02-01 04:00:00,30.240728101007967,25.337219440634815,169.20641157549147,1.5273916584630791,0.0,-3.408148801894699,16.288377415221614,0.19231390319178965,1,6.232984741748655,0.20257070463283766,0.3774735417056967,4,5,2
2025-02-01 05:00:00,35.57122199257264,32.79397126176004,188.7259817695998,2.899843711678138,0.0,-3.877414581701409,26.114003366190268,0.19402199453252603,1,7.175343286985474,0.2958716494148458,0.49248305284300264,5,5,2
2025-02-01 06:00:00,54.436798822157826,45.72441881804085,137.84704912652657,3.201121725022769,0.0,-2.9309230837895197,26.179310473321202,1.328187993473461,1,4.719501189688507,0.6260804776893287,0.19270385113527386,6,5,2
2025-02-01 07:00:00,47.209704305560045,34.54976590680913,202.58234071792552,2.880539936011182,0.08020199142356177,-1.4246668916377232,24.576195717082836,1.3437974878552044,1,11.310281952311668,0.4995828659962561,0.5741248642631631,7,5,2
2025-02-01 08:00:00,53.357293585670035,33.620611163481364,183.4061336706538,2.9957362269319394,0.15626343596815506,-2.4931430614928005,20.06455987705347,1.8546820578719139,0,0.0,0.6071856322002794,0.4611384523676715,8,5,2
2025-02-01 09:00:00,59.67632324755961,35.23151180399284,199.05753947767369,3.1364172235713017,0.22097154346805048,-0.36116184969018134,17.624696563997148,0.20874552495434165,0,0.0,0.717789161545432,0.5533566985983324,9,5,2
2025-02-01 10:00:00,50.90558326965592,34.76758271091055,239.62932143325264,2.9048664290338313,0.27610260359430977,-0.09482780090020723,19.734153786234245,0.2331874620018126,0,0.0,0.564272743925912,0.7924060609705073,10,5,2
2025-02-01 11:00:00,55.772552729689636,40.04076457028549,254.38078767513295,4.556454136381012,0.3122244321345072,0.5364148569987963,23.519499305956547,0.15457422847997151,0,0.0,0.6494605066517848,0.8793218538986328,11,5,2
2025-02-01 12:00:00,74.87801966323433,60.82573320647991,238.9825155650959,3.0069463707241924,0.31746505117637575,0.44090370539276363,19.26959963428974,0.15019246180368853,0,0.0,0.9838681903791732,0.7885950740503189,12,5,2
2025-02-01 13:00:00,54.50892346301505,48.66479257250656,202.00339343253987,3.5278106177226274,0.30083344293951714,2.5103682375412784,23.958529403379945,0.20191023853027615,0,0.0,0.6273428930059828,0.5707137008203035,13,5,2
2025-02-01 14:00:00,61.164197209920744,39.28835153498671,218.86347886353556,3.532293653698147,0.2712329085954067,-0.8768109897979689,22.54501303429458,0.23268053042371656,0,0.0,0.7438317852176066,0.6700534999997602,14,5,2
2025-02-01 15:00:00,46.31606023151457,48.87284682981413,231.2145507905169,3.635753467768961,0.2237326585588569,-1.241255059808184,21.98825516514561,0.21109188370798704,0,0.0,0.48394119411680264,0.7428261445927533,15,5,2
2025-02-01 16:00:00,50.11880328128681,47.73998503414126,249.91083210937967,2.6126887354655524,0.15735893909767984,-1.9491436049245352,24.991325178307743,0.2118829686327418,0,0.0,0.5505015404044934,0.8529848290917066,16,5,2
2025-02-01 17:00:00,65.11965759561579,56.715091368272475,224.7332826023484,3.0456967567453868,0.08085500925465705,-2.5994410940223855,24.552905395027224,0.16393584170983078,0,0.0,0.8130651805728026,0.7046384448402238,17,5,2
2025-02-01 18:00:00,40.40928265213105,43.7060653771109,186.5447616687623,2.6204682501426477,3.7890247793730136e-17,-3.4522196735539303,22.66957103534152,0.2478567478660034,1,11.26894460496867,0.38055341430041917,0.47963128126270915,18,5,2
2025-02-01 19:00:00,46.80971625655753,23.075548299518985,182.53692036326376,2.8382837179305818,0.0,-2.3966779938080234,17.43176233075592,0.20297006254229533,1,11.693660985105463,0.49258177686031257,0.4560170384962154,19,5,2
2025-02-01 20:00:00,38.68597464732648,34.060770461648595,139.53939318353474,2.431209006411308,0.0,-2.883131395140043,25.08066177544334,0.16026018231733732,1,9.496849500074802,0.3503899307153236,0.2026751599672369,20,5,2
2025-02-01 21:00:00,43.693918922381066,21.41791034923991,205.63517358512084,1.0938144788897337,0.0,-5.490093947004218,17.829470742092166,0.19141972947582517,1,11.378792014720588,0.4380452102791258,0.592112187352173,21,5,2
2025-02-01 22:00:00,33.77961933463973,27.80120857401355,127.04952106635946,1.6694305931881592,0.0,-6.22284417664634,19.428050236387705,0.15719711807096043,1,12.768542548221504,0.2645127877296989,0.12908470320618745,22,5,2
2025-02-01 23:00:00,19.582002658030586,19.831441052208564,157.7791078318501,1.357976193858909,0.0,-5.2131528159804095,24.280648520879115,0.19181402660695313,1,7.441926965265428,0.016008413364568593,0.31014374888216484,23,5,2
2025-02-02 00:00:00,39.25578076058484,22.106536542822017,172.37045374977447,1.604607349358196,0.0,-6.333385860800611,17.94089963160467,0.2211561795739014,1,10.798782179820057,0.36036338717002436,0.396116111191778,0,6,2
2025-02-02 01:00:00,25.673526213230595,25.209284441340934,135.76960538979583,0.6697456357498754,0.0,-5.040373825255979,22.593711833377526,0.1823526168466917,1,7.002925764196344,0.12262984740493106,0.18046353097449608,1,6,2
2025-02-02 02:00:00,25.687632392499463,24.01819248307483,161.00878412579598,1.8654031398203428,0.0,-5.165040129774302,20.80201154102105,0.18131022622796575,1,10.645107673085736,0.12287675132787383,0.3291730352857444,2,6,2
2025-02-02 03:00:00,32.409238709717414,39.974686668772094,162.83713816045196,1.2710916999402033,0.0,-6.401303603362823,22.677829332848674,0.201433923487531,1,8.483144346919426,0.24052667882175288,0.339945716324345,3,6,2
2025-02-02 04:00:00,35.86573661948908,18.47141515301176,113.368817564598,1.9211964172488984,0.0,-2.7110795823207288,26.341716698238326,0.19984859470811722,1,5.973975526571666,0.3010266113193905,0.04847785550895055,4,6,2
2025-02-02 05:00:00,45.00859731643982,22.563131598597202,145.05113941441488,2.1229375672964856,0.0,-1.7335033209276192,24.795252096840954,0.19671426852137025,1,4.474761752552258,0.4610563493490497,0.2351504262370724,5,6,2
2025-02-02 06:00:00,39.49192410557322,36.407098941011604,175.28203893496345,2.8897215177608078,0.0,-3.360045063397326,19.305093337743607,1.5126332603108614,1,6.2557193899705705,0.3644966621797312,0.41327120146545004,6,6,2
2025-02-02 07:00:00,47.9079987551189,32.56154155978062,163.0609818248657,3.2574959879580736,0.07626036429636819,-2.3528267537868373,16.727432659534383,1.160969362841093,1,10.369610709627954,0.5118052853827549,0.34126460552935317,7,6,2
2025-02-02 08:00:00,39.10413846908442,43.95947444820817,184.06505233614206,2.4306274887593347,0.14832684056285228,-0.9500363396460005,26.438096261384814,1.4807000397253318,0,0.0,0.3577091548692825,0.46502080801605183,8,6,2
2025-02-02 09:00:00,61.9773768196524,35.83416025729947,199.34292331215192,2.928066662073108,0.20930957942364664,-0.27443744592650116,22.262920368563858,0.249201075095965,0,0.0,0.7580650678005751,0.5550381831271126,9,6,2
2025-02-02 10:00:00,43.112785592091264,51.85253983211622,165.12293767312426,2.9245465554722783,0.25666318651769,0.5320996046353098,17.776742106238693,0.22643355666516074,0,0.0,0.4278734907605733,0.35341367088974224,10,6,2
2025-02-02 11:00:00,48.42130281451079,36.051329449491405,199.11780608074486,2.974281375630949,0.29136463577561367,2.1891613845805087,22.472275146276957,0.17875691858378723,0,0.0,0.5207897725008229,0.5537117900520988,11,6,2
2025-02-02 12:00:00,51.48481739585399,46.36626351610871,164.0354495260844,3.092989630512891,0.30185535743701586,0.10993892911348374,16.1932727796682,0.21777139544463164,0,0.0,0.5744112212084357,0.3470061793868596,12,6,2
2025-02-02 13:00:00,51.757979542145584,47.38033539674562,180.33467623715023,3.632244849466977,0.2861372113006499,-0.6079202790161786,17.60979027237284,0.1829902557648727,0,0.0,0.5791924453963141,0.44304139313975316,13,6,2
2025-02-02 14:00:00,60.35517170720725,50.904484556184414,221.34794697141487,3.549868440557152,0.25692857703818156,-1.4829236625110134,22.12604061157078,0.1691514122516131,0,0.0,0.7296712129908272,0.6846920119998693,14,6,2
2025-02-02 15:00:00,55.484916201572595,45.35111300016507,226.68134518330268,3.4284887873009806,0.21064305456522692,-1.3055639402318766,19.63969813515275,0.2273551728423382,0,0.0,0.6444259338011141,0.7161164498819566,15,6,2
2025-02-02 16:00:00,39.378717873754184,53.450606339580155,176.67471292709723,2.6244585458738885,0.14816390835760276,-1.2233482831641707,18.768319185269725,0.17095863391415156,0,0.0,0.36251518567890617,0.42147685115015937,16,6,2
2025-02-02 17:00:00,55.78499559703349,49.17625716032492,234.90500795396295,2.8513292302643607,0.07749329784195458,-0.1134668492963189,22.112181836383243,0.23586259674204985,0,0.0,0.6496782972172735,0.7645703566845344,17,6,2
2025-02-02 18:00:00,50.93852796476302,34.70201683185415,187.29878878709926,2.813258107718514,3.6232250848828423e-17,-3.1963471593320616,24.25563604713092,0.18804096157219627,1,9.663868481470812,0.564849383021946,0.48407401690708207,18,6,2
2025-02-02 19:00:00,30.96076384282169,34.12449671215367,230.38869965662374,2.466654201598224,0.0,-3.225652533438031,22.349117190469226,0.22568434191835385,1,12.379508172543588,0.21517366720153036,0.7379602210997294,19,6,2
2025-02-02 20:00:00,38.095750850296305,34.97967476328622,169.88964509748658,1.6893285502827686,0.0,-4.183647215574194,20.191027301275355,0.17595965127577862,1,9.341988447658395,0.34005909852304145,0.381499160742175,20,6,2
2025-02-02 21:00:00,30.69372833933105,24.413258380833465,139.94293784853554,1.379363400541559,0.0,-3.5943858425664024,22.28643341267189,0.21527352109525874,1,13.64159072883936,0.2104996791484828,0.20505284934165854,21,6,2
2025-02-02 22:00:00,39.00445618089075,28.326685622295546,180.6376366944606,1.38875838042174,0.0,-2.7268304970755373,22.77989173831708,0.17125317703607157,1,8.70940629525269,0.35596439127782253,0.44482643931355254,22,6,2
2025-02-02 23:00:00,26.02665188045494,16.96050759322873,156.8589526768672,1.3973713895072852,0.0,-6.078554391681389,23.7408249051659,0.15218344763288255,1,4.898382310924607,0.12881069275416704,0.3047221851134607,23,6,2
2025-02-03 00:00:00,33.66438724772606,19.999343795667407,137.12353748759466,1.5880311978374164,0.0,-6.133562502839963,18.974008028740148,0.23146041657133784,1,12.19062851044166,0.2624958521892114,0.18844091301377638,0,0,2
2025-02-03 01:00:00,25.637471881865775,16.781874416288048,131.1818055759951,0.7274069876748189,0.0,-4.491948077653826,17.05601538942503,0.2356162716619367,1,7.873004783086263,0.12199877958115125,0.1534321666291733,1,0,2
2025-02-03 02:00:00,30.918585143472715,28.13881840731052,115.55382814900898,1.904750832536016,0.0,-4.548718111202234,23.182475639758554,0.23805741953936402,1,8.473695373046397,0.2144354030595972,0.06135196065798684,2,0,2
2025-02-03 03:00:00,48.85506105402781,34.815078961084865,130.1129223000083,1.8340169588309176,0.0,-2.9013418219868448,17.30796014681122,0.15362975053193725,1,8.039920617434236,0.5283819495818175,0.14713429522055038,3,0,2
2025-02-03 04:00:00,28.914075164057632,23.536140982911473,111.1519551437276,1.880426558449095,0.0,-3.5369895375800535,21.025942158543472,0.22609218215128496,1,6.019779797124654,0.17934997219542384,0.03541607900733859,4,0,2
2025-02-03 05:00:00,43.62506680835323,33.59226169000122,151.8979328247414,2.1672286647780363,0.0,-3.750849374787547,18.59029949839234,0.23358704089580176,1,4.53513020696999,0.43684007480393067,0.27549180441032023,5,0,2
2025-02-03 06:00:00,50.98735505789443,38.61084012888288,191.73789934509887,2.5001694907853316,0.0,-2.018621253824867,19.694763714265626,1.3587735977410347,1,5.353438746822215,0.5657040156343818,0.5102293026066661,6,0,2
2025-02-03 07:00:00,39.638605703364306,47.178151029896554,194.69826516196227,3.0517617360850173,0.0786527539980486,-0.7182848174843897,21.167427680675676,1.4778384741650328,1,9.126638642714541,0.3670640662391749,0.5276718088708572,7,0,2
2025-02-03 08:00:00,45.77435591529106,46.40126648303711,137.5669077483793,2.641171637974722,0.1532863534953157,-0.2771263170680397,25.678642102473898,1.4309363622132854,0,0.0,0.47445961032282713,0.19105325521386496,8,0,2
2025-02-03 09:00:00,67.59561557775717,54.01796549838489,226.63973983984613,3.908802924679357,0.2194880172222444,0.03682939247490591,23.27989692971304,0.19401023389730812,0,0.0,0.8564024817073015,0.7158713107644424,9,0,2
2025-02-03 10:00:00,51.11971343505126,46.36809021208374,195.23248288825533,2.953632429830202,0.2745753628513759,1.078835912781629,17.761139880154097,0.23467041886397944,0,0.0,0.5680207168425169,0.5308194252850953,10,0,2
2025-02-03 11:00:00,65.77509513226232,50.63534593182395,176.0930483163096,4.395297153711265,0.30921990322328996,1.4870145501315295,25.138159613310762,0.1917868751517359,0,0.0,0.8245374648786689,0.4180496771976945,11,0,2
2025-02-03 12:00:00,53.30646810816226,50.6236956969253,241.72999542947088,3.7534359651141638,0.3173031408626544,1.8079634127709125,21.005701550703286,0.1802363803134829,0,0.0,0.6062960213749153,0.8047832540624347,12,0,2
2025-02-03 13:00:00,52.22202845085151,43.45275257749647,199.27383231943918,4.155278191658978,0.3059202199070236,0.9781611980240548,17.784393505183715,0.16303831880871011,0,0.0,0.5873148075053559,0.5546310982775556,13,0,2
2025-02-03 14:00:00,59.60919504976758,36.500947623197675,192.8650265450538,3.275465431029652,0.27267790184796037,-0.13149216166309016,21.034671013744862,0.2174839315890453,0,0.0,0.7166142001998387,0.5168703478226876,14,0,2
2025-02-03 15:00:00,66.78551525495175,45.82998221158451,181.61286370633337,3.183307839670115,0.22118610571940447,-0.28853392409669876,17.455803313599024,0.15842039337075942,0,0.0,0.8422230966402697,0.45057248703735103,15,0,2
2025-02-03 16:00:00,50.18418526519435,36.99534990958592,213.2052724028256,4.117404033147862,0.15589855676978717,0.15582981087895242,19.202625828994734,0.1561182256860373,0,0.0,0.5516459373392595,0.6367152885284535,16,0,2
2025-02-03 17:00:00,57.847790878030125,35.56483954891076,165.93945400311742,2.5610322194771205,0.08150738228255938,-2.5852624360281764,23.651259202264804,0.21815792871687628,0,0.0,0.6857839100411466,0.3582245936208424,17,0,2
2025-02-03 18:00:00,33.322696700080094,37.830262218298984,228.56131291137865,1.9887470878396014,3.7896878258396753e-17,-2.170208882406617,22.125809315817083,0.21942889489381878,1,12.76579096716208,0.25651515854862783,0.7271932393404247,18,0,2
2025-02-03 19:00:00,33.25731500288011,35.037742892105534,187.5616741427893,2.3579932073526697,0.0,-3.702769979093727,20.290754134694936,0.1699080046527829,1,10.474886663606261,0.2553707666321747,0.4856229401642239,19,0,2
2025-02-03 20:00:00,43.08570608558213,29.723937025234388,175.22787751370282,1.9811078406139409,0.0,-3.998314600991207,17.75382800182958,0.24571846394004218,1,8.125888137493316,0.42739951150219146,0.41295208180657733,20,0,2
2025-02-03 21:00:00,28.978561575964367,23.44869178175004,127.39268794533709,1.2391522685278322,0.0,-3.364006852676048,18.397732802708752,0.22878140020976367,1,12.859222360841919,0.18047869371333444,0.1311066460357301,21,0,2
2025-02-03 22:00:00,30.905328730477578,25.74742331456628,185.4291088246849,1.2417518134867498,0.0,-4.9221880212315705,25.711702748041628,0.2186428042654503,1,12.036012706600689,0.21420337280461016,0.4730578430711748,22,0,2
2025-02-03 23:00:00,22.66011037997642,19.43134355045899,151.17236334852672,1.371709117157892,0.0,-5.360617876209948,19.231589228273425,0.2254347569345686,1,6.70796623042918,0.06988528939904076,0.2712167414900932,23,0,2
2025-02-04 00:00:00,40.72807689596964,20.43102811696335,140.99054808591765,1.588708260140024,0.0,-6.863192718558467,22.219339281864304,0.19118869849310288,1,10.5108603267331,0.38613334830771173,0.21122537978498362,0,1,2
2025-02-04 01:00:00,31.779434976746536,16.671891122924507,159.83803839807643,0.8059104357968565,0.0,-4.648913690033277,21.12674919896508,0.19556424816859208,1,7.22400775529333,0.22950306928223044,0.32227498924927195,1,1,2
2025-02-04 02:00:00,32.50090746423063,24.832847248079055,109.40289843705327,1.8255050691758528,0.0,-4.44402857761467,16.1829809309985,0.23702148788036814,1,10.253942716135281,0.24213117956353356,0.025110618652132696,2,1,2
2025-02-04 03:00:00,49.294290668458764,37.09989595072121,131.93974380914005,1.4290738503572575,0.0,-2.443542511522967,26.101246883160425,0.15254190165314802,1,6.383009191579823,0.5360698934827561,0.15789794660278078,3,1,2
2025-02-04 04:00:00,27.462364003957216,18.900271379270688,150.86328940504683,1.8695396492408323,0.0,-4.287289046811237,17.01705401998079,0.23024211553180451,1,4.875500525706336,0.15394031493978141,0.26939567459203057,4,1,2
2025-02-04 05:00:00,35.89429335288989,25.925960299476856,148.72522685342543,2.3593000913055215,0.0,-3.0308451198837583,23.18771920331507,0.19475685454697006,1,6.769776376497456,0.3015264468431494,0.25679818774177304,5,1,2
2025-02-04 06:00:00,52.61781561473113,43.71605655091299,134.53111119023794,2.9667189722737217,0.0,-2.2181757117763468,24.84351075297965,1.4729763633761652,1,5.469433822233707,0.5942423675164453,0.17316631023545875,6,1,2
2025-02-04 07:00:00,37.98508078314373,34.807741158557405,152.62114513936373,2.8894231582905263,0.07883657091953726,-0.10766364960409813,24.15474200418937,1.369274723287428,1,9.164702255423224,0.33812201313574486,0.27975297890986434,7,1,2
2025-02-04 08:00:00,51.58392531889591,33.435564426463245,162.01805018828696,2.251771337410979,0.15203746889092926,-1.0508778552702327,24.747095694026203,1.5803040280567553,0,0.0,0.5761459315454698,0.33511964145075085,8,1,2
2025-02-04 09:00:00,44.16657826603503,46.97417236050236,237.1767623207716,3.984035921418806,0.2150834257348138,-0.04924230386415274,23.912990518870988,0.2175673355134575,0,0.0,0.44631828294744735,0.7779555571040376,9,1,2
2025-02-04 10:00:00,43.7049229119955,56.56178133851347,182.61971188066488,4.250059382150341,0.2630349015799985,0.7623931023762986,20.671704273918323,0.16607536415293944,0,0.0,0.43823781581405064,0.45650484698010774,10,1,2
2025-02-04 11:00:00,46.190596662692435,41.50288974674868,177.58130162043338,3.5800938798485316,0.2940521178986677,0.6468179395530428,25.315933591860972,0.20657168770680304,0,0.0,0.481745174433645,0.42681848118536736,11,1,2
2025-02-04 12:00:00,73.71522594518221,52.577615477473316,249.26659934660833,4.3718783649722095,0.30449611958223055,0.12201507783191651,25.330631432484576,0.19649118626939815,0,0.0,0.9635155261255798,0.8491890029352819,12,1,2
2025-02-04 13:00:00,55.05421275927615,38.44883309849067,210.0195915889681,3.243952519333287,0.2896084533847375,0.6663399145352544,20.212696014765708,0.22819086688788348,0,0.0,0.636887225586719,0.6179452239523475,13,1,2
2025-02-04 14:00:00,54.817153616534455,49.78926855814321,213.8250063935756,3.1159050833289674,0.2596729392724745,1.2522105468053961,20.592054627596323,0.20452872924928817,0,0.0,0.6327379211438393,0.6403667676646508,14,1,2
2025-02-04 15:00:00,56.70997966110971,37.23477356202143,223.98151294725147,3.3710513744348365,0.21241130811895378,-1.3186558381034166,20.498271159905265,0.19295732123074508,0,0.0,0.6658685206453847,0.7002090101928024,15,1,2
2025-02-04 16:00:00,45.30640029285743,44.712376759060675,224.91042941894509,3.024435984603819,0.15190303979259123,-0.7744482897219063,18.29333584458079,0.20289310583886389,0,0.0,0.46626886804316675,0.7056821957309306,16,1,2
2025-02-04 17:00:00,57.33956457673078,54.24534320068347,217.71492486688385,2.9351360339430146,0.0780679276188213,-2.325032341998667,16.56685730695485,0.19905675058786398,0,0.0,0.6768883001710496,0.6632862078741588,17,1,2
2025-02-04 18:00:00,42.35008731250513,45.067916872309496,153.4499722411044,2.366970911193587,3.706459991641014e-17,-1.2002663519337875,18.060290109800373,0.2435177853622098,1,9.843113134815873,0.41452379530709804,0.28463643683647977,18,1,2
2025-02-04 19:00:00,31.21229507955217,32.582229121782504,220.69903064533284,2.4511142285712193,0.0,-4.688894962550402,24.047032386803075,0.18118877458752594,1,9.130006480288149,0.2195762802626349,0.6808685902395768,19,1,2
2025-02-04 20:00:00,53.03856936606835,36.62813283311708,152.5367537167354,1.630509148306584,0.0,-4.442104337558802,21.009755743962334,0.15373489538766386,1,8.90067473496198,0.6016069238444168,0.27925574376768914,20,1,2
2025-02-04 21:00:00,29.634863065650936,26.432189782317963,152.0329459403467,1.106202810551004,0.0,-4.12121615595985,24.26162029954184,0.21619967541970714,1,12.109433092686672,0.1919661000016141,0.276287303095408,21,1,2
2025-02-04 22:00:00,29.35933847012967,24.322216787795373,133.87436160165404,1.8980564569924046,0.0,-3.4035786992359975,23.293555101464836,0.21038431208328362,1,9.760502130439454,0.1871435252841954,0.16929673481081858,22,1,2
2025-02-04 23:00:00,28.83899117176046,18.872565175653044,171.97559361796195,1.6700009157265123,0.0,-5.328466722312853,19.290838242416456,0.24099693095883154,1,5.757423222990933,0.17803575862312856,0.3937895911774655,23,1,2
2025-02-05 00:00:00,35.63618981516445,27.377072181442585,151.4392042480457,1.1236530156614652,0.0,-5.914044613056512,17.69578125465742,0.1617476617363599,1,10.006894401044022,0.2970087971823046,0.27278897085272447,0,2,2
2025-02-05 01:00:00,31.228267306356322,24.84103496950676,159.407677750213,0.9171975656975975,0.0,-3.369365241650744,21.839566993733655,0.20226456209050303,1,10.532071099166659,0.2198558460742491,0.31973929982418164,1,2,2
2025-02-05 02:00:00,32.36924546971855,23.572716949131582,150.73788838005103,1.3983475114304775,0.0,-6.392728334862916,25.880977497292896,0.1650771050030788,1,6.889357981899401,0.2398266673119953,0.2686568104450507,2,2,2
2025-02-05 03:00:00,37.56983801266835,35.46785279924206,113.3843120087401,1.2914735949362715,0.0,-6.660651562292455,24.977413760308664,0.1955708969715035,1,7.1721376351778465,0.33085391686035837,0.04856914893541463,3,2,2
2025-02-05 04:00:00,36.38314367648624,29.74610753381709,130.93208841061164,2.0894311432666983,0.0,-3.3943915023737365,24.260407433912714,0.22993696809825837,1,4.639434207386477,0.3100829142130317,0.15196083048663805,4,2,2
2025-02-05 05:00:00,40.68893364802153,33.93708461050544,152.26684824339748,2.871877358363848,0.0,-3.606791656844516,24.320583914009326,0.23573880362775476,1,7.120672915990541,0.3854482144177406,0.2776654579041588,5,2,2
2025-02-05 06:00:00,49.26407221972358,44.53468914111736,144.3956025145091,2.255510804338671,0.0,-3.3433811166669734,21.7983479255611,1.7503952702516428,1,4.977738680296908,0.5355409725470618,0.23128799598676988,6,2,2
2025-02-05 07:00:00,60.29606543219738,45.61159161303827,144.81969607178655,3.7068559288371654,0.0807109810674351,-0.8311963800304172,17.93318653129498,1.5355536251267141,1,9.771478442439598,0.7286366613314222,0.23378675964877316,7,2,2
2025-02-05 08:00:00,57.13788358124968,39.1286310654285,213.28307721599398,3.4048759767761902,0.15398327667507042,-0.5660645758741274,19.13479962218304,1.6004700926235818,0,0.0,0.673358228135372,0.6371737152990042,8,2,2
2025-02-05 09:00:00,52.79529368147593,38.844069332969426,213.9359152577094,3.474510369154847,0.21682352128942084,-0.7464725708988279,22.185197836443894,0.2051564537696068,0,0.0,0.5973488097415415,0.6410202438487052,9,2,2
2025-02-05 10:00:00,61.83241518826831,37.43445249036109,184.52200605541768,3.692712000445013,0.26201808827126816,-0.9797851353483906,19.29875514006309,0.2061235778867926,0,0.0,0.7555277687359087,0.46771318409522006,10,2,2
2025-02-05 11:00:00,56.865913796800385,46.10909186771576,235.88322465832601,3.393464895472374,0.29239500739400437,1.4788415214070398,24.10407920225962,0.23851508885227243,0,0.0,0.6685978741498936,0.7703340197076627,11,2,2
2025-02-05 12:00:00,61.05548229086483,43.89857257809732,228.3285254821908,2.883022073337566,0.30432978236305747,1.3649778779374635,19.668775991977252,0.17092728948690553,0,0.0,0.7419289212680076,0.7258216533801003,12,2,2
2025-02-05 13:00:00,39.21121679188798,42.03217340173824,164.39162557332742,3.7950591249393764,0.29044796122934613,0.5195546210401565,16.84148625032607,0.1938765880404045,0,0.0,0.3595833730724127,0.349104772371484,13,2,2
2025-02-05 14:00:00,52.745634099205375,44.56207465844353,206.82882286127983,3.7236415752088616,0.26183029474914093,2.1718488364037865,23.6813976627202,0.21100628502239768,0,0.0,0.5964796058670836,0.5991451813348929,14,2,2
2025-02-05 15:00:00,66.2306768915941,47.98258441843636,195.73343726988037,3.2716572233841874,0.21534421277047705,-1.2154398568170073,22.691788734734697,0.2265352148460001,0,0.0,0.832511624391049,0.5337710537256732,15,2,2
2025-02-05 16:00:00,57.62177110524907,33.2489752041237,184.3668261090831,2.8100947186625267,0.15328522709030973,-2.2860053573161947,18.02857736830288,0.22618897234256316,0,0.0,0.6818278304040873,0.466798862233172,16,2,2
2025-02-05 17:00:00,61.811997708827086,36.01669930468943,182.41426023441466,2.8796520891956265,0.07967029346155091,-2.16972956578109,25.45256659232602,0.16172483553149417,0,0.0,0.755170396574776,0.4552943237379144,17,2,2
2025-02-05 18:00:00,36.802423906524446,29.222865940177147,244.23648465755227,2.5359175670982514,3.724176455054773e-17,-2.2936567880442436,19.507692616958074,0.17219099653822412,1,11.138200511542813,0.31742167913552544,0.8195515147324149,18,2,2
2025-02-05 19:00:00,35.25337497817704,24.504862733038895,189.05046985540656,2.6461225112543567,0.0,-2.7749742970139435,22.368296252361915,0.24115182138103167,1,13.039268959666353,0.2903082949973164,0.49439494002839673,19,2,2
2025-02-05 20:00:00,41.98338644436526,48.51217092101383,211.29378464017077,1.5789274596556757,0.0,-3.9768722102818965,24.78783122683685,0.1857519288796975,1,11.525705138278312,0.40810533987954856,0.62545278269755,20,2,2
2025-02-05 21:00:00,33.02343495986869,25.501318818147134,145.4061027653965,1.5410759271839982,0.0,-3.9986743461234378,17.09522257299516,0.15027126419283127,1,9.111353159584509,0.25127710675327414,0.23724187400267835,21,2,2
2025-02-05 22:00:00,36.11228133825415,23.53792913652063,133.95230397167586,1.7546029996954267,0.0,-6.072791989734,24.682351078208054,0.16997970684133168,1,11.641653476325592,0.30534194413089544,0.1697559720677843,22,2,2
2025-02-05 23:00:00,23.20339124929699,13.926160306880215,181.20847661376013,1.515155607108316,0.0,-3.670949895762658,22.998481420947474,0.24695520976644592,1,4.9410818440431425,0.0793944679893798,0.4481898340708875,23,2,2
2025-02-06 00:00:00,33.99603600498376,26.104612764106655,145.04680259363693,1.2250470679963361,0.0,-5.292842581015836,17.509409126535513,0.18097485662888238,1,9.894658366952068,0.2683007819044276,0.23512487364382356,0,3,2
2025-02-06 01:00:00,28.40745492308827,23.049534036929224,169.29290536350896,0.7140917547458038,0.0,-3.984921149646186,22.86743215566356,0.2113714548886787,1,9.901416486099592,0.1704824735940409,0.37798316400666865,1,3,2
2025-02-06 02:00:00,30.148740291446074,20.60681399859572,109.41201970098925,1.9006057289169032,0.0,-4.453532188392117,25.229865938538985,0.22266499001887682,1,8.490101524592626,0.20096061939211848,0.025164361234361693,2,3,2
2025-02-06 03:00:00,31.608745653092434,38.70842863275971,170.7972474272196,1.4645380149926785,0.0,-3.856483993397024,24.546074130092848,0.2146582836274139,1,6.128922854833682,0.22651545209607604,0.3868467631336036,3,3,2
2025-02-06 04:00:00,39.73158372862226,28.32136767680202,139.21359240055438,1.7228621097623344,0.0,-3.1158788620816424,24.225808977958796,0.18775661867559423,1,4.505653329515963,0.36869148346861036,0.2007555383564069,4,3,2
2025-02-06 05:00:00,27.453579710761243,24.257019009511847,125.57286992732492,2.639060039542883,0.0,-2.5081177219006614,17.845211430454903,0.1930415115359376,1,4.5649713058279,0.15378656129685475,0.12038425929620993,5,3,2
2025-02-06 06:00:00,36.80083114454979,40.1261509437541,174.67061515481555,2.628746524922029,0.0,-1.5303631252428982,18.174209188151742,1.753488984488729,1,4.98049821422332,0.3173938006311933,0.40966868617678054,6,3,2
2025-02-06 07:00:00,56.81711262770238,41.801316060274424,194.8315983128104,2.4805567399428616,0.0796251546702184,-0.06118669560625989,21.995508329539497,1.622088848563418,1,10.384755130733852,0.6677436952921866,0.5284574091860766,7,3,2
2025-02-06 08:00:00,58.09444087514234,35.603812993087175,139.26372548232604,3.0680071999286778,0.15216978605579398,-0.4639794079519308,22.29189799833962,1.1425764549529416,0,0.0,0.6901010855654383,0.2010509229970024,8,3,2
2025-02-06 09:00:00,61.482291745670345,53.48531855484581,236.7223114393193,3.5280654371346842,0.21443190423220018,0.6761255629770323,26.09002845450844,0.17034575855218104,0,0.0,0.749399472062234,0.7752779277714243,9,3,2
2025-02-06 10:00:00,40.37410263824569,37.10324878259082,219.70268873161803,3.2029730147245616,0.26441970182354213,0.3604502712246982,20.9172391807259,0.17862979383365932,0,0.0,0.3799376498703835,0.6749981332939348,10,3,2
2025-02-06 11:00:00,48.05528457135463,44.474447660213364,189.68469324056488,3.0334392515909934,0.296178549843292,2.196318990407162,19.042907877145954,0.18654867015630291,0,0.0,0.514383265226148,0.4981317908275461,11,3,2
2025-02-06 12:00:00,75.0182107259834,51.003713623409595,177.21768913626192,3.8502661182512337,0.3008212334962085,0.18835278231651764,17.753115567921526,0.20768937233946094,0,0.0,0.9863219890084485,0.4246760726368122,12,3,2
2025-02-06 13:00:00,58.215610294172066,39.84102982907817,206.8887267310608,3.969926469025909,0.29272479914098193,2.569790027540842,16.218232776015586,0.1866510596372387,0,0.0,0.6922219436893076,0.5994981355603309,13,3,2
2025-02-06 14:00:00,52.56316182033013,49.040649066648726,189.26222266144882,2.4472968501025063,0.26133101043436585,0.4353236477054648,16.274780834719873,0.23250119163899302,0,0.0,0.5932857487195258,0.49564258976979436,14,3,2
2025-02-06 15:00:00,47.91906939911882,40.6997689963179,217.99787212884863,3.2784428894438995,0.21260698318401106,-1.4257098637396954,21.41208835223045,0.19738355788370426,0,0.0,0.511999057585772,0.6649533360922807,15,3,2
2025-02-06 16:00:00,38.269987266459744,34.687988965687346,244.89388484939155,4.0775931482535785,0.15118526218119321,-0.4818049491212051,17.23782920009522,0.2002178767052265,0,0.0,0.34310880134123717,0.8234249235182203,16,3,2
2025-02-06 17:00:00,41.11743030929005,48.96649004682433,224.9605919310312,2.7007079361266557,0.07948838281107083,-2.008151914987745,24.124107580211103,0.19273891851466432,0,0.0,0.39294829680139254,0.7059777537752457,17,3,2
2025-02-06 18:00:00,46.82490227941897,30.3185965453347,193.5934904781729,2.5048213278541174,3.752689141316873e-17,-1.256555645825387,21.488836152861992,0.18104663503925134,1,13.342510470184648,0.49284758155107417,0.5211624649131793,18,3,2
2025-02-06 19:00:00,28.867995238473124,23.338428617123505,154.0852236248912,2.735510634040836,0.0,-3.51991588789428,24.26023260683024,0.22248001189847344,1,9.762982566899264,0.1785434239317962,0.28837934461426823,19,3,2
2025-02-06 20:00:00,60.403150771177486,37.53829026971143,221.14412301312063,1.737424287710272,0.0,-4.030647564720004,19.82104151083437,0.17295629866493678,1,10.216752402102973,0.730511002340415,0.6834910791120864,20,3,2
2025-02-06 21:00:00,30.613276442444946,23.775207570027582,150.16923511304896,1.6413070206269813,0.0,-6.088948347259351,21.635173916263106,0.2189489814351494,1,13.68404870230907,0.20909150982277427,0.265306299465855,21,3,2
2025-02-06 22:00:00,38.39008213917634,24.447453029733897,142.2267636700014,1.8579882067518376,0.0,-5.122086730914357,21.013818645102596,0.20297061496208643,1,12.711161620553609,0.34521085141687186,0.2185091748978854,22,3,2
2025-02-06 23:00:00,20.593807164959497,15.787248164883605,162.7532165632113,2.0857575732923777,0.0,-7.0,25.94920604600831,0.16022632345565868,1,5.29694413376727,0.033718276343785165,0.33945124939825344,23,3,2
2025-02-07 00:00:00,33.65611823790416,19.47022016683999,165.01948574691127,1.2339427706713813,0.0,-6.6428222509780435,24.116608879054425,0.1517967246549989,1,9.664875774874606,0.26235111767783414,0.3528041310616799,0,4,2
2025-02-07 01:00:00,23.162814038935593,22.06590759043533,175.58360262921275,0.9354853325304777,0.0,-4.189880556415069,22.137283225144852,0.16694436216381703,1,9.518462671958178,0.07868423510283105,0.41504801789672785,1,4,2
2025-02-07 02:00:00,38.251381891472,18.781228400902425,172.84149824394643,1.4904893230349943,0.0,-3.858385892057738,22.38247613641458,0.2261020885698633,1,10.727183982652914,0.34278314688975625,0.39889151026357667,2,4,2
2025-02-07 03:00:00,41.30725757322749,39.4625805337947,170.60817460423112,1.3565972565965285,0.0,-3.73555852955288,18.67156537039528,0.18845975622718902,1,8.85574812805168,0.3962708900602975,0.38573274408886987,3,4,2
2025-02-07 04:00:00,26.348315703724715,22.66861334940818,140.65760679164816,1.4152099065141832,0.0,-4.500251605390086,23.948744110953427,0.23048765095890777,1,4.536420293810111,0.134440853715566,0.20926368620717556,4,4,2
2025-02-07 05:00:00,42.6612639888197,30.773497668088233,126.43000100984712,2.858160161457646,0.0,-2.8510174775555757,26.669303157349386,0.2001905815270905,1,4.698643267448044,0.4199703971576729,0.12543448457274917,5,4,2
2025-02-07 06:00:00,50.16605838369275,46.68327513174791,166.7576962629302,2.706616493676125,0.0,-2.0240188617107244,17.51638653462463,1.1495599712431237,1,5.207371070043837,0.5513286580768768,0.36304568554843814,6,4,2
2025-02-07 07:00:00,59.13186207168425,37.9745042350972,128.6991879003851,3.655015518886034,0.07685874788477566,-2.3958850289974074,22.957351525836508,1.7595737811017962,1,8.003319938504886,0.7082593237593535,0.13880455739529168,7,4,2
2025-02-07 08:00:00,56.228680126382095,43.31230023152745,152.6623955095854,2.3633868475482487,0.15154616077815813,0.9958658548719304,21.624637997527763,1.8271975767249873,0,0.0,0.6574442165890025,0.2799960265213767,8,4,2
2025-02-07 09:00:00,66.82150650343281,53.82654642079621,143.00531018586656,3.6903983390286212,0.21392150286593012,0.9976013928507587,25.094815446488383,0.15742152023082864,0,0.0,0.8428530603088299,0.22309637908818736,9,4,2
2025-02-07 10:00:00,42.0397026688156,40.14786078534958,168.05359125715387,2.9291049424373696,0.26388171579781255,0.38248817592451134,15.93799799153582,0.17083506681186145,0,0.0,0.40909105659823525,0.37068111236823204,10,4,2
2025-02-07 11:00:00,45.112658493209814,57.87683386144595,205.6554241686617,2.998537250529684,0.2945252285477265,0.936503006700744,17.290036152184687,0.22155529202644325,0,0.0,0.4628777577035612,0.5922315040015725,11,4,2
2025-02-07 12:00:00,75.5002527639886,40.22796564905256,203.1925270185988,4.436506716731431,0.3129799897350341,1.226692214652079,16.139264254248356,0.24971755425613887,0,0.0,0.9947592892822001,0.5777200883098635,12,4,2
2025-02-07 13:00:00,50.12093117734179,34.74687746696513,204.34872742451913,2.8350526762097914,0.29324654952474877,-1.1191721008879942,17.353199617737374,0.23763037238169338,0,0.0,0.5505387854921656,0.5845324331586137,13,4,2
2025-02-07 14:00:00,44.206518986878436,47.35159895599941,256.4048150327249,3.1456537615441733,0.2613363149619183,0.3821661602337507,22.90733890841077,0.15989478609941943,0,0.0,0.4470173752015181,0.8912474441964889,14,4,2
2025-02-07 15:00:00,62.618844185914476,40.13041024424949,237.76736947292193,3.5552891357379295,0.2150115529663447,-0.522908372872429,16.92669426023971,0.21072370942799143,0,0.0,0.7692928287804325,0.7814354206034658,15,4,2
2025-02-07 16:00:00,44.585645363304735,47.571346613571954,261.4790946830732,3.8777216657123845,0.15104833065294132,-1.4573701240697101,21.824977888230787,0.21652037015151243,0,0.0,0.45365331735470754,0.9211451528118499,16,4,2
2025-02-07 17:00:00,60.21415328317487,54.46293097579828,202.59197569977087,3.1710844414369346,0.07871134433497787,-1.453892766740183,24.29428268022531,0.21308320879207612,0,0.0,0.7272029328536505,0.5741816336766712,17,4,2
2025-02-07 18:00:00,51.82015615612819,44.544383847455855,177.2229675475952,2.615760264701328,3.7245492332982486e-17,-0.1450564298896737,15.729891468837758,0.2068060264611722,1,12.899958299281332,0.5802807379534267,0.4247071730914321,18,4,2
2025-02-07 19:00:00,43.33074193269687,29.25575974007798,154.4412416757304,2.6519921099706223,0.0,-2.0718444342951408,15.662566759159846,0.1792203898541714,1,10.161135683438399,0.43168843416233055,0.29047700668243365,19,4,2
2025-02-07 20:00:00,42.97272295205669,48.14639351897207,195.48246561166314,1.6166593400418752,0.0,-4.000890212841492,25.604338915952148,0.2168506167066111,1,10.811655680238324,0.4254219399456352,0.5322923260982793,20,4,2
2025-02-07 21:00:00,34.58199724750547,26.429396231421602,198.6349541145377,1.3011379108993286,0.0,-3.4719237107084227,22.435198642644817,0.2228451265961538,1,9.334988652479167,0.2785570055574421,0.5508668212319383,21,4,2
2025-02-07 22:00:00,33.224597897426385,22.56795588605673,134.6991491409405,1.4130407598606955,0.0,-3.1153757147176924,17.02221292557749,0.20757662006558833,1,8.779580604409375,0.2547981110937834,0.17415639159332852,22,4,2
2025-02-07 23:00:00,24.77728746443899,18.06790014499405,180.44710307790973,1.6924751625638734,0.0,-3.883261396709549,18.85336432019503,0.1997155526484773,1,4.975239167221283,0.10694276029564329,0.4437038132579156,23,4,2
2025-02-08 00:00:00,27.507219648750773,26.281912329797112,147.26872483753996,1.2444789742342364,0.0,-4.843943764362035,26.092554109366702,0.1719030548503745,1,9.054580191021412,0.15472543431580543,0.2482164626755086,0,5,2
2025-02-08 01:00:00,28.61215848851962,20.969396583304817,116.20605803095361,0.7110881997061633,0.0,-5.441738800470885,18.247533163661803,0.20447240329990113,1,6.961093550233559,0.17406545041448412,0.06519490592397618,1,5,2
2025-02-08 02:00:00,33.93151586349755,25.422274616931297,150.00043274312284,1.4448730050474243,0.0,-3.7903217307119403,23.936282254486116,0.16282504665357667,1,9.952117012726466,0.267171470009397,0.2643117141419486,2,5,2
2025-02-08 03:00:00,40.252999045363644,30.662993760412817,142.78032446801262,1.4431963262423422,0.0,-3.6117419630152057,18.59021222353657,0.15727159914877778,1,6.9536116644781565,0.3778179439177567,0.22177076089240005,3,5,2
2025-02-08 04:00:00,38.53659844499588,24.926837044471885,111.06760378578103,1.686083501387149,0.0,-2.482145842961342,20.344940419146734,0.22778511956910955,1,5.219894848046224,0.3477753623303099,0.034919079926686115,4,5,2
2025-02-08 05:00:00,36.644190444934054,34.38247452893261,144.07253344170286,1.9855828404522733,0.0,-2.0120503443120814,25.572290573719464,0.2176272632292019,1,6.492478036659259,0.31465207996463557,0.22938446964077255,5,5,2
2025-02-08 06:00:00,42.41612981904868,40.40866005085819,182.7830394354329,3.214311930508418,0.0,-0.8146321360323929,16.430718618348745,1.6117741575137758,1,5.682168996779721,0.4156797535319139,0.4574671746360103,6,5,2
2025-02-08 07:00:00,52.82054690388746,37.42113874231374,174.34848154515467,3.647192516051115,0.07646141394635741,-1.616376664622862,19.412382952239582,1.821095793441567,1,8.058338864113122,0.5977908231004753,0.4077706715893909,7,5,2
2025-02-08 08:00:00,53.45265777225982,43.50505971261432,160.38370136362775,2.4895919788542376,0.14936621107817474,0.9663878405050004,21.295763280129304,1.4105795372033092,0,0.0,0.6088548149980074,0.3254900411325727,8,5,2
2025-02-08 09:00:00,50.2263021706089,42.40693736246907,231.14933354632495,2.6425423789445026,0.2112030873985593,0.4745121832303917,22.693432682805263,0.18997320215077448,0,0.0,0.5523831198867698,0.7424418839098771,9,5,2
2025-02-08 10:00:00,57.161154368850944,53.402539892524786,173.77790380438597,4.043062759008896,0.26019277454289674,2.8355338725370656,16.23756758396635,0.19137469045732455,0,0.0,0.6737655424505531,0.40440882159069347,10,5,2
2025-02-08 11:00:00,45.83571091339481,36.150562719416556,182.53367094657315,4.790035064843081,0.294713675998305,0.37739709299105617,20.18567465636562,0.19652830906765195,0,0.0,0.47553352193526466,0.4559978928991888,11,5,2
2025-02-08 12:00:00,55.90126494263731,48.46803527749582,199.0408369399611,2.729683897159578,0.30626867904941085,2.911387965707369,19.36501541000312,0.20128429892060337,0,0.0,0.6517133881515657,0.5532582870719528,12,5,2
2025-02-08 13:00:00,60.75291651307866,32.265004586937835,261.76732675733723,2.7285693733257164,0.29627820076438816,1.27773523847048,15.933303781166162,0.22780174320901683,0,0.0,0.7366330380908735,0.92284341919915,13,5,2
2025-02-08 14:00:00,61.32474876990229,32.92396949669104,220.8387934968068,2.6996504860829873,0.26545466875902674,0.13533407734055247,19.24943999921153,0.17177033102586858,0,0.0,0.7466419586344091,0.6816920744179337,14,5,2
2025-02-08 15:00:00,57.257108744505665,51.12772105312468,238.5525775481928,3.265900069267859,0.21436956159314735,-0.16725465097955944,25.102861215981875,0.19340844386294728,0,0.0,0.675445055472549,0.7860618747712541,15,5,2
2025-02-08 16:00:00,55.65611501977312,40.79950547017253,265.75392912342835,4.120815294449291,0.15141399669859418,-0.618395425726864,18.249380320279222,0.20051273668765754,0,0.0,0.6474224687955448,0.9463325219131717,16,5,2
2025-02-08 17:00:00,63.64226231194751,54.83168192381357,237.78735262012728,3.620249573545977,0.0799310913835537,-0.59077792324855,21.395076999595346,0.16691176734984992,0,0.0,0.7872059677893746,0.7815531615151878,17,5,2
2025-02-08 18:00:00,54.508785869673844,36.523667519710585,167.26001186510933,2.568898851017732,3.7653772838018114e-17,-1.261912338145199,18.43048100053518,0.22019427212928788,1,13.013310315939902,0.6273404846759122,0.36600533431471577,18,5,2
2025-02-08 19:00:00,37.74663494437444,26.604632661242054,217.79724518901247,2.7402088419334865,0.0,-3.128245723869645,16.48201419158721,0.15562707415113614,1,11.025893835838435,0.33394843701145394,0.6637712400705919,19,5,2
2025-02-08 20:00:00,49.93750594844644,43.2711729997178,202.3503434303417,1.7380458244054338,0.0,-3.295777875973504,18.404610040556836,0.2085912498380981,1,9.801316958216837,0.5473282486261777,0.5727579338254094,20,5,2
2025-02-08 21:00:00,34.837013209706875,29.365885449472284,146.96684398217042,1.5953842666564249,0.0,-1.7438019118242423,20.344586670753113,0.17021421602238518,1,11.657320293736417,0.2830206126249853,0.24643777752760287,21,5,2
2025-02-08 22:00:00,27.29828322183257,30.20563587829124,146.02798647100929,1.4290949613432204,0.0,-2.6286075588002564,18.635662127656815,0.15084682608009037,1,12.135399665058562,0.15106836868035017,0.240906019281265,22,5,2
2025-02-08 23:00:00,23.925326328365372,19.231202476700922,167.65560827369552,1.552160686393902,0.0,-4.212844868354572,22.166334003283353,0.18157716321180253,1,5.440131916555409,0.09203067512488454,0.3683361924794567,23,5,2
2025-02-09 00:00:00,37.78926189162986,20.379489614654695,126.34552684158334,1.2182682593252936,0.0,-4.706698076987742,25.7154315808105,0.19291406805134034,1,11.34044408918068,0.3346945469466697,0.12493676189242703,0,6,2
2025-02-09 01:00:00,33.77657401322443,23.243587617556287,120.73718195228591,0.8800968563377172,0.0,-4.515752161121796,16.578890764105832,0.23173011795486068,1,8.679423715729303,0.2644594847204483,0.09189233531984847,1,6,2
2025-02-09 02:00:00,40.370831859126035,23.264694840797674,154.24309404912316,1.7661628365616786,0.0,-3.715862662679529,23.555671332164767,0.19078456543015038,1,8.637948502681398,0.3798804006195176,0.2893095188001444,2,6,2
2025-02-09 03:00:00,30.738254300913294,31.41074613557683,168.2640209845395,1.5987690389031268,0.0,-4.868709712613151,16.028579420929322,0.2415435567169566,1,8.156265816551457,0.2112790279982254,0.3719209665163877,3,6,2
2025-02-09 04:00:00,33.67370486892951,29.811872675792582,114.47141226528984,1.3268712935633038,0.0,-3.4752596892423644,16.085706427481806,0.23425388001724246,1,4.588167555263568,0.26265894080334123,0.05497435498348446,4,6,2
2025-02-09 05:00:00,29.198315453492228,26.074483934731543,147.61240506994278,1.8247865790833164,0.0,-4.156204680587258,17.539972968699026,0.16927376045058184,1,4.423133978422368,0.18432509984566392,0.2502414301887858,5,6,2
2025-02-09 06:00:00,41.679900241458625,42.6743222507472,168.57401762632063,2.4120182929691842,0.0,-1.3052146434564031,21.284252920081734,1.2417879848539495,1,5.896422794530376,0.4027933462752971,0.37374746996246316,6,6,2
2025-02-09 07:00:00,58.60989505709565,39.775506847548165,184.59967313312936,2.760064570128746,0.0790641450776175,-0.2740529642473918,16.627856635736734,1.3078815190834634,1,11.422306758615537,0.6991232068071838,0.46817079932702366,7,6,2
2025-02-09 08:00:00,46.46025449075802,30.715580851374344,224.65763211373462,2.712687099005527,0.15306738392247743,-0.6741547567525631,23.813703531981194,1.3947614199434755,0,0.0,0.4864650616782767,0.7041927113724145,8,6,2
2025-02-09 09:00:00,62.35029475034243,45.08256829525632,207.7407214069473,2.565588073288993,0.21555268179304796,2.0110825717349026,16.327797561513698,0.20834805685366284,0,0.0,0.7645923420020504,0.6045180970754092,9,6,2
2025-02-09 10:00:00,41.68263377341012,48.34991103549275,212.01541129971542,4.048241927917283,0.2633111731218999,-0.3051642163606507,21.201462606469608,0.16240815017601748,0,0.0,0.402841191956927,0.6297046145008408,10,6,2
2025-02-09 11:00:00,53.34694185288128,44.29307398196886,259.2862317567989,4.369671048023067,0.29388398738518834,-0.2373163880589244,22.98983963822537,0.20320412841608176,0,0.0,0.6070044432768945,0.9082247815826693,11,6,2
2025-02-09 12:00:00,65.98677790543496,50.01526952177443,167.49169776292706,3.283621498993603,0.3037918582610013,1.5604946139555675,18.244281362925978,0.20807732325101336,0,0.0,0.8282426004876482,0.3673704300407204,12,6,2
2025-02-09 13:00:00,41.189283558032365,46.9574172094622,172.11510585091239,3.716925365623341,0.2956851490627328,2.287686359624807,21.698089950165205,0.2160890242576636,0,0.0,0.39420596187515305,0.39461159870886836,13,6,2
2025-02-09 14:00:00,46.43447255986541,31.768587460345987,226.67507790664928,2.567332861794447,0.26416799676235314,2.631588260862654,18.278482180271133,0.20500920503741102,0,0.0,0.4860137942048459,0.7160795230225584,14,6,2
2025-02-09 15:00:00,43.1650473982657,42.53365149097196,203.18645835966078,2.8629321733054014,0.21459354816178516,0.018800212319526333,17.695008788041665,0.23251716704473765,0,0.0,0.4287882419996292,0.5776843317081156,15,6,2
2025-02-09 16:00:00,54.36699151943356,50.02748218870785,171.3583884185231,3.9415627106069446,0.15317726021507955,0.9418307288209631,23.841142818528066,0.21415904412488507,0,0.0,0.6248586233116012,0.39015301170604405,16,6,2
2025-02-09 17:00:00,66.80207301850558,55.96580970883514,188.12744593423446,3.47585262520853,0.07896655418324712,-0.8921096883502833,18.802975500023532,0.2424551548065956,0,0.0,0.8425129112455345,0.48895647345938975,17,6,2
2025-02-09 18:00:00,51.59311791319459,34.637976743595935,217.4354487407644,1.9876046916482066,3.7184775254595654e-17,-1.7958879204464322,23.71829056141779,0.2200924099942912,1,8.682988567947236,0.5763068317829547,0.6616395316246353,18,6,2
2025-02-09 19:00:00,46.941721659977226,35.398798733327396,226.57831656495964,2.923294564119976,0.0,-1.5092541049737154,17.612947038115887,0.19361102168517597,1,12.254022040465246,0.4948922998823684,0.7155094041882781,19,6,2
2025-02-09 20:00:00,56.817535891080624,33.10147555214179,143.48920289908986,2.1899541653846173,0.0,-2.4573243391858397,19.08478180791642,0.17096845788294862,1,10.320795411368017,0.6677511037751312,0.22594748000062004,20,6,2
2025-02-09 21:00:00,42.83055287608196,23.799826011103896,173.0524876847142,1.4237154782794643,0.0,-5.3005440558918036,16.544604814660246,0.15105207083427571,1,10.432424101039322,0.42293350216144354,0.40013466224881655,21,6,2
2025-02-09 22:00:00,36.07126140861203,30.81769359694941,143.68924518371375,1.7199016927063264,0.0,-2.717545785532766,20.713691528552957,0.15904028375793025,1,12.1748569658174,0.3046239622199589,0.22712613122770123,22,6,2
2025-02-09 23:00:00,25.11299040980074,21.56082711288772,164.4087341542811,1.5074619551086423,0.0,-3.106868451500819,19.63499196063937,0.1689675741031888,1,5.128857107325161,0.11281865146173563,0.34920557630887444,23,6,2
2025-02-10 00:00:00,31.448127972435277,21.061559490843003,148.95309334069194,1.4385039037319054,0.0,-5.2079114689969925,15.812544506417705,0.1716441352393935,1,8.854510344654411,0.22370412135283624,0.2581407794609804,0,0,2
2025-02-10 01:00:00,33.97014899890817,16.700051054765666,171.52353386886114,0.8598539668815672,0.0,-4.077483194970019,20.758114322773995,0.22420440813504605,1,8.598555102641063,0.26784767527424236,0.3911260504216024,1,0,2
2025-02-10 02:00:00,28.38451694623476,19.559843219082296,107.63787208649217,1.8912067911685186,0.0,-3.672709801528491,16.728155512257395,0.18860557980691733,1,10.308807847913375,0.17008098454718035,0.014711064988611654,2,0,2
2025-02-10 03:00:00,30.832525797964745,28.182503982309566,139.24515709227632,1.2033314510722148,0.0,-3.4224589294981227,24.951157847412297,0.18245394822670305,1,6.514541256167316,0.21292908518238868,0.2009415178491949,3,0,2
2025-02-10 04:00:00,40.66273709920268,27.840691355571508,123.02890443291254,1.5906813287863333,0.0,-3.605260132823792,21.36542556451348,0.15523675537969278,1,5.344323369714296,0.3849896897848365,0.10539518807419844,4,0,2
2025-02-10 05:00:00,27.315615852039937,28.17769500821095,154.5059106199179,2.8911832203785153,0.0,-2.99617216487915,23.52438894566133,0.2038660546322738,1,6.483656833153144,0.15137174596710845,0.2908580367759659,5,0,2
2025-02-10 06:00:00,60.69938175975999,39.51469834101596,188.28634752534748,2.4120944320893773,0.0,-1.566776474250541,24.952211952921395,1.5846816610054384,1,5.855157389683379,0.7356960061450706,0.4898927232912823,6,0,2
2025-02-10 07:00:00,54.42544952773628,44.48539559953024,204.536594677515,3.5738562120627084,0.07749530176993875,0.4148389471780787,16.661948710460948,1.7833930620040137,1,10.059800997895941,0.6258818281994916,0.5856393489723792,7,0,2
2025-02-10 08:00:00,42.54451975718534,46.037390067243805,170.84084968954815,2.1384625275013014,0.15149816471581606,0.5161340770347892,19.68834136495742,1.502131542642194,0,0.0,0.4179269941764648,0.38710366811793584,8,0,2
2025-02-10 09:00:00,60.673893955663154,36.70322808837481,220.02690364428966,2.483959535388909,0.21695111975552034,0.23012699416167504,16.28334247227711,0.15077201612930236,0,0.0,0.7352498868452404,0.676908410940368,9,0,2
2025-02-10 10:00:00,61.75921945466102,50.60162331577425,178.05080747255056,3.3250030091086975,0.26279056240923687,1.8560888918132168,16.464782475928594,0.15652787577578697,0,0.0,0.7542466058195834,0.429584814562134,10,0,2
2025-02-10 11:00:00,48.574937753773895,56.35116170654604,156.86981401026887,4.482307592475889,0.2901103003578081,-1.4575522614983765,16.246745819628345,0.17710053389880578,0,0.0,0.5234788826051339,0.30478618020312725,11,0,2
2025-02-10 12:00:00,68.92020648849098,45.32458707843025,252.76545229307135,2.8523657844451673,0.29915186542666156,2.6488834108697175,20.768018682618866,0.16391855835888341,0,0.0,0.8795871219930158,0.8698042809825152,12,0,2
2025-02-10 13:00:00,58.10882655045279,47.309414961401664,177.03174398358016,3.3923499293343107,0.28568308025977796,-0.33490784295215703,20.355901342045726,0.2270587409139497,0,0.0,0.690352881576295,0.4235804818581414,13,0,2
2025-02-10 14:00:00,44.48984780991239,45.6487004834162,166.93722356992433,2.61632839455667,0.2550770165566002,0.7495803860426657,16.19786962862964,0.16078569811229096,0,0.0,0.4519765492313157,0.3641034623133908,14,0,2
2025-02-10 15:00:00,42.54093352573824,35.8745827540837,202.65441049834396,2.576484675630389,0.20826518748218517,-0.47748186672587467,18.193323223315087,0.1660783482738363,0,0.0,0.4178642234859757,0.5745495001609453,15,0,2
2025-02-10 16:00:00,43.06525437128367,37.47286698066876,201.69601535383313,3.3487636732808395,0.14856513311874883,-1.2668853175791688,17.93946412982432,0.21667873636785484,0,0.0,0.42704154011993783,0.568902625975169,16,0,2
2025-02-10 17:00:00,45.97802722754966,48.68987367592532,164.25507693305008,2.926498395616103,0.07719308277754981,0.4720144566173008,18.43060966848985,0.17396283684949998,0,0.0,0.47802451936226714,0.3483002263590159,17,0,2
2025-02-10 18:00:00,34.70307547581214,36.26999498625544,231.4182646484471,2.1213995518093127,3.656792283303284e-17,-1.9260303931699687,21.942814587585545,0.24690809909686903,1,11.896175754809898,0.2806762675476717,0.744026428768043,18,0,2
2025-02-10 19:00:00,42.22566998337134,30.05135643293007,181.36741953448654,2.357855354916,0.0,-1.8813362763737298,22.538655353263717,0.23631876978715016,1,11.96789716512482,0.41234608821436386,0.4491263274172932,19,0,2
2025-02-10 20:00:00,45.53859327366627,33.74444414254381,179.0931252392635,2.2103993312886407,0.0,-2.9913515413378255,18.912079369019995,0.22445401717583016,1,10.785135629873436,0.4703329988576674,0.43572616171308537,20,0,2
2025-02-10 21:00:00,43.361395920212345,30.070808774233324,149.6819015794482,1.1805039266689041,0.0,-3.081752530756358,23.621915846577092,0.18431364683167795,1,11.153840037750097,0.43222497844034874,0.2624349252038769,21,0,2
2025-02-10 22:00:00,30.427361770533366,23.20225905816447,160.92054018772782,1.5531781193634948,0.0,-3.9517635025532534,19.89779932607188,0.15567799743022914,1,9.640183177609249,0.2058373996237856,0.32865310108242296,22,0,2
2025-02-10 23:00:00,24.303948695057972,16.951066026967975,171.94940240688143,1.5992886462441864,0.0,-5.6043091726180165,21.104369170559785,0.18364009582855215,1,7.175839595585265,0.098657795471823,0.3936352722886524,23,0,2
2025-02-11 00:00:00,35.288101395945205,22.847778012863333,174.88013723963707,1.3179328414979832,0.0,-3.4202970604644793,17.2782708044047,0.18767298601458227,1,9.956702386528326,0.2909161200230221,0.4109031924854832,0,1,2
2025-02-11 01:00:00,34.840177920513284,23.26195475897863,174.62069714692942,0.942524660461885,0.0,-4.801116478925523,18.30752874871657,0.16274328109029407,1,10.303191105753578,0.28307600533609356,0.4093745687537614,1,1,2
2025-02-11 02:00:00,34.165030911445264,19.55896535333476,134.87067472209546,1.8927532230311477,0.0,-5.557253194123133,23.667774376346937,0.16206408043257936,1,10.064385450348967,0.2712587412899841,0.1751670221061934,2,1,2
2025-02-11 03:00:00,37.118989570703775,27.289068015657303,175.99928703878774,1.3385609977367028,0.0,-3.945037389671053,26.446826824138792,0.21681083300081316,1,8.979563552736398,0.32296260576527264,0.41749723477277617,3,1,2
2025-02-11 04:00:00,39.31923474531935,20.93481324626056,130.45646915464494,1.8071987788844233,0.0,-1.3878430329668663,23.626183830543553,0.17324024254932968,1,4.508023500107502,0.36147403786137616,0.14915847687063832,4,1,2
2025-02-11 05:00:00,32.88250648988147,22.548201084281732,114.3159761171553,2.5825405608740297,0.0,-1.3078332962714674,16.694393141142406,0.21780107046877922,1,5.360321193142515,0.24881040110386002,0.054058523577759386,5,1,2
2025-02-11 06:00:00,38.70676160753867,34.50372543544087,181.4093635118108,3.290372790688692,0.0,-1.7232392615863918,17.661082046904255,1.536226010847023,1,6.130844759460082,0.35075376998920627,0.4493734617690871,6,1,2
2025-02-11 07:00:00,47.49517957640071,44.97462390549859,142.37098613227863,3.706480897515812,0.07916916111109433,-0.9403710685217179,20.900544126782968,1.801097887369499,1,7.200546434484637,0.5045796098295964,0.21935893514960092,7,1,2
2025-02-11 08:00:00,53.16830996070908,42.99313992883739,139.72093543114764,2.802651305870394,0.15413250773878076,-0.182183074901679,23.925381264142136,1.7228774082783955,0,0.0,0.6038778053617404,0.20374480878332757,8,1,2
2025-02-11 09:00:00,42.25934812052186,49.85449924306901,230.7083965271274,4.0413407336742475,0.2207861729113444,2.8445486238088225,17.786788842969713,0.16513720326592854,0,0.0,0.41293556492675887,0.7398438783945939,9,1,2
2025-02-11 10:00:00,55.57782477005263,45.539995153524934,229.18108304969866,4.495190905352106,0.2700694012960573,1.6335261215761325,23.91497457629547,0.21101615477633923,0,0.0,0.6460521353114937,0.7308449314584816,10,1,2
2025-02-11 11:00:00,58.29074857894035,36.04822051775975,166.90493512117695,3.9645545108926887,0.2973715640106618,1.9883735826639573,21.71929746131357,0.2153126749352159,0,0.0,0.6935371075560693,0.3639132184366614,11,1,2
2025-02-11 12:00:00,73.70466245266655,65.05003336502051,244.35915439658055,3.6309860454367504,0.30049433217753846,2.697883742941638,23.882703376986054,0.23620544973349286,0,0.0,0.963330630719646,0.8202742861139917,12,1,2
2025-02-11 13:00:00,45.04892490830122,33.75680383170194,256.2425696595996,3.905649299881216,0.29068017512949257,1.811218589172567,21.4720559975729,0.21409567626400108,0,0.0,0.46176221310163856,0.8902914927661105,13,1,2
2025-02-11 14:00:00,45.23963799997104,45.03389665045396,264.5831831700828,3.004973359743068,0.26167931966125324,1.0207435056176166,21.813677970970453,0.16407142175425646,0,0.0,0.4651003112210736,0.9394344745473086,14,1,2
2025-02-11 15:00:00,53.536918793196136,57.15631721614338,223.4136036879626,3.231894752331418,0.2127489806250484,0.6137432461721264,18.052706466020457,0.17584492288458106,0,0.0,0.6103296563582229,0.6968628829148115,15,1,2
2025-02-11 16:00:00,46.926510674927826,47.56089930834431,236.47130290918065,3.3676411945671845,0.15088800925442536,0.12424062306837577,22.831307059391946,0.21375989537603834,0,0.0,0.49462605827229544,0.7737989828942851,16,1,2
2025-02-11 17:00:00,60.460993200871314,39.72354539286238,235.5944298028889,2.4700992442047722,0.07853548417833953,-0.5578482723991268,24.04611486277725,0.24119423743936663,0,0.0,0.7315234326046091,0.7686324374078221,17,1,2
2025-02-11 18:00:00,47.4849623167488,32.8899877578758,218.8638935156107,2.91549812632959,3.754234865098786e-17,-0.5623728693431885,24.305730780142927,0.2391528966810329,1,13.496617767938687,0.5044007746225784,0.6700559431341109,18,1,2
2025-02-11 19:00:00,42.850016995743054,22.67564469445866,204.32785437953308,3.0389370873658406,0.0,-2.0074270960103813,15.689922501579918,0.1859186140708775,1,10.767554565882179,0.42327418743201556,0.584409448959888,19,1,2
2025-02-11 20:00:00,56.1983237822929,41.164385954465075,184.28033275000953,1.5327085372113234,0.0,-2.0431833982173657,21.84828799302967,0.23306733097204582,1,10.770886041062546,0.6569128820370335,0.4662892424595422,20,1,2
2025-02-11 21:00:00,44.06326694802179,29.21347424272633,167.8825213270783,1.6687985364986824,0.0,-3.470762227064991,25.70006014939634,0.20112878980093163,1,13.851511493549317,0.4445099995550654,0.3696731665562786,21,1,2
2025-02-11 22:00:00,33.531719764159675,29.232395831462142,199.69000156518646,1.4795979555122198,0.0,-3.7810623550909686,21.651749936736227,0.19643427730222102,1,11.390157995627833,0.2601737406156135,0.5570831718133871,22,1,2
2025-02-11 23:00:00,30.916938065768317,13.555903389335702,139.39343646441506,1.8794670740638468,0.0,-6.150489734457748,17.440185516891006,0.18508871369210603,1,5.607117026854757,0.21440657385369702,0.20181518145612057,23,1,2
2025-02-12 00:00:00,28.30384265490284,28.335958180961104,115.43456727516029,1.4030819419474962,0.0,-3.331068343366047,24.964884953485633,0.21782027941643003,1,12.297074289250709,0.16866892259682367,0.06064927434559634,0,2,2
2025-02-12 01:00:00,32.45005830007376,23.976147824783666,160.09617281039823,0.8328084950311333,0.0,-3.7915636817139395,18.63937638132093,0.20995976131592933,1,7.499594409939148,0.2412411541449286,0.32379591989854445,1,2,2
2025-02-12 02:00:00,34.32345496368938,20.181725268920374,119.9677064508646,1.5542448504248443,0.0,-2.833213658244215,16.415768007837848,0.18746638355378856,1,7.621770247526465,0.27403167641593196,0.08735857764124395,2,2,2
2025-02-12 03:00:00,45.90332453269348,29.562456470362296,143.6737821060435,1.8073301308367304,0.0,-6.243590377506202,20.61170924871885,0.22628381871361328,1,6.290071784053094,0.47671697973280186,0.22703502261281627,3,2,2
2025-02-12 04:00:00,32.836759192732096,26.327372170887127,115.98204343857479,1.8526217935577387,0.0,-0.630501274640296,17.149332482233188,0.18793454807970478,1,4.086846641586746,0.24800967491749024,0.06387500960961535,4,2,2
2025-02-12 05:00:00,41.48696330818952,27.978698650763285,160.76434768865596,2.2692676293232164,0.0,-2.127778294890395,17.350095071937105,0.20843872943494146,1,6.7978632017014045,0.39941632370974517,0.3277328132490878,5,2,2
2025-02-12 06:00:00,59.555875428391104,32.63465266920402,195.52059231225775,3.074172700755565,0.0,-0.09639849871079975,21.105358334791458,1.419287182567415,1,4.517207755302378,0.7156809337612979,0.5325169690157748,6,2,2
2025-02-12 07:00:00,54.50947135196399,33.88145196495042,188.53785790939008,3.8084580714427907,0.07899947450887305,-1.4608741269796337,22.69334969442122,1.2126574994721906,1,7.60497112900517,0.6273524828409232,0.49137462509685725,7,2,2
2025-02-12 08:00:00,52.958925644448776,43.94246418748444,154.3081300403952,2.250544448341507,0.15389886786454846,0.9225103108138889,25.77739930528116,1.2458957817427203,0,0.0,0.6002129002090422,0.28969271153892645,8,2,2
2025-02-12 09:00:00,43.264071996464864,38.215655095858416,235.1939758599609,3.0735880799860342,0.21879641064276287,-0.11519131600842392,23.544993133099382,0.2156738872309356,0,0.0,0.4305214938814598,0.766272958600084,9,2,2
2025-02-12 10:00:00,45.42818196929285,38.55181731947702,180.70869310245482,4.312578297211943,0.2674139898098127,0.7983844053717056,24.89015848599353,0.2311223389192259,0,0.0,0.4684004426588964,0.44524510441044346,10,2,2
2025-02-12 11:00:00,68.86201620268638,54.12507064531656,201.68322057413252,4.424120478731324,0.2960232389336036,3.6430649881206234,20.197437906821083,0.19684629644987695,0,0.0,0.8785686031178145,0.5688272389997467,11,2,2
2025-02-12 12:00:00,66.56179862502852,55.87407970079214,214.43893382109036,4.329605166258117,0.3040532666602648,1.6477585011662443,19.095212799038727,0.1825587191125705,0,0.0,0.8383073294787474,0.6439840344697145,12,2,2
2025-02-12 13:00:00,51.983146318854196,42.593054679462085,272.2816781085464,2.7742857131484384,0.2945036362867762,1.9608417426937783,21.839406071738928,0.18364974813474896,0,0.0,0.583133594833457,0.984794087006038,13,2,2
2025-02-12 14:00:00,47.48122152405351,41.10716400402092,172.57805407911016,3.789100538298224,0.2620300040738072,2.3209715598811327,22.778308012050964,0.2097647296541009,0,0.0,0.5043352986085722,0.39733929449711775,14,2,2
2025-02-12 15:00:00,42.60887665074522,49.010151808381146,240.14307835790635,3.425856602801644,0.21642386529927551,1.4770318113365608,21.351011192253804,0.19676894468912853,0,0.0,0.4190534487029157,0.7954331221281173,15,2,2
2025-02-12 16:00:00,47.23535045599686,45.48325523816835,199.82336758115653,3.870464821990225,0.15501966597472466,0.5176561779808004,18.1454433138373,0.15007387055240248,0,0.0,0.5000317568709953,0.5578689657702477,16,2,2
2025-02-12 17:00:00,54.04184552015538,57.05935682436057,164.37016944033468,3.373924081455947,0.08010763181232157,0.015868831003607475,19.18059718986784,0.22714719747262385,0,0.0,0.6191675129676328,0.34897835261214233,17,2,2
2025-02-12 18:00:00,37.94491023383099,31.208660921012257,243.50316576328566,1.9231332337435134,3.826293787048821e-17,1.285085422509361,19.970123237073054,0.16423179378247604,1,12.398723159777678,0.3374188981374851,0.8152307921602134,18,2,2
2025-02-12 19:00:00,31.738134595770518,25.407567095229954,198.90515141407926,2.5392031095746885,0.0,-1.945181231094079,15.532955385728073,0.21748100815949778,1,10.449632144025033,0.22878017856266367,0.5524588265385036,19,2,2
2025-02-12 20:00:00,48.6498321155628,30.340406017197676,202.8166206829898,1.9158503108345417,0.0,-2.402775671844164,24.473057035672433,0.18442139117448905,1,10.972712451644732,0.5247897770280331,0.5755052442604357,20,2,2
2025-02-12 21:00:00,37.933335064293495,29.83847347821972,147.6257912705173,1.4776485076790111,0.0,-2.167304373419258,20.764236340182887,0.2078002586265674,1,8.871999637315602,0.337216295099975,0.2503203018221647,21,2,2
2025-02-12 22:00:00,30.214578814163147,26.91457940132917,180.9232738103539,1.7577229999211748,0.0,-2.5819467027956113,23.35443570238362,0.23551173764867459,1,9.205732195078022,0.20211300723788178,0.44650941617907136,22,2,2
2025-02-12 23:00:00,25.97325991259845,14.455232709357801,176.63317413275456,1.888774903146467,0.0,-2.7928958911906765,17.446888008173993,0.16542725967412855,1,7.223956842676606,0.12787616001740432,0.42123210414071827,23,2,2
2025-02-13 00:00:00,39.599228545059084,22.79426876508794,140.33169958207225,1.2575594875321408,0.0,-3.4361650880174115,21.594758759911723,0.22776352070368622,1,12.212042906003413,0.36637483815872973,0.20734343752973475,0,3,2
2025-02-13 01:00:00,28.915550316295324,17.97814810616899,146.44895718783565,0.8523757968980573,0.0,-5.108418596217787,25.631359539221314,0.15383084497847968,1,8.580524578736863,0.17937579214762223,0.24338638313476496,1,3,2
2025-02-13 02:00:00,39.78043494156205,22.525908314002674,173.03107744506883,1.2332606568120126,0.0,-2.0250160843910967,18.214190846618745,0.24213685806594212,1,6.57962691091987,0.36954653825598044,0.4000085128935561,2,3,2
2025-02-13 03:00:00,48.09003420472883,39.22079815345276,165.87033238882597,1.1560813233733545,0.0,-4.32076665251871,19.707794467785916,0.17015865312514503,1,9.56622731339498,0.5149914966003123,0.35781732834862445,3,3,2
2025-02-13 04:00:00,26.451759940304303,26.878830276721676,141.35071430739987,1.6133737025470136,0.0,-2.2431892749261024,20.236227256273118,0.22944136944198734,1,4.874416932743813,0.13625146361428517,0.21334748291783556,4,3,2
2025-02-13 05:00:00,28.98737095075218,21.134325890559673,164.1999502099183,2.6780613666919875,0.0,-2.5692758670829283,20.22947082052852,0.15672204932382294,1,4.4306154902860175,0.18063288636552796,0.3479754191314521,5,3,2
2025-02-13 06:00:00,48.42669584531816,35.411241044081294,182.73851814420107,3.2624880061983847,0.0,-1.0953936910528286,22.581692887266875,1.370286315664389,1,6.052104946890325,0.5208841680446135,0.45720485472379624,6,3,2
2025-02-13 07:00:00,50.98851083164452,32.238253255137096,129.2990872567561,3.1669678038245914,0.08181140889891374,0.08125741358576466,20.341897986732043,1.6001605464398683,1,9.067549862354293,0.5657242454264106,0.14233917065888893,7,3,2
2025-02-13 08:00:00,44.81041045269497,42.65993599140116,187.95293879627434,3.3723197426153204,0.1587143909870458,0.8046939672457025,23.298268818970882,1.619118505089514,0,0.0,0.45758743595998475,0.48792827558273666,8,3,2
2025-02-13 09:00:00,50.42173074747281,45.44941956076127,236.46844167221107,2.64679786400124,0.22512225433997796,1.5338824010422314,21.18870746360342,0.2198809593319674,0,0.0,0.55580375430259,0.7737821244562229,9,3,2
2025-02-13 10:00:00,57.04626716373769,57.502167491817524,244.71806498263314,4.482959504255679,0.2768879734349399,3.2097389989843164,17.61227547065878,0.18508590752200227,0,0.0,0.6717546434609877,0.8223889910297983,10,3,2
2025-02-13 11:00:00,41.804229508275135,51.86479574548163,242.90532392561903,4.785125407404779,0.3078385402957199,2.356579174391204,25.868400495593985,0.21660082278874626,0,0.0,0.4049695119916468,0.8117083018182785,11,3,2
2025-02-13 12:00:00,74.90441828670939,53.381427413740234,172.37971255311683,3.7327038519863285,0.3155502939933019,1.7684322905056682,18.264921606197166,0.19285014352626983,0,0.0,0.9843302519744533,0.39617066415762364,12,3,2
2025-02-13 13:00:00,43.67749089160308,46.640241533544454,272.6449117428707,2.8083600152428914,0.30371170951976323,2.8817807573203114,21.522482618879895,0.20659199217467428,0,0.0,0.4377576664185241,0.9869342633673431,13,3,2
2025-02-13 14:00:00,61.47201631042609,45.78948589943266,232.0491968451744,3.1338867265012174,0.2716881106926442,2.8147956436236816,16.1922006403783,0.20472264898017378,0,0.0,0.749219618593524,0.7477438878506358,14,3,2
2025-02-13 15:00:00,44.39186676771446,41.306399769391206,188.34577393766278,2.5102327644067204,0.2217789369248485,-0.07170005001055246,24.967971693026342,0.16681398661616964,0,0.0,0.45026156296667347,0.4902428643323535,15,3,2
2025-02-13 16:00:00,43.923588871808626,43.935715571694004,233.3436204624705,3.558469239779542,0.15504552498679902,1.1393316109026224,24.96828233787948,0.234659825966712,0,0.0,0.4420651798552165,0.7553706453022289,16,3,2
2025-02-13 17:00:00,46.90338323593798,47.537368399105844,245.41339640261972,2.7186933667201543,0.07995340863704456,0.5269111756433967,19.12745841881848,0.23671411451089297,0,0.0,0.4942212530230941,0.8264858910074016,17,3,2
2025-02-13 18:00:00,55.34241234473681,35.343164166417345,161.23277608476357,2.4558406519589506,3.776434291410154e-17,-1.2409268146572214,16.61504665149087,0.17037253605899488,1,8.665577515988426,0.6419316537684704,0.3304927982438102,18,3,2
2025-02-13 19:00:00,28.541129979432984,24.883433079366327,229.9878371519578,2.1239123289637782,0.0,-0.3367526126942111,23.286674151535408,0.1916533487345876,1,10.570458600779972,0.1728222209616322,0.7355983350419706,19,3,2
2025-02-13 20:00:00,51.82841159136065,33.57763676555323,217.81838532770956,1.6889852419642537,0.0,-2.578691230997491,18.122114203978466,0.19648757704059672,1,10.400486876391792,0.5804252348654284,0.6638957979882484,20,3,2
2025-02-13 21:00:00,43.09407572092973,24.624115102925646,128.37752831246974,1.2741802975438423,0.0,-2.917007264975257,22.71744663287788,0.20489220167912903,1,13.355245397609036,0.4275460072868781,0.1369093357489697,21,3,2
2025-02-13 22:00:00,37.7226608302712,19.83750384186489,192.02552973307152,1.1997985145299879,0.0,-3.685033522894676,25.057162545121113,0.15222726050741522,1,12.115093314694715,0.3335288121996361,0.5119240238520629,22,3,2
2025-02-13 23:00:00,23.177883284641663,21.6836124166804,185.61038179528674,1.997051942866467,0.0,-3.7887004161575826,21.812253659966032,0.2258815134585405,1,5.535486096029618,0.07894799581433912,0.47412590530430826,23,3,2
2025-02-14 00:00:00,40.55556952483008,26.72535211782887,111.7586585407126,1.2674957787014907,0.0,-4.995387958423685,24.792993865604718,0.23619583074243622,1,9.062367710969149,0.3831139093895559,0.038990781749187305,0,4,2
2025-02-14 01:00:00,35.075465132655665,23.450364715201204,126.81433734503389,0.8924065497211839,0.0,-5.2295465124904315,18.220401715158285,0.16421938777798917,1,7.85017678447007,0.2871942952421655,0.1276989982675987,1,4,2
2025-02-14 02:00:00,32.6350592606281,25.48817625271433,131.11752547712885,1.6775538322018895,0.0,-1.887888975305779,25.610826733790965,0.23966289517716619,1,6.9729383275983965,0.2444792714294476,0.1530534276163288,2,4,2
2025-02-14 03:00:00,41.07758048728657,35.02948330667435,130.68232134700085,1.2027331595745332,0.0,-3.845193595659133,18.434998313873464,0.23509122164102902,1,8.670468555077065,0.39225079557205933,0.15048920034322702,3,4,2
2025-02-14 04:00:00,40.98874023503241,30.55420081585963,164.18320754017165,1.5374420912532518,0.0,-3.360892734106481,18.494547867600772,0.20422567499970748,1,6.3203371496494585,0.3906958028005449,0.3478767711467092,4,4,2
2025-02-14 05:00:00,45.094858964661015,26.427705974148118,140.95183606474484,2.4522473819654573,0.0,-3.7919305225086695,25.56331747618578,0.1774731710062316,1,6.164162397236397,0.4625662081803725,0.21099728815253743,5,4,2
2025-02-14 06:00:00,47.784102978574985,44.7063714256728,196.52630479157938,3.397007063918049,0.0,-1.4936223221283058,22.090212455096093,1.2806172557102633,1,5.307109543690452,0.5096367071531953,0.5384426374316901,6,4,2
2025-02-14 07:00:00,57.31897046590715,39.691136929685456,211.63430410104237,2.9375074761600257,0.07883626875933242,-1.3938649490926824,24.699409456543048,1.4918440821467789,1,9.470706084788697,0.6765278363874158,0.6274591269120042,7,4,2
2025-02-14 08:00:00,41.927497217427074,45.34526971495004,163.5136983635622,2.8550584658108864,0.1521790437585747,2.302216733055422,24.674635275204324,1.5054031095829812,0,0.0,0.40712709700327016,0.3439320160963632,8,4,2
2025-02-14 09:00:00,51.67401509923503,54.41751044848218,191.19038564350825,3.6629934911455315,0.2188870441317281,2.2987784463744436,22.922626586507967,0.2151868345446477,0,0.0,0.5777227951141805,0.507003346167322,9,4,2
2025-02-14 10:00:00,44.35877389935861,55.38672456948505,205.77058403000078,4.190396412245551,0.26263567288303563,1.0850118930148895,17.94640830088661,0.23016374547923305,0,0.0,0.44968233035784644,0.5929100271054902,10,4,2
2025-02-14 11:00:00,47.56808761773854,34.95752729556597,216.55345153479968,4.788247639609972,0.2884495674461221,4.332749893401792,23.158826289031364,0.24344998699648973,0,0.0,0.5058557371974168,0.6564427948894642,11,4,2
2025-02-14 12:00:00,65.45970141021536,47.56896299414015,201.14106149706518,3.5512502001166224,0.30063523880272064,3.1717582436836795,16.41816400102336,0.22962808938631865,0,0.0,0.8190170510401197,0.5656328320639328,12,4,2
2025-02-14 13:00:00,50.70547667507744,33.065668807328485,182.12393817573067,3.051799060375793,0.2840145796306451,1.7704005608674496,17.74697316483485,0.24090453225361042,0,0.0,0.5607702290162095,0.4535837431406172,13,4,2
2025-02-14 14:00:00,44.02640361869052,40.58049495967496,171.00165959042405,3.631373062815639,0.2505800468246778,-0.696407771718508,22.232710260832274,0.19993684994200303,0,0.0,0.44386477164103283,0.38805116173085147,14,4,2
2025-02-14 15:00:00,52.50027101831667,47.26801622668231,175.60365315200804,2.429963671596262,0.20816861459292005,3.6246574678797616,24.856358208646096,0.15388845939190066,0,0.0,0.5921849555537669,0.41516615578612814,15,4,2
2025-02-14 16:00:00,47.33763704288939,37.99856479023856,257.70779565627055,3.2072359835922915,0.14718891745747448,-0.6696995453165631,23.3609385804949,0.15518301805066245,0,0.0,0.5018221041426998,0.8989246196181382,16,4,2
2025-02-14 17:00:00,67.24732114274968,51.40897887306634,185.41205540057373,3.4237147130478895,0.07812835653073519,-1.6415847745418493,18.798301895032086,0.17684875256648308,0,0.0,0.8503061986030401,0.4729573641184756,17,4,2
2025-02-14 18:00:00,52.18110269777284,32.056296387554795,157.68229832110444,2.7161448584755514,3.6653455011600343e-17,0.25741672687019224,23.817943251893123,0.21139862169549561,1,11.248845574568438,0.5865984739899573,0.30957334623530425,18,4,2
2025-02-14 19:00:00,35.81328789955006,34.88158399205058,202.10987154065,2.780652102065173,0.0,0.9056365618851023,25.303634062134087,0.18352241500467992,1,11.283460839776595,0.300108588482771,0.5713410709436614,19,4,2
2025-02-14 20:00:00,58.472250801203884,32.687042177994925,141.77764361351566,1.7007221203183114,0.0,-0.8658853602598446,18.838849698282022,0.1666143704594806,1,10.312503127094065,0.6967139855643192,0.2158629548415661,20,4,2
2025-02-14 21:00:00,33.5093550883598,25.81571764898947,133.17757251810136,1.8090427758544783,0.0,-2.3000633413760996,17.41347560783063,0.23504950967123547,1,12.291566099680178,0.25978228619800803,0.16519124626428316,21,4,2
2025-02-14 22:00:00,37.64673632477693,27.87601797181569,169.72564046969774,1.3168773101213245,0.0,-2.7384623999920024,17.611712488213918,0.24849947719029217,1,12.588411840231583,0.3321998869182598,0.3805328437649731,22,4,2
2025-02-14 23:00:00,30.69237545807053,18.88801383560128,158.64877679158622,1.4383015319033878,0.0,-2.771985340026986,19.83043805350597,0.15166415266941213,1,7.59869060019183,0.2104759993352512,0.3152678474619957,23,4,2
2025-02-15 00:00:00,31.18457629983342,19.29164310848691,112.0337860283888,1.5181738559013729,0.0,-2.961172200857649,16.29939578163045,0.15894240923903508,1,10.952105494536644,0.21909111164813627,0.040611835775654845,0,5,2
2025-02-15 01:00:00,31.94477379823949,25.12796175634344,138.56948165632716,0.9784322389641544,0.0,-3.329158701184916,21.000069481441454,0.19993387554618502,1,10.123207735888837,0.2323970353139424,0.1969604311345164,1,5,2
2025-02-15 02:00:00,30.30581498458105,25.80468987745361,135.5037815534224,1.604254464249646,0.0,-3.1989140981423394,23.71817197970949,0.18376672478327893,1,9.804826718570526,0.2037099363539161,0.17889729415852473,2,5,2
2025-02-15 03:00:00,34.99485805950798,37.918305245261216,144.66302389793407,1.6092751663935332,0.0,-2.8814132993410397,21.678763095487017,0.22821512143919873,1,6.804760784516616,0.2857834098282093,0.23286364556662845,3,5,2
2025-02-15 04:00:00,34.45447120625754,29.14795298379093,162.64541656005312,1.72957623456287,0.0,-2.9439197504550267,26.47030915293213,0.21543022039703366,1,3.974871753685543,0.2763248859124745,0.3388160906554874,4,5,2
2025-02-15 05:00:00,45.034992541984515,28.681346894923237,135.23940421797894,1.8304090474556591,0.0,-1.739537207916187,21.07157273204816,0.15685103655253682,1,4.344884814893689,0.4615183514695196,0.17733958014111698,5,5,2
2025-02-15 06:00:00,47.8652348243305,48.71233665995238,154.62242268670482,3.063979144065035,0.0,-2.3678061484220168,16.267532585275443,1.5336624081539276,1,5.44609103144288,0.5110567777910918,0.2915445270884834,6,5,2
2025-02-15 07:00:00,59.523650002343125,50.12612080264281,194.47873214784494,2.870886878621186,0.07761053174342689,0.010829327582862758,21.162054223081626,1.3773994088710482,1,9.556953622151845,0.7151168842083967,0.5263783180623477,7,5,2
2025-02-15 08:00:00,56.17609908408132,47.34518890502833,218.0300751414512,3.4686853632536656,0.15141068270278382,-0.14831264689214063,26.039847560944345,1.8488344674794028,0,0.0,0.6565238776815613,0.6651430765783538,8,5,2
2025-02-15 09:00:00,48.415072372539456,54.24373172954981,227.59746614281883,2.745895514346826,0.2142065227835867,0.36558161179006565,17.038655308875246,0.1975279048831592,0,0.0,0.5206807195435998,0.7215142441289013,9,5,2
2025-02-15 10:00:00,50.67351525001621,53.51774349606735,197.76309520940418,3.278597814307319,0.266903245319879,2.1333985532439743,18.306529225667024,0.2427663709316303,0,0.0,0.5602108003374692,0.5457298194709888,10,5,2
2025-02-15 11:00:00,59.64996438605593,45.72942538652711,210.457279908752,3.9613669661736313,0.30241899587785265,3.652791037445022,23.406729531782688,0.15301745905407943,0,0.0,0.7173277959137102,0.6205240880968075,11,5,2
2025-02-15 12:00:00,61.24637960296793,45.2896950336192,217.76462699091482,3.515982191298815,0.3132647422165142,3.2889164320354185,18.838057198236605,0.1603274666430084,0,0.0,0.7452702438429663,0.6635790533072521,12,5,2
2025-02-15 13:00:00,40.24496607969444,48.7854266326272,258.9444721519433,3.423791688730534,0.3038414817607756,0.705470723476864,23.638457778245026,0.1886269037944338,0,0.0,0.3776773409452021,0.9062111304269288,13,5,2
2025-02-15 14:00:00,63.42010015218365,46.15802617008803,257.3933457631801,2.9096944801166846,0.2694296352185111,0.9942414097085751,19.912988963997886,0.2386956705855573,0,0.0,0.7833174089011297,0.8970718775689087,14,5,2
2025-02-15 15:00:00,62.14953382820632,42.20586937173224,198.0340486587748,2.462266225068058,0.21889223515592454,2.455489813749612,23.70281365213543,0.20446040794302356,0,0.0,0.7610783742362778,0.5473262800202321,15,5,2
2025-02-15 16:00:00,48.96789825825564,39.83998757526003,178.4578735222741,3.8803002459744844,0.15643423478903498,-0.08147870738929286,21.096925912988546,0.23241405248822244,0,0.0,0.5303569669020093,0.4319832519720637,16,5,2
2025-02-15 17:00:00,57.265996470539726,50.54498250037226,195.68042361645084,3.135039414165286,0.08036676032242944,-0.03955147183759439,16.233783819292412,0.17835296335948608,0,0.0,0.6756006195258638,0.5334586967268304,17,5,2
2025-02-15 18:00:00,35.19820814365497,35.824716188344276,178.84063832494013,2.5688046207961017,3.849623813356549e-17,-0.03370205258306991,19.332896611481,0.16114943029759743,1,13.107980354413028,0.28934269633305626,0.4342385061809128,18,5,2
2025-02-15 19:00:00,37.849357431050564,23.435498082984722,233.25643977238704,2.5484464336839303,0.0,-2.320928991321503,18.806411988637866,0.1746038820751996,1,9.153585309091175,0.3357464139442117,0.7548569757671211,19,5,2
2025-02-15 20:00:00,58.88200276514123,31.981509032432413,158.93241114947864,2.0843002352202173,0.0,-1.9631197035538706,23.755705310653447,0.21453034111177455,1,9.15523164547902,0.7038859749032687,0.31693902405648844,20,5,2
2025-02-15 21:00:00,43.583528718400494,31.047523852459154,142.60603519573334,1.6072580058425205,0.0,-4.0162034196604965,21.935593263258504,0.237141709921465,1,11.271495409820373,0.43611302340571717,0.22074384668261035,21,5,2
2025-02-15 22:00:00,31.907073181953884,24.0186269593658,191.95832500473725,1.6706997622850193,0.0,-3.752658374832458,23.62803338824444,0.19549993281843495,1,11.610932177937112,0.23173715216054883,0.5115280528918943,22,5,2
2025-02-15 23:00:00,25.276186428446177,18.0116270862057,120.34687880509544,1.5985525948492754,0.0,-3.1235615733926347,19.53643546537914,0.16936155300845068,1,6.266382714237474,0.11567511148852162,0.08959266510645021,23,5,2
2025-02-16 00:00:00,36.25098681065455,27.70978829721078,127.93524226928861,1.4407652957291615,0.0,-5.130905846069023,23.013304222658316,0.21376120459118592,1,11.408029097700625,0.3077697401071504,0.1343033817703074,0,6,2
2025-02-16 01:00:00,26.964120015024765,24.109641593445847,137.05925581342495,0.7082521444696529,0.0,-2.9875555159806537,16.5362391819063,0.1696933971228564,1,9.784412222504995,0.14521942793662443,0.18806216471922751,1,6,2
2025-02-16 02:00:00,26.406988851442318,20.503086012481095,146.65751647117773,1.6271980734077491,0.0,-3.140302030497828,16.32768673733596,0.20702877022583488,1,9.581590747420815,0.1354678242415147,0.24461521660711055,2,6,2
2025-02-16 03:00:00,39.73258041837581,25.574674450854705,129.18263162128716,1.483674764426104,0.0,-2.0837482410550026,19.08439536720829,0.16022917226858957,1,7.191521042940897,0.3687089287743461,0.14165301284028536,3,6,2
2025-02-16 04:00:00,34.91093470318462,25.744168265504396,145.08527265825572,1.306137534190119,0.0,-1.7833281400393677,24.36611167268588,0.23111350681407228,1,6.1987276966963725,0.2843144786947101,0.2353515396657303,4,6,2
2025-02-16 05:00:00,27.35309707752848,31.425026991908577,128.8697057384292,2.650534694969917,0.0,0.0881220039255548,21.84911291461948,0.23051666566984044,1,5.90076537240614,0.15202778906945638,0.13980925027523833,5,6,2
2025-02-16 06:00:00,39.10258889035448,33.32055985511289,165.94192961803884,2.49278505656271,0.0,-0.36665040312687525,20.519834249914,1.5309416235297384,1,5.129632499739198,0.35768203221189687,0.3582391799697756,6,6,2
2025-02-16 07:00:00,41.68962481249836,39.95637253339173,161.82792625417977,3.7391602121922243,0.07836570918707912,-0.13713152897773195,25.743406419558145,1.1536369546637302,1,9.809652828756388,0.4029635578324368,0.3339994292483444,7,6,2
2025-02-16 08:00:00,42.999476887408065,45.65323297794875,211.4333718541605,2.5357224988303098,0.15029485102619466,1.1458115561784932,21.404738310921584,1.3351390620991448,0,0.0,0.42589022065201965,0.6262752320180183,8,6,2
2025-02-16 09:00:00,56.346076700353095,56.40666867044648,182.33264158645784,4.064207754458878,0.2129679784772988,2.1958349917801137,22.56418395860069,0.1638284851264052,0,0.0,0.6594990376784703,0.45481342581301876,9,6,2
2025-02-16 10:00:00,47.79650799718174,45.053089238509564,194.38154178820503,3.5712063973132953,0.26068946056104275,2.1858608526698435,26.41192902295294,0.20234558380679524,0,0.0,0.5098538352429358,0.5258056714498307,10,6,2
2025-02-16 11:00:00,49.43273398669961,36.67706179788198,217.88357148867536,3.0160087837373095,0.28938805339248547,2.485007074672341,21.365974080380642,0.1601734302270932,0,0.0,0.5384931009103207,0.6642798755284319,11,6,2
2025-02-16 12:00:00,71.90821102937645,46.49771742196436,174.19942953075517,2.802801493195946,0.30264949484143594,1.8523649282401613,23.976777453442143,0.23697265059530426,0,0.0,0.9318868999026595,0.40689245556620757,12,6,2
2025-02-16 13:00:00,41.482911992775236,35.07005045617675,181.11839090460043,2.8504584976782668,0.29722917937236953,1.7969572626732322,19.971334707375185,0.23501642883772292,0,0.0,0.39934541254026407,0.4476590481330885,13,6,2
2025-02-16 14:00:00,50.74883966164406,36.114896089169285,251.92615219499643,2.495646593503185,0.26884490266867217,0.7652810961112706,15.93953191505755,0.16560980748356546,0,0.0,0.5615292220284026,0.8648591160522843,14,6,2
2025-02-16 15:00:00,67.67213812592306,47.23087508106986,193.86751011449758,2.642550064438452,0.21778006506383596,3.448442064419026,24.0992764794311,0.21948880350068986,0,0.0,0.8577418746765537,0.5227769914679309,15,6,2
2025-02-16 16:00:00,53.7016838197509,45.08195377859185,234.46278440399885,3.050491516022928,0.15676339128843547,-0.15857807466902352,25.13701911767207,0.21965032882875485,0,0.0,0.6132135791160969,0.7619647709165583,16,6,2
2025-02-16 17:00:00,59.94352111691014,37.51453496372404,166.35945615637138,2.592119769320365,0.08169833959025473,-0.3234173607636992,19.843893867247004,0.18967543960704383,0,0.0,0.7224659915280335,0.3606992506876734,17,6,2
2025-02-16 18:00:00,42.81761495182697,43.27902301453958,232.1846660318013,2.40172959342285,3.8377386442584924e-17,-1.1176256688737505,20.537271752914446,0.1652999091913159,1,10.945875906762945,0.42270704649315755,0.7485420737109387,18,6,2
2025-02-16 19:00:00,28.831959196689315,31.415232560944755,236.82054645601204,2.322806673386116,0.0,-0.27299491671647313,19.738804333462703,0.1632107722256833,1,9.346847229613985,0.17791267623504828,0.7758567295141906,19,6,2
2025-02-16 20:00:00,51.98567102457111,40.862261473897355,168.63218506870058,2.1453935537386335,0.0,-2.1786502457038814,25.67691510708069,0.22394759514842325,1,8.114794420375517,0.583177785378175,0.3740901931395465,20,6,2
2025-02-16 21:00:00,38.770235333831685,34.388216909011184,170.11632145430121,1.2362309421082647,0.0,-1.2495119053589936,24.810432837810872,0.17201774138570763,1,9.281527843234455,0.351864766221909,0.38283474020034897,21,6,2
2025-02-16 22:00:00,27.965912770449606,27.95359734210743,155.4169583871842,1.8939987696233695,0.0,-3.6397281991300003,15.988927512782155,0.21034537578449292,1,11.949649072847558,0.16275405276844707,0.2962259397212703,22,6,2
2025-02-16 23:00:00,24.415033636824713,21.79140729746936,181.61796952758397,1.8167100685427675,0.0,-2.9791670752329606,23.782232678050242,0.2365881616538295,1,7.1996208866811156,0.10060214251146458,0.450602570589404,23,6,2
2025-02-17 00:00:00,39.846506882689376,21.83726000277943,109.741238699033,1.4898895028428987,0.0,-4.187947876904336,22.058785818819793,0.20930994382003473,1,8.038728616657766,0.37070301168155095,0.027104123003990958,0,0,2
2025-02-17 01:00:00,24.986891572754146,18.636439758736024,152.20969942124378,0.6250275235359405,0.0,-1.0974409137957482,16.112671819522866,0.24739623410983494,1,8.654502591327953,0.11061151252270078,0.277328736448071,1,0,2
2025-02-17 02:00:00,33.0931054303845,24.8017296874271,150.6657790962473,1.6040246462951804,0.0,-4.122693610151149,20.662567952826926,0.21455018928287894,1,7.079468333742573,0.2524965661232246,0.2682319417929104,2,0,2
2025-02-17 03:00:00,38.854129589708165,32.13821141273933,133.0497648561287,1.4346516190919343,0.0,-2.140719712185841,17.613602194794783,0.18146031134312068,1,7.991005245722216,0.35333318800313374,0.16443820218713873,3,0,2
2025-02-17 04:00:00,38.384788264714985,21.254733923244466,124.96029555744018,2.056817137519082,0.0,-1.1876389830367797,25.43078134404499,0.23524673317659942,1,4.784229188825092,0.34511819143097755,0.11677496472081235,4,0,2
2025-02-17 05:00:00,42.22512476748601,30.83655633126015,131.96861290452586,2.830470406966486,0.0,-0.6762643769862937,16.24862564528955,0.18109123712700945,1,4.897180306041506,0.41233654516671264,0.1580680436138461,5,0,2
2025-02-17 06:00:00,55.36766534176771,30.907835856761643,184.0371296971113,3.0026480933751185,0.0,-0.4910791672326842,25.510887431867687,1.8536777846414374,1,6.389441086121254,0.6423736631825117,0.4648562875357003,6,0,2
2025-02-17 07:00:00,45.55175435024571,46.75840701791455,132.84253251502898,3.50379279255461,0.07978110308543492,0.3486650599104333,26.218228453701844,1.4832989587955852,1,11.614111398541434,0.47056336041593744,0.16321718707232277,7,0,2
2025-02-17 08:00:00,36.57730135631033,37.69663227962401,185.7441731646923,3.054152369884452,0.15611319708912397,1.2536655269000403,16.856898025135816,1.839935301196711,0,0.0,0.3134813038055864,0.4749142054480466,8,0,2
2025-02-17 09:00:00,51.05756706396578,50.5169185586446,171.96854945834986,2.4694454055640187,0.2205570912144588,1.692003121303594,23.700709634842504,0.16835982371214725,0,0.0,0.5669329536342663,0.3937480869155733,9,0,2
2025-02-17 10:00:00,58.080006055262984,45.58362851934778,176.52478124683205,4.008158602955443,0.2659463479067105,3.287476121810892,21.769479544309764,0.15113985052295995,0,0.0,0.6898484293651126,0.42059345212652216,10,0,2
2025-02-17 11:00:00,61.304345064768086,57.524791166221334,208.88180398935864,3.3137422822625546,0.29712298754784217,4.841662574218702,25.928708955433322,0.1696131295958655,0,0.0,0.7462848275683578,0.611241367550393,11,0,2
2025-02-17 12:00:00,74.81115256952697,48.534354218952245,257.339715149081,3.8808815006112383,0.30932971532811065,2.183716890623007,24.130571649774815,0.1598368368086868,0,0.0,0.9826977992025514,0.896755885431367,12,0,2
2025-02-17 13:00:00,49.2645790101358,50.239739963842176,231.54666645440642,2.7214901169207875,0.2999257483273027,1.2770350345261712,22.899358433076532,0.22339560224032456,0,0.0,0.5355498430242124,0.7447829735477528,13,0,2
2025-02-17 14:00:00,54.23241972535754,32.501466619039434,251.7471690530856,2.904087859944402,0.2661766493984086,2.2667118315442187,25.164663351861275,0.1764545655177468,0,0.0,0.6225031801230869,0.8638045455136768,14,0,2
2025-02-17 15:00:00,56.260198829466326,51.72871192972623,229.6436344387901,3.0149706532143417,0.22107880643848138,4.4658097527152165,17.140161038501997,0.21394741894562697,0,0.0,0.6579958961961616,0.7335702890665782,15,0,2
2025-02-17 16:00:00,41.71314981640047,42.2901954389708,235.85997410190112,3.0648391980062573,0.1538328346829139,0.46897317210046463,19.291422623001807,0.21686570401686123,0,0.0,0.4033753217580161,0.7701970271867462,16,0,2
2025-02-17 17:00:00,53.022321507335526,53.69084642167719,201.24505944096643,3.5295274763666877,0.0796692861321208,2.196094610953094,24.03511250880783,0.21882453404132698,0,0.0,0.6013225335794067,0.5662455890339083,17,0,2
2025-02-17 18:00:00,45.33620921914303,41.47240775547715,242.5981635208184,2.5065385894669894,3.828710132621988e-17,1.4660996719211996,16.416250935716224,0.23326081212627536,1,12.432813012271048,0.4667906210067682,0.8098985095100686,18,0,2
2025-02-17 19:00:00,46.4888592868021,34.08609910204478,190.53731075199528,3.062872538715959,0.0,-1.5337630780683145,24.984081792066018,0.16489658543924068,1,9.035396553913587,0.4869657384542941,0.5031554220961441,19,0,2
2025-02-17 20:00:00,45.213136474482575,31.071437294219837,184.65972023040865,1.8656995873537476,0.0,-1.1268459313620167,23.08804193005811,0.15504640314460863,1,7.090646665895007,0.4646364485065603,0.4685245974503753,20,0,2
2025-02-17 21:00:00,45.10198918242535,32.108185483315495,171.76490253457717,1.6196642823186067,0.0,-0.6808587951277434,20.020166933678198,0.15297051310375026,1,13.721542827501493,0.46269101013445907,0.3925481971170376,21,0,2
2025-02-17 22:00:00,35.46560207242241,22.514260734288168,145.2951216131935,1.832687585065783,0.0,-3.157239849903151,19.076734174031966,0.16037900038306652,1,11.978780351929506,0.294022957991822,0.23658797189656663,22,0,2
2025-02-17 23:00:00,21.681438514395666,13.687640669061016,131.32805045066723,1.5802726499084139,0.0,-3.2734893221776478,17.193259254210073,0.1879185535938139,1,5.880497496743483,0.05275535518511147,0.1542938429558096,23,0,2
2025-02-18 00:00:00,27.907965409554972,20.999614063946932,114.38552556463513,1.5813695795929608,0.0,-3.745902749648977,16.73357201143517,0.24673759386810712,1,10.04737864690857,0.16173978586765408,0.0544683096475848,0,1,2
2025-02-18 01:00:00,24.057954257725296,21.197748686942248,156.78389833333836,0.7686636747617336,0.0,-4.0688411686684205,20.32220880711404,0.18532250977875386,1,8.620882477597073,0.09435209437148459,0.3042799641387084,1,1,2
2025-02-18 02:00:00,32.95530795256088,27.576357333540475,125.24926842192596,1.2687741401071988,0.0,-3.395740613923201,24.89542148246614,0.19529229291033223,1,9.605693503101818,0.25008466299922577,0.11847759585182406,2,1,2
2025-02-18 03:00:00,30.15299101815207,27.498520344039648,133.5313146151378,1.1547612429844671,0.0,-3.4857221452836535,21.693614468705167,0.23143967200938353,1,6.685690547748902,0.20103502090645226,0.16727549838890868,3,1,2
2025-02-18 04:00:00,32.30976126028838,19.857730052116224,175.8791493602731,1.90374234739536,0.0,-1.5984475272997527,20.909498287315575,0.24185980194195433,1,4.390186456011167,0.2387855005735383,0.4167893823181503,4,1,2
2025-02-18 05:00:00,45.201019222225355,30.08390878681766,156.75628277238658,2.0006611772522267,0.0,-1.671025609741795,19.539211481609435,0.24714415031622036,1,4.455331784836075,0.4644243572619667,0.3041172529656005,5,1,2
2025-02-18 06:00:00,53.182566796016744,50.18973288068261,127.76624511231506,2.178884027188348,0.0,0.11713162929653102,17.81221154668033,1.7448384185012809,1,6.487928305353818,0.6041273462543604,0.13330764875908627,6,1,2
2025-02-18 07:00:00,55.18078360167644,44.84250078126805,195.0614049664775,3.085654976310384,0.07911625914780092,-0.8881466278962349,26.747355400522657,1.5018870435359748,1,11.230360850923525,0.6391026261514753,0.5298114323859487,7,1,2
2025-02-18 08:00:00,37.67013810639033,42.201316673633954,158.051753919851,2.6299147510613228,0.15489159599707722,1.7301234812330228,16.35052302293336,1.2971073358769365,0,0.0,0.33260949405383267,0.311750182475869,8,1,2
2025-02-18 09:00:00,54.47021183763881,47.56668370282108,195.36911315955743,3.5680031470925906,0.21689848880813378,2.862049116639891,19.344353795821153,0.20983669561516127,0,0.0,0.6266653139119767,0.5316244522684125,9,1,2
2025-02-18 10:00:00,47.59347980811951,52.62189210748857,200.99814748639906,2.92428550880635,0.26442185366882276,0.519502135046545,24.112156603428843,0.16967950467570747,0,0.0,0.506300182946877,0.5647907812227547,10,1,2
2025-02-18 11:00:00,66.62980783823963,57.489278685376405,181.00724252494686,3.2259386057758976,0.29632771525360085,3.1949625580176715,21.346600373701637,0.15557247322492118,0,0.0,0.8394977114537684,0.44700416072109417,11,1,2
2025-02-18 12:00:00,51.026132636528644,54.07494732518821,173.40536838813583,3.38573935637107,0.303857719316769,4.15876962896032,19.045476458550134,0.2419353935142664,0,0.0,0.5663827491244728,0.40221383903328073,12,1,2
2025-02-18 13:00:00,49.392985365693335,38.790021207349476,187.07258020955533,3.64018283696298,0.290839439505431,1.6272144038918737,26.012470608087746,0.19847903059160502,0,0.0,0.537797371026916,0.48274119360924916,13,1,2
2025-02-18 14:00:00,53.1035409340506,49.01973708920577,175.70715795203623,3.7272284317644884,0.2615274887444083,4.217709025076404,21.986385056620055,0.20082402238871366,0,0.0,0.6027441371683653,0.4157760071472611,14,1,2
2025-02-18 15:00:00,55.56632970937889,58.50268377186324,194.1090209334557,3.1176615176709412,0.2155864748379353,2.4953874348145844,18.531794016250206,0.2109219026063891,0,0.0,0.6458509344391161,0.5241999757317507,15,1,2
2025-02-18 16:00:00,58.88810397494794,35.25623418229988,268.01123766849753,4.016851909726187,0.15393533651575006,0.7580290488588217,24.145161236390095,0.1951408557439007,0,0.0,0.7039927658781501,0.9596326074003424,16,1,2
2025-02-18 17:00:00,46.81090709864262,48.05001948142264,198.08795065561768,2.76342023868159,0.07970275982636262,0.6917269486078181,16.92823955060612,0.194443046490122,0,0.0,0.49260262046202863,0.5476438711477302,17,1,2
2025-02-18 18:00:00,41.62379347457618,41.523920464856396,236.38883913350105,2.5976320416670635,3.745181688219709e-17,0.5373689493187872,20.126634266896264,0.24151453175644294,1,12.977308027909345,0.40181129574390456,0.7733131054680336,18,1,2
2025-02-18 19:00:00,43.47909883335421,30.131424070820096,195.03331656206018,2.6837858609803757,0.0,-0.7134014058783917,24.000715050310113,0.2316546128960062,1,12.379194067761327,0.43428516145961993,0.5296459352142109,19,1,2
2025-02-18 20:00:00,49.12593138742992,37.19825550436095,194.992477140036,2.2352544928445455,0.0,-0.9661802170563758,25.540681807893453,0.1712592198450756,1,8.37803672494797,0.5331230596053798,0.5294053089137634,20,1,2
2025-02-18 21:00:00,34.591068414842404,29.797425470209973,140.4974292797833,1.8141466427916821,0.0,-3.038911546523045,19.439224022861712,0.17917776292205598,1,12.277437266050216,0.27871578042896966,0.20831991863690758,21,1,2
2025-02-18 22:00:00,26.55956404766089,23.250987020279208,141.98446939375802,1.5441077228223465,0.0,-2.4176092545695074,16.995387710081168,0.21606226401293538,1,8.483322750449279,0.13813838540283974,0.2170815744955708,22,1,2
2025-02-18 23:00:00,28.038737388222863,16.589503595174506,152.50794452029035,1.684537319198168,0.0,-4.292356961507782,21.569019779470654,0.20710919190204652,1,6.776455548708644,0.16402871995311186,0.27908599968180736,23,1,2
2025-02-19 00:00:00,40.78443244864111,30.468456801571573,173.06029499851635,1.6501735240141695,0.0,-3.0840570308129975,25.661926900521724,0.22661593537709837,1,10.450466204203337,0.3871197533979194,0.40018066302315486,0,2,2
2025-02-19 01:00:00,31.071405138204472,22.881117595892157,109.05361521097105,0.6807577923796624,0.0,-3.7664769429036724,22.87904862070209,0.2227632621385486,1,9.93584361663828,0.21711024898946832,0.023052638241667395,1,2,2
2025-02-19 02:00:00,39.766109117667185,29.18529930080006,140.48439716960047,1.1973408194805342,0.0,-3.2903537031365984,22.335445105414347,0.22085472124462102,1,8.451170458223908,0.3692957898391617,0.2082431333078092,2,2,2
2025-02-19 03:00:00,39.959116931637645,36.924834199766224,109.62784406672588,1.4926250614200915,0.0,-0.833925321817474,19.317406413333963,0.23802179108805166,1,7.705429760334849,0.3726740530470515,0.026436000647937604,3,2,2
2025-02-19 04:00:00,28.76549921576163,26.49661958143749,142.22087791030475,1.4824372495098923,0.0,-0.3493335189429039,22.572604056501927,0.22665530942153161,1,6.300988508635412,0.17674941085347456,0.21847449594037505,4,2,2
2025-02-19 05:00:00,27.509322290005652,32.81423798358726,161.49139210561268,2.2501515584193754,0.0,-0.09990302594390299,25.614974489711212,0.17428473885398368,1,7.004894675201996,0.15476223736250402,0.3320165665355479,5,2,2
2025-02-19 06:00:00,52.773092748375596,36.11138870768559,179.57785531426458,3.4920767453558477,0.0,-1.0168320383068539,20.161904379524405,1.7796278992651593,1,4.008210659429594,0.5969602213526529,0.43858219636984497,6,2,2
2025-02-19 07:00:00,48.66890145840465,45.61616484862887,138.98621469402693,2.855883713834744,0.07783819541224914,0.5435992556548201,18.71223702019715,1.376649153850801,1,9.386632582450105,0.5251235524229044,0.19941582653841117,7,2,2
2025-02-19 08:00:00,53.09862021829877,40.266503901280764,149.99177551152133,3.1444023210359773,0.1508597739951185,2.8047232153128876,21.228944401151708,1.8081708633510545,0,0.0,0.6026580086710834,0.2642607056430733,8,2,2
2025-02-19 09:00:00,60.58728092782936,48.98023309164261,187.50364938870598,2.8494482961068983,0.21527897921018788,2.362742815285967,20.031638118441933,0.23242699647177867,0,0.0,0.7337338777301917,0.4852810577080724,9,2,2
2025-02-19 10:00:00,66.29088535010368,38.47202624098414,249.80364579790742,3.280975940442838,0.2667689412380218,5.025196445478348,20.930463680933947,0.1574085389556077,0,0.0,0.8335654678391582,0.852353286226754,10,2,2
2025-02-19 11:00:00,55.948740417459334,41.26837305244454,193.29268128296331,3.4442781474009587,0.296272436665496,3.4069762376065653,16.858412526028722,0.22712806145993084,0,0.0,0.6525443630565138,0.5193900939981116,11,2,2
2025-02-19 12:00:00,58.48850100056562,47.26386819730395,206.86322283441282,3.6845586940651516,0.31427433347886624,3.316025346019299,19.280204993870882,0.20001141137920686,0,0.0,0.6969984167979325,0.5993478663353217,12,2,2
2025-02-19 13:00:00,45.05585630780331,42.53700950803121,211.25221118956492,3.109941317118831,0.30180555645152624,2.7207376351962087,24.278213251947662,0.24771127582524632,0,0.0,0.46188353509081304,0.6252078314930448,13,2,2
2025-02-19 14:00:00,50.27583115425759,51.349992301679116,173.8770903492805,3.5575128601982113,0.2695026057761039,2.8717992043199305,19.715831508098674,0.19584189360090187,0,0.0,0.553250037861449,0.40499322974754737,14,2,2
2025-02-19 15:00:00,65.46627050594033,58.13171244697518,248.609125247356,3.2591459847580286,0.21823958180811473,2.1171431354969115,25.47663222088083,0.15670077477228028,0,0.0,0.8191320315372314,0.8453151586862279,15,2,2
2025-02-19 16:00:00,38.9793383641007,37.37717012630009,188.14374630967438,3.2121301813122223,0.1549721802503823,2.364516913447988,22.714641587713036,0.1793136563072788,0,0.0,0.35552474795676337,0.48905251544146505,16,2,2
2025-02-19 17:00:00,66.99155994200592,41.730372780247315,229.49459350744908,2.4542376023763643,0.07990087494348858,1.897688361436087,19.142770925775874,0.19302094239850634,0,0.0,0.8458295474421156,0.7326921383448911,17,2,2
2025-02-19 18:00:00,55.27931987550607,27.823086139557635,197.50898788355906,1.8868669713095525,3.77454191783933e-17,-0.6133348186442651,17.95455280727345,0.20919176779904017,1,12.136866283245281,0.6408273307718391,0.544232616457232,18,2,2
2025-02-19 19:00:00,39.794078773927794,28.13795750244524,200.99155312670595,2.5313293272211483,0.0,-1.9269046586969059,22.418638019799122,0.16521057839700476,1,10.055532257012189,0.3697853496074362,0.5647519271866758,19,2,2
2025-02-19 20:00:00,44.36545693759922,45.48813241615665,139.85744728454966,2.3491296720521544,0.0,-3.147284103038557,18.53544703245211,0.20150826272685318,1,9.945440173129056,0.44979930521881567,0.20454913804714267,20,2,2
2025-02-19 21:00:00,31.334609101975726,33.399306974625745,202.7255388721212,1.5300116755158815,0.0,-1.4162668592794452,25.053356515973054,0.19834728020896716,1,12.483202555010115,0.22171717266104185,0.5749685892809804,21,2,2
2025-02-19 22:00:00,30.849678879312986,22.809229022657224,139.50854155357706,1.5186999290260705,0.0,-3.49623472963861,16.769484769285707,0.2336662557837945,1,9.815713205287583,0.21322931978133383,0.20249338184179982,22,2,2
2025-02-19 23:00:00,19.287867274999748,15.841825329374627,164.61880158860552,2.1466463610574187,0.0,-4.837309014382776,15.952856734601049,0.18024029108153075,1,5.904062149968637,0.010860089458968998,0.3504432958225353,23,2,2
2025-02-20 00:00:00,32.584080348598995,21.03764769029423,167.01886149732545,1.1905148429074124,0.0,-2.389906333649725,18.070781142246187,0.19495174439738927,1,11.072234361043467,0.24358697500194376,0.3645844738329733,0,3,2
2025-02-20 01:00:00,22.82155818294611,19.814240190631246,144.1929628824185,0.7549048994476597,0.0,-0.17510186459461963,22.255809187781658,0.18886126636496264,1,8.268799327091614,0.07271114997715504,0.23009404116132917,1,3,2
2025-02-20 02:00:00,37.43625909235086,28.34688315654372,128.61338154550367,1.60887059641925,0.0,-2.366304964593242,24.80897127201641,0.21322313707591212,1,8.775912052327115,0.3285158521852811,0.13829898545752597,2,3,2
2025-02-20 03:00:00,37.08738540477592,34.35021999744972,175.1418864140948,1.3759548329278546,0.0,-1.0368163271095379,17.831584455336788,0.23361889846717718,1,9.919375062005688,0.3224094302809555,0.41244542135095613,3,3,2
2025-02-20 04:00:00,28.228684055792556,28.14221031747069,129.25609477853192,2.1192133783555094,0.0,-1.1639812977205954,22.34094575850481,0.21756241324381823,1,3.9967822682057976,0.1673534031631407,0.14208585852885863,4,3,2
2025-02-20 05:00:00,37.14406473582964,29.201618830104692,185.75029547277504,2.316350706860744,0.0,-0.61297632920497,17.66064003525397,0.19650489957160314,1,6.1808410595428045,0.32340150254377004,0.4749502781511145,5,3,2
2025-02-20 06:00:00,60.62414525130911,35.516817668010724,132.49793069477852,2.1796265098731027,0.0,1.1896330674630524,22.179170469553476,1.603372271288824,1,6.323736273556161,0.7343791230450495,0.16118678955383675,6,3,2
2025-02-20 07:00:00,53.60199810806088,36.883562159588166,160.25065847566768,2.589521134292395,0.0803130663229179,0.7649303061838,16.30752678803974,1.3666829717342386,1,8.207829069733846,0.6114687556023389,0.32470615104931655,7,3,2
2025-02-20 08:00:00,46.34288393759164,29.06442236137916,147.46460257325722,2.894491311785128,0.1557950978599131,2.054336160920932,22.052502732064372,1.2330748813226746,0,0.0,0.4844106960373481,0.24937057633700327,8,3,2
2025-02-20 09:00:00,62.85740715904337,52.639467096988675,142.9778114717385,3.337250021753747,0.22431290465773956,2.7381631253661594,21.586049149900262,0.18197179244476402,0,0.0,0.7734684551362104,0.22293435637778325,9,3,2
2025-02-20 10:00:00,59.61701605209171,54.11529525159152,176.0258540396475,4.519415482334879,0.2756750603570635,2.233336854840866,16.392759354649826,0.1943689565933453,0,0.0,0.7167510931258653,0.41765376781888736,10,3,2
2025-02-20 11:00:00,66.56406946965215,52.67052980549915,165.29548083589816,4.1492969027639,0.3058069357721682,4.2013820355911715,23.130543054462603,0.1939264933002662,0,0.0,0.8383470766303527,0.3544302970041175,11,3,2
2025-02-20 12:00:00,51.735593461088605,41.64888751439218,266.8358647897702,3.852531743425366,0.3166080294094337,3.144818544861338,21.758672793291556,0.2237601242477364,0,0.0,0.5788006163172323,0.9527072981418794,12,3,2
2025-02-20 13:00:00,59.483342622206706,45.78049836748247,247.24058561410237,3.0876257096024835,0.3085807412720793,2.4700316953860613,22.15514692743865,0.24363453609123945,0,0.0,0.7144113742265982,0.8372517088957178,13,3,2
2025-02-20 14:00:00,45.80396400724414,32.102585171341296,165.40752759542096,2.5768729642525847,0.27330406541074065,3.470811481246483,21.05890469511021,0.1888959402590266,0,0.0,0.4749778480337429,0.3550904776796698,14,3,2
2025-02-20 15:00:00,67.34587085185143,38.033131711284994,188.42648766764447,3.14215408437062,0.22008571362751347,1.5673088100268215,22.938136343044008,0.1586448518773107,0,0.0,0.8520311383842741,0.490718430471103,15,3,2
2025-02-20 16:00:00,45.00969465997523,41.99277260243629,232.89883616193714,3.953792870912761,0.15594644449341288,1.8808735949524003,20.824114377982628,0.15334131848187657,0,0.0,0.4610755564226694,0.7527499715651949,16,3,2
2025-02-20 17:00:00,65.61135096127424,45.691092722653664,197.71927165792485,3.3580141269969666,0.08013386339534173,1.128271528724295,24.848899341719214,0.1503952770498264,0,0.0,0.8216714104066976,0.5454716106486726,17,3,2
2025-02-20 18:00:00,54.6249075613697,41.95245560090038,233.18425630442272,2.4074940143689196,3.7075399249776515e-17,1.45507486728315,25.045970662880826,0.2438100151746316,1,9.054636165737195,0.6293729911875607,0.7544316700211328,18,3,2
2025-02-20 19:00:00,31.213721706153386,32.297730959869014,190.81539309826994,2.5878629365700805,0.0,0.0756712650853853,22.842391820813187,0.2495633351341769,1,8.053352495617291,0.21960125085869078,0.5047938861802875,19,3,2
2025-02-20 20:00:00,59.9397589157214,32.212824271059844,193.82862777591862,1.9771298087419846,0.0,-1.1393409747446734,24.8013391860135,0.15513840775563406,1,10.770258655724641,0.7224001407959044,0.5225478963235516,20,3,2
2025-02-20 21:00:00,28.837258994527815,23.865079083216287,177.8783014477097,1.1968790763242831,0.0,-0.9096072976925175,25.014768328973293,0.18582087039266396,1,9.090959437257537,0.17800543989926862,0.4285684072648475,21,3,2
2025-02-20 22:00:00,29.843822673124325,23.455201210199352,171.05351204989074,1.7584200738281488,0.0,-0.80565621107401,18.280734061237617,0.21693451372953365,1,11.038989002692682,0.1956235713720244,0.38835667696275605,22,3,2
2025-02-20 23:00:00,24.191173557931187,14.566779260455904,131.24160421116076,1.832072319042169,0.0,-1.9294840789816277,26.02489249527189,0.1678945399141676,1,5.026650531009058,0.09668386452735642,0.1537845008111604,23,3,2
2025-02-21 00:00:00,41.13772776785985,21.854227460058105,136.1497246686839,1.3324561811392044,0.0,-2.5708887109295255,18.558086703498002,0.20944371882052276,1,9.333758379992608,0.3933035682077125,0.18270319772965735,0,4,2
2025-02-21 01:00:00,29.14107756597014,23.867841733936878,109.60077591098154,0.8361895066928043,0.0,-3.782574537132684,16.042918402112168,0.23136173598395465,1,7.010653484745528,0.18332325103169414,0.026276514792020284,1,4,2
2025-02-21 02:00:00,34.6002034411681,21.417985769773757,146.13455602817461,1.3564111887326569,0.0,-3.227865270582206,26.16114023586261,0.2358086429711447,1,9.682614567436204,0.2788756730400736,0.24153392822340983,2,4,2
2025-02-21 03:00:00,43.476790006316094,37.3662987762332,138.48329460893194,1.4806206066250625,0.0,-1.9829300936643282,18.40375262158503,0.22064206771619144,1,8.683061879522372,0.4342447494924784,0.19645261615248963,3,4,2
2025-02-21 04:00:00,41.00160354734363,24.246716556631203,164.30770109579166,1.800813463303058,0.0,-1.6576019811293081,22.33449446729151,0.15817641772822297,1,4.233751831951987,0.3909209525176399,0.34861028847466363,4,4,2
2025-02-21 05:00:00,41.476296381152736,25.55539141481092,129.44252957531225,2.048059655489103,0.0,-0.5032180383736915,26.53863619886115,0.18483957845764834,1,4.487160182038404,0.39922961786396455,0.14318433429566424,5,4,2
2025-02-21 06:00:00,42.25365115100923,38.64238886558601,154.94496928542415,3.1590507845884424,0.0,0.5251654115443859,16.65659174968486,1.850507082578325,1,5.132139232468597,0.4128358494691043,0.29344497501171213,6,4,2
2025-02-21 07:00:00,44.026490581296855,47.16110233835606,142.56691041427806,3.122428400839172,0.07772292525244275,1.782975366606013,19.00503154107817,1.2695662974313038,1,8.015595159652689,0.4438662937689063,0.2205133230622755,7,4,2
2025-02-21 08:00:00,37.172746164867675,38.84485588026073,190.2581302723598,3.3633475527343424,0.1496475356123155,1.9146415884682138,22.599225495434382,1.4654445551785658,0,0.0,0.3239035206459166,0.5015104877987872,8,4,2
2025-02-21 09:00:00,59.20060997974754,34.78429065956706,223.4770220632731,3.821024672972313,0.21189886151096096,3.1012821385122065,24.156827130282554,0.18341769346558207,0,0.0,0.7094626352919381,0.6972365446434793,9,4,2
2025-02-21 10:00:00,44.782916420705,55.849169055115034,226.54432484489854,3.628634345518726,0.26141899881547953,3.164335452622037,24.51576849780189,0.17055382846929598,0,0.0,0.45710620116022443,0.7153091246192064,10,4,2
2025-02-21 11:00:00,48.91010021288475,36.36312299222042,254.5439967569741,3.350048908025353,0.29764114203809233,1.4324253007548968,25.184622606923902,0.18235360875520756,0,0.0,0.5293453135075291,0.8802834835108148,11,4,2
2025-02-21 12:00:00,72.47769567086411,64.51075552676961,265.26686673337963,3.9770261367138993,0.30728796481677634,2.5791134383710164,17.518578267558457,0.16895186738338866,0,0.0,0.9418547295579422,0.9434627452318297,12,4,2
2025-02-21 13:00:00,46.0649313963873,30.925174176910346,248.3753719003968,3.456895154876983,0.30161464613102434,3.2804780771612023,19.514391654826824,0.23772533541116464,0,0.0,0.4795456243898666,0.843937881528322,13,4,2
2025-02-21 14:00:00,52.55926751103845,47.1638262108888,196.54866939182847,3.359080775227921,0.264993160224031,1.9235138179410072,22.972887843770582,0.16744432837486847,0,0.0,0.5932175856667996,0.5385744098895798,14,4,2
2025-02-21 15:00:00,52.352843708391724,48.19717574696257,187.9471032772504,2.4025933162119264,0.21666901201158406,3.264730487692423,22.869140211559536,0.21235441683946657,0,0.0,0.5896044991115534,0.4878938926437937,15,4,2
2025-02-21 16:00:00,39.77769576440498,43.404829857525776,209.0119518901098,3.5637502388623554,0.1527062264415254,3.5825861761875357,18.59311880757701,0.24423156128110945,0,0.0,0.3694985937649298,0.6120082003388247,16,4,2
2025-02-21 17:00:00,50.36367550862165,36.36468747890996,259.7183739504617,3.0140320655798605,0.07866487194164508,2.555413121257265,18.50865549828507,0.24526457076278732,0,0.0,0.5547875991874083,0.9107709678941877,17,4,2
2025-02-21 18:00:00,42.30393783032746,31.494337852218322,191.26680208171553,2.2729251531163235,3.747899117114955e-17,0.3551149101323674,18.66158063888372,0.2100424668043393,1,10.032150206188254,0.41371602957732384,0.5074535926181237,18,4,2
2025-02-21 19:00:00,45.44463095920248,33.75026514403857,161.71118222326763,3.08808637434654,0.0,1.2911952815135412,24.53919898245555,0.17708959232689697,1,8.48992883190609,0.4686883533723308,0.3333115722007821,19,4,2
2025-02-21 20:00:00,44.19363002312923,46.59063240340431,219.9908590004917,1.940634591071444,0.0,-0.7660329161248535,24.778188625429024,0.17478978113176966,1,9.702165807070642,0.446791776500999,0.6766960355232303,20,4,2
2025-02-21 21:00:00,34.175050726183635,28.053858607540054,159.97038818158046,1.587720210932972,0.0,-1.8647284978172072,15.637902298562384,0.22474706794318502,1,11.309016828880026,0.27143412057014993,0.3230547955538452,21,4,2
2025-02-21 22:00:00,39.6436887017403,24.344036675376284,175.27191097821046,1.669402467745484,0.0,-2.609418028670939,18.934545062732276,0.24807073247870837,1,11.326545048186471,0.3671530352091153,0.41321152743864525,22,4,2
2025-02-21 23:00:00,28.10805982841158,13.99503067708164,173.5743983239014,1.4457181275479933,0.0,-2.589798454906751,19.743949328281307,0.1577594978951183,1,7.777501363495348,0.16524208766270376,0.40320976517748625,23,4,2
2025-02-22 00:00:00,37.91559749930244,26.677460512996298,170.29938046113807,1.5770172513957883,0.0,-2.7693354133199235,26.065047595698644,0.2289468581365433,1,9.479188664549975,0.3369058301401678,0.3839133257776043,0,5,2
2025-02-22 01:00:00,35.95838885961279,19.046808474916133,164.07154132144737,0.7401816354812328,0.0,-2.1001223302680643,25.821911400926343,0.162298537956513,1,7.862796990537828,0.3026483262515456,0.3472188326215101,1,5,2
2025-02-22 02:00:00,38.73702236380328,19.12555042086474,163.5372804099986,1.790867823849802,0.0,-1.8018609611679708,22.613454344784902,0.17981853470971287,1,7.953585837545035,0.351283431443987,0.3440709617598842,2,5,2
2025-02-22 03:00:00,37.79426645856972,34.6541325728524,153.21295991917935,1.6186124566234383,0.0,-1.4742258937721062,16.504218016351842,0.20666236519805917,1,8.50684187648946,0.3347821431119055,0.2832399577640899,3,5,2
2025-02-22 04:00:00,38.56331088439819,24.446189148849875,138.36947482444057,1.5417325345380775,0.0,-0.4106014268592287,18.123938307478195,0.17972246973231307,1,5.447365188892756,0.3482429167228985,0.19578198879533312,4,5,2
2025-02-22 05:00:00,36.48688693703996,21.195911211720674,164.4057522400454,2.2024173759062977,0.0,1.0750663255675397,20.77624067597039,0.21502611749467296,1,5.83813576863418,0.3118987580018681,0.34918800683910173,5,5,2
2025-02-22 06:00:00,43.56624082510577,32.55038895731031,186.93874672479308,3.134486666968783,0.0,1.6188529088283585,26.43463296765121,1.4378969059661166,1,4.865894762294056,0.43581042916013696,0.4819526453213901,6,5,2
2025-02-22 07:00:00,44.02468696261347,46.94136241179462,156.97819150579255,3.1673077029872174,0.07690207845161638,-0.030715672185837706,17.129487626254758,1.2893352998008656,1,9.112841211357967,0.44383472458777423,0.305424741536933,7,5,2
2025-02-22 08:00:00,40.10942843249206,30.11741736236694,161.6857191262836,3.0879863845661264,0.1492427150865479,-0.3677647904394834,24.555292033845618,1.523198060890813,0,0.0,0.37530499219201724,0.33316154336781845,8,5,2
2025-02-22 09:00:00,45.41233377000176,54.600618256121315,175.4773803670604,2.6995468972662904,0.21290896107288368,3.750232574366172,18.056477336120786,0.15240097351583615,0,0.0,0.4681230477313284,0.41442215522042114,9,5,2
2025-02-22 10:00:00,44.88283706413308,41.761991330850364,205.12833960293682,4.1607075388901915,0.26159751408700044,1.9342305948687766,21.33341801788981,0.2241078349912359,0,0.0,0.4588551367419383,0.589125916243788,10,5,2
2025-02-22 11:00:00,43.50459906821908,36.88954131898132,161.6748205591042,3.5968880240727756,0.2938470828441724,3.3844907041854313,23.949877380910618,0.20222888661055363,0,0.0,0.4347314983382384,0.3330973288963452,11,5,2
2025-02-22 12:00:00,72.48792976744086,59.77912718745324,244.5803061865558,3.769375908187491,0.3023755542713354,2.549815925003088,23.021201154376854,0.2446700317994948,0,0.0,0.9420338594657942,0.8215773147667368,12,5,2
2025-02-22 13:00:00,61.30223624744746,40.96826172505007,179.15686490314755,2.909179377586895,0.29224947508008153,1.8241810904253715,23.748100383965834,0.16027894692199907,0,0.0,0.7462479164204623,0.43610171647737905,13,5,2
2025-02-22 14:00:00,53.071055792519516,37.520401529487394,179.61225224625085,2.9209478840585095,0.26172816922851583,3.876382856646289,24.00352416609129,0.22322922382284435,0,0.0,0.6021755417515271,0.4387848634518055,14,5,2
2025-02-22 15:00:00,64.57287039856065,45.15147133590451,185.58557868084415,3.2121979036762514,0.21334966282193701,3.6257840544227253,18.64108228177995,0.18009503939538762,0,0.0,0.8034946298662946,0.47397976509536116,15,5,2
2025-02-22 16:00:00,42.54590086925684,32.92405853448477,222.8969075575856,2.966257749560283,0.14992197073391886,1.6772675444732517,19.168746788864645,0.18731486833446642,0,0.0,0.41795116812051986,0.6938185039264292,16,5,2
2025-02-22 17:00:00,64.93073689556203,50.00440704238105,185.9529039584206,3.829273526081592,0.07744277309787073,-1.0523330601876282,23.756089167555633,0.184848672228741,0,0.0,0.8097584551243808,0.4761440494613762,17,5,2
2025-02-22 18:00:00,44.483207963279256,33.79524114612669,186.80903289865523,2.678190951333257,3.6334011508951415e-17,0.22448655229758652,15.771091896149665,0.18580219178588275,1,11.276292374300516,0.4518603303636683,0.4811883701051066,18,5,2
2025-02-22 19:00:00,29.72793003447519,32.80913395620499,231.43556200658657,2.951561929118265,0.0,0.3945615226341243,20.66532086980775,0.19308349530771063,1,8.17853613721321,0.19359507403215215,0.7441283449825808,19,5,2
2025-02-22 20:00:00,39.757484280242096,41.464686652566975,211.24819619792865,1.9034374010597155,0.0,-2.1912085205221876,24.89021548978852,0.15210048509188645,1,10.800624585855843,0.369144827189786,0.6251841751204549,20,5,2
2025-02-22 21:00:00,32.89724860729363,29.742459780160452,199.52131382588303,1.1182260325105609,0.0,-1.1417642404583341,24.62092880062507,0.23467573566628694,1,9.016556591359846,0.24906843600843398,0.5560892618943049,21,5,2
2025-02-22 22:00:00,26.804679496910804,30.11760495056921,166.211346666079,1.6289271630238513,0.0,-1.808692007146352,23.90715335300185,0.2381795942671956,1,10.243611777733522,0.1424287013587165,0.35982658802635814,22,5,2
2025-02-22 23:00:00,22.51292714678105,19.11968495417065,179.51506805219321,1.6573892051111583,0.0,-1.5052893252124133,15.877811347496394,0.15395565349294738,1,7.8535088678279585,0.06730910509181744,0.43821225316696355,23,5,2
2025-02-23 00:00:00,25.734705360554084,23.45671291380703,165.6050065018503,1.3667374179732694,0.0,-2.058715650616712,25.07071432162708,0.22760031935908495,1,12.568329314544947,0.12370068105793872,0.3562540254556974,0,6,2
2025-02-23 01:00:00,25.4403374687777,20.24074722486832,173.39841654330323,0.88550562247428,0.0,-3.0406303899992224,25.478517789719614,0.1572272609705664,1,7.737860434083759,0.1185482874946168,0.40217287869103197,1,6,2
2025-02-23 02:00:00,29.795284530023718,19.91969520591529,109.5057883515341,1.7143119507937508,0.0,-0.5627719136728939,22.988994394127335,0.2307813598284605,1,7.463652947922519,0.19477399632299988,0.025716847101208425,2,6,2
2025-02-23 03:00:00,49.41939627842352,36.47162599847325,108.05270163395008,1.1731229826691267,0.0,-1.4325956412000846,19.206601985417226,0.2112987721822278,1,7.000452540256077,0.5382596477240493,0.017155245008151465,3,6,2
2025-02-23 04:00:00,28.829713717423065,27.836497794498605,121.74032504982158,1.9254164035078956,0.0,-0.6715240760323078,21.325069312925685,0.18063527616710548,1,5.656337845026468,0.17787337305952808,0.09780286491148688,4,6,2
2025-02-23 05:00:00,31.591726360794052,24.481026291048128,184.26518687254787,2.365230484262612,0.0,-0.8454137384780114,24.303884551458466,0.21138825989735013,1,6.404998751022565,0.22621755923975495,0.4662000027915941,5,6,2
2025-02-23 06:00:00,53.5913949524337,47.74043553499262,168.44520847633964,2.8889417846380305,0.0,0.42956469708158096,24.86505829698619,1.504984577981718,1,4.480050628540836,0.6112831659632152,0.37298852510753006,6,6,2
2025-02-23 07:00:00,57.612175435370574,44.5892019733687,163.37983454077718,2.7778712501968243,0.07760446210942853,0.7730416574779254,19.80024523813067,1.601816118608777,1,8.225691940713428,0.6816598750356558,0.34314328905655755,7,6,2
2025-02-23 08:00:00,43.906980430494585,38.11091001136484,181.14399553285364,2.7354927624394345,0.15010500873765287,2.216986155358704,19.569059989391793,1.48152883349894,0,0.0,0.44177447822465865,0.44780991086976607,8,6,2
2025-02-23 09:00:00,65.58226156454974,35.02008864860623,221.72333364032102,3.598230363190881,0.20955078261895457,4.731510704832991,23.875207483513016,0.22728745916575913,0,0.0,0.8211622515458592,0.6869037941676646,9,6,2
2025-02-23 10:00:00,49.030136301696984,43.40853553689811,242.91099958039243,4.142036251981242,0.2577148752730849,2.133211297767837,23.230031246052086,0.15452695373917968,0,0.0,0.531446334674037,0.8117417428353902,10,6,2
2025-02-23 11:00:00,47.22942179058466,49.70732638013786,232.2055984028816,3.728709070774041,0.29099318488815573,2.1998113365161873,21.268834136455197,0.18442823086944463,0,0.0,0.49992798598306126,0.7486654074596305,11,6,2
2025-02-23 12:00:00,55.528347911568005,42.05484141938918,242.52801760457484,3.8960783743443135,0.30106170028116563,5.395329282760873,20.162734863731398,0.20592867480866756,0,0.0,0.6451861296963731,0.8094852090400675,12,6,2
2025-02-23 13:00:00,53.191216519891185,39.655693725167566,199.00102730409407,3.1674786667047745,0.28554907765767984,3.6211811258801583,22.510598795977657,0.20882430310680944,0,0.0,0.6042787444973761,0.5530237282822821,13,6,2
2025-02-23 14:00:00,47.485463248330085,51.78381769828125,216.3738714801993,3.739783118419691,0.25776785143759656,2.8703038305037016,15.89899569852724,0.16695449869839699,0,0.0,0.5044095425511711,0.6553847073350655,14,6,2
2025-02-23 15:00:00,59.94899212374257,52.50515073384141,260.74763995243984,3.1538201066352998,0.21228516630487684,4.111103082748961,16.266195349937902,0.15745296044977392,0,0.0,0.7225617519053568,0.9168354139112156,15,6,2
2025-02-23 16:00:00,43.89449404643845,44.29522009109484,245.3276101205365,3.8038362691638037,0.14955301918491096,1.8528448619640392,21.318574475190818,0.15209786204569298,0,0.0,0.4415559259754587,0.8259804373387722,16,6,2
2025-02-23 17:00:00,59.50520383220826,47.00636826836825,227.47463822937303,3.180703246944817,0.07716113624022818,3.5695142519722394,17.54492617632549,0.19130136247362678,0,0.0,0.7147940163585871,0.7207905407820068,17,6,2
2025-02-23 18:00:00,40.95970864137572,27.96261601098609,156.52468358881205,2.142709600751859,3.7402867345014886e-17,1.653564922965483,23.31653595093138,0.18303871766913354,1,9.296744233793227,0.39018765568101005,0.302752668160821,18,6,2
2025-02-23 19:00:00,37.10133800969842,36.4141781746429,146.52472552020615,2.4023528724011736,0.0,-0.2801332006470013,23.3110879709049,0.20678079933573695,1,13.254507638914726,0.32265364615436626,0.24383281093921785,19,6,2
2025-02-23 20:00:00,49.8447174972229,47.30992900264024,146.73698488025954,1.8894730596410527,0.0,1.6501444855009528,22.726131020682253,0.19495148352372438,1,7.752830129254015,0.5457041495576626,0.24508344530213158,20,6,2
2025-02-23 21:00:00,39.75772432661113,30.173135632434587,176.55112579221964,1.3359916547698851,0.0,-1.7255934310740333,24.812927259684987,0.18940680548967503,1,9.115601425193747,0.3691490287803849,0.4207486744626715,21,6,2
2025-02-23 22:00:00,30.19366678642762,21.00333824837816,162.910947787292,1.3433614181797868,0.0,-0.8459288112043833,17.023662483368387,0.23433205930452905,1,12.287879874693022,0.20174697887639734,0.34038060341538673,22,6,2
2025-02-23 23:00:00,29.066027843534652,15.321832008248622,185.29730943336295,2.0358484454979724,0.0,-1.5798180527030763,18.358192317006285,0.21215161489093243,1,7.341265410324226,0.18200963729321126,0.4722812796830779,23,6,2
2025-02-24 00:00:00,36.65449901385216,20.586047206576335,159.51401553433823,1.1128934965359232,0.0,-0.6709724266899464,18.39914236234547,0.21461007304197288,1,7.994693472407663,0.314832513380183,0.3203658431571572,0,0,2
2025-02-24 01:00:00,25.412059193019342,21.629282754201082,126.80064590610148,0.969322235033423,0.0,-0.30035594397435417,24.11276251335401,0.18818263817820347,1,7.054070035662435,0.11805332588341674,0.1276183281666321,1,0,2
2025-02-24 02:00:00,41.76464542858737,21.004759505224584,116.3047405670988,1.3048398255789935,0.0,-1.5215330582023707,21.47678699374456,0.22768443161142474,1,10.601059392946203,0.4042766621153832,0.06577634445602304,2,0,2
2025-02-24 03:00:00,42.88978951217575,35.13332087370762,166.06849482771642,1.9044774692384838,0.0,-1.8215659366761372,18.712928030148014,0.16520875711648278,1,7.11096396727404,0.4239703355629422,0.35898490350504086,3,0,2
2025-02-24 04:00:00,32.432379400647406,25.178817680168503,142.4244842187521,2.111369830361436,0.0,0.021782296097032028,17.536781858193052,0.19020007294230956,1,3.9151385039295485,0.2409317160229198,0.21967414643299035,4,0,2
2025-02-24 05:00:00,30.1084163439654,21.27576274094165,163.35759707287272,2.2523603198275164,0.0,-0.3837198776332186,25.704540584074905,0.1547173905068617,1,5.047466619662544,0.2002548194280212,0.34301226566376813,5,0,2
2025-02-24 06:00:00,49.82792182369407,45.34350108059651,165.21148852726424,3.4945176914812133,0.0,3.092486943115092,23.56538725225285,1.2115780146485797,1,5.834483795863984,0.5454101707556288,0.3539354134457594,6,0,2
2025-02-24 07:00:00,40.65147453312881,36.04758650148518,136.35026482127572,3.6601716391010775,0.07913308047967957,2.0007438195861895,21.789363581673076,1.1861443921727082,1,11.423629758906898,0.384792558322586,0.18388478239999748,7,0,2
2025-02-24 08:00:00,44.89436442174708,44.77893403065504,140.13525453136444,2.253566446613577,0.15415246781744893,2.2310860444855063,26.42123420981477,1.4560770986783649,0,0.0,0.45905690291559964,0.2061859812423997,8,0,2
2025-02-24 09:00:00,52.69268159573895,42.80989389275738,178.6477981845265,3.9839626364685485,0.22191396491830004,3.4110690683648976,25.08605789471199,0.21973243572539772,0,0.0,0.5955527651835574,0.4331022900626237,9,0,2
2025-02-24 10:00:00,59.14975154997387,42.39126881408484,186.15502975457176,2.806303759988159,0.26847978303840914,2.364683739991968,17.83003961717349,0.18126967106493197,0,0.0,0.7085724476949649,0.47733497676010334,10,0,2
2025-02-24 11:00:00,47.10048978178351,35.10507026665065,226.38397789941826,3.3232730335544836,0.30060776622719787,3.048567229380435,21.215306845084655,0.15266110617237183,0,0.0,0.4976712573424327,0.7143643587443095,11,0,2
2025-02-24 12:00:00,70.46728495529472,65.80983813343187,228.82883122392815,3.7066690786412138,0.316410374974304,5.331492234990752,20.85382584168571,0.22072083925113756,0,0.0,0.9066660166585006,0.7287694600276958,12,0,2
2025-02-24 13:00:00,46.04921254695746,42.740556469055996,269.9009596894692,2.8480246850777178,0.3064400288478567,3.3806406276689263,24.46332092583795,0.17074330671679083,0,0.0,0.47927049350471335,0.9707668692542715,13,0,2
2025-02-24 14:00:00,49.439808640655265,39.93136794004713,259.3909453048729,2.6648546370475388,0.27189078316099663,2.6996063154105334,17.109288741229374,0.22226746878128464,0,0.0,0.5386169303174068,0.9088417548998933,14,0,2
2025-02-24 15:00:00,62.69268704979304,37.820611876035215,218.2634398390521,3.66756067286116,0.22192211191395464,3.815102395563982,20.148725172313085,0.15073546249614939,0,0.0,0.7705853185769563,0.6665180638101877,15,0,2
2025-02-24 16:00:00,53.71126541907213,47.59056768518239,214.64373700128704,4.170815970368563,0.15850299910096888,3.8515262161802153,21.971101211195702,0.18123421011780455,0,0.0,0.6133812882041061,0.6451907369431581,16,0,2
2025-02-24 17:00:00,48.88108334497183,41.2190504228826,226.41846104177185,3.697075295743208,0.08100518239568705,2.669929814359768,25.08468980810429,0.2121230746415754,0,0.0,0.528837424136307,0.7145675337786533,17,0,2
2025-02-24 18:00:00,41.81916093377098,45.070873704409955,161.40905827732755,2.497244418337498,3.8232899119590865e-17,2.1792689014188342,24.59246558296036,0.23711507704660503,1,14.241235936109803,0.4052308604021401,0.33153145476069984,18,0,2
2025-02-24 19:00:00,34.254404811716256,36.31389894717422,237.9305365927993,2.9889471550050914,0.0,-0.3413246251594104,20.86426608730474,0.22541284425726263,1,9.353359107008515,0.27282307463390415,0.7823968029753199,19,0,2
2025-02-24 20:00:00,50.741573947815034,43.551890334739056,181.69272911192616,1.6187419319816152,0.0,-1.7211721535198337,21.664449870772224,0.19496197199348672,1,11.021232884687443,0.5614020484533917,0.45104305483995466,20,0,2
2025-02-24 21:00:00,33.327302029407484,34.16414386626481,204.41685308674673,1.7807899222049561,0.0,0.5893672630406428,24.284364367375478,0.2218514802849114,1,11.016204344457138,0.2565957667598027,0.5849338302708854,21,0,2
2025-02-24 22:00:00,38.65039705999436,21.09032233935412,197.38850677217664,1.4527175000448753,0.0,-1.702682131693213,23.285528251585024,0.2037541407285962,1,13.134915557821646,0.34976720745952844,0.5435227404925679,22,0,2
2025-02-24 23:00:00,25.87866475989212,15.968510869206224,157.90897264335115,2.128056139397335,0.0,-1.9218120950139908,24.829069553220542,0.23133955560578193,1,5.20103308257574,0.1262204378087614,0.31090891370578283,23,0,2
2025-02-25 00:00:00,27.14978428785486,21.433662758433968,116.53056507963223,1.52120662802707,0.0,-0.4362784625764682,25.15727145048357,0.22720655495541978,1,8.372899408862137,0.14846915533894356,0.06710690483880895,0,1,2
2025-02-25 01:00:00,26.528290466463485,16.835942021483497,146.54715749417667,0.9988430273553797,0.0,-1.09728656965643,24.64308263188596,0.24758521690469176,1,6.3528408265748215,0.13759099622431503,0.2439649803637769,1,1,2
2025-02-25 02:00:00,29.049042815096392,30.40660927646209,146.83497060161906,1.8420778623580552,0.0,-0.8891895307495186,16.037143480122467,0.1604938067642706,1,9.604910655277303,0.18171234416565574,0.24566077819419477,2,1,2
2025-02-25 03:00:00,37.45161146026243,24.959949050332327,161.8035668661389,1.8338424545767096,0.0,1.3054234185567881,19.33493657166005,0.18407049066854153,1,7.2189905002762895,0.3287845684543415,0.3338559034799835,3,1,2
2025-02-25 04:00:00,33.48814811085347,29.013188517155026,112.52451650753859,1.808711924878172,0.0,-0.8730298089882307,20.399051886049644,0.1692376805484896,1,6.136770604032499,0.25941109525818873,0.04350322487623188,4,1,2
2025-02-25 05:00:00,36.4521602022692,31.79692572242289,149.1604844456591,2.768199308610044,0.0,1.4306229093255742,23.394036812192763,0.2130768083582035,1,6.140279506849597,0.31129092742758796,0.25936273001415905,5,1,2
2025-02-25 06:00:00,55.25136194143945,37.90383770254351,193.82162066694505,3.170479109248525,0.0,1.3450090230900935,19.423755551425664,1.6230207734248885,1,5.422101695750681,0.6403379761800072,0.5225066103644078,6,1,2
2025-02-25 07:00:00,41.24718981012819,32.41852687322476,211.32100410891084,2.5671802289575023,0.08008136525145997,2.341805775981293,19.587715849787816,1.2778580129391206,1,9.392903451905926,0.39521950923853627,0.625613160091216,7,1,2
2025-02-25 08:00:00,56.92320104770035,29.00847383903679,152.2244410883314,3.059854157362727,0.1572430820721035,4.333989729310405,20.363537941644605,1.4411644500217935,0,0.0,0.6696005869831995,0.27741559450427994,8,1,2
2025-02-25 09:00:00,50.87431935943735,39.323993932544816,225.62503269856674,2.6830356549844416,0.22288895995792213,3.943446816794646,26.21504856431158,0.21021502225529054,0,0.0,0.5637255240209069,0.7098926457064741,9,1,2
2025-02-25 10:00:00,47.96719239388017,45.9708764170113,164.6250561630644,4.310762794004565,0.2736760343399741,4.459436889844865,20.582302119533946,0.21589532016326923,0,0.0,0.512841366191374,0.35048014784047077,10,1,2
2025-02-25 11:00:00,60.81541251106998,45.46353963098721,243.81490548358153,3.094140265897408,0.3046432491489944,5.302127762050531,17.333217646645593,0.16026469844125213,0,0.0,0.737726920904793,0.817067565843075,11,1,2
2025-02-25 12:00:00,69.97092965627151,55.16387350335082,190.73834870343518,4.42227703595623,0.31724221470874286,3.9756730221812067,15.816735970107697,0.24210728280045266,0,0.0,0.8979781878590517,0.5043399398024883,12,1,2
2025-02-25 13:00:00,47.369045649996025,45.9775595006727,268.88258529382256,3.42437170216754,0.2985500300377565,3.407980824003457,18.122065834056134,0.1534083115036606,0,0.0,0.5023718567129022,0.9647665966953286,13,1,2
2025-02-25 14:00:00,57.142147306079714,38.98900594493339,241.50464259907008,2.6791298161047,0.2673961149731384,2.91147174093849,25.30266302184166,0.2472942403552817,0,0.0,0.6734328571590656,0.8034554728356932,14,1,2
2025-02-25 15:00:00,65.76601571467629,39.3305330402377,207.607953662313,3.640927525770029,0.21696654347265457,1.5219646347778475,25.34343615656631,0.18163258202187776,0,0.0,0.8243785456010034,0.6037358281394978,15,1,2
2025-02-25 16:00:00,57.28490105227989,49.77410818302993,191.1349626349957,2.5837650567178794,0.15358664082325854,4.932008608854056,20.865222557815784,0.18163455727284178,0,0.0,0.6759315110666754,0.5066767932232049,16,1,2
2025-02-25 17:00:00,41.47795062940356,42.37419558082711,180.71134192563125,3.1693629768861564,0.08028637200366442,1.0578552836232018,22.01850817342557,0.19460259954736508,0,0.0,0.3992585725777013,0.4452607113042214,17,1,2
2025-02-25 18:00:00,51.60028848969718,32.36625373848219,218.0792326999585,2.813262010181106,3.794412175454243e-17,1.1721623578493647,23.533159601281657,0.21949583598960434,1,12.920264149202902,0.5764323401459569,0.6654327134257029,18,1,2
2025-02-25 19:00:00,43.145176874618905,33.5541356674425,228.02271702296258,2.2622876507486596,0.0,0.3489594413787519,15.96110205472404,0.16596017836848187,1,8.665105746406573,0.42844044334020426,0.7240198267493015,19,1,2
2025-02-25 20:00:00,52.546672065985895,47.426086600566826,202.94477726529092,2.0374478922330326,0.0,0.21845489273182894,19.27442720660086,0.17549847799957582,1,9.58144578500053,0.5929971244961728,0.5762603441797941,20,1,2
2025-02-25 21:00:00,41.09977160590245,33.38837840330569,198.0454680938311,1.6040306054771296,0.0,0.11428780092122026,22.114897277581154,0.24615726847890748,1,12.835559141086001,0.3926392121756141,0.5473935634506678,21,1,2
2025-02-25 22:00:00,43.05651043902228,21.508134189874394,182.51070141076298,1.9238062297151155,0.0,-0.30890463990120054,24.88187932971883,0.23768421435822576,1,10.679501823714586,0.4268884929243696,0.45586255615466476,22,1,2
2025-02-25 23:00:00,24.02871987698466,17.971333612611303,188.06284745395064,1.4442754660642176,0.0,-2.0433252736020706,23.23762391677665,0.1712391684798109,1,4.772818847411618,0.09384039781977582,0.4885758585399128,23,1,2
2025-02-26 00:00:00,25.855017204281346,19.47307866377185,164.09611494594395,1.1626153682183529,0.0,-1.720756104163217,19.42564539099113,0.20730114352341641,1,9.069573639699929,0.12580652883050297,0.3473636206733022,0,2,2
2025-02-26 01:00:00,28.735546841105343,26.35656165836501,120.88148876539407,0.8155784431085565,0.0,-1.1599915524649602,25.460751673644978,0.1703601750514797,1,9.169393019294233,0.1762251470777823,0.09274259256753938,1,2,2
2025-02-26 02:00:00,26.095724082237258,21.096069506227085,160.41189258321606,1.494486916798481,0.0,-1.3827165993784263,22.99908163766644,0.20500612576007612,1,10.539025046390146,0.13001968047942492,0.32565614409237015,2,2,2
2025-02-26 03:00:00,35.548378279303876,27.15926890410655,128.7865654273273,1.4674409857987776,0.0,0.9589251242664969,24.87940179721738,0.18657732950128436,1,9.566359440815924,0.29547181028667835,0.13931938669522376,3,2,2
2025-02-26 04:00:00,34.66581905844428,29.409562823245896,181.3934659631023,1.5246530115332941,0.0,0.4727283839430414,20.20605354680164,0.18624247398890062,1,6.013406256393249,0.28002415931711633,0.4492797932463141,4,2,2
2025-02-26 05:00:00,32.871180248927175,34.5963298489185,142.36037709421439,2.4449201195551864,0.0,1.4490320058417452,16.1354113327405,0.21350698517641825,1,7.050641386029195,0.2486121551245265,0.2192964265866934,5,2,2
2025-02-26 06:00:00,53.55723915080358,44.40543631397808,143.42350046777838,3.3476857906906985,0.0,2.162354924300608,17.911312385430183,1.3138806361252882,1,4.645589429424881,0.6106853285720272,0.22556036059017592,6,2,2
2025-02-26 07:00:00,56.69962474413935,34.599908151366954,147.52659428387292,2.5661006094105203,0.08183256176905988,3.4582713221394883,26.07148121941137,1.4281947038961884,1,7.149763898921085,0.6656872759884864,0.24973583214241177,7,2,2
2025-02-26 08:00:00,44.683735781934864,38.24898556321819,194.26631868525328,2.442769058959862,0.1557442226610401,3.198232930381865,16.42973344445405,1.8189441370525603,0,0.0,0.4553702180619265,0.5251267757256716,8,2,2
2025-02-26 09:00:00,66.259168600106,53.46155748185258,153.1598392639838,3.533844958185157,0.22080426435817252,2.350575173667857,22.37894312290241,0.22553647993250375,0,0.0,0.8330103217681945,0.2829269703097258,9,2,2
2025-02-26 10:00:00,42.09442383548256,47.7830942212645,245.3559881732972,2.8311977952478737,0.2741895053526965,4.532730707044141,20.28447975948092,0.1883283443282372,0,0.0,0.41004885462848534,0.8261476411215696,10,2,2
2025-02-26 11:00:00,65.12737623574596,37.909577920475996,186.86355433063355,4.295112998685562,0.302016007353493,3.7902712498078737,20.385429094062232,0.17302618656216634,0,0.0,0.8132002818281884,0.48150961095088224,11,2,2
2025-02-26 12:00:00,70.67067993870204,44.227752672156676,192.6833057760509,3.2263277826181285,0.30916222183895425,4.024122454126466,19.958592665909226,0.21590116303008938,0,0.0,0.910226089046137,0.5157996471567053,12,2,2
2025-02-26 13:00:00,45.944854570480224,47.84305075646138,169.0136520335024,3.3473077815830043,0.2960489832321732,5.045773450419021,16.356551284497076,0.23076896856124818,0,0.0,0.47744389019197475,0.37633780047416565,13,2,2
2025-02-26 14:00:00,45.74519285596097,42.097455370438695,192.06192696609315,3.0558628292729884,0.2676084489207406,5.406888393705911,16.831678897820314,0.23607646812891325,0,0.0,0.4739491621272975,0.5121384767285833,14,2,2
2025-02-26 15:00:00,49.80161690787932,52.251646037942514,209.77997640612605,2.7648246622110526,0.21886785498854003,3.7220225259614037,16.134571910331694,0.20642812798695664,0,0.0,0.5449497493485598,0.6165334087962916,15,2,2
2025-02-26 16:00:00,58.41174607966002,40.533927836135035,200.64710770041785,3.9142189039223787,0.15179913784512644,3.397169445056603,15.979601600702015,0.2016799857011912,0,0.0,0.6956549565515014,0.5627224511430469,16,2,2
2025-02-26 17:00:00,63.03769377231255,46.99371393281481,184.64608112178766,3.935057426372851,0.07889331785651378,4.075918666655447,16.26601577566896,0.22196424013330507,0,0.0,0.776624056041444,0.46844423568014926,17,2,2
2025-02-26 18:00:00,40.56692786025214,44.868409533494045,154.0743837839198,2.53789271084492,3.725532570742337e-17,1.8469142433359924,22.515326215799682,0.16757668337057527,1,13.659018585096169,0.3833127171262474,0.288315476158225,18,2,2
2025-02-26 19:00:00,39.694850084814604,27.113800082143218,171.3728186594278,2.592435274940156,0.0,3.440305838148173,16.559353979386767,0.23521389353538882,1,12.201502119410586,0.3680485254721733,0.3902380348359356,19,2,2
2025-02-26 20:00:00,39.699845336866034,42.37296657283918,205.0497844436808,1.5771504429007284,0.0,0.6895126140397462,18.114302754022603,0.157392350448949,1,10.063955385577103,0.36813595859662734,0.5886630684262641,20,2,2
2025-02-26 21:00:00,35.80334239275507,23.123454956085386,164.45537831913379,1.6133460230266703,0.0,-2.249152716060026,22.26666808184455,0.21030169007129476,1,8.62170525421426,0.29993450983280256,0.3494804042146003,21,2,2
2025-02-26 22:00:00,43.39283635985972,21.301878174428783,143.26202780789708,1.6351716765339954,0.0,-0.20287248082445686,16.727256250991267,0.20896935140789577,1,11.488649288262877,0.43277528818333594,0.22460896199428912,22,2,2
2025-02-26 23:00:00,20.64083433581165,20.48767753035322,136.90767693955297,1.397138008379461,0.0,-0.8658209618648107,25.151735554620178,0.18107023151888316,1,7.084550947592482,0.03454140447415864,0.18716906041368178,23,2,2
2025-02-27 00:00:00,40.378277167743015,28.657075240700053,149.31547924978997,1.19151820199836,0.0,-0.050508795772922666,20.763583869015218,0.1535462857364522,1,8.477629997950892,0.38001071768624517,0.26027596101641204,0,3,2
2025-02-27 01:00:00,34.06041719228432,23.222185769919758,127.38872011731966,0.6909694238606228,0.0,-0.5559130686983327,26.021475195478306,0.22178548722322045,1,8.946018593086713,0.26942766165019283,0.13108326755167424,1,3,2
2025-02-27 02:00:00,41.71807253305321,20.394616325802026,149.15581239063363,1.301679611743231,0.0,-1.058900241555332,17.982926597819173,0.1524174123151985,1,8.567635163668799,0.4034614852775582,0.2593352022172279,2,3,2
2025-02-27 03:00:00,33.27645955264229,27.849813219296955,175.9583380716807,1.6577830816390278,0.0,-1.6590334496599886,16.342134786930327,0.16796116805889905,1,7.882652685596699,0.25570585839225785,0.41725596303155826,3,3,2
2025-02-27 04:00:00,28.46379660989753,29.68397536407145,112.01191755448679,2.060438004280652,0.0,-0.013480673771527923,22.4005139847018,0.2044236827963804,1,4.399851544482937,0.17146863598665416,0.04048298649937574,4,3,2
2025-02-27 05:00:00,27.553372992459902,25.075503516992367,126.5868064933862,2.6849297413311075,0.0,0.07752671963351654,19.643359475600334,0.24399830318609342,1,6.444252099265658,0.15553326763491399,0.12635838411695752,5,3,2
2025-02-27 06:00:00,54.520520833273274,46.85497882435079,134.32860362312192,2.7775175243751464,0.0,1.1329468526808764,22.278198327823656,1.1744501315392475,1,6.329580578849711,0.6275458846281645,0.17197313353822555,6,3,2
2025-02-27 07:00:00,52.35576242815265,38.1203419334149,165.15755100518885,2.9417277336814887,0.07906805338416462,3.087476098636174,21.199926710535994,1.5590902022163358,1,10.815444763473836,0.5896555861809297,0.3536176130032209,7,3,2
2025-02-27 08:00:00,39.04431521701668,46.985776861520776,138.7276840848037,2.686537758409163,0.15046063579832777,4.901319578153991,20.97387649406484,1.371669776131896,0,0.0,0.3566620537842058,0.19789256149286388,8,3,2
2025-02-27 09:00:00,63.25026462639507,55.71964488800753,188.21334692524547,3.4205825461544843,0.21249534049984786,4.2563857159349325,25.102998572441457,0.2169417971451726,0,0.0,0.7803447359488729,0.4894626029942178,9,3,2
2025-02-27 10:00:00,47.939126385034335,35.58152061378405,242.89247580766565,3.3824889890955117,0.2611056591593347,3.151570009856087,17.975736292062393,0.2452908815774132,0,0.0,0.5123501199401176,0.8116326005733148,10,3,2
2025-02-27 11:00:00,45.50334283682223,52.7200215642054,157.41751232859664,3.4106224204354016,0.2894077851197848,5.100744270225464,21.125552503171814,0.1768590315655711,0,0.0,0.46971600179727635,0.3080132244062119,11,3,2
2025-02-27 12:00:00,58.34852601808561,44.16357608290983,200.14618675641307,3.7391151551048196,0.3019353997498393,5.963987112374862,20.118044746746417,0.24559269850484766,0,0.0,0.6945484002747174,0.5597710197172762,12,3,2
2025-02-27 13:00:00,40.119167500702396,34.71189070358035,247.15755318954865,3.406496515190557,0.28951537515836456,4.064345938233333,22.683925690896295,0.2370626300917259,0,0.0,0.3754754574966973,0.8367624809843701,13,3,2
2025-02-27 14:00:00,44.84307559398024,40.70217530023281,181.99439503671965,2.4281489883294833,0.26017944246025276,4.249410377059423,16.082626417202835,0.21070559158320884,0,0.0,0.45815918195676314,0.45282047361466493,14,3,2
2025-02-27 15:00:00,51.62909874347947,49.18362152318433,172.45640988809294,2.275481416505657,0.21236455967004367,3.930364065468469,20.950160401569633,0.22582366720884797,0,0.0,0.5769366130992661,0.3966225656551166,15,3,2
2025-02-27 16:00:00,59.43448415641439,39.51113911868252,228.67623521579932,2.966141518642033,0.15133480911308086,2.518465630372793,20.3463102758195,0.23648880043346862,0,0.0,0.7135561924907675,0.727870362756502,16,3,2
2025-02-27 17:00:00,61.98047277593718,47.98556654050882,157.24951235540965,3.2374387957986306,0.07841222196532502,3.237114145722191,25.37527257056092,0.230346863195814,0,0.0,0.758119257084392,0.30702336681226,17,3,2
2025-02-27 18:00:00,43.072965836981005,30.261066959110273,230.1770491169716,2.2977707827270515,3.7069998474967125e-17,1.7004452732824213,23.122173611947,0.18267076856436715,1,13.099706832384618,0.42717651579946236,0.7367131739129686,18,3,2
2025-02-27 19:00:00,42.19849982952405,22.559048099303695,149.12737449083357,1.8978121634931393,0.0,1.4734897833741682,16.977628849020146,0.23126040768415992,1,9.475227722162247,0.4118705223333418,0.25916764581505036,19,3,2
2025-02-27 20:00:00,50.10885686936062,40.35515208159399,182.1918833478325,1.7304672387252096,0.0,-0.5480524472192927,20.661743922075193,0.18135188412201983,1,7.699058022443076,0.5503274459117912,0.4539840768031857,20,3,2
2025-02-27 21:00:00,33.47673862316304,27.89205135419028,190.01573962311872,1.163738539675836,0.0,-0.710309459211047,23.57552621754304,0.23670792923398967,1,9.334684662402536,0.2592113921907711,0.500082319565765,21,3,2
2025-02-27 22:00:00,38.653464656676746,28.76154333431395,139.3608790997182,1.921182217802553,0.0,-0.018192021128978553,21.00490716722431,0.17554660506403252,1,11.375517705013536,0.3498209003582539,0.20162335312381258,22,3,2
2025-02-27 23:00:00,27.169146798859092,19.287128885187062,121.64113212503554,1.6336354076676112,0.0,-1.4040699618497812,19.375220706560754,0.20722608594657457,1,6.094899561215521,0.14880806212821981,0.09721841916424571,23,3,2
2025-02-28 00:00:00,34.95942507641536,29.309631395938943,121.78341132010948,1.0626733559925927,0.0,0.6025465413936839,19.704881453024527,0.21929236445416614,1,12.691318685893192,0.28516321761596075,0.09805672966533463,0,4,2
2025-02-28 01:00:00,31.037238715577015,20.985518090095017,166.4325279767384,0.8771637926098776,0.0,-1.4127847735837769,19.724345476273417,0.19257912305822383,1,7.889520767088604,0.21651222569635326,0.36112979061528216,1,4,2
2025-02-28 02:00:00,36.83733573028853,18.551859808952756,154.4046204156417,1.3495723601059322,0.0,-0.47971221893276195,16.149516305264825,0.22829724953325223,1,10.104660390750853,0.31803274936794923,0.2902612338360978,2,4,2
2025-02-28 03:00:00,37.33733957421995,34.090939607158454,120.02408920319984,1.5871988597588849,0.0,0.7140043011293297,23.81557695002162,0.24253559050231446,1,8.178479601479731,0.32678443954571323,0.08769078540597275,3,4,2
2025-02-28 04:00:00,39.3534662914938,26.778047421912692,161.0665335783803,1.40059429460948,0.0,-1.0065732082513097,22.621299210503256,0.16862530940666876,1,5.709571761624871,0.36207320102794116,0.32951329566259296,4,4,2
2025-02-28 05:00:00,30.195252851915416,28.33895565350497,167.54105761465405,2.947182383344925,0.0,-0.6164105496825787,18.99821680664707,0.15334426516701188,1,4.801771571357198,0.201774740170474,0.3676612588018293,5,4,2
2025-02-28 06:00:00,58.42161691428354,44.23717279184562,199.81800784847684,3.4698493894751805,0.0,0.4042661123554112,22.897751262550578,1.5948873126927983,1,5.869854448108648,0.6958277281960985,0.5578373861694067,6,4,2
2025-02-28 07:00:00,44.985919136296324,38.92389667680559,160.44862764199416,3.3309585859039355,0.08045874217451279,3.9780348467109086,19.428433106591147,1.5766401469383928,1,7.4960849247090415,0.4606594075878608,0.3258725874417706,7,4,2
2025-02-28 08:00:00,37.810353034136384,31.75721570618096,212.83681447284937,3.1433155961937898,0.1557676428886541,2.8962107901990217,18.682957312554873,1.3809783402624456,0,0.0,0.335063710398016,0.6345443305626873,8,4,2
2025-02-28 09:00:00,57.97419671815043,49.952583815341804,185.25537048415873,3.135103990243679,0.2151366039258738,6.6366680358298,23.928288925141104,0.22854629766263734,0,0.0,0.6879964225304397,0.47203417495701966,9,4,2
2025-02-28 10:00:00,49.98520823262962,40.23706906710975,239.77602236169668,4.479454595660125,0.2663642425471653,4.00006062753282,24.534289604359028,0.23261425487001752,0,0.0,0.5481631934311221,0.7932704243707235,10,4,2
2025-02-28 11:00:00,64.44236296254626,45.42652464283138,165.75267503596066,3.801092616763045,0.2971080714451448,5.057648538187366,22.45748403358247,0.183198568031595,0,0.0,0.8012103261359237,0.35712408999858986,11,4,2
2025-02-28 12:00:00,58.598082754643855,52.685951895939326,179.79540265065964,3.09298955741777,0.3084472896809347,6.526521578353192,23.983539583477725,0.21822724995992993,0,0.0,0.6989164531739892,0.4398639875445078,12,4,2
2025-02-28 13:00:00,54.68420616820528,40.012516769033766,256.89352487373793,2.9104383820181305,0.2992040893355924,6.897377986172442,19.469131517820202,0.21420250716499079,0,0.0,0.6304109092781849,0.8941269276760926,13,4,2
2025-02-28 14:00:00,45.98788682907791,43.58070952097162,255.12303565159345,2.739260753186138,0.2727628919441597,6.662187519515571,16.307464335248067,0.18426441747572075,0,0.0,0.47819709439123687,0.8836951867162345,14,4,2
2025-02-28 15:00:00,47.16288793228678,36.22955006491529,197.36734381132217,3.097613284341161,0.22096407251560465,5.3413985323959485,21.729204164602475,0.2469148256559247,0,0.0,0.4987634275077185,0.5433980481065221,15,4,2
2025-02-28 16:00:00,47.71330820566751,53.877865352065555,225.02946083433204,2.917581975296703,0.15517129436099725,4.544882820425482,18.057570605401708,0.18464022512680026,0,0.0,0.5083975688421379,0.7063835300716718,16,4,2
2025-02-28 17:00:00,56.95885251410047,51.2439848399797,196.0683697979108,3.465600149507454,0.0795758178473376,3.3989168204613796,23.36356410779862,0.2120284023304052,0,0.0,0.6702246033624808,0.5357444796735656,17,4,2
2025-02-28 18:00:00,47.8218444255508,34.87504662038892,151.03173493035214,2.332400199439277,3.725745171654725e-17,2.8174103537376713,19.045602440130764,0.18801264126433137,1,10.163720175893616,0.5102973049761955,0.27038815738370997,18,4,2
2025-02-28 19:00:00,39.42200255535525,25.063293544182645,145.24906764634386,2.972226054625852,0.0,0.7205270631430267,22.267889621699123,0.15118330277042002,1,8.350659697314786,0.36327280810004026,0.2363166214436295,19,4,2
2025-02-28 20:00:00,60.268121632145416,30.787729480882188,139.88307289334188,2.067217137987196,0.0,-0.26090424053760086,21.110635677427425,0.15916384947670562,1,7.31023958644621,0.7281475541307229,0.2047001244013749,20,4,2
2025-02-28 21:00:00,39.846200405936266,30.03191656452307,177.6267787821356,1.547310363664337,0.0,-0.05827134377699334,23.923912972971607,0.17323163318619322,1,8.551724244527215,0.37069764734361144,0.42708643309636096,21,4,2
2025-02-28 22:00:00,42.22460187925355,23.86607587935004,142.33821882444224,1.6135646847547196,0.0,-0.692704480869113,24.197668750295673,0.23121681867134425,1,12.75766201267845,0.41232739292545767,0.21916586983012545,22,4,2
2025-02-28 23:00:00,20.131844059997768,15.5160161943296,124.70640705516925,2.1497552750896407,0.0,-1.2663122025615412,16.3656499075981,0.19420648515259414,1,5.143661291272396,0.02563242257035413,0.1152790510178367,23,4,2
2025-03-01 00:00:00,25.758502721404685,22.982724983014865,177.42016868233242,1.0968056528254282,0.0,-0.20977818217886524,18.848714406299038,0.20886236642753966,1,9.331743104624985,0.12411721211413092,0.42586908423375297,0,5,3
2025-03-01 01:00:00,26.538930737933303,22.414788820014483,114.59720857374315,0.6363255206670657,0.0,0.16050721220418096,25.047638113363806,0.2443856572602534,1,10.511060037750445,0.13777723551115523,0.055715548144718054,1,5,3
2025-03-01 02:00:00,27.61707443641554,26.71041240376109,152.17872014974142,1.7151498230950153,0.0,-0.3975406677239569,20.229889816023793,0.1647023711697552,1,10.509909456291348,0.1566482496658369,0.2771462062573216,2,5,3
2025-03-01 03:00:00,40.137285442960575,34.32322119560098,169.22279339681202,1.7417363780900912,0.0,1.4774916276630614,21.51231005001092,0.23618193696255504,1,6.165883421254861,0.37579258029330515,0.37757006356774997,3,5,3
2025-03-01 04:00:00,33.53793500332351,29.09415399450702,120.92629486348635,1.6405765648487898,0.0,-0.5112499378519533,18.03956438440276,0.1879236007962971,1,5.310653621973669,0.26028252747436026,0.09300659056474521,4,5,3
2025-03-01 05:00:00,37.692521298131055,24.094935121645882,130.0757316764688,2.1976860672750975,0.0,1.1694839163819375,22.048891480525157,0.18374800023629234,1,6.13939792306694,0.3330012725605018,0.14691516767882498,5,5,3
2025-03-01 06:00:00,55.02355090539956,43.17516967075047,165.90508268607658,2.4973904098990385,0.0,1.431943568913876,18.969610519449922,1.5941462182017676,1,4.05624121119053,0.636350543621849,0.35802207746240744,6,5,3
2025-03-01 07:00:00,60.34637885260215,34.175347518477324,170.36388635117237,2.679611385582254,0.08002220087182983,1.067855825443717,25.01941928645645,1.7989789129154117,1,10.53332463405051,0.7295173094954521,0.3842933951543655,7,5,3
2025-03-01 08:00:00,55.33603153692404,39.44467259985769,181.89246751976407,3.4349121269399907,0.15512437899170786,3.5844280734866483,18.220683281843485,1.3864019343179228,0,0.0,0.6418199689209659,0.452219915621844,8,5,3
2025-03-01 09:00:00,44.677293538964584,48.09264307070912,195.55682490736453,2.922275736179121,0.2197810146368403,4.175859076334064,19.857258729561963,0.22614082411877004,0,0.0,0.45525745789975963,0.532730451843984,9,5,3
2025-03-01 10:00:00,48.98674979245941,39.5696170774176,244.9902915961044,3.908009971589752,0.2688666571138857,6.296993702568194,16.94766106305541,0.1519242084525598,0,0.0,0.5306869299387527,0.8239929530751997,10,5,3
2025-03-01 11:00:00,48.866075583468756,43.92595499448949,161.82001210383464,4.519041450046141,0.3016422995834604,5.723242438473199,22.05891425611146,0.21231016123679858,0,0.0,0.5285747395979163,0.3339527989919807,11,5,3
2025-03-01 12:00:00,50.89031583113946,61.56305144977397,242.59248371990705,2.7062450938399816,0.31175194239599746,4.179655993338061,25.64070667588704,0.21305586694939105,0,0.0,0.5640055141969292,0.8098650440638692,12,5,3
2025-03-01 13:00:00,51.561417019008864,33.35879521613924,189.39503196889285,2.7635912549938397,0.2990866732534381,6.964906416294769,17.45987594192566,0.2056060520273184,0,0.0,0.5757519632401648,0.49642510359421416,13,5,3
2025-03-01 14:00:00,52.21892644683574,40.17593322131676,206.10454371896202,2.9397382889864287,0.26806951249194183,6.041343837478459,15.7672731336007,0.24378226242614254,0,0.0,0.587260512366617,0.5948777210754421,14,5,3
2025-03-01 15:00:00,47.65377230711037,57.62634336931273,173.73894789013397,3.2826769680400907,0.21538525643755754,4.934853538482988,19.846016231388653,0.24385912799711235,0,0.0,0.5073554973761867,0.40417929293768134,15,5,3
2025-03-01 16:00:00,55.897348794016565,43.36983176664206,208.80565339121915,2.9438420385347097,0.15325264706806344,3.5141569500746823,23.121563025946546,0.18420608768072935,0,0.0,0.6516448428396949,0.6107926874320428,16,5,3
2025-03-01 17:00:00,60.36821875926917,51.447989592126575,239.96631387724761,2.4154773570277195,0.07996350665960289,2.0668684968568956,25.390865843596934,0.19563642523156438,0,0.0,0.7298995787499407,0.794391623964744,17,5,3
2025-03-01 18:00:00,33.72177317364732,42.14712608858818,159.8740338532955,2.2158701627781094,3.7568329260295413e-17,1.8868573586912527,15.900610442529182,0.22923755503786392,1,8.85609317591672,0.26350029215566867,0.32248707484678973,18,5,3
2025-03-01 19:00:00,35.96108427924732,25.24770241469718,168.99552439526647,1.9800921250413832,0.0,2.580573138049129,23.450582407968895,0.2343911400868263,1,10.928008603701683,0.30269550484392405,0.37623099224064116,19,5,3
2025-03-01 20:00:00,57.89632675972884,33.47726023252902,168.57555378093224,1.7267129095008193,0.0,2.6620894561361457,19.216497958311678,0.19179688048369084,1,9.418763354414454,0.6866334455082979,0.3737565210014541,20,5,3
2025-03-01 21:00:00,36.740623751638466,31.226465929879087,136.04853507421106,1.3363367899460603,0.0,1.7086518043778642,17.071839534252806,0.18490265929433145,1,13.764814611775474,0.31633997583451223,0.18210698758379998,21,5,3
2025-03-01 22:00:00,32.085016896986765,29.59763526969551,180.9853447981547,1.27736419289698,0.0,-0.7909675758417866,17.55766600082021,0.23206165297611286,1,9.533390090034777,0.23485174474208445,0.4468751390864813,22,5,3
2025-03-01 23:00:00,21.82088539072069,13.997184847080536,173.482917502229,1.988265550302897,0.0,-1.7122034538056528,25.293942686007114,0.1876869488395322,1,6.590390515492857,0.05519612813649096,0.40267075922221385,23,5,3
2025-03-02 00:00:00,28.76071519380877,22.28031495607663,169.77166162718817,1.2318530968151158,0.0,-0.5446849350151504,24.248254117115103,0.19052321926026242,1,10.43146040228521,0.17666567494135468,0.3808040009048237,0,6,3
2025-03-02 01:00:00,23.44354348467114,20.33290431070695,147.29287516200472,0.877379594698578,0.0,-2.3425467127153885,19.140382805956435,0.16355304311055507,1,8.607659840739625,0.08359791159286592,0.2483587566390989,1,6,3
2025-03-02 02:00:00,39.10268058246118,28.645522055118125,140.50671745980628,1.6351410364985635,0.0,0.058006897350855346,25.927021570390977,0.20429491375419354,1,9.350424138497868,0.35768363712137774,0.20837464469046188,2,6,3
2025-03-02 03:00:00,31.435465970828965,30.750244114882605,124.57982154701924,1.8416356003104704,0.0,0.07324167187318237,17.1389310864444,0.1826448065451616,1,8.14303150723206,0.2234824952264899,0.11453320788376016,3,6,3
2025-03-02 04:00:00,29.772374190881727,29.865601737755448,156.6357860793084,1.347300478821075,0.0,0.38538124672438884,19.531223368736985,0.20906067294228792,1,3.9014296329116145,0.1943729910257972,0.30340728519342236,4,6,3
2025-03-02 05:00:00,28.076670563473865,34.99947190159742,147.5104331659032,2.034313967695979,0.0,-0.010485372231932466,23.1255628149885,0.19482090674641564,1,6.744307526890497,0.16469267364323814,0.24964061066680313,5,6,3
2025-03-02 06:00:00,55.90968788772652,46.0844347692828,197.66211248619106,3.32224771094928,0.0,2.883535948788019,26.86875507187161,1.6861023470726835,1,4.440016661246776,0.6518608170297628,0.5451348282127509,6,6,3
2025-03-02 07:00:00,37.587132239500804,46.24093011501354,209.35991751673012,3.58765465706463,0.08136017218209392,2.6229570751018394,21.113904054391153,1.33332965415538,1,8.183923383781513,0.3311566219634063,0.6140584174395204,7,6,3
2025-03-02 08:00:00,42.07456794843216,36.439279374009026,216.46846186358064,2.4097569184227408,0.15684690280735455,2.718552801579186,24.762790776981134,1.2539996691054576,0,0.0,0.4097013121570047,0.655942034860354,8,6,3
2025-03-02 09:00:00,57.23627674347715,36.16342277593792,177.03655231141866,2.6172048559762953,0.22361515532171164,1.646800541227691,25.793660659644676,0.22029597607744122,0,0.0,0.6750804278381874,0.423608812575908,9,6,3
2025-03-02 10:00:00,50.87979770908972,47.798347460396855,186.79724553540592,4.286721305179863,0.2741205577946759,4.977580401969063,16.039802003207093,0.18841272028801828,0,0.0,0.5638214129214121,0.4811189188379209,10,6,3
2025-03-02 11:00:00,49.60214750574939,43.22961509847237,245.01240772815285,3.3158116151262904,0.3074751694928115,7.086328762203994,18.899630632256574,0.20636035750358991,0,0.0,0.5414583873749019,0.8241232615558601,11,6,3
2025-03-02 12:00:00,53.875833367708346,48.96325267267923,239.23189344375996,4.2161267532928655,0.31837790234991703,7.086843393725063,16.803777406798783,0.24410687359011352,0,0.0,0.6162617614587315,0.7900644111119653,12,6,3
2025-03-02 13:00:00,57.94291718306759,44.27259410365021,240.97747110784127,4.434206718494534,0.3062283930478887,4.875553790701299,23.75136067988947,0.19840936949781862,0,0.0,0.6874489291395949,0.8003493729119329,13,6,3
2025-03-02 14:00:00,62.918579823693,40.78097234268676,195.75721121925275,2.7595973714603486,0.27378658711278103,4.440029000609472,21.44564817902363,0.1652392129246677,0,0.0,0.7745391753213842,0.5339111300832944,14,6,3
2025-03-02 15:00:00,50.98647682334393,53.34737901766078,255.07820875262698,3.4984887929153468,0.2227019478444723,5.043555617624316,16.471321595377255,0.19267035131904675,0,0.0,0.5656886436791803,0.8834310661600612,15,6,3
2025-03-02 16:00:00,38.89608959323047,41.07733476658075,223.16447231829855,3.216412555252812,0.15517728017531282,2.9643756295644543,19.751756913078243,0.1978530975832295,0,0.0,0.3540676242582587,0.6953949982867638,16,6,3
2025-03-02 17:00:00,41.542005912776894,38.17011167592205,202.7507386735263,3.682020636176435,0.07946695696281268,3.550314032249842,20.66034215056732,0.22659784108779332,0,0.0,0.4003797479469235,0.5751170667736474,17,6,3
2025-03-02 18:00:00,50.0892073514189,35.52639476644324,236.5422124108076,2.363641658502403,3.78496499941185e-17,3.247453076698049,22.526952290461622,0.16951882554966372,1,12.732554058799419,0.5499835155695437,0.7742167824173282,18,6,3
2025-03-02 19:00:00,38.931897247286805,36.32079193701766,180.28402998610946,1.9555170717437882,0.0,2.941160556112802,23.384131301206292,0.1846901767343339,1,12.682208199924565,0.35469437442847657,0.4427429849004726,19,6,3
2025-03-02 20:00:00,55.31541717707586,44.842257048255,193.8533230680989,2.2220890574374352,0.0,0.8998459235199948,16.32887370424405,0.15500283195643524,1,8.47378189357025,0.6414591507136784,0.5226934012426047,20,6,3
2025-03-02 21:00:00,39.962712079627835,23.583070260292764,166.75519234100435,1.2032991437918126,0.0,0.18432529717656787,20.51890933537592,0.22019779314082052,1,10.126243740967858,0.3727369798059859,0.3630309324143396,21,6,3
2025-03-02 22:00:00,41.807598822458864,24.842610854828457,167.4190244936845,1.9042295621242575,0.0,-0.9574161626290244,17.234155647164886,0.22439323438996528,1,10.299222888593748,0.4050284859259584,0.3669422383804932,22,6,3
2025-03-02 23:00:00,29.68666613272452,21.78093707164573,116.86256531165009,1.7281770422256455,0.0,-1.1966881040003696,23.513386965409875,0.19571913688027573,1,5.414606417913781,0.19287282181743295,0.06906305366801685,23,6,3
2025-03-03 00:00:00,37.751318933532694,19.849965072404157,142.5328536647223,1.109840723879488,0.0,-0.6891782255092342,22.655522756050633,0.2038268658664326,1,12.007169551291293,0.33403042202498245,0.220312660338743,0,0,3
2025-03-03 01:00:00,28.94509202839684,18.78445725083803,145.35585636570752,0.7017429755023874,0.0,0.016223471086178387,23.485348764440076,0.2249813838231728,1,8.812492111353428,0.17989286799568036,0.23694582169173234,1,0,3
2025-03-03 02:00:00,30.511731087943403,21.674071258325096,139.4903534324724,1.840394970750542,0.0,0.8714824692191279,16.73431398377138,0.17683014304739372,1,6.741325245690626,0.207314136523799,0.20238621724258216,2,0,3
2025-03-03 03:00:00,39.763985637204605,33.135408790211294,165.91844745155012,1.3985455443938921,0.0,-0.35918279904631656,21.463786977541634,0.21069652858904117,1,9.977812103199808,0.36925862203868864,0.35810082279994776,3,0,3
2025-03-03 04:00:00,33.257043531790025,23.52303094262264,131.6315702998083,1.9992540562699181,0.0,2.5673513298540973,25.082847438795643,0.24639193476849505,1,5.372032638379385,0.2553660150069592,0.15608218507210875,4,0,3
2025-03-03 05:00:00,38.33243280332206,22.147907960945357,180.8509541515884,1.9841013508318535,0.0,1.536432110283409,23.774565589547628,0.2157967818412203,1,6.877328565918733,0.3442018009216125,0.44608330799546264,5,0,3
2025-03-03 06:00:00,41.321006274887445,43.022316896843186,152.27695759255124,2.7646574463080285,0.0,2.5719994532518826,25.388790774555265,1.183582602541023,1,5.22422771727275,0.39651153696478597,0.2777250222947949,6,0,3
2025-03-03 07:00:00,52.63719120777706,34.13187873514477,186.1476996375459,3.6743715425554413,0.07708938467192519,2.6319699151422693,18.326090223927633,1.3426950520471794,1,9.84464764407853,0.5945815032839127,0.47729178763414726,7,0,3
2025-03-03 08:00:00,45.52512762247509,40.571043481594955,142.8050455206568,2.205110219851804,0.15159160854901388,1.6878457156935593,19.149332350776145,1.5143449543224923,0,0.0,0.47009730625510565,0.2219164175923751,8,0,3
2025-03-03 09:00:00,58.53122290352007,46.316825496525574,161.8145126499227,2.93715073196749,0.2135433106301963,5.626817033656174,20.726603354497275,0.1572670766684626,0,0.0,0.6977461887660876,0.3339203961521823,9,0,3
2025-03-03 10:00:00,46.35134713361702,45.966082623388075,226.11660111412718,4.384254460284683,0.2603838331253779,5.965740515917585,21.49710712289798,0.21765698118812815,0,0.0,0.48455882943757445,0.7127889719371209,10,0,3
2025-03-03 11:00:00,53.83588536202302,36.39795928495241,157.49713907702386,4.142499671323858,0.2884552517761804,5.256643234104367,18.511083361240285,0.2154212199272917,0,0.0,0.6155625416962822,0.3084823860383073,11,0,3
2025-03-03 12:00:00,51.903494160821154,56.59046958391679,264.923651164198,3.9407352410503336,0.2995287929262268,5.716560720788984,19.752992224129812,0.23763236906269644,0,0.0,0.5817394235334638,0.9414405155190975,12,0,3
2025-03-03 13:00:00,59.897593624062594,39.08405917595607,184.81704345984267,4.219828381265364,0.29546007542893715,6.07266717284542,22.82243631752074,0.199999278815421,0,0.0,0.7216621113320679,0.46945154755879565,13,0,3
2025-03-03 14:00:00,50.55812173406781,39.6899591443163,264.1434384869636,3.2451707551820013,0.2610722619172922,3.7038650801262807,22.258331386445068,0.21921385497664847,0,0.0,0.5581910392649088,0.9368434942886328,14,0,3
2025-03-03 15:00:00,47.59132595710901,49.66053590373087,220.380119883222,3.505930522058397,0.20929683372380636,4.269990413105814,16.625273300945135,0.168201820865306,0,0.0,0.5062624835632387,0.6789895647035603,15,0,3
2025-03-03 16:00:00,38.94822872911104,45.5801691994609,221.57127733595158,3.5757553007895204,0.1488823445233549,4.981379214765218,25.561707337162474,0.15028696926893534,0,0.0,0.3549802283690096,0.6860078768366491,16,0,3
2025-03-03 17:00:00,58.82244012663492,35.029543086589975,164.97486750874188,3.516115835157733,0.07770470278072265,2.218677797718621,21.160710105838064,0.16722539943602563,0,0.0,0.7028434354014146,0.35254123993709874,17,0,3
2025-03-03 18:00:00,38.015529668336654,29.438136882832612,186.52187541573676,2.0482147314194865,3.685658077988306e-17,2.999467325536334,20.3315144577912,0.15622145983070168,1,11.869972528093296,0.3386549674573987,0.47949643522122065,18,0,3
2025-03-03 19:00:00,47.22548396469691,25.732923281912154,157.63291715080504,3.0371601669788912,0.0,0.5822735137450525,25.310300973569827,0.19277180248592837,1,12.281932407161351,0.4998590612486581,0.3092823918649444,19,0,3
2025-03-03 20:00:00,49.26228160842984,42.43509636682111,182.33383449248484,2.305832155562974,0.0,1.6911492440952902,16.868317399049513,0.19683033372636125,1,9.59613492985728,0.5355096310374677,0.4548204544277697,20,0,3
2025-03-03 21:00:00,32.53354715997961,28.71226926555057,173.95052239639833,1.2787526909558118,0.0,0.5771679866303894,21.097296383533624,0.21444726975097003,1,10.794825705111482,0.24270248018083593,0.4054258921349283,21,0,3
2025-03-03 22:00:00,37.46918988097366,29.654410783256612,176.77335596674482,1.6319515402712652,0.0,-1.4696639259468138,23.915179912575404,0.16407718664219106,1,10.391438560598015,0.32909224787270247,0.42205805696843046,22,0,3
2025-03-03 23:00:00,22.088953229723554,20.10161319450042,180.41110195277983,1.6909772298931505,0.0,1.0199239988816944,19.815620622815377,0.17147160974961892,1,4.736881979053282,0.05988818541174973,0.443491694253224,23,0,3
2025-03-04 00:00:00,38.27835783038667,28.768014313783027,143.0463090621777,1.5156143451681445,0.0,-0.9722077032163231,23.481199266413306,0.22983261625576154,1,9.72438487922354,0.34325531337907594,0.2233379448949563,0,1,3
2025-03-04 01:00:00,26.4985045291132,20.100312818351888,122.5164823527179,1.0124324926761752,0.0,-0.9362205685468233,25.346448160805537,0.20765224947791883,1,10.367517258408743,0.13706964564169888,0.1023759918340612,1,1,3
2025-03-04 02:00:00,41.98862721752948,22.692958693668242,128.35001630091546,1.2041323519983589,0.0,0.38373152557948126,18.717564050737174,0.15293635936844885,1,9.419301141939542,0.4081970704203872,0.13674723468999167,2,1,3
2025-03-04 03:00:00,41.70793710195649,37.296789859384404,165.8957898257504,1.8834733809076096,0.0,1.8179884517011313,18.5931800198617,0.23484046723239205,1,9.66855089327901,0.40328408233585455,0.35796732383245794,3,1,3
2025-03-04 04:00:00,38.943753735749816,21.391606157410607,119.62052187230059,1.3341138226637033,0.0,0.2842862418939758,19.94004835724017,0.21298055982244035,1,4.401923588694397,0.3549019014602862,0.08531296248384101,4,1,3
2025-03-04 05:00:00,28.569654484871197,27.49330432078994,161.3691030842097,2.3263688417307367,0.0,2.094771094508884,20.60690391782438,0.16866391064364855,1,5.729802543606276,0.1733214923914403,0.33129603834618954,5,1,3
2025-03-04 06:00:00,45.29606903123123,34.235604941538625,121.04687070742483,2.7841695466437946,0.0,3.2478088985936577,17.318726989197724,1.3140493059426914,1,4.005001137381077,0.46608803743157173,0.09371702469461753,6,1,3
2025-03-04 07:00:00,54.63627267862599,51.52276904375178,148.07399018777613,2.7326500009976766,0.07840881291722983,4.298002853468826,18.596608779270053,1.540160560368932,1,10.291875673487292,0.6295719176283635,0.2529610945165533,7,1,3
2025-03-04 08:00:00,50.14274274567174,36.74563725483022,188.22676477513136,2.9432223549785625,0.1495055464037433,4.514333068290167,25.432713215138758,1.5456008861445016,0,0.0,0.550920558733775,0.4895416611056692,8,1,3
2025-03-04 09:00:00,46.77195349216195,39.519992847020944,186.20421752065167,3.7994187180505348,0.21210172388936988,4.601639104221499,22.06453149122935,0.23051886639403782,0,0.0,0.49192080591327453,0.4776247915907851,9,1,3
2025-03-04 10:00:00,49.45807533351031,50.53912448310592,199.35494902432313,3.2637639301220345,0.26040304912496876,4.627291356935073,18.783090586545196,0.1858582638173339,0,0.0,0.5389366567322734,0.5551090387486316,10,1,3
2025-03-04 11:00:00,49.07815742711203,40.5114246076498,225.0055460824505,3.102943116951532,0.29516464013585925,5.850189169516512,25.815856996223534,0.20493031465525255,0,0.0,0.5322868602354319,0.7062426241041985,11,1,3
2025-03-04 12:00:00,64.13940964309423,64.63990961513272,186.15665344158973,3.791464533617629,0.30785530407445083,4.803594907008638,23.880266583994594,0.20825379784982245,0,0.0,0.7959076597217571,0.4773445435409453,12,1,3
2025-03-04 13:00:00,46.51410700039603,37.79489890410489,194.67495429827582,4.056984171656451,0.2949863730196732,2.861630690907207,19.435010552906817,0.20586764177266628,0,0.0,0.48740765539103936,0.5275344610189268,13,1,3
2025-03-04 14:00:00,46.00813724127798,44.955379726737384,240.2904028170631,3.9362326331032005,0.26670855160135054,5.929313147863142,23.50396972890733,0.15729058453777325,0,0.0,0.47855154233338376,0.7963011593777952,14,1,3
2025-03-04 15:00:00,47.10565648146802,43.70998169166517,222.82299291994258,2.4807123310448502,0.21509504665282134,5.929409409219026,21.638015850229948,0.1911252874433882,0,0.0,0.49776169135694914,0.6933829981106413,15,1,3
2025-03-04 16:00:00,48.24345019652597,49.92984732302625,162.54622750420134,4.014782826971568,0.15115122110314594,2.0507025317804337,22.457282338453325,0.18388841212892879,0,0.0,0.5176767744133106,0.3382316677040473,16,1,3
2025-03-04 17:00:00,45.838960908603646,55.419975697402265,226.0225716045694,3.188696410071294,0.07842562887311974,2.689845786319128,18.68537156133984,0.24927777182392674,0,0.0,0.47559040740023084,0.7122349490862496,17,1,3
2025-03-04 18:00:00,54.59783385181056,41.44165668990103,212.0092040752278,2.150948972027727,3.674579572046336e-17,3.55176164589736,17.522328272654082,0.19656885634876436,1,11.948135526516038,0.6288991133946196,0.6296680414694298,18,1,3
2025-03-04 19:00:00,31.384643178042424,34.80167633781784,150.24615573868618,3.0667092296762837,0.0,4.223137384356692,17.9891396252088,0.1935227875690546,1,11.557946723671186,0.22259293139246167,0.2657595165942518,19,1,3
2025-03-04 20:00:00,58.45742963384944,31.210594463472564,202.27675453568875,1.745809604692989,0.0,1.4723880536951748,16.286323258815898,0.19836875664225595,1,8.379292950006606,0.6964545670291755,0.5723243472907159,20,1,3
2025-03-04 21:00:00,35.07036178621191,33.51423863966797,171.52196393113448,1.6281092699346575,0.0,0.11176998342007893,20.34746147187608,0.24192825819693625,1,12.142449285335093,0.2871049701149938,0.39111680033214535,21,1,3
2025-03-04 22:00:00,32.61011878182872,27.903115501834858,136.37978271655675,1.7927086822035947,0.0,0.18962315917485562,19.777170304661063,0.21114538546344247,1,9.2589669166608,0.24404273209882757,0.1840587021468113,22,1,3
2025-03-04 23:00:00,21.542706682682915,21.255435372222088,156.21837607498193,1.7396872232353575,0.0,1.4572009116845412,15.679445088868937,0.18891433874880526,1,6.985556704947461,0.05032709783533357,0.30094790109510366,23,1,3
2025-03-05 00:00:00,35.234302004733095,26.70506781346734,152.29686015842063,1.5363679760514033,0.0,-0.656352436494568,24.74185000284498,0.24125773965506847,1,10.174213992445035,0.2899744560551241,0.2778422884204449,0,2,3
2025-03-05 01:00:00,32.02746896594874,18.22644908284658,171.05758196290674,0.841401819437104,0.0,-0.6978443650976669,23.050804125468535,0.2429842941567063,1,10.02921576511939,0.23384446916024876,0.3883806569326881,1,2,3
2025-03-05 02:00:00,33.20232249483567,25.946010683462422,156.95010978858193,1.3180890355691446,0.0,-0.07217763365651964,20.68412473844655,0.17643127338652623,1,8.852810403857095,0.25440821924710066,0.30525928376628675,2,2,3
2025-03-05 03:00:00,30.822262584155872,25.455510719836656,127.36268648376178,1.7355342080742284,0.0,-0.05648627570737974,26.339834725995107,0.18933960921539839,1,6.732535961115534,0.21274944562846612,0.13092987711126772,3,2,3
2025-03-05 04:00:00,40.174635647123665,27.031538231119708,117.6050819485435,2.0600787057639365,0.0,1.6503571602130696,26.154079665387954,0.2466458670048348,1,6.011610436480871,0.37644633009718953,0.07343796943569106,4,2,3
2025-03-05 05:00:00,45.05432945292196,26.761925685374937,178.5075181923004,2.359439538746509,0.0,3.885435922462915,17.13370407825908,0.20410486888622198,1,6.55429319473904,0.46185681017453456,0.43227575888556236,5,2,3
2025-03-05 06:00:00,47.32386701795073,33.37497978360904,187.6854150300357,3.5036327197183854,0.0,3.3698252095732846,22.73774681307678,1.4488088082679873,1,4.134838959288826,0.501581084011623,0.4863520227622722,6,2,3
2025-03-05 07:00:00,51.612609939848106,52.918480900346225,142.10585855992525,2.9786744918085972,0.07745132872010789,3.580384483964898,24.888254036083673,1.2715534014566503,1,7.3182639797484486,0.5766480055164743,0.2177968007284964,7,2,3
2025-03-05 08:00:00,45.37848917643913,46.246586604903314,140.5918066678098,2.819377248440475,0.15074235530556696,4.274008068459641,17.92819913530547,1.4133291298084636,0,0.0,0.4675306574914384,0.20887599119134434,8,2,3
2025-03-05 09:00:00,50.295538592743554,55.237111904594705,210.51727241467168,3.5388490944353186,0.21531439669894153,3.633490926187136,17.38138751544906,0.21312347247209465,0,0.0,0.5535949820012188,0.6208775645672989,9,2,3
2025-03-05 10:00:00,42.02727535868143,52.771107548834365,222.2581830836484,3.066929642564228,0.2658551608164384,6.566092996222428,18.697638902137644,0.15387011473904755,0,0.0,0.4088735383344113,0.6900551326652565,10,2,3
2025-03-05 11:00:00,54.439059174180294,50.898775665728934,174.66133225887882,4.745974531892248,0.2917218536066152,5.914396463512008,18.801700222979388,0.158330628677966,0,0.0,0.6261200411863566,0.40961399125711756,11,2,3
2025-03-05 12:00:00,70.3614628890684,57.01000098333537,232.69359838344005,4.091948078911504,0.30046930172900804,5.923528994627811,25.882338427986713,0.15053764050237606,0,0.0,0.904813787023021,0.7515407084340331,12,2,3
2025-03-05 13:00:00,38.25467802008003,32.50246369848887,194.46930478275607,4.274399999744336,0.2882607216390474,9.204450229202063,23.797454229730107,0.17189273345235806,0,0.0,0.3428408398389478,0.5263227719289338,13,2,3
2025-03-05 14:00:00,52.952473073970154,49.85509422630152,193.66787307656844,3.3830252513203045,0.25894050470211477,6.0199541192748365,16.182280757939715,0.16829927988660187,0,0.0,0.6000999592819585,0.5216007279586011,14,2,3
2025-03-05 15:00:00,65.68424473043683,56.40393687069818,199.4535939294396,3.5633052950728867,0.21195632738307726,4.502217647962523,23.603858270709097,0.23508076809625172,0,0.0,0.8229472879651267,0.5556902555582648,15,2,3
2025-03-05 16:00:00,43.40457475914189,48.6445566411848,216.8299645688643,3.644649945984334,0.14821649372377524,4.215897646190925,17.169727383126546,0.16852380226118044,0,0.0,0.43298074827118777,0.6580720125697012,16,2,3
2025-03-05 17:00:00,45.507863111972604,56.122683363788084,239.99075302192833,3.2360531993106787,0.07664247194264612,5.076728502833671,19.052551059834457,0.21611810258636208,0,0.0,0.46979512128428524,0.7945356196600588,17,2,3
2025-03-05 18:00:00,50.37883287088722,37.18803129422662,199.86437508896262,3.013471472262963,3.6590399772322154e-17,3.2746700079108977,18.639825977155493,0.16183591340053763,1,12.126549433768632,0.5550529022247158,0.5581105824338749,18,2,3
2025-03-05 19:00:00,33.292657043101286,28.86150584444269,171.13119647686642,2.415413750132742,0.0,0.9562419409776381,18.182009219623797,0.20935597702689784,1,10.922608643720423,0.2559893670489911,0.38881439441660404,19,2,3
2025-03-05 20:00:00,40.984899523637836,48.08479144192062,214.55768688406644,2.00906308227281,0.0,2.5997869596651535,18.600351741600253,0.19356201517038282,1,8.448747825205796,0.3906285778849858,0.6446837287551481,20,2,3
2025-03-05 21:00:00,34.15228478480565,27.1553651068557,131.90835821313777,1.2170439011103662,0.0,0.4006780748082379,23.270625753623026,0.19086681157269886,1,10.80164741652033,0.2710356427025026,0.15771302234384066,21,2,3
2025-03-05 22:00:00,32.86428088708119,28.12672537076874,183.76731871184643,1.9204188144117813,0.0,2.474952050986305,18.327996669816535,0.23565618926846155,1,11.89893503254552,0.24849139389832162,0.4632665583968817,22,2,3
2025-03-05 23:00:00,29.540794721392103,16.804177273795496,173.28832157605922,1.5509267197523344,0.0,1.3915925536505163,24.008735214376838,0.16677194667990353,1,6.7066731409543205,0.19031959865071355,0.40152419799593997,23,2,3
2025-03-06 00:00:00,34.948685797610366,26.11690925226669,127.44689122751429,1.1936159951818759,0.0,-0.22840495464331473,16.705678355202853,0.20952181582727777,1,10.301851590216755,0.2849752453793977,0.13142601233955983,0,3,3
2025-03-06 01:00:00,27.93060577304382,23.776817426483515,120.03802287765227,0.6500665650325544,0.0,1.6117542866908483,22.134851537928427,0.23218640558900577,1,7.493858323507226,0.16213606571464168,0.08777288276114936,1,3,3
2025-03-06 02:00:00,34.329844547259995,26.131735034941634,166.2290393046918,1.5216618421755665,0.0,0.7078966494615605,25.106884273258984,0.2213896822494441,1,9.38651540879546,0.27414351486768324,0.3599308332375668,2,3,3
2025-03-06 03:00:00,48.61890180169665,32.23347669801759,145.5240773113272,1.3620891317726609,0.0,1.9791761070319305,16.86180321354768,0.24833458211449944,1,8.502958680112478,0.52424839614198,0.23793698125756205,3,3,3
2025-03-06 04:00:00,26.79761829196519,22.161157475960536,112.36331998186586,1.9012168569357712,0.0,2.242064491721549,22.878537919369343,0.15021058764692763,1,5.069801944305873,0.14230510735295884,0.0425534532659815,4,3,3
2025-03-06 05:00:00,31.02006774335921,30.054166773936174,181.36344878053853,2.144552130905949,0.0,1.6441302519183645,21.607744036612207,0.23843593145170208,1,5.00281156051537,0.2162116779491207,0.44910293169362375,5,3,3
2025-03-06 06:00:00,60.34891816536623,48.6648007067248,147.92047874845392,3.1194047890671524,0.0,2.633010041576332,19.693367197267165,1.5850885171903673,1,4.371431268361036,0.7295617557109071,0.25205660351522163,6,3,3
2025-03-06 07:00:00,60.00440016578756,32.16463623658505,156.25838583917314,2.620231796133131,0.08144684998629251,5.092597117399663,17.19361586493647,1.1268633979905953,1,8.695644198147637,0.7235315724841777,0.3011836390429473,7,3,3
2025-03-06 08:00:00,39.02337410888872,31.47063031660495,192.8959143443886,2.463674409716431,0.15720196348796997,4.461026577012805,23.324318500362573,1.4741203660301305,0,0.0,0.3562955164214648,0.5170523390584717,8,3,3
2025-03-06 09:00:00,45.41553222834697,37.38038737922208,205.70575353956696,3.7541798943275912,0.22259172096853336,5.023099983086584,19.31832448233321,0.2267437377139007,0,0.0,0.4681790311339032,0.5925280451797901,9,3,3
2025-03-06 10:00:00,51.18684586394645,55.86949193738252,185.33161208284147,3.404089399773568,0.2740154752922797,4.958011372510934,19.53851475317084,0.16825466951107843,0,0.0,0.5691957522461488,0.4724833912515196,10,3,3
2025-03-06 11:00:00,43.13000235985013,50.219962288623435,171.13457697665615,3.1846836722007428,0.30341843610366215,6.646067361840158,23.428212528307593,0.21784771815123954,0,0.0,0.42817484007841733,0.3888343123566176,11,3,3
2025-03-06 12:00:00,65.39992017307728,64.85906605256085,220.25063371320678,4.376680845563645,0.31198806226302245,8.396852247673944,25.676212420904275,0.16396684203321166,0,0.0,0.8179706853526837,0.6782266308395254,12,3,3
2025-03-06 13:00:00,39.779400714173065,42.14981790858486,232.3214336337965,3.0221686017042875,0.2954169258721635,5.1742118333161375,19.1345480939905,0.23034524387896457,0,0.0,0.3695284359197852,0.7493479098481317,13,3,3
2025-03-06 14:00:00,39.62404180322912,40.74137884461905,259.6244601564871,2.6463633559783757,0.2639119761455791,5.975906301263508,23.309855641078766,0.2068463368321238,0,0.0,0.3668091507154044,0.9102176268407393,14,3,3
2025-03-06 15:00:00,54.77025880622724,54.30079498637383,216.9360355531893,2.777970974470265,0.21751319664996793,6.896798316047176,25.36012356273436,0.15338866526654793,0,0.0,0.6319171097526171,0.6586969839154714,15,3,3
2025-03-06 16:00:00,62.11127431026481,35.94354863594664,230.2771934352751,2.667706388396246,0.15439159393052,4.793266223998881,16.431243295118282,0.15908757074919366,0,0.0,0.7604087084898267,0.7373032252807361,16,3,3
2025-03-06 17:00:00,52.09211953006609,43.49898763963198,161.87945496112553,2.663435479780178,0.07910395790176904,4.611390154347644,20.816605824685283,0.23638650496690433,0,0.0,0.5850409797341485,0.3343030369270195,17,3,3
2025-03-06 18:00:00,41.160197205839246,35.61563361695211,239.45229002061618,2.9077105828061858,3.6762387815878075e-17,2.329824706595776,15.489434434116232,0.15330014170557846,1,9.179578643237194,0.3936968563034959,0.7913629900411377,18,3,3
2025-03-06 19:00:00,47.384342311103374,26.650795445831122,173.9077882280109,2.0814247024843366,0.0,3.0537286080334427,23.852881945751374,0.179854259889426,1,11.701931561037627,0.5026395979320759,0.40517410196914994,19,3,3
2025-03-06 20:00:00,49.220341636362456,36.4596013358902,191.89990119080807,1.6182679711116257,0.0,1.7243981869886562,18.37547917906319,0.20669118875750955,1,9.349879265570742,0.5347755453978218,0.5111838191709693,20,3,3
2025-03-06 21:00:00,34.10231371077504,21.818309690406554,204.93824329549415,1.7349128098181956,0.0,2.2856192994698485,18.92006810324433,0.1713439780375639,1,8.375093534040522,0.2701609867112059,0.588005866817977,21,3,3
2025-03-06 22:00:00,32.74895301656802,22.30335449807814,184.84206274917497,1.5250912690579972,0.0,2.0201900674412885,22.693101984323555,0.17242321657352233,1,12.349807992132405,0.2464727818339491,0.4695989614724473,22,3,3
2025-03-06 23:00:00,21.09027762692627,16.467159045226413,162.16164929718312,1.4933523667505737,0.0,3.132340349810067,23.888267216609485,0.22760340116507594,1,6.682654238366018,0.04240812086854142,0.33596572889784454,23,3,3
2025-03-07 00:00:00,33.196331325871974,28.06760567163646,160.15709734456874,1.4602734487044728,0.0,1.0298646938726175,19.9498976375604,0.1790994584312049,1,7.997073014322018,0.25430335434414186,0.32415488788920915,0,4,3
2025-03-07 01:00:00,28.41263933366537,18.019211082686798,171.11316494672982,0.6258336142638457,0.0,0.8879310619675034,22.878080167476462,0.1538582949476325,1,7.630721061361997,0.17057321760666358,0.38870815245300316,1,4,3
2025-03-07 02:00:00,29.881776886135114,22.712348605888774,161.84652261027566,1.5014259085418515,0.0,1.065904382682625,26.09876562111331,0.22211218000062738,1,9.622049632603394,0.19628789329123117,0.3341089991723875,2,4,3
2025-03-07 03:00:00,32.899258030185194,25.03908942820044,149.1279683202875,1.6053058118494203,0.0,1.0047970839252236,25.48442280245761,0.24543659583748517,1,6.2304964165689345,0.24910360743120702,0.2591711446643854,3,4,3
2025-03-07 04:00:00,30.087060663322415,25.325004099928755,156.89341590295135,2.084772237866795,0.0,2.3274583462409875,23.590182297945603,0.23319339766091962,1,5.789583952856531,0.19988102570065078,0.30492524280093725,4,4,3
2025-03-07 05:00:00,36.48704488959653,29.597226610156657,124.95826471163507,2.1670274133467937,0.0,2.426810089477635,26.242125464248645,0.2048562029475065,1,5.769326603862853,0.3119015226842894,0.11676299895615062,5,4,3
2025-03-07 06:00:00,38.189900841335565,47.7977105694749,157.613414381648,3.1816038605142563,0.0,3.6768270880130336,25.54133401961196,1.443662814780657,1,5.95826273018562,0.34170702895760796,0.3091674813456927,6,4,3
2025-03-07 07:00:00,40.38209214480043,49.50089535343309,152.76713846342253,2.522494183021989,0.08014440379386203,5.612121599163451,23.942859624113296,1.8188738781658844,1,11.134232922843859,0.3800774921673757,0.2806131730976636,7,4,3
2025-03-07 08:00:00,56.9507599001447,34.387643920898796,173.87735710499248,2.753648213941318,0.152906765425264,4.021228514166932,25.904450961703567,1.6996690787386532,0,0.0,0.6700829563513053,0.4049948014749841,8,4,3
2025-03-07 09:00:00,56.39588218531111,37.77687184323663,205.79483203943087,2.8050603762277917,0.21984188265228496,6.798677465036132,24.74226050220235,0.20706572412350033,0,0.0,0.6603707953235287,0.593052896629915,9,4,3
2025-03-07 10:00:00,41.65772619446788,38.18270201277702,164.91510936017556,3.6249062119419198,0.2685123690718969,7.462380644649445,21.27394979561554,0.2379822318913478,0,0.0,0.40240522848059307,0.3521891443025772,10,4,3
2025-03-07 11:00:00,61.0355318573646,57.33043976615502,158.02277339980006,3.7882340136820507,0.2936889004988356,6.336612443153291,21.15351715591488,0.21017123634777715,0,0.0,0.7415797239267767,0.31157942894951474,11,4,3
2025-03-07 12:00:00,47.39970096059794,57.490040124537806,203.57889073610926,4.409364975725637,0.3022101637415805,4.444766032304154,15.842303299303023,0.24735046676021066,0,0.0,0.5029084241492275,0.579996547362506,12,4,3
2025-03-07 13:00:00,56.45724223918788,31.216950003744987,199.19848609638225,4.35562221745989,0.28962907176374003,5.866297172836419,15.96860776365479,0.23582904782951025,0,0.0,0.661444795428404,0.5541871575455801,13,4,3
2025-03-07 14:00:00,57.22138744396716,33.99272337807571,211.2475265671878,3.3391607161125854,0.2585069031360098,7.481136493443486,23.304611297814567,0.20504452306955062,0,0.0,0.6748198167691789,0.6251802296491468,14,4,3
2025-03-07 15:00:00,59.34713253725853,47.03943797554626,265.7774643611818,2.5061022667557884,0.21069386416879,5.694245370966983,21.21183819580515,0.24228362096151496,0,0.0,0.7120272556302683,0.9464711917794447,15,4,3
2025-03-07 16:00:00,56.410538958297636,36.95819468926605,236.86538710815194,3.438982937366607,0.14901411355388355,4.106221506295931,23.25054846505186,0.18424389536840852,0,0.0,0.6606273364236437,0.7761209311042053,16,4,3
2025-03-07 17:00:00,42.93163677893258,53.26359618471754,190.3154595510829,3.6873356360440934,0.07712181113875909,3.8869398912564046,25.129911455890834,0.2200927021357099,0,0.0,0.4247027985587511,0.5018482725068638,17,4,3
2025-03-07 18:00:00,49.37013566849191,37.55271759430794,167.9278822236703,1.9059208620725336,3.655539583131479e-17,4.4656149269612175,20.01343921955653,0.16712756028047568,1,13.21501645084331,0.5373974271605045,0.3699404334320303,18,4,3
2025-03-07 19:00:00,31.046734764091667,31.30643944495642,201.62909706692426,2.4083278198166447,0.0,3.4050118363145656,16.29509865226502,0.23953649150583348,1,10.47344093723216,0.21667843736756723,0.5685083427308659,19,4,3
2025-03-07 20:00:00,44.55831311680467,38.24313963578584,194.18186263585528,1.5491960738376198,0.0,1.9055470818885019,21.86846051944343,0.17480501498886192,1,7.914983190116497,0.4531749143261427,0.5246291598018956,20,4,3
2025-03-07 21:00:00,44.42268853722082,24.278686736159393,168.25805497130594,1.271289474181473,0.0,1.1660814729815847,16.514409373289805,0.24490325116266806,1,11.700818828570565,0.45080104397411774,0.37188581470420073,21,4,3
2025-03-07 22:00:00,34.78097346944245,27.444734898720938,137.0208619697728,1.249163766146745,0.0,0.6741421799024662,22.008518533020574,0.15169914573474785,1,11.212098251189596,0.28203973527696263,0.187835947792051,22,4,3
2025-03-07 23:00:00,30.70203659640611,19.88954703337727,115.9529376681701,2.217350092444163,0.0,-0.1464575514925378,21.16005350336153,0.21818368967364,1,5.727209377053982,0.21064510061417882,0.06370351810687061,23,4,3
2025-03-08 00:00:00,26.212996715796997,22.872621495739043,128.32732240264633,1.1707546313949146,0.0,2.2988626275280994,23.228279595196668,0.16500561697015564,1,11.004057133388939,0.13207233220941053,0.1366135220047339,0,5,3
2025-03-08 01:00:00,28.979785290285033,21.47254638172392,138.33571430180737,0.6699231685534353,0.0,0.4731490657581637,19.55484124597513,0.2270811472185411,1,6.835221523718833,0.18050011268586943,0.19558307144391743,1,5,3
2025-03-08 02:00:00,26.365191751522275,28.776430275007492,160.15540005097444,1.9257242756938993,0.0,2.3220926436582032,17.46603163539305,0.19919059302935538,1,9.239327948728322,0.13473623932818068,0.32414488741765185,2,5,3
2025-03-08 03:00:00,42.2045439593354,26.379292532835155,166.3668123558989,1.548209635695507,0.0,3.112772602446705,18.53713175805712,0.2409650252564169,1,9.578245906781202,0.41197631422303455,0.36074259349200133,3,5,3
2025-03-08 04:00:00,26.224400404309446,25.17875037970271,139.031111881051,1.9158138182164284,0.0,3.220857586653891,23.400931372892323,0.22150692097144772,1,5.1056119081599585,0.13227193377239044,0.19968036123255306,4,5,3
2025-03-08 05:00:00,30.432482499988478,25.91254726216637,174.17906713127203,2.168035770747181,0.0,2.5242422643997324,21.248428919798343,0.22682659886484968,1,6.516551698040785,0.20592702901007773,0.40677248009611017,5,5,3
2025-03-08 06:00:00,43.103459531348165,44.5097499525002,199.46822588409222,2.855457644986512,0.0,4.145826051151851,21.938787918558706,1.215359526885142,1,5.574026468434638,0.4277102544271066,0.5557764671876627,6,5,3
2025-03-08 07:00:00,54.911146984291875,32.4185883574035,188.02091412502875,2.3280640390898046,0.08041451102215666,4.504136957562137,19.58170374968732,1.1974209077529905,1,7.1056401190802605,0.634383110162607,0.4883287869286167,7,5,3
2025-03-08 08:00:00,38.7161668386233,41.804853015934995,200.57391284412662,2.7183815441603474,0.1523233320604827,4.357956250154827,25.041283625609,1.7629182788900246,0,0.0,0.3509183920606203,0.5622911862864897,8,5,3
2025-03-08 09:00:00,64.7820633717303,36.99094401730555,229.3309638689007,3.345444108101898,0.21405434356450792,6.217123627782403,26.686123744807894,0.172577384358252,0,0.0,0.8071561858938463,0.7317280308082045,9,5,3
2025-03-08 10:00:00,43.4816832885739,36.07733082103645,183.81441284169097,3.664825992965228,0.2667834528115382,5.20026951865308,19.254689900629526,0.23669418260791786,0,0.0,0.4343303978145711,0.46354403750103185,10,5,3
2025-03-08 11:00:00,42.72718276109315,51.656741491709774,157.38015699910483,3.765684849056361,0.29850265932355324,7.876482261052547,23.4393992459908,0.16425381374776443,0,0.0,0.42112418963114623,0.307793126415298,11,5,3
2025-03-08 12:00:00,57.51339550385622,56.62014294952518,266.9036643689263,4.068183216271955,0.31027193843097733,6.336203585958044,17.546552564140406,0.18084512806538097,0,0.0,0.6799309056149468,0.9531067739692933,12,5,3
2025-03-08 13:00:00,62.523582480724926,48.466232997525715,217.59501744292007,3.606369586840028,0.2997615025860223,6.909556696757981,23.400439306881143,0.24287387292602214,0,0.0,0.7676254397398421,0.6625797120817478,13,5,3
2025-03-08 14:00:00,40.95446366473133,41.944307407414925,251.42453524785597,3.4256217113708094,0.2668544173301376,6.701785507866837,20.03258297447772,0.2339717833081473,0,0.0,0.3900958515656249,0.8619035837687801,14,5,3
2025-03-08 15:00:00,44.190565691657824,48.08702030562903,252.79810064246473,2.518227386578644,0.2184118250755528,5.692641836917532,21.733540765397258,0.15542426439055151,0,0.0,0.4467381407540638,0.8699966453976041,15,5,3
2025-03-08 16:00:00,56.88973103515771,47.760873130185864,203.64245386632138,3.9481421206253056,0.15209292597204363,5.926728484732569,17.86819371402163,0.1948097510285164,0,0.0,0.6690147531269717,0.5803710619885637,16,5,3
2025-03-08 17:00:00,48.99291191375312,42.159326889726884,212.58253447682216,2.9967956659118133,0.07757934125439343,4.151399547192916,24.124514226179038,0.24098678421436107,0,0.0,0.5307947870623625,0.633046110174417,17,5,3
2025-03-08 18:00:00,49.15953399265273,27.838492609640156,203.99155260626776,2.4562198131149793,3.652528798981054e-17,4.730957915222961,17.151686906268772,0.1514757842125114,1,9.870229333667718,0.5337112142638789,0.5824279554047929,18,5,3
2025-03-08 19:00:00,32.24791014302554,25.637010872114413,163.72393413915353,2.3064242634546415,0.0,1.7470415104274557,24.913893948469003,0.1607319486768156,1,11.383994123720258,0.2377029052655167,0.345170727478524,19,5,3
2025-03-08 20:00:00,47.47878291866484,33.86296335203135,145.58750405048642,2.4020617877189174,0.0,2.5056787676517778,16.055087672881488,0.21451958850455535,1,10.852534671553698,0.5042926150990622,0.23831069226611368,20,5,3
2025-03-08 21:00:00,32.10278366308101,25.37915318519479,173.34319879357216,1.7500626668606794,0.0,3.706731854582399,18.457732799081874,0.160498348290231,1,9.390803471632672,0.23516272081597836,0.4018475351337958,21,5,3
2025-03-08 22:00:00,33.889301568516885,32.09537234427039,129.61145814811698,1.3528633210130054,0.0,0.3005428179040728,21.403059538323767,0.19488382511404104,1,11.698540562704046,0.26643258282837323,0.14417966320824752,22,5,3
2025-03-08 23:00:00,28.234236721919363,20.67789744292647,140.04034804109455,2.0300336975879225,0.0,0.3332581979955178,24.611315982095782,0.20078227819168704,1,7.4740971106979925,0.16745059284316452,0.2056267912120274,23,5,3
2025-03-09 00:00:00,37.31715088374098,29.779931278121577,122.54367988571335,1.124491320063382,0.0,1.4325219242589573,21.808760995661217,0.23602540635070388,1,8.409974197709628,0.3264310719340215,0.10253623998209116,0,6,3
2025-03-09 01:00:00,29.539810948417234,26.759610342256135,155.98810443657607,0.6211016209776458,0.0,1.210254933513944,18.13023447641352,0.24573908202870173,1,8.19908100130671,0.19030237943052994,0.29959113820030187,1,6,3
2025-03-09 02:00:00,40.97823490965984,23.78409109122433,166.04061974499913,1.8201928398022649,0.0,1.6908441977717465,25.064729731345537,0.2012230947947479,1,10.176882688881037,0.3905119255084136,0.3588206632269842,2,6,3
2025-03-09 03:00:00,34.9447681294675,27.63357568534179,146.87008715710434,1.2527017350813494,0.0,2.3159998943560525,22.38025477385145,0.20103603217049823,1,7.475761292622317,0.28490667347095777,0.2458676853053158,3,6,3
2025-03-09 04:00:00,28.908861277205506,25.360703729424515,138.82915356150434,1.4040197578510132,0.0,3.092700487688922,18.564707303714933,0.22267953384895708,1,4.581066526787083,0.17925871225231432,0.19849042070772613,4,6,3
2025-03-09 05:00:00,38.3965695261621,33.380672678329624,189.38997884343323,2.4993827403848154,0.0,4.3010707455121135,22.14725438710639,0.16925066166481084,1,6.46202591199669,0.3453244017458376,0.4963953305263112,5,6,3
2025-03-09 06:00:00,51.9863913788992,39.71964854239654,121.69673081972313,3.2542487308235404,0.0,4.387498818838846,23.384467062990293,1.8306439054798362,1,4.9610344524264365,0.5831903939170376,0.09754600725313826,6,6,3
2025-03-09 07:00:00,37.764322231181104,42.80469846381113,153.05074084929493,2.6104054500001195,0.07867210541420014,4.522734863888133,23.42209522460639,1.1258991933398774,1,10.430198526448773,0.3342580219398418,0.2822841613126809,7,6,3
2025-03-09 08:00:00,49.0426270217423,31.4804547897478,160.08058373823002,2.298799202420993,0.15519166176899218,6.169967398862256,23.83355951611224,1.126345402554216,0,0.0,0.5316649628171214,0.32370406892276365,8,6,3
2025-03-09 09:00:00,51.746434538487605,44.31939736748271,176.66674068051705,2.5676949893581713,0.21521673460479404,8.028457378675157,25.578760053096385,0.21256663618033472,0,0.0,0.5789903703596079,0.42142987859017295,9,6,3
2025-03-09 10:00:00,59.88255912003981,43.50660721426482,173.05957411585027,2.774160330263124,0.26404409043885485,6.482562050778436,24.701234272824596,0.18414846922807682,0,0.0,0.7213989587127815,0.4001764155749688,10,6,3
2025-03-09 11:00:00,64.23657979722395,42.99702977779389,183.7340994834108,3.193980566086856,0.29087251464229424,5.950235323543491,22.267196549703716,0.1898115240298057,0,0.0,0.797608452813231,0.46307083035652286,11,6,3
2025-03-09 12:00:00,62.2815332428964,63.15307661016645,188.63480046933583,4.34340877759327,0.30112116962834223,8.143938455048634,16.08773675717058,0.17214371758573335,0,0.0,0.7633887924361271,0.49194581167099216,12,6,3
2025-03-09 13:00:00,37.8681945198767,31.555527478046724,219.26496415866725,2.874231110393749,0.29133626852601135,6.82412780488733,23.47443006176908,0.19078023974152605,0,0.0,0.3360761241399597,0.6724190555454376,13,6,3
2025-03-09 14:00:00,54.332373850237424,51.34169136069812,208.0160804737874,3.3637819041260224,0.2672711184401349,4.482014922242984,25.67770400998523,0.232798314342269,0,0.0,0.6242527017388814,0.6061405155687254,14,6,3
2025-03-09 15:00:00,62.0454464338791,35.727203476369795,233.86292718211243,3.6189406318566752,0.21791909230835757,7.03523010218008,18.63926742172269,0.21992494481902863,0,0.0,0.759256506989418,0.7584304059097838,15,6,3
2025-03-09 16:00:00,44.19894624575626,52.923770503959524,216.1865559452568,3.5574575396717303,0.15386992161192126,5.041042772636265,21.666278545755603,0.15946537558430673,0,0.0,0.44688482765233006,0.6542810422498238,16,6,3
2025-03-09 17:00:00,53.11541944332687,47.35352579032458,175.31514686144084,2.4657701405825727,0.0803531463491007,4.772180736183362,23.273158478499866,0.1556679838647158,0,0.0,0.602952049635882,0.4134662737135103,17,6,3
2025-03-09 18:00:00,54.667828758651176,39.89346006213306,231.00449789345078,2.5978728070489066,3.794721418315213e-17,4.428126180722116,21.925662039446888,0.20061927974768584,1,9.066689033872366,0.6301242514533071,0.74158851073277,18,6,3
2025-03-09 19:00:00,34.10888682264971,25.001096830691182,187.70640141045575,2.9923894564090623,0.0,3.520080398893629,24.851762751674734,0.22301609633663713,1,12.631559037478162,0.2702760375039729,0.48647567473455694,19,6,3
2025-03-09 20:00:00,41.73990515857096,41.972050329949994,148.79083661153845,1.8302965340552746,0.0,3.3253847080376775,20.292828942678046,0.2164489069096418,1,10.512062211444395,0.4038436270883014,0.25718476112076544,20,6,3
2025-03-09 21:00:00,31.112851158303208,32.93208241882922,141.3907808786309,1.3220766667037769,0.0,1.5690242403616255,20.975207992233173,0.23641146937065863,1,13.725721021704324,0.21783568886639706,0.2135835555733502,21,6,3
2025-03-09 22:00:00,35.75214635021798,21.534899971042925,183.75747283831646,1.3721480508734196,0.0,2.050761626930764,15.959275175056646,0.1633264617858727,1,8.322903620240531,0.29903841291664823,0.4632085464073686,22,6,3
2025-03-09 23:00:00,30.482551479464572,14.597362878445788,167.11435819064107,1.8072964828596478,0.0,0.9883119862043634,25.0470180310733,0.210575263687778,1,6.910342797574147,0.20680339866445124,0.3651471413458458,23,6,3
2025-03-10 00:00:00,34.787781569964324,22.05390111889939,145.8334321225183,1.2192411921932502,0.0,1.8943537379256856,18.503969524692216,0.2266014547330003,1,10.56971681108843,0.2821588991337802,0.2397597030311081,0,0,3
2025-03-10 01:00:00,26.42650877605115,17.796752863767097,127.65652038465133,0.902832625192024,0.0,1.8830433833052533,26.18378692404251,0.2437840788030123,1,9.044876578500583,0.13580948627980347,0.13266114951946217,1,0,3
2025-03-10 02:00:00,36.08788948980003,19.809785650682397,137.23654257579534,1.6708416240880162,0.0,0.6418515875227567,18.08488009669195,0.1600883037384694,1,8.715052083035824,0.304915007612058,0.18910674017189236,2,0,3
2025-03-10 03:00:00,42.09819177878502,34.853612389440244,151.0098258231628,1.4597439357007507,0.0,3.149944392837586,18.72125472365115,0.17396418507217862,1,8.69354257210849,0.4101148058662424,0.27025906869567823,3,0,3
2025-03-10 04:00:00,34.8326854378718,21.098913204404933,172.92502997527492,1.8857528425777244,0.0,2.1592382858484496,21.268253211940753,0.18545914321628618,1,6.231796425658524,0.28294486257082013,0.3993836800956482,4,0,3
2025-03-10 05:00:00,30.14290887324929,30.37897172972328,155.95374588190242,1.896551953737396,0.0,4.236724491012002,23.20697151154528,0.20407504250520417,1,6.006956563579776,0.20085855064609856,0.2993886972378675,5,0,3
2025-03-10 06:00:00,52.31159204261277,47.7252267430989,142.13882358190003,3.1597999106896375,0.0,4.58233621974727,20.862144533404408,1.431459145804788,1,6.2546505880407794,0.5888824610660549,0.217991030981737,6,0,3
2025-03-10 07:00:00,47.131888266166335,45.93437933528981,130.86078289116287,3.248958326752446,0.07718836209646023,6.839617772881159,19.891252934927216,1.770837963011381,1,10.788777292003536,0.4982208327321122,0.151540697622459,7,0,3
2025-03-10 08:00:00,35.33377523234703,31.19015670121224,150.79095503250664,3.0334880260353843,0.15102800524037688,5.511442003856627,21.86260505347667,1.8378952034115337,0,0.0,0.29171556040787133,0.26896947971470786,8,0,3
2025-03-10 09:00:00,56.31055456025137,47.85307903888688,204.64612423123504,2.547088205877266,0.2151516653303766,6.016845525028597,26.246702192180184,0.15700786562722127,0,0.0,0.6588772849291771,0.5862846982450917,9,0,3
2025-03-10 10:00:00,66.32590660570044,43.65955801543219,166.04369668241577,3.85353310276568,0.26473424626194025,6.833435535209262,26.15823995991372,0.21996806323076507,0,0.0,0.8341784534838469,0.3588387925743299,10,0,3
2025-03-10 11:00:00,51.47985495488276,42.80389219629789,206.36176088725247,3.9401603114173374,0.292811905916632,6.859316533618781,19.31275348171927,0.16142733187488095,0,0.0,0.5743243623843832,0.5963932473133168,11,0,3
2025-03-10 12:00:00,74.82811812417529,48.1070335284126,235.99296949650972,3.531109506634357,0.29885911822849215,8.074603597942165,22.891665730924608,0.23979551539368732,0,0.0,0.9829947514755751,0.7709806374386802,12,0,3
2025-03-10 13:00:00,40.251199970046855,49.164333246882734,197.67246376636535,3.2824453844059445,0.2922636289657246,5.566074370301753,23.18631081365875,0.16420985434452104,0,0.0,0.37778645426028684,0.5451958180634828,13,0,3
2025-03-10 14:00:00,56.77600424051303,46.57252064574702,238.6016478788015,2.417707612452347,0.2612133638346061,5.838950036289285,22.341702705711572,0.24915112085490018,0,0.0,0.6670241650870588,0.7863509976709148,14,0,3
2025-03-10 15:00:00,44.53851171073649,38.70245053848176,227.49971056258894,2.8740219770129376,0.21342011757408497,5.358025345495771,16.651465047147596,0.19277502119343112,0,0.0,0.4528283254486849,0.7209382672307738,15,0,3
2025-03-10 16:00:00,44.820322844755204,42.76166032767923,208.08793008337764,3.1781016753086178,0.15083519496147893,6.764770125023862,20.972934911345973,0.1881936882650754,0,0.0,0.4577609349946114,0.6065638542176919,16,0,3
2025-03-10 17:00:00,55.986462449029126,42.03968568466711,249.65426378534056,3.0932698038960935,0.07869130175657264,6.8114905754560695,23.217608585164765,0.20862804843597466,0,0.0,0.65320462104689,0.8514731258509272,17,0,3
2025-03-10 18:00:00,46.39919156228241,44.88353722269563,219.20588904274436,2.6171797664464393,3.7908281415005337e-17,4.2299313034030535,17.433297953942926,0.18943564364923438,1,12.484418339073569,0.4853962622323293,0.6720709843463739,18,0,3
2025-03-10 19:00:00,43.15903122614444,36.72114043257224,177.08489193255443,2.2413125281054005,0.0,3.3990650325509346,18.9598845586569,0.17346936066790314,1,11.475940337269947,0.42868293946025804,0.4238936301277343,19,0,3
2025-03-10 20:00:00,51.23914397349087,35.45129675085104,207.38380801729878,1.776895196377444,0.0,2.9243623328779424,17.5210209936303,0.21291438441942256,1,10.88754186250456,0.5701111389120128,0.6024151596616425,20,0,3
2025-03-10 21:00:00,38.07355425063738,25.606643894556093,189.84392971700584,1.456318560000467,0.0,3.4048373120102675,24.640796480020388,0.2228363598560068,1,12.59521124716612,0.33967058598344296,0.49907001380728305,21,0,3
2025-03-10 22:00:00,41.89176494165257,27.576226054839044,183.33471724065316,1.6416201008815852,0.0,0.8488220899668353,24.469765516559935,0.2445321605202606,1,12.287745511737482,0.4065016661976466,0.46071766601736436,22,0,3
2025-03-10 23:00:00,24.29061716980779,17.75735311495777,162.40834859708553,1.8629729893472091,0.0,1.7248179161494241,17.41862737399989,0.19091186075790623,1,6.1806971280341365,0.09842445050857379,0.3374192837454947,23,0,3
2025-03-11 00:00:00,28.46229904919113,20.94291568076634,136.59170149669467,1.6708234760426055,0.0,2.369401907925395,23.735777465237504,0.2205772935530287,1,8.12413372908449,0.17144242381352018,0.18530732980931142,0,1,3
2025-03-11 01:00:00,24.35241368184809,23.13758339680025,130.66027180147876,0.9212463492409336,0.0,2.0075017190337383,19.692356838947134,0.23336035165419347,1,9.046737342680073,0.09950609004796375,0.15035928419107417,1,1,3
2025-03-11 02:00:00,32.06198635372078,22.558463323241686,150.7905952531485,1.2091518208445422,0.0,2.0056740618468414,23.22806670264185,0.23313838158680422,1,7.404485747889381,0.2344486354825542,0.26896735989097775,2,1,3
2025-03-11 03:00:00,43.839907532192825,34.459966051602166,115.27443196121557,1.5846946208501203,0.0,3.3038809079353686,21.2827465671101,0.1534270138579787,1,9.429576763707257,0.4406004847996357,0.059705755405913934,3,1,3
2025-03-11 04:00:00,25.623676815770228,23.18999636352067,168.61019630215498,1.6271919043799214,0.0,0.23091223680367579,21.13272477507065,0.18557023200321865,1,5.751819108221288,0.12175732114855056,0.37396063509775695,4,1,3
2025-03-11 05:00:00,29.59119699048869,30.844326074251942,141.87964789746292,2.208062947857246,0.0,4.345554948310315,25.57852665496287,0.15134183591662762,1,6.520312481134114,0.19120180195523478,0.21646396514630248,5,1,3
2025-03-11 06:00:00,39.36084461019088,43.80263392062481,170.42975914924392,3.4524833084893705,0.0,3.8000561735124503,22.972365854929922,1.5443099405442242,1,4.662565809928249,0.36220234555363506,0.38468151836753656,6,1,3
2025-03-11 07:00:00,50.918861909715595,42.87755768996424,169.56783607276813,3.0232170891126153,0.07524183245227088,3.4099540407705016,18.644719170125686,1.7738178195753118,1,10.083877692232846,0.5645051632266728,0.379603058612651,7,1,3
2025-03-11 08:00:00,40.552028092464546,42.46485375257909,181.73938428221885,3.1607357888752508,0.14462904067328322,6.485333195506826,17.261708599846497,1.7361885251537534,0,0.0,0.38305192282840284,0.45131794758984783,8,1,3
2025-03-11 09:00:00,45.99942446302349,45.254272939550894,213.00532543198932,4.016126994674306,0.20349579423958084,7.979113121205129,25.98094147163918,0.23112495727063342,0,0.0,0.47839904043405573,0.6355371988912027,9,1,3
2025-03-11 10:00:00,55.76136650338811,37.261731638753375,212.66700536714183,3.00367240102386,0.25179069323040293,6.954768403400517,17.56722573509368,0.1851835997837486,0,0.0,0.6492647113833332,0.6335438135410584,10,1,3
2025-03-11 11:00:00,62.934213568090016,39.05925459505594,182.28091604773462,3.0717464740960696,0.2832969319831731,8.35480203948089,23.60235834000892,0.15463296548207098,0,0.0,0.7748128165922298,0.45450865839945825,11,1,3
2025-03-11 12:00:00,55.604709670530255,46.188120301799785,168.94672678631994,3.224841410799081,0.2956933612146426,9.126440405529609,20.956419929894587,0.1672417721653736,0,0.0,0.6465227083326733,0.3759434762198579,12,1,3
2025-03-11 13:00:00,52.405668629303186,31.63500805452434,255.83091656746907,2.782635502309135,0.28988207921251236,8.736869036365857,17.114566479727795,0.2170691359008175,0,0.0,0.5905291066862612,0.8878660284544845,13,1,3
2025-03-11 14:00:00,40.64373838222558,45.92608922960644,262.3383482227043,2.592748814113224,0.2602160364949671,8.77223561810418,23.62030192874924,0.16338427944670442,0,0.0,0.38465715057183514,0.9262078836278084,14,1,3
2025-03-11 15:00:00,67.18563403176286,44.23455729251446,181.96029174082767,3.724690256255273,0.21126631762117618,7.407663297413093,24.822030799411106,0.16253283677537275,0,0.0,0.8492264739371792,0.45261953663963406,15,1,3
2025-03-11 16:00:00,46.420613233594736,34.48457133378226,194.1939981731113,4.113121135565031,0.15293348239295967,6.129672493867533,16.6747528997462,0.18536752391127254,0,0.0,0.4857712110106052,0.5247006625139596,16,1,3
2025-03-11 17:00:00,67.52161070135762,53.640453431861786,185.61694206705815,3.5251926105767812,0.07984270637374041,3.738756372186461,16.076009802060266,0.15945348279295413,0,0.0,0.8551071561658014,0.4741645584939971,17,1,3
2025-03-11 18:00:00,54.952973988899664,39.553094547183925,243.74485607401544,2.79189806934132,3.780219614526576e-17,4.3282315509236,24.085962000964102,0.18297841421451255,1,12.624051433874506,0.6351152185050408,0.8166548339914237,18,1,3
2025-03-11 19:00:00,43.227550629589196,28.929403630823604,162.2545414558355,2.042803906530393,0.0,2.9646220900152693,20.526817958035842,0.24696926537247813,1,13.104183532127962,0.4298822514203396,0.33651305046532065,19,1,3
2025-03-11 20:00:00,36.820553458372764,34.046342610263295,149.98853088898488,2.104130696940602,0.0,5.265303105869508,22.361819505281364,0.15199511087847647,1,8.068450019319709,0.3177390051376431,0.26424158829325306,20,1,3
2025-03-11 21:00:00,37.16173423805331,22.836439382640293,142.65963252808916,1.206013896685501,0.0,2.3071915810967623,20.042335063045705,0.2330542807218365,1,9.989256027560213,0.32371077618423055,0.22105964272377357,21,1,3
2025-03-11 22:00:00,27.556239044962673,25.72363720709443,178.38953408750137,1.4737706928863241,0.0,2.1395664570579696,19.84144316050838,0.24936216630143715,1,7.980720008279887,0.15558343285632556,0.4315805953097268,22,1,3
2025-03-11 23:00:00,29.802556368189354,21.399232467722726,181.15008547268826,1.6629326496937609,0.0,2.2781886539937877,18.77997440510994,0.1936405274117656,1,5.4398773473976085,0.19490127709377972,0.4478457928587787,23,1,3
2025-03-12 00:00:00,37.772911595111616,20.640886631814595,137.60898143087465,1.4830336214558015,0.0,1.6781288638755714,21.660745635230704,0.2443055368743049,1,9.97285158584256,0.3344083636879228,0.1913011537898796,0,2,3
2025-03-12 01:00:00,36.23051461286698,22.154927731715265,115.64055472297186,0.6413372055552201,0.0,3.441848400070173,17.535380505341987,0.17611448684773628,1,8.2947840341348,0.3074114101973522,0.061862954536176566,1,2,3
2025-03-12 02:00:00,35.57849353141291,30.2769674428226,146.0005398185838,1.2490927083270766,0.0,1.4339004415735517,23.558076928365473,0.24822973012492158,1,7.6474468312668655,0.2959989249464602,0.2407443033189554,2,2,3
2025-03-12 03:00:00,40.06406434457165,34.194363404717066,120.86073949911827,1.6203719928588436,0.0,2.7379670524742603,21.88130378554577,0.23615513109431838,1,6.595340090235358,0.37451097341097217,0.09262033767426524,3,2,3
2025-03-12 04:00:00,33.5378121198051,23.882898730183616,113.68173248718132,1.8124140185089777,0.0,2.432266026041954,25.157222055584036,0.23846975700428655,1,5.341219303523898,0.26028037661393366,0.05032155349594504,4,2,3
2025-03-12 05:00:00,34.266688816427795,31.07091322076958,181.01441627173543,2.182946932178985,0.0,2.5883163757892405,26.0052781768727,0.16303983588147838,1,5.493921050552966,0.27303808458769224,0.4470464285119815,5,2,3
2025-03-12 06:00:00,48.24646934770861,46.970504870986474,189.66730210669408,2.3132774116913564,0.0,4.083089076449045,25.80630770975935,1.7775468133840784,1,5.027558075087658,0.5177296193585466,0.49802932208542144,6,2,3
2025-03-12 07:00:00,52.143757563965856,44.621497399521004,210.01566035457594,3.6864539681754853,0.07601700153751177,5.444343379933069,22.570332905305058,1.8313672430030472,1,11.322118485022717,0.585944812933762,0.6179220610783133,7,2,3
2025-03-12 08:00:00,56.608503534134094,45.68317111071183,177.66042794155197,2.211581360085941,0.14643400682472088,5.785688415580387,19.49047773127548,1.7392859843249964,0,0.0,0.6640923590528112,0.42728469429454174,8,2,3
2025-03-12 09:00:00,57.85982162400915,46.491831267409125,170.74654137960997,3.609626163174154,0.20841287392810057,6.1539603211328595,19.82858554292003,0.15913640232470874,0,0.0,0.6859944871450901,0.38654800257231586,9,2,3
2025-03-12 10:00:00,62.804780624356766,53.721216438913466,226.9783745570402,2.9837411573528567,0.25301377089854893,5.926892736222292,22.870695682756352,0.15847766324054746,0,0.0,0.7725473199643584,0.7178665500494943,10,2,3
2025-03-12 11:00:00,65.75821144027341,56.93697624211481,175.01033113207538,4.223209885865937,0.2818212798989638,7.559881634435298,23.36877936589851,0.1857605993626585,0,0.0,0.8242419454678941,0.41167029625741525,11,2,3
2025-03-12 12:00:00,61.27025821117154,52.94045675170765,187.09099140824588,3.847248095606716,0.2931125014629921,6.2505677972005715,17.443498118021367,0.22049256673088602,0,0.0,0.7456881969915483,0.48284967258392925,12,2,3
2025-03-12 13:00:00,46.58727132572258,42.5988446253439,191.9286201870788,4.151599909700018,0.2810029853520045,8.423202755016886,26.06683881997452,0.1512452828167166,0,0.0,0.4886882685605072,0.5113530317964834,13,2,3
2025-03-12 14:00:00,54.41396179103405,43.8095402550463,269.6781350903398,3.0389853913008187,0.2568089580845422,7.455969110983914,16.67784465229158,0.2450645746196961,0,0.0,0.6256807555203873,0.9694539843925459,14,2,3
2025-03-12 15:00:00,53.68572786670668,54.0424062056946,243.7609336018008,2.274831694284465,0.20684484792750774,5.449308512846476,21.751983689362724,0.20254492661134338,0,0.0,0.6129342981481026,0.8167495629527943,15,2,3
2025-03-12 16:00:00,39.96494491122925,50.27004086239579,175.3289551805237,3.863794643691147,0.1466210915380076,5.986419796388153,20.88601926137936,0.18583724426835602,0,0.0,0.3727760616063198,0.4135476324735422,16,2,3
2025-03-12 17:00:00,50.76773013868644,35.31153096423308,165.8823714672807,3.1274755511789434,0.077175408730873,4.830021485281513,21.45044099675358,0.2061228929190545,0,0.0,0.5618598666912219,0.3578882627244255,17,2,3
2025-03-12 18:00:00,55.29627950642165,40.453419126290314,234.28148535845116,2.908510141006598,3.614546618588135e-17,5.1349898203583075,20.846089850662885,0.22157861966738138,1,10.342050136958557,0.6411241793603126,0.7608965550495721,18,2,3
2025-03-12 19:00:00,29.374094461592065,33.84314761266561,219.1221379111185,2.8341441020865936,0.0,5.389905842084126,15.981849884515217,0.17732790877325233,1,9.08040757271389,0.1874018030296807,0.6715775218054623,19,2,3
2025-03-12 20:00:00,53.209816661567864,42.8725468728133,195.38951202075197,2.0067904405194548,0.0,1.4608399450129177,25.666833195775133,0.17911236472278633,1,9.744338732050082,0.604604307348927,0.5317446425712937,20,2,3
2025-03-12 21:00:00,42.57582590865626,30.605752934346874,143.86939569067437,1.8219821086369545,0.0,2.8398206902007903,25.614776976609843,0.19681768499123523,1,10.59317212837252,0.41847495344049246,0.22818757989335536,21,2,3
2025-03-12 22:00:00,37.31374190532661,20.2466352480371,158.4226831111417,1.5394325263653184,0.0,2.0980111391144636,21.00265144529302,0.2169930726560188,1,9.494950802158199,0.3263714037469318,0.31393570113907077,22,2,3
2025-03-12 23:00:00,25.753750998313137,17.423000087151106,159.50829959095998,1.9793801146252799,0.0,2.6398905813074665,17.827125112600807,0.2206370334921795,1,7.150766489248574,0.1240340415369194,0.32033216475916565,23,2,3
2025-03-13 00:00:00,36.4187795059244,28.340094693793738,176.7665197408076,1.5222101245450024,0.0,2.089635090719857,17.670891937084942,0.18240566394236404,1,11.249912114034432,0.31070665689472426,0.42201777785391903,0,3,3
2025-03-13 01:00:00,28.27324299626374,26.06773100089642,117.99734650423154,0.8193118400360332,0.0,1.236804766500979,16.4497580415949,0.18224915594482005,1,10.551732705482381,0.16813332925048236,0.07574919628841097,1,3,3
2025-03-13 02:00:00,26.853875474755505,21.271211692389272,141.08127650022797,1.6244823555010237,0.0,1.9795371753758522,22.43850139703112,0.1987108746173079,1,7.845120550834167,0.14328979065095804,0.21175995254823238,2,3,3
2025-03-13 03:00:00,48.78545502436586,33.26760375133175,117.17234506773627,1.7652708210081438,0.0,1.9894394927813768,21.121189897418986,0.20419217005994225,1,9.37266616295058,0.5271636181359712,0.07088827922131617,3,3,3
2025-03-13 04:00:00,32.09805812585507,28.368601189808523,141.27798245033682,1.757684514840316,0.0,4.4929138227462255,20.536167399634586,0.21494141349392715,1,4.666632247489501,0.2350800085764088,0.21291894605755907,4,3,3
2025-03-13 05:00:00,39.33355408039776,31.57607643819836,128.96860832690416,2.313772990006082,0.0,4.171884803562507,21.75379154943384,0.2117709681699892,1,4.342436074768981,0.36172467270284553,0.140391985357907,5,3,3
2025-03-13 06:00:00,49.78109980866434,42.81436975995684,186.89489666521692,3.0369689931195354,0.0,6.838347191841319,25.508168962660413,1.4043884130050173,1,4.308846510698765,0.544590633518041,0.48169428031309103,6,3,3
2025-03-13 07:00:00,37.96291938928101,32.41604716318573,148.8430816316783,2.372336039188117,0.07866549001152562,5.663081648101093,16.871845266566012,1.3476650926998741,1,9.494916716039608,0.3377341168118508,0.25749258932425,7,3,3
2025-03-13 08:00:00,57.06917576004966,42.83361637229689,172.53942446196217,2.291680951531853,0.1516179055549391,5.74900997963632,21.905495617245897,1.3559408933484605,0,0.0,0.6721556182530083,0.3971116883900452,8,3,3
2025-03-13 09:00:00,63.28869992880857,52.46085535716215,181.57632429382005,2.64600269149468,0.21428433619022513,5.575156711639129,23.499765890310574,0.21454010577034738,0,0.0,0.7810174784941438,0.45035719643778294,9,3,3
2025-03-13 10:00:00,43.939812052017395,51.25008287171401,236.62949600217584,3.5035582711335276,0.2635441330345186,5.77262389892849,26.25106867230615,0.19331475543813503,0,0.0,0.44234913816595434,0.774731058247879,10,3,3
2025-03-13 11:00:00,69.06643769352249,52.613095472927384,235.13184978306296,4.686360491488802,0.28739419680574,6.301468086609737,23.661686357521912,0.16343493622967445,0,0.0,0.8821466427172853,0.7659069111071395,11,3,3
2025-03-13 12:00:00,67.88850126387885,51.08000003574385,167.1597928473382,3.811043272564194,0.29969821449525397,8.265094967238682,21.505202703735446,0.1505923059126253,0,0.0,0.8615289318607333,0.3654148428169061,12,3,3
2025-03-13 13:00:00,49.7356393881609,50.46597321601453,171.31167608378266,4.45493315436601,0.28980986770528455,8.414615157148038,23.654400850620053,0.15296773640656675,0,0.0,0.5437949286041174,0.38987778214262864,13,3,3
2025-03-13 14:00:00,53.69667811723851,47.15983004054283,225.63169696437748,2.4695494287745445,0.2610658341619631,6.0351450713215815,25.90697910814248,0.2367516347099061,0,0.0,0.6131259630746559,0.7099319116301271,14,3,3
2025-03-13 15:00:00,44.32901622627858,49.23956892629321,210.73538434927613,3.321529623759345,0.21450419355073597,8.044767689491149,24.659438173790075,0.19578272113804718,0,0.0,0.44916147449169974,0.6221626823604992,15,3,3
2025-03-13 16:00:00,52.069118861005,52.67700991578239,190.5566006791897,3.033125255815987,0.15237671759411678,6.055500007710833,16.34146152342588,0.21574272039930778,0,0.0,0.5846383933701693,0.5032690785483325,16,3,3
2025-03-13 17:00:00,42.54490012617376,55.68068221937726,238.7584406806009,2.4505510673260193,0.07741197208795697,5.9719657866879645,21.284661003355243,0.2429037496128832,0,0.0,0.41793365186836107,0.7872748224941809,17,3,3
2025-03-13 18:00:00,45.33665491178684,41.92435158913146,162.86351718989997,2.882284822858525,3.6339127267869697e-17,6.671093394887493,23.436360096037628,0.1626279854076354,1,9.139052336675494,0.46679842207466093,0.340101141840938,18,3,3
2025-03-13 19:00:00,38.93807869977598,30.58125298659323,235.47178311268055,2.0704500266531904,0.0,5.189414616439104,22.280224911835358,0.19476158953822437,1,10.08660303417397,0.35480256991075215,0.7679098018301326,19,3,3
2025-03-13 20:00:00,57.51598102927014,39.495464794677666,137.1692256076945,1.7213518498243336,0.0,3.310663994009465,19.713126842562218,0.2039067396878648,1,10.29312082983366,0.6799761607017707,0.18871010789384865,20,3,3
2025-03-13 21:00:00,40.463915003152266,25.283052310906545,137.26418659698916,1.3416406573329311,0.0,2.0768468105312587,18.813500236516948,0.23415349072337766,1,8.843613684878203,0.38150965776859164,0.18926961903304323,21,3,3
2025-03-13 22:00:00,30.381886450651137,22.998132899207317,144.90533234206816,1.7954314892767438,0.0,0.3496350307419256,22.067676196424863,0.2493718424621629,1,12.520187707296381,0.20504143392237278,0.234291329446303,22,3,3
2025-03-13 23:00:00,29.71904080777779,18.053883646400205,152.4097595795956,1.9145747774671444,0.0,1.492765630330358,19.95613225919243,0.22116784866578243,1,4.927843377940707,0.19343948371235808,0.2785074929873435,23,3,3
2025-03-14 00:00:00,34.202992638664,25.401194375519186,124.72790407121651,1.238125523024382,0.0,1.9087384904926035,19.865974086739122,0.21418341029935553,1,10.95920309358776,0.27192319473221954,0.11540571166056195,0,4,3
2025-03-14 01:00:00,30.867599462094596,18.68353012104387,158.05900408852324,0.6773874519015263,0.0,1.245086534813947,24.68698750178128,0.24203125293738947,1,7.142197199462889,0.2135429881465137,0.3117929005452919,1,4,3
2025-03-14 02:00:00,28.16368950441857,29.796253105959412,130.0279332398193,1.2538338163732823,0.0,2.410887679295861,19.291338871343676,0.2337380912950113,1,6.891107271767441,0.1662157875552377,0.14663353879163543,2,4,3
2025-03-14 03:00:00,46.71311613397295,32.91686354318608,108.74617178644753,1.2670155551075057,0.0,3.1059322142111725,22.900873904205856,0.23650441645445747,1,7.41319631286029,0.4908909611710832,0.021241178378299044,3,4,3
2025-03-14 04:00:00,40.38152899166167,24.948299682948846,172.81162453085972,2.0092804623185425,0.0,3.435727004998948,25.434914512013528,0.15027057246703676,1,5.61010506811469,0.3800676351595689,0.3987154940345412,4,4,3
2025-03-14 05:00:00,41.32442620862809,27.13534821351224,185.38643078278204,2.8744169543108,0.0,3.744308072356558,22.79097366888228,0.2014432091536517,1,4.664774366887592,0.3965713969056442,0.4728063836032288,5,4,3
2025-03-14 06:00:00,59.815249922818744,31.48244452726563,169.48508979496353,3.4666167576841893,0.0,5.349609746581207,21.422464252393038,1.7120464255389911,1,5.156574263291796,0.7202208292896934,0.3791155166809331,6,4,3
2025-03-14 07:00:00,44.0096166896839,50.851703503901504,195.6487640596563,3.607122109866599,0.07995519066311892,6.409542624823592,16.491425526970275,1.2610928418567746,1,9.01100023580189,0.44357094589652074,0.5332721582880453,7,4,3
2025-03-14 08:00:00,54.937238422913296,34.99659570755424,145.90003848239718,3.399924034456424,0.1525603120934382,5.610938001798779,23.378836134005887,1.688589218702292,0,0.0,0.63483979502589,0.24015214839809765,8,4,3
2025-03-14 09:00:00,54.90617987587319,49.44272401773454,168.34991288659972,3.770343690329493,0.214826458116669,8.743784510562346,26.66552768399191,0.15091601516523798,0,0.0,0.6342961696430744,0.37242704249902275,9,4,3
2025-03-14 10:00:00,44.33466891969067,48.58904942593379,182.5231687678184,4.471952553550519,0.2605300179523318,7.721217037814883,24.52707462887915,0.2075166691124744,0,0.0,0.44926041497388386,0.45593601395244715,10,4,3
2025-03-14 11:00:00,60.35959916571815,48.40271026351465,256.26809004887576,4.634741823161666,0.2932008221439722,8.148555690275929,22.550005081760077,0.2351328119993341,0,0.0,0.7297487078853817,0.8904418591658568,11,4,3
2025-03-14 12:00:00,66.28662917503792,53.58774731267641,215.9527560762624,3.4886837900509784,0.30730428265769283,8.950345094419966,20.67601727152992,0.19313483582253466,0,0.0,0.8334909709608442,0.6529034909836013,12,4,3
2025-03-14 13:00:00,45.060516985537156,34.027237926164005,164.78821404039078,3.2849694214959912,0.2992560975971858,8.383328811726484,17.99383208417776,0.2239452527715971,0,0.0,0.46196511207875035,0.35144147575511786,13,4,3
2025-03-14 14:00:00,38.847438183472995,36.9797199068175,206.82044051571052,3.3423776507521135,0.27417600191821806,8.813755019777805,22.743132937778544,0.20303986699108695,0,0.0,0.3532160666750989,0.599095792467386,14,4,3
2025-03-14 15:00:00,46.89788785784037,47.94876931606868,164.8250589774803,3.151382166780907,0.22217725508296948,7.6811960934199455,17.315162243884124,0.21472909784202843,0,0.0,0.4941250660695263,0.35165856650867494,15,4,3
2025-03-14 16:00:00,48.00970216796679,49.54241538954567,186.50219500435145,3.469005781634534,0.15755180350175524,6.170526052144966,24.54719758205424,0.20166679158755235,0,0.0,0.513585425215816,0.4793804780321075,16,4,3
2025-03-14 17:00:00,45.083594407159985,44.67010136313694,203.5666394959325,3.5500212010115595,0.08043861535392682,6.431138356152188,19.019176301604382,0.19758367432659002,0,0.0,0.4623690418616829,0.5799243629276264,17,4,3
2025-03-14 18:00:00,37.55847799309066,30.86358968139896,182.33930554208365,2.7249684380054617,3.793267137436519e-17,4.159668178642025,19.47291319688987,0.23416265796132119,1,13.981594049000044,0.33065507964547713,0.45485268990905897,18,4,3
2025-03-14 19:00:00,35.878244858655826,23.53125441988211,145.88009521005765,1.9764354414212457,0.0,4.645716062970767,17.60404467624309,0.15927431855890795,1,8.372126521526138,0.3012455461039634,0.24003464242950107,19,4,3
2025-03-14 20:00:00,59.631805667753554,42.143496615160856,145.47021501679015,1.793102715472544,0.0,3.790605019354746,20.378412205241965,0.2084651285351031,1,10.32587616647419,0.7170099594039783,0.23761962405646395,20,4,3
2025-03-14 21:00:00,41.17653460312,26.591400539487513,173.96362048226078,1.7421315248567388,0.0,3.004621732363215,22.50931860758504,0.1614810487797802,1,11.45127477201138,0.39398281378371836,0.4055030661934191,21,4,3
2025-03-14 22:00:00,31.60087662468895,21.349572183304893,175.64839235075883,1.6398291691717486,0.0,2.6176715340389443,18.703833891223834,0.20628079116451015,1,11.434589555381955,0.22637771855777797,0.4154297596117163,22,4,3
2025-03-14 23:00:00,30.50515989661857,19.508229872983424,144.4750206679207,1.6477750120206327,0.0,0.574887451280609,22.97682536711705,0.24635960426817227,1,5.4090924101458056,0.20719911934688776,0.23175592857485783,23,4,3
2025-03-15 00:00:00,35.397468267989105,20.875406673218723,162.18295956853692,1.6489472093596695,0.0,1.8160201766348285,22.26611324719652,0.15570978910112987,1,8.164108097100836,0.2928303952660153,0.33609128923888854,0,5,3
2025-03-15 01:00:00,28.655822473123074,21.5161611628627,117.56683607170748,0.710091020617837,0.0,2.5700460000327428,19.781229311467243,0.19220068031963933,1,6.658399101561057,0.17482971186929908,0.07321262433053831,1,5,3
2025-03-15 02:00:00,33.21462820204705,22.21481319029173,113.54405634653801,1.487261640961574,0.0,2.9469946311737365,19.26104474428262,0.23019712002760803,1,7.562558291948712,0.25462360906507786,0.0495103642395629,2,5,3
2025-03-15 03:00:00,37.85640333785053,38.90760791093224,165.35605916214405,1.3641167523801394,0.0,2.2464572129370826,25.21138620484684,0.18696915683703091,1,6.8483769318573,0.3358697401827659,0.35478722513408006,3,5,3
2025-03-15 04:00:00,28.787278097870555,21.27694809174325,133.67309170882424,2.0119995875211703,0.0,5.171401154035159,16.2026611266273,0.20203147674640012,1,4.210586087977307,0.1771306119801233,0.16811085050338645,4,5,3
2025-03-15 05:00:00,34.27002780308879,26.914974375761293,146.57620080418783,2.6437754315835034,0.0,3.7733043089824445,23.802110114457466,0.16147078068814483,1,5.078086973216902,0.27309652769191906,0.24413610384923157,5,5,3
2025-03-15 06:00:00,49.69743199384516,49.69661589951644,195.8065281853837,2.753430811355087,0.0,6.395638830682285,20.6104790555857,1.292304956429544,1,5.308675708476289,0.5431261751902998,0.5342017061620242,6,5,3
2025-03-15 07:00:00,49.52156194298582,38.8201904807411,163.21017120660642,3.7578645192563753,0.07882103454087801,6.640080818032024,23.821295048143273,1.6398189040880817,1,11.579920845128246,0.5400478784624858,0.34214363092234334,7,5,3
2025-03-15 08:00:00,52.624865831278385,41.30638325142426,135.3141095266714,3.456966280369047,0.15344230055480573,6.300452049479863,21.51352606430671,1.7464406655109448,0,0.0,0.5943657691895656,0.17777974459897336,8,5,3
2025-03-15 09:00:00,51.314717366372484,41.92559945797954,232.0373459471058,3.600102252221874,0.21922219700349865,9.353562976464628,16.910526341659015,0.21464563496658862,0,0.0,0.5714339185830287,0.7476740622356323,9,5,3
2025-03-15 10:00:00,59.066043981724306,37.135769161658125,151.4118633485828,4.3517653956392905,0.2676521886173311,6.871625838090429,26.37180621251014,0.23369208794785626,0,0.0,0.7071072935531605,0.2726278779879732,10,5,3
2025-03-15 11:00:00,57.83509580066112,49.402592053592656,225.18511141745935,4.3852706042894285,0.29677680510947,9.294375161119541,16.7561028830424,0.2105657467174198,0,0.0,0.6855617049815961,0.7073006249306104,11,5,3
2025-03-15 12:00:00,74.71540629188952,63.91316954292015,195.63357857758268,3.784224310013032,0.30498466358625875,9.488285203507965,17.413565904690163,0.23102082089353826,0,0.0,0.9810219285713008,0.5331826852693107,12,5,3
2025-03-15 13:00:00,47.54085176968959,39.513981515835894,215.40019448327362,3.460687535210517,0.2995845426705733,7.72512185347394,20.03926560948209,0.24828868009369465,0,0.0,0.5053790214546359,0.6496477923154989,13,5,3
2025-03-15 14:00:00,61.0680951785996,44.15655369893308,225.20136844658026,2.844051379252995,0.26711248213094985,9.498770109436057,25.362967617502825,0.15828247341379412,0,0.0,0.7421496877421883,0.7073964115157221,14,5,3
2025-03-15 15:00:00,64.02530189675706,49.95537962280687,208.6300223122577,2.332324305428388,0.21925470643670608,7.389768752150217,18.51028509962544,0.197964963012971,0,0.0,0.7939104037907353,0.6097578672832892,15,5,3
2025-03-15 16:00:00,54.02139095911493,41.443415112339196,244.08641379187839,3.8467758957086424,0.1545598546341195,7.317457183195019,21.27307398480661,0.16898926663527225,0,0.0,0.6188094917581544,0.818667295626898,16,5,3
2025-03-15 17:00:00,58.248630812509674,48.899164882071354,253.1389565767469,2.6096182462567366,0.07974372239446217,6.575813458991468,20.736943334473438,0.19652285476146203,0,0.0,0.6927999099379821,0.8720049721169021,17,5,3
2025-03-15 18:00:00,35.13340467062943,31.866983261358314,158.6412052118868,2.3673018786626367,3.743659493992394e-17,5.414998969427079,18.759012093065692,0.1999586744831855,1,11.713531274650261,0.28820842521645174,0.3152232356354491,18,5,3
2025-03-15 19:00:00,46.4789004268962,27.830059448592927,218.92974439545875,2.160033320217418,0.0,5.5939343644375406,22.53111700067877,0.21219212762057513,1,9.164230989431195,0.48679142608154347,0.6704439372048806,19,5,3
2025-03-15 20:00:00,38.924778655438914,37.843593036024515,146.58040268105808,1.9629244769041283,0.0,4.863349747241628,20.582025166635113,0.19392979869831917,1,10.678139894934127,0.3545697759656631,0.24416086135156895,20,5,3
2025-03-15 21:00:00,37.521051580219,32.68392626558601,134.0448298611454,1.3230650713804546,0.0,1.7102887891242522,21.45461694981062,0.18247124277622015,1,8.629345173888712,0.3299999959418351,0.17030113557341553,21,5,3
2025-03-15 22:00:00,31.780130451253108,24.27822273434858,196.46651621777033,1.8278640432129067,0.0,4.2966874905196235,17.74286249582004,0.1543168295392456,1,9.8947184702651,0.2295152423434617,0.5380903625313211,22,5,3
2025-03-15 23:00:00,24.013030456629373,19.155382281663517,150.90388131237796,2.2332105836881504,0.0,1.040438613714859,25.32175585846872,0.15347935337029794,1,7.4722918949305,0.09356578203894794,0.26963484253332537,23,5,3
2025-03-16 00:00:00,34.81241014841684,20.94661947661811,120.11036754299975,1.712855035638986,0.0,3.6435411698414315,16.91099603381246,0.16750083517959813,1,10.410721491715726,0.2825899791959662,0.08819913828380005,0,6,3
2025-03-16 01:00:00,35.300125287264464,18.76967223398655,146.30763949019504,0.8616577392778823,0.0,3.850211766309215,23.139547761869952,0.19489864097216933,1,6.670734056169837,0.2911265771481711,0.24255373778657993,1,6,3
2025-03-16 02:00:00,33.033509941481405,26.42413014566823,123.4265997138687,1.931349868203087,0.0,1.9425328623029319,25.3501461749605,0.19175160362579644,1,7.392863056135112,0.25145345163280125,0.10773841281683066,2,6,3
2025-03-16 03:00:00,49.28785351809028,36.197486231649826,138.8402753097729,1.4597048019755898,0.0,3.109734515258996,16.912234776008795,0.16906954939723018,1,6.432753058690326,0.5359572224576502,0.19855595016450403,3,6,3
2025-03-16 04:00:00,34.764361927306304,24.155617416800094,154.41917979530535,1.716003134828593,0.0,3.046460363272669,16.382880770897778,0.23223395717796924,1,4.602233869589198,0.28174897937195326,0.29034701785290395,4,6,3
2025-03-16 05:00:00,30.163393807090266,25.72591532481848,179.72774934920625,2.0844320803788308,0.0,4.671084987933864,19.690786960654794,0.21834932116618197,1,4.7921346226845625,0.20121710347816998,0.43946537358684346,5,6,3
2025-03-16 06:00:00,41.41687053624391,48.70203357438237,120.24651186154466,3.3683259920270165,0.0,5.364729222605113,24.616940282624014,1.3823737361880837,1,5.773196300221881,0.39818947269407023,0.08900130202840431,6,6,3
2025-03-16 07:00:00,54.11429973168368,34.91586946206051,145.399614501842,2.5951227844512017,0.08145388959513514,7.239183753817818,23.817801330191717,1.722725664008224,1,10.208550630433107,0.6204356968407487,0.23720364508615444,7,6,3
2025-03-16 08:00:00,36.07381381422125,42.772529062552024,143.66434886269016,3.005581873127412,0.15724198312742615,8.503679632699708,24.885411154105935,1.8669344291561223,0,0.0,0.3046686376027005,0.2269794418446069,8,6,3
2025-03-16 09:00:00,54.67010190560903,50.543763256338245,152.00597918137458,3.743240457889563,0.2205432223001473,9.22068205685691,20.25916824502455,0.1745042423778307,0,0.0,0.6301640389032341,0.27612841467033,9,6,3
2025-03-16 10:00:00,43.916397048467644,50.498356170575875,244.57774131399051,3.812168907874316,0.2656856095056487,7.749895313494935,26.496189569782498,0.18625899058370543,0,0.0,0.44193929960357964,0.8215622025108353,10,6,3
2025-03-16 11:00:00,53.80314906360571,56.55154482424053,253.69887935692307,3.11948184703657,0.29478781389320363,8.41285416503662,19.714860052753554,0.24928982521122114,0,0.0,0.6149895502187317,0.8753040429766765,11,6,3
2025-03-16 12:00:00,68.28352990979084,58.94405863525143,241.3968859322882,3.754414083354602,0.30421494328248216,7.051173998563997,24.206523614300828,0.16378825713054274,0,0.0,0.868443215345397,0.8028205694313083,12,6,3
2025-03-16 13:00:00,49.394992650781454,36.45821046979395,234.27647261649577,4.08461188907957,0.2945300236368973,7.836835428397777,19.31371144376818,0.1577187763326172,0,0.0,0.53783250503119,0.760867019921697,13,6,3
2025-03-16 14:00:00,42.30513665058792,38.491706729241876,258.27674909934734,2.706710937902128,0.26695822361398625,9.318173874783211,17.828854128200962,0.20209911603079173,0,0.0,0.4137370128230042,0.9022768992378964,14,6,3
2025-03-16 15:00:00,48.33469543521827,44.79645201551995,170.36293138887578,3.3438711165207753,0.21819931358420538,9.502469395501512,18.96034497805918,0.19684291028176326,0,0.0,0.5192738622535806,0.38428776850655544,15,6,3
2025-03-16 16:00:00,47.19500951459261,33.12739828905283,173.80403813698362,3.976693818771442,0.1544609169962044,6.041539733021015,17.406641040954163,0.1578288746979135,0,0.0,0.4993256594580768,0.4045628053508924,16,6,3
2025-03-16 17:00:00,42.434057104657604,55.80350202204716,189.238020501561,4.000033987365296,0.08016573871067695,5.970206030698992,16.712261366866894,0.17900360230212817,0,0.0,0.4159935392183278,0.4954999903913509,17,6,3
2025-03-16 18:00:00,46.21202199894688,28.50216509016733,233.24923798965136,2.3669425397587385,3.726707583149186e-17,5.770134115052874,19.10563005068221,0.19189366632544735,1,11.358942823825664,0.4821201873603037,0.7548145427881408,18,6,3
2025-03-16 19:00:00,39.978315868478155,32.59806710790918,187.7099557177648,1.8991909291586448,0.0,5.310572775502881,16.89366868899174,0.23222096215636367,1,8.321848631484373,0.3730100967575347,0.4864966167502869,19,6,3
2025-03-16 20:00:00,37.83997345701712,43.45182831111636,180.32172870938567,1.9272262656206973,0.0,3.507596269246144,20.590935308237277,0.22078423541539183,1,9.805280618980627,0.33558216394018947,0.44296510617114515,20,6,3
2025-03-16 21:00:00,34.59459524084465,32.40335386032357,146.6825521242067,1.574736899270164,0.0,4.130273679131887,15.850403275740497,0.24145266384595232,1,11.57049877802767,0.278777511331356,0.24476272693583356,21,6,3
2025-03-16 22:00:00,33.23761647414693,26.97132444864583,171.87099849388207,1.8762508962283326,0.0,2.765952755429626,20.037525490692236,0.18324999369680528,1,10.361854527588573,0.25502597844199787,0.39317331561564994,22,6,3
2025-03-16 23:00:00,22.818105039661585,19.963960043863807,181.1366062747934,2.1970990084119366,0.0,2.9359760409847064,25.650013314261805,0.18093784225005005,1,6.034721660335152,0.07265070876148766,0.4477663732842186,23,6,3
2025-03-17 00:00:00,33.94723559578645,22.038558742490153,132.96816396761602,1.690420408149677,0.0,3.4048296515416663,19.517871576634782,0.19631817007777871,1,12.678579292177073,0.2674466163474494,0.16395740890107321,0,0,3
2025-03-17 01:00:00,27.05128729501449,24.049756857016337,149.78720598064155,0.876106809936131,0.0,2.977531937901694,17.30119718429753,0.15075281369071236,1,8.882881747423532,0.14674513826338964,0.2630553798338414,1,0,3
2025-03-17 02:00:00,32.33898047391231,22.672687893171283,128.23642748782754,1.7001796733338612,0.0,2.8447689137897934,19.180215260117617,0.17073200880819397,1,10.028482169508074,0.2392969316514753,0.13607796821875293,2,0,3
2025-03-17 03:00:00,45.51941902974095,38.44597580888143,162.05278801414343,1.1537910847807042,0.0,3.658646856866389,24.463462627524137,0.17114711102161073,1,9.806514636403625,0.46999738735334806,0.3353243170829495,3,0,3
2025-03-17 04:00:00,27.60982323810928,20.477887379592936,143.53907025557297,1.5813045790403577,0.0,4.311562148476323,19.436089219540996,0.15610900331094552,1,5.980776911721215,0.15652133015958883,0.22624129898504433,4,0,3
2025-03-17 05:00:00,38.49299287147756,25.454758074909726,139.5381916118906,2.8556386890492886,0.0,4.763807155145613,20.231536680262227,0.19551306897236814,1,7.029966862868613,0.3470121232590751,0.20266808029457936,5,0,3
2025-03-17 06:00:00,49.15087978337978,40.38720728272293,153.60390833690334,3.0756462952058365,0.0,5.66183157432124,24.604455052645523,1.8041401539800588,1,5.896761092795063,0.5335597375118305,0.28554342991820064,6,0,3
2025-03-17 07:00:00,44.07729850131176,48.57740636613739,134.9736771730881,3.0404049813424927,0.0769284897153609,8.306086358127049,18.911027901170673,1.1280228124008649,1,7.895388613425499,0.44475559728115693,0.17577391362157033,7,0,3
2025-03-17 08:00:00,51.82906655396474,43.31346350112806,212.95054379901964,2.2846437323329543,0.15157788965159483,8.002258008928743,21.20036464049981,1.596311000034193,0,0.0,0.580436698836873,0.6352144249384726,8,0,3
2025-03-17 09:00:00,56.6259265523443,39.479145041300924,233.9501166944027,2.8427978375772707,0.2168424093019568,7.77753718320946,16.689599797997516,0.23793327178468238,0,0.0,0.6643973184229999,0.758944127425426,9,0,3
2025-03-17 10:00:00,52.68631664919972,37.90954604025606,197.74141797354164,3.7385303118931468,0.26593032108044085,9.25708845292371,17.786999937036224,0.16075211026199102,0,0.0,0.5954413579598219,0.5456020969712325,10,0,3
2025-03-17 11:00:00,60.328114544845505,41.888975750531294,179.26373297784795,4.737192708164602,0.29570988608016285,8.536378582910686,18.059806123101623,0.24172582831278852,0,0.0,0.7291976248275491,0.4367313842879535,11,0,3
2025-03-17 12:00:00,69.87301292209627,52.477798230626014,232.31200309541418,2.837552018330364,0.3039876110361958,10.155910060154028,20.617606761729892,0.23185216434647637,0,0.0,0.8962643271935371,0.7492923450176399,12,0,3
2025-03-17 13:00:00,62.35279283212442,41.26327235352019,213.43144703584787,2.9795821804041753,0.29759513646947866,9.260571989096222,24.220115507717324,0.17145713449138703,0,0.0,0.7646360665414916,0.6380479118248107,13,0,3
2025-03-17 14:00:00,54.1539560885135,40.06443769705737,192.75300889222618,3.455906207541321,0.2670507297726048,8.494295342206055,19.240542919245467,0.24053435755941593,0,0.0,0.6211298118015951,0.5162103386440868,14,0,3
2025-03-17 15:00:00,65.50954479309135,51.23906739947064,168.17922902043762,2.6819543603232905,0.21916295732563384,8.582929557080641,19.412695046428937,0.2304015786248842,0,0.0,0.8198894720217514,0.3714213713796733,15,0,3
2025-03-17 16:00:00,37.93441916376274,41.71325517723012,256.46429591667845,2.791542493795897,0.15392453555624996,5.953389199188514,18.52062620663125,0.16113890929354668,0,0.0,0.3372352703594493,0.8915979061850207,16,0,3
2025-03-17 17:00:00,54.888677311501716,56.56231298502662,239.18682038235718,2.7001459787953603,0.07870437294881334,5.684330126557162,18.675541243111454,0.23305994473553177,0,0.0,0.6339898179568729,0.7897988401641501,17,0,3
2025-03-17 18:00:00,38.015592518488134,31.89688396850307,232.9006057639379,2.4692432845196484,3.712251496888239e-17,4.851092602680945,19.510920103853998,0.20421829386993778,1,13.744202495908183,0.33865606753904814,0.752760398078637,18,0,3
2025-03-17 19:00:00,30.240620514922295,31.524865628333348,184.62692512005688,2.5947585876604604,0.0,5.421882752136306,24.614323080330404,0.23159599085012467,1,9.26216131278948,0.20256882152713626,0.4683313683181893,19,0,3
2025-03-17 20:00:00,49.22039144571606,41.13749253587392,202.79298527580846,2.4145569009931207,0.0,6.298293005105949,15.675912258138997,0.21176649968664016,1,7.799122262697715,0.5347764172231808,0.5753659841948491,20,0,3
2025-03-17 21:00:00,40.85979654931194,24.631405650711727,176.53705904038637,1.4796717118320912,0.0,6.186141045193434,21.93256878849929,0.18918570084814576,1,9.963609893855356,0.38843886977592734,0.4206657930141793,21,0,3
2025-03-17 22:00:00,33.20760607057786,25.110399796588766,149.98202371307943,1.719260320361324,0.0,4.126521388245214,24.772210139616565,0.21011404695324962,1,8.957607632527177,0.254500698971982,0.2642032479449601,22,0,3
2025-03-17 23:00:00,27.002514628839304,16.73609679915621,177.71541158934969,1.514550128116706,0.0,3.7000007631472,20.004044495978455,0.21361807406635488,1,7.231873771514283,0.14589145829934666,0.4276086585207453,23,0,3
2025-03-18 00:00:00,32.82507838855384,20.44655242398971,181.608429033906,1.5528370021641045,0.0,1.306265309800265,22.58459289628702,0.22662061475869147,1,11.095994734960431,0.24780522293089863,0.4505463579011634,0,1,3
2025-03-18 01:00:00,28.38671343047774,21.176437339790912,169.58483275159784,0.8723448461389374,0.0,2.6772630448609815,22.034958750876118,0.23306817585377593,1,7.049837022382816,0.1701194301507656,0.3797032032215601,1,1,3
2025-03-18 02:00:00,30.210182740360512,23.20458893669226,159.3334380180414,1.3369012842276315,0.0,2.7422476369899775,19.535459639759882,0.21632106688780472,1,9.020924592577293,0.2020360616775902,0.31930187854804115,2,1,3
2025-03-18 03:00:00,37.29866583725273,26.85346901345463,158.85719759469012,1.6660245982237885,0.0,3.3963349271634233,17.482344707651034,0.24896482090680172,1,6.826204109191669,0.32610752362184303,0.3164958650073339,3,1,3
2025-03-18 04:00:00,30.72753921154723,24.00496614027442,156.27899342130308,1.45213544938552,0.0,4.48075630569738,18.42828887501987,0.22785509388472291,1,4.394916297507276,0.21109147915535753,0.30130505913175654,4,1,3
2025-03-18 05:00:00,38.98475535950759,26.94196684885882,178.54039686887052,2.483946321120053,0.0,4.910751647821661,16.729268027556916,0.24107649988387525,1,6.029900195531898,0.35561956295882957,0.43246948039077826,5,1,3
2025-03-18 06:00:00,39.603586601874134,32.963433439654544,159.4464998259733,3.0464745822287993,0.0,4.190400762881266,24.34582012513702,1.3646207500234873,1,5.649837820110542,0.3664511182983433,0.3199680398994049,6,1,3
2025-03-18 07:00:00,38.88992944608313,34.817250998425564,142.65038339881588,3.3886902802515873,0.07764828915897551,7.704471147648382,21.835360278378904,1.3621705740844423,1,8.727802855677238,0.35395980168861796,0.22100514675764377,7,1,3
2025-03-18 08:00:00,50.25800918879706,41.36251313168683,204.12447518422857,3.43107840733218,0.150408729331327,6.617765878632722,24.494006707567422,1.3967513071622761,0,0.0,0.5529380956194795,0.5832111366202787,8,1,3
2025-03-18 09:00:00,56.49092325927902,50.92246703252693,230.27986026350294,3.984790888887258,0.21820580541211437,8.561483220023028,19.11352999215702,0.1939716289339719,0,0.0,0.6620343226016173,0.7373189382604647,9,1,3
2025-03-18 10:00:00,51.42971181886509,56.283926758073456,184.13522919304995,4.202954124372019,0.2714633256992643,10.88348395591149,24.487141481239664,0.24614001350270542,0,0.0,0.5734466947498355,0.4654342907887701,10,1,3
2025-03-18 11:00:00,45.988916727317864,36.85095404959308,237.75475624256458,4.700138103104282,0.3001276765481344,8.200128973666112,19.113710168612894,0.1573531219342318,0,0.0,0.47821512095327257,0.7813611033186675,11,1,3
2025-03-18 12:00:00,57.99842948528877,42.798553888544745,190.35682168018872,2.7015549448108414,0.31327008928482186,6.7018615189813815,17.024006479447653,0.19984435796936117,0,0.0,0.688420574609906,0.502091978602887,12,1,3
2025-03-18 13:00:00,57.739706528786236,31.40408810689016,267.02143834903916,3.355981516889828,0.3032996881796565,8.854337192465248,21.22341541268646,0.16611605216268246,0,0.0,0.683892083109957,0.9538006994882868,13,1,3
2025-03-18 14:00:00,60.7732035990788,42.20543404057132,240.18070912151654,2.4691986192041084,0.27118965947308643,9.952016608630636,25.36994141641227,0.2310893365419205,0,0.0,0.7369881279435573,0.795654842979729,14,1,3
2025-03-18 15:00:00,60.76792395574242,50.283414456361555,226.21018120120144,2.578355889612491,0.21907150892296667,10.343067314550561,19.762717261352808,0.15311442680109633,0,0.0,0.7368957170485413,0.7133403467860325,15,1,3
2025-03-18 16:00:00,39.42088854767421,41.19311616904778,244.67682369281246,3.146015140741908,0.15536622453706056,6.54427059914033,20.725236422606987,0.19551442571655542,0,0.0,0.3632533093497838,0.8221459969201034,16,1,3
2025-03-18 17:00:00,58.67837034311838,53.13049230211404,240.9048342932454,3.808783668912791,0.08007286501902107,7.557399145929692,20.017338615373973,0.18947410229262515,0,0.0,0.7003217465691839,0.7999213960428643,17,1,3
2025-03-18 18:00:00,38.59953539735997,39.60825216422888,239.2369898225347,2.492962609290508,3.7712616198787425e-17,5.829356836005915,20.063706715475778,0.15921809900007922,1,9.014798788842098,0.34887696327699935,0.7900944390288521,18,1,3
2025-03-18 19:00:00,34.433937844644916,36.83689585024042,228.52986724964043,2.675844528369129,0.0,5.422688214819788,17.58674561709412,0.18767189502616566,1,9.655747014629886,0.2759654854372127,0.727007961173542,19,1,3
2025-03-18 20:00:00,41.07910124559001,31.912284113754698,139.7421742998192,1.8707239990084652,0.0,7.459865363975212,19.76983525066575,0.23090304980256465,1,10.043145493720939,0.39227741377843617,0.20386994841902317,20,1,3
2025-03-18 21:00:00,41.38589176608624,21.544706931924377,137.66089677324183,1.5329583356230985,0.0,2.701661553045982,20.614454634506476,0.16374746533743037,1,13.534768245308902,0.39764724366563636,0.19160703952848965,21,1,3
2025-03-18 22:00:00,37.31159238674994,23.31240210787248,186.08487025497666,1.8167562720482016,0.0,3.9920477733347037,23.29040664691605,0.24835057563020332,1,11.001458355719686,0.32633378019494785,0.47692159625685304,22,1,3
2025-03-18 23:00:00,26.277434775285716,13.628159008344497,185.55225457946221,1.623188651908873,0.0,3.916733999067819,17.112129308812666,0.15584543451302155,1,7.31807839077111,0.13320020740306393,0.473783419142509,23,1,3
2025-03-19 00:00:00,35.765784906215806,29.739040383352915,131.38067148752867,1.706332036627168,0.0,4.4430404935003125,21.751946137529693,0.17891027731573378,1,12.594414183712775,0.2992771319145395,0.15460388665373892,0,2,3
2025-03-19 01:00:00,25.451249913517277,19.31996245182868,106.63021449872817,0.6955855435378532,0.0,3.567897579602643,22.842931987990724,0.2274899114197731,1,8.53708791698855,0.11873929069709588,0.008773935973469999,1,2,3
2025-03-19 02:00:00,32.81544209632847,25.24341506783091,127.58936323246385,1.8846293142366783,0.0,4.088105838264413,20.004671973754807,0.18575212828444926,1,9.700171823054285,0.247636556539545,0.1322654588784466,2,2,3
2025-03-19 03:00:00,42.26484214104047,29.089537957742685,133.08363031094427,1.1736921513047665,0.0,3.87560406755293,21.878470420326632,0.19803534894045874,1,8.641853047361748,0.41303172811828776,0.16463773780006724,3,2,3
2025-03-19 04:00:00,35.49163792467355,21.49264358939683,164.3307561720128,1.7331970701646884,0.0,5.168143246134654,23.691431236121044,0.1686658511430252,1,5.621585032120361,0.29447866991320315,0.3487461292241811,4,2,3
2025-03-19 05:00:00,41.63070437434921,23.164188326844172,117.39646767674888,2.948558282636201,0.0,5.289812073001084,21.108098219977904,0.22154958821562767,1,5.80435137117617,0.4019322589212824,0.0722088119708097,5,2,3
2025-03-19 06:00:00,43.796358901398804,36.78237912708546,137.0112188874128,2.9635005374253405,0.0,7.041480399766763,19.708522397434308,1.2596562096828614,1,5.541534790021351,0.43983824241090047,0.18777913065022617,6,2,3
2025-03-19 07:00:00,55.43839970477967,45.15303726524994,203.065079487831,3.1747271892107083,0.07775993957332729,6.83720417709271,24.970756556253914,1.761548322813403,1,9.711924900544245,0.6436117441243195,0.5769691661295338,7,2,3
2025-03-19 08:00:00,45.143158729255696,47.605174859038925,148.93383685062906,3.1080937912218696,0.15048890092739323,8.317908476086775,26.67142191380277,1.5296246589720324,0,0.0,0.463411610831816,0.25802732002071976,8,2,3
2025-03-19 09:00:00,59.91065564252845,47.495710944036155,215.027015075802,2.9127733017190653,0.21245591789876203,8.543318147476647,18.328134464395323,0.2048156828975612,0,0.0,0.721890739051828,0.6474490153550936,9,2,3
2025-03-19 10:00:00,52.10966691228863,46.866199345092895,186.1310415579076,2.8270455683304077,0.25812704965652733,10.185841440828954,25.38731919084558,0.24335115922420603,0,0.0,0.585348115878213,0.4771936380552048,10,2,3
2025-03-19 11:00:00,68.14694187540947,35.649489427655304,225.22405341039013,3.4599055498781577,0.2856770061627478,9.318554915389157,21.609352059585376,0.22729995812545664,0,0.0,0.8660524814072404,0.7075300715590527,11,2,3
2025-03-19 12:00:00,50.96573114069176,61.90446728499592,168.90600636762326,2.9805750904140114,0.2988756109944545,7.709596688236971,20.45319425580268,0.2243139486467924,0,0.0,0.5653255268965764,0.37570355108825715,12,2,3
2025-03-19 13:00:00,54.84666698743369,31.26289979579674,195.30386424415462,4.366560808893362,0.29364947044002065,10.652787941904611,24.973363931946135,0.23580401662109296,0,0.0,0.6332545009288679,0.5312400049784316,13,2,3
2025-03-19 14:00:00,52.810747783891074,49.97276683760518,211.7268711246392,3.7722402771850843,0.2583122536569179,8.195894482858748,25.007265734021733,0.1591817283805107,0,0.0,0.5976193066946236,0.6280045327803423,14,2,3
2025-03-19 15:00:00,46.14976572477279,48.29185669935098,257.68698741866524,2.717178834211493,0.21079024745905198,7.9815679861062545,18.299531549738397,0.22260443629471416,0,0.0,0.48103050049127977,0.8988020172651757,15,2,3
2025-03-19 16:00:00,39.57489542263665,36.106378738764256,221.45542385466052,3.9056249198941457,0.15050012040550526,7.428817889379322,19.110559452079638,0.1733207913102477,0,0.0,0.36594892953605934,0.6853252669167411,16,2,3
2025-03-19 17:00:00,62.15879018922052,45.12601694758193,160.9230620409161,2.753743505910467,0.07800969538673325,8.685841402144733,24.127258445777187,0.17809463407287726,0,0.0,0.7612403905982577,0.3286679598677067,17,2,3
2025-03-19 18:00:00,36.74749050573879,45.19229887274093,230.1866573326126,2.1061160307955404,3.657508927274844e-17,4.40974073256219,20.405951434925974,0.15151461372314423,1,12.357754683769448,0.3164601663193301,0.7367697856197217,18,2,3
2025-03-19 19:00:00,31.99175128661732,26.748961221121213,147.9537293528689,2.8236224335392404,0.0,8.917176895013228,18.342525516772604,0.23937210632455796,1,8.849759185081536,0.23321929383975618,0.252252516423178,19,2,3
2025-03-19 20:00:00,60.03506036884297,34.47565529996452,219.09299075927106,1.8346866706539469,0.0,6.122414627705618,25.319770478249396,0.22391129321080172,1,7.991102403586411,0.7240682255543189,0.6714057864828255,20,2,3
2025-03-19 21:00:00,40.322128584536785,22.369962402659286,145.19406864624509,1.1406837108549488,0.0,4.678750477658682,17.725367554310598,0.16392871311355134,1,9.151291089155249,0.37902793523345923,0.23599256676150795,21,2,3
2025-03-19 22:00:00,30.398113649830066,27.546384740489156,159.03409157256436,1.7417883702738162,0.0,3.93433754465194,21.89474856399208,0.18279232033157788,1,8.354710896687635,0.20532546257813314,0.31753812616965144,22,2,3
2025-03-19 23:00:00,26.017550375999193,14.25775021107775,119.26987649006358,2.243504256773683,0.0,3.985561957837644,20.118377040414558,0.19799328670636673,1,5.622652743034201,0.12865138688459227,0.08324695623510692,23,2,3
2025-03-20 00:00:00,33.55743802436219,27.702289213355904,149.84420873018095,1.4493716739358025,0.0,4.1293871457550155,20.48866627344124,0.19939107822426905,1,10.52225064705219,0.2606238936453058,0.2633912406285626,0,3,3
2025-03-20 01:00:00,34.35670661783939,25.909401304819884,141.16708740477534,0.7160287197561302,0.0,4.366183924898772,16.96679088452439,0.20956539407436364,1,7.073712452729497,0.27461368829154265,0.21226555129267718,1,3,3
2025-03-20 02:00:00,37.619291925935244,29.910265810633884,133.717397441694,1.4589885780549496,0.0,4.586756912425731,18.66959449466976,0.1972183709728538,1,10.697745583309887,0.3317195208596933,0.1683719003434833,2,3,3
2025-03-20 03:00:00,46.19695458182073,25.727034886385578,108.53657175879918,1.6501061135051855,0.0,4.607973569557706,17.7981557125171,0.2148645315668746,1,8.7873919843615,0.48185645865487936,0.02000621282964785,3,3,3
2025-03-20 04:00:00,28.430376262868524,25.339263342563996,172.89988732065214,1.8677862879885427,0.0,4.952861114373902,24.108119206400158,0.23838707959794345,1,5.393943265354252,0.17088367143811897,0.39923553931241856,4,3,3
2025-03-20 05:00:00,38.876349052594634,22.389580775252004,174.67309482057956,2.831287767990032,0.0,5.732957141877043,23.60703070823725,0.189807255522065,1,6.277293817647906,0.35372210072342347,0.40968329639332046,5,3,3
2025-03-20 06:00:00,37.74651205934159,41.86723252857655,170.64240162631927,3.383570433193817,0.0,6.476269024584736,24.661617419878404,1.782533189543144,1,5.052833689634851,0.33394628612451965,0.38593441005993884,6,3,3
2025-03-20 07:00:00,38.31131256088621,49.41262609016137,175.7740467302912,3.6481362102926864,0.07837610810536298,8.591895993757216,23.62334144146437,1.2897076620014838,1,9.312615702211339,0.3438321281270506,0.4161701165262677,7,3,3
2025-03-20 08:00:00,51.503144771629074,39.249281813386894,197.5451788232848,3.059703250582642,0.15337211414105736,8.785718647656411,17.454085428597995,1.216035993796703,0,0.0,0.5747320097713673,0.5444458538515018,8,3,3
2025-03-20 09:00:00,42.083751287737726,54.74117807110304,156.46901995383374,3.1741299895065893,0.21777932214624254,5.883588499814282,26.46337309180286,0.17394012966115602,0,0.0,0.4098620504020703,0.30242469744305833,9,3,3
2025-03-20 10:00:00,55.41483250322993,53.06747086481734,243.26442463164838,3.964820834643358,0.26812746941654914,9.967130340695979,17.9404910476747,0.17065926550283173,0,0.0,0.6431992416029418,0.8138241269229709,10,3,3
2025-03-20 11:00:00,65.13550101861594,41.25224204063021,185.85968796792665,4.280889095642721,0.3047170443891841,9.816165279243517,19.549454423253206,0.2485079083449574,0,0.0,0.8133424918997763,0.4755948198733126,11,3,3
2025-03-20 12:00:00,57.05501075038423,56.34925966872699,231.4356316988635,3.0547864308731643,0.3117467989587466,9.715442787606126,23.172211254295664,0.18810537264449034,0,0.0,0.6719076846071744,0.7441287556102032,12,3,3
2025-03-20 13:00:00,38.95593138281156,30.505445428703776,230.3074057446951,3.617022722867672,0.3009398422505085,9.253912188372752,17.118568890035554,0.21514732689346847,0,0.0,0.3551150498099881,0.7374812365228981,13,3,3
2025-03-20 14:00:00,56.30289845878043,39.37710486164177,235.02753776871697,2.7394042228668076,0.2742468705666665,10.477345387221565,17.331501876851693,0.21960526529884028,0,0.0,0.6587432783033155,0.7652923036308281,14,3,3
2025-03-20 15:00:00,67.0337656329639,41.16863069611346,260.0635169811946,3.586289579075461,0.22760963103478404,9.834508224194272,24.53391591296545,0.1945208622731278,0,0.0,0.8465682840248155,0.9128045542304801,15,3,3
2025-03-20 16:00:00,56.03063280666065,52.74030989953533,192.7381031565678,3.0482496592856534,0.1596227092806703,7.503290377255105,18.83951410369217,0.17235717347882473,0,0.0,0.6539777456732783,0.5161225138941479,16,3,3
2025-03-20 17:00:00,56.19210638395691,44.05507566703481,234.21026723175225,3.7088020295400006,0.08378234185877032,7.970185752610089,22.215686139660125,0.1938098013488715,0,0.0,0.6568040573857657,0.7604769371043866,17,3,3
2025-03-20 18:00:00,38.35661217320738,39.01712583548903,209.8391063939169,2.326256928696389,3.9709255304556677e-17,5.825529533861906,24.17717204124162,0.1973760886306439,1,9.692875394767325,0.3446250183758346,0.6168818033009734,18,3,3
2025-03-20 19:00:00,28.745525034122885,33.07504109581839,150.00371838355048,2.8188914145677684,0.0,4.651622554250871,25.37137553998161,0.2454007689920549,1,12.301979687988796,0.1763997978427381,0.26433107316961146,19,3,3
2025-03-20 20:00:00,53.16149658000305,44.2906322597124,172.27392127937776,1.7282184230563538,0.0,4.691493858013248,17.5877120399321,0.20686237050361092,1,8.7968299393101,0.6037585490845616,0.39554734086954246,20,3,3
2025-03-20 21:00:00,31.479679082011792,30.911016541702132,198.3135137201455,1.6501962935780299,0.0,5.5697990765847365,16.75384931349952,0.24698726053410516,1,9.356926592540436,0.22425636817879507,0.5489728910761407,21,3,3
2025-03-20 22:00:00,40.950720315158506,23.50104138740293,145.2277911144469,1.3177509225995696,0.0,5.1942912784360535,23.247645812912086,0.20767126490246152,1,12.302786825646404,0.39003033079796273,0.236191259895817,22,3,3
2025-03-20 23:00:00,24.467348794384463,19.612306601769152,150.37030481832454,1.7940252049017655,0.0,4.465068508378014,17.616884471123196,0.16449980156075902,1,6.4902503243438545,0.10151782757293111,0.26649100426613015,23,3,3
2025-03-21 00:00:00,33.50008904084854,25.04944893410855,144.53324075449777,1.1320281334200772,0.0,4.585376097402269,21.841997128250377,0.1884376638225005,1,10.648701998518751,0.25962010029088917,0.2320989619320996,0,4,3
2025-03-21 01:00:00,33.02995076105254,22.46244290207128,149.7040793988706,0.8233032612930138,0.0,4.48920247746822,21.474296076901958,0.22923133259374323,1,7.584633245625518,0.2513911544229333,0.2625655971471879,1,4,3
2025-03-21 02:00:00,38.46488467091774,18.458940496132133,166.8812501853128,1.8078303361119046,0.0,3.6417668311572946,21.88668506503683,0.19216222678750577,1,9.417386870791605,0.3465201385158783,0.3637736665475591,2,4,3
2025-03-21 03:00:00,42.4510213242534,28.132531503439402,118.28823322239013,1.732200488794893,0.0,5.2024514117943434,22.952858097443507,0.1599733844841618,1,9.438786579429179,0.416290468123599,0.07746310386522086,3,4,3
2025-03-21 04:00:00,40.505560709212304,29.92413814095688,145.69453653318098,1.3157224677531305,0.0,6.202784907873082,25.193349863065272,0.1596076160588078,1,5.825707159456378,0.3822385927979825,0.2389413287703042,4,4,3
2025-03-21 05:00:00,45.09010117570843,25.09473780905033,145.97080477873465,2.36363903369438,0.0,6.890737342720177,19.031951076690813,0.17370647560580954,1,6.078759520642142,0.46248293143090435,0.24056910415408178,5,4,3
2025-03-21 06:00:00,59.9655504716039,39.15961120645132,143.6736072080477,3.304053113785404,0.0,8.112345873445362,22.093865884184765,1.5485788377415657,1,4.829859949572094,0.722851576737899,0.2270339921120013,6,4,3
2025-03-21 07:00:00,56.75317122925688,36.00159385816032,205.23992236821098,3.321874297424645,0.08302353972145844,8.418724421006253,19.72871814764647,1.7476162328247584,1,11.132184335234836,0.6666245132788485,0.5897833630603887,7,4,3
2025-03-21 08:00:00,51.31928969098604,31.56064570804959,135.73539831669424,2.2204856841071376,0.1575957804521035,8.795944159918747,19.4904749278198,1.5252845616277007,0,0.0,0.5715139491045851,0.180261982543064,8,4,3
2025-03-21 09:00:00,59.72163919875108,39.43188440640921,154.38606360643027,2.9719138972325045,0.22161746183739928,10.146500620067156,16.2331800188369,0.22460803866727952,0,0.0,0.7185823377774788,0.2901518969227104,9,4,3
2025-03-21 10:00:00,42.73153315434405,47.348952540416974,223.33444499161095,3.7415583098128176,0.2756334426800262,9.537120642624204,22.306150956802124,0.21455931035555187,0,0.0,0.4212003356335129,0.6963964790504263,10,4,3
2025-03-21 11:00:00,49.30194373332471,56.17092010681178,183.64857475983428,3.304970748394904,0.30581415244882737,8.992005731582756,26.121291259807286,0.20240991851430828,0,0.0,0.5362038469581744,0.46256691779334264,11,4,3
2025-03-21 12:00:00,45.696657947346964,48.30987348435507,238.5927278437539,3.8797134727939646,0.31851874650251605,9.823574709096707,23.74319145377458,0.17148079272919953,0,0.0,0.4730996436922869,0.7862984407313947,12,4,3
2025-03-21 13:00:00,41.290236214203794,36.90024168133527,254.9585048853225,3.846366970931516,0.30803219948178917,9.150056826450312,18.186566065486144,0.23831685396886423,0,0.0,0.3959729610295753,0.8827257697256093,13,4,3
2025-03-21 14:00:00,49.31877323328734,42.86818748907655,193.0077618517983,2.7301503000253224,0.2742896559985638,8.930621792947019,22.992295015880025,0.1775715397146953,0,0.0,0.5364984178325931,0.5177113457384959,14,4,3
2025-03-21 15:00:00,45.427073579705876,43.98234013605653,184.96083959345538,3.0650026948927933,0.2228826256210178,8.995068932996677,18.553985627831906,0.17528199299554337,0,0.0,0.46838104224352123,0.4702987958775739,15,4,3
2025-03-21 16:00:00,60.69297186268572,52.162503267062604,176.57449983659407,3.8649134147561144,0.15738192034307177,7.7363922767187425,23.175388793286103,0.17577976245042348,0,0.0,0.7355838121410718,0.42088639457587446,16,4,3
2025-03-21 17:00:00,62.33600316194792,43.41829259054107,177.05085868688008,3.016085140953573,0.07971122198735124,7.507854269510724,24.15811732882056,0.15956854483579447,0,0.0,0.7643421928176092,0.42369310588931614,17,4,3
2025-03-21 18:00:00,34.844337595821806,36.05339506567183,176.71853891171915,2.164863111400721,3.802647691049654e-17,5.1562919861425955,18.801876901284466,0.19986540409046294,1,10.131377559615366,0.2831488131554376,0.42173507430857704,18,4,3
2025-03-21 19:00:00,33.175565313837296,30.132163209447704,225.44903480072153,2.741044621834158,0.0,6.497292732120747,15.410211103821807,0.18275302877095126,1,11.753821010429135,0.253939881731359,0.7088556642570322,19,4,3
2025-03-21 20:00:00,56.17482975531816,44.463165579968496,204.30039719271892,1.577473012547844,0.0,5.572212654654085,18.56188570192071,0.2021941981061561,1,8.482845617569515,0.6565016603082277,0.5842476709288504,20,4,3
2025-03-21 21:00:00,41.88218178723629,28.534814618906715,127.39187028269322,1.7004444853861571,0.0,4.143150730749624,17.609936319174537,0.19531153811392699,1,11.62065928737275,0.4063339298904265,0.13110182835890571,21,4,3
2025-03-21 22:00:00,42.466519588071655,22.84415053640226,189.92953136784786,1.917123485778181,0.0,5.153283189962482,21.980626279049115,0.20197918058166842,1,12.091843923523696,0.4165617380445743,0.4995743796267138,22,4,3
2025-03-21 23:00:00,31.07683446258411,14.569601417815592,119.76532930637806,2.2211427830805177,0.0,5.142461915139661,18.679939038033368,0.17976533518877297,1,4.81190992312128,0.2172052797885749,0.08616616939550371,23,4,3
2025-03-22 00:00:00,40.85187333851698,29.802160287093397,156.64361004524358,1.3557585394975988,0.0,2.505666406068576,16.128486130373567,0.23151381130260953,1,8.257515599311333,0.38830018786991366,0.30345338408230227,0,5,3
2025-03-22 01:00:00,27.991810051480847,24.649280607264977,116.72868653780668,0.8619958960940065,0.0,3.463282512190634,21.460450098218793,0.20341930009163556,1,10.29322756700849,0.16320733924370665,0.06827423853641935,1,5,3
2025-03-22 02:00:00,29.53640330027569,18.73137686039678,109.35930673576694,1.836380750652179,0.0,3.7671261873671904,25.231035296972912,0.17084346689589452,1,10.026534325190212,0.19024273452753251,0.02485377589357146,2,5,3
2025-03-22 03:00:00,44.74449017663413,37.145004948214655,159.72394521236666,1.3235441073908185,0.0,4.083682756987746,20.834010913105413,0.24018037002508483,1,9.499465550313932,0.4564336171653512,0.3216027510092855,3,5,3
2025-03-22 04:00:00,29.888290059546815,25.737341829591525,142.97532282696565,1.2961972033588425,0.0,6.484943965567806,20.107353762102033,0.16094551008336558,1,5.0198558828686535,0.19640189496634844,0.22291969325682956,4,5,3
2025-03-22 05:00:00,41.89497284789332,28.30249617035542,159.23039945206833,2.2359624828461913,0.0,6.195750234932204,18.0297516720199,0.22334344809016332,1,6.377818465539208,0.40655781496905935,0.31869477424282294,5,5,3
2025-03-22 06:00:00,49.84590321669391,30.556157071886197,154.02824150379672,3.349206637267141,0.0,6.912084511040669,20.289359288923396,1.6338363035780803,1,6.520503739581405,0.5457249034970052,0.2880436053625597,6,5,3
2025-03-22 07:00:00,56.01446233570248,48.68441813321234,132.93318912638944,3.097802909229808,0.08122349472439323,5.959761419117136,19.66678211654821,1.1796441919276828,1,9.135918597470209,0.6536947099455093,0.16375133677184217,7,5,3
2025-03-22 08:00:00,41.32020851371031,32.70593484761776,201.5656349658277,2.8912700725585205,0.15496391087988348,9.333153421380343,26.736857870707098,1.8011307115090873,0,0.0,0.3964975735548185,0.5681344233694108,8,5,3
2025-03-22 09:00:00,55.43440550290951,51.416335914564584,220.84262213486397,3.5674616170316784,0.21689115571885148,8.090367524485059,16.340481144663215,0.18163124217817736,0,0.0,0.6435418326272394,0.6817146327932923,9,5,3
2025-03-22 10:00:00,54.99541165259487,34.94990239714057,154.14205430887003,3.7741791202384833,0.2637236717454243,9.876886038220903,18.475264009468308,0.22408950156146018,0,0.0,0.6358580153635778,0.2887141915969122,10,5,3
2025-03-22 11:00:00,67.99381360916357,53.3223520598903,195.34119472006586,3.071470594569297,0.2970691515927096,10.404604665025053,16.572102187458423,0.17770015858508426,0,0.0,0.8633722397252864,0.5314599565317896,11,5,3
2025-03-22 12:00:00,53.61508706616814,40.2901528145982,220.79225603088616,3.6644645695559785,0.30991819159610967,11.60068332097345,24.752892271152515,0.20256917431475463,0,0.0,0.611697854853264,0.6814178751834282,12,5,3
2025-03-22 13:00:00,61.445478502012385,35.12920277419357,230.13552879154622,3.8699917440107665,0.2893702416119057,8.839557701714549,20.007689667853743,0.24723336138120852,0,0.0,0.748755120810052,0.7364685357225809,13,5,3
2025-03-22 14:00:00,58.61751562920206,36.7237011027286,228.59682352554287,3.434402184838569,0.25979542387311066,6.8397419887863276,23.823798703590075,0.21107764098681803,0,0.0,0.6992565915538455,0.7274024682493915,14,5,3
2025-03-22 15:00:00,61.54918838270418,39.262902719362685,239.72901911365773,3.3310025516953528,0.212847995501668,9.576926541868428,22.63009623686376,0.1796322761460486,0,0.0,0.7505703803429606,0.7929934807431196,15,5,3
2025-03-22 16:00:00,57.79200867742998,42.87100341773386,264.73996817300434,3.3770620371484372,0.14937014820151642,10.582847958938995,24.96864734293415,0.19583771464077432,0,0.0,0.6848075404731692,0.9403582534195047,16,5,3
2025-03-22 17:00:00,56.92146796596922,41.241188830110794,196.88971789178393,3.8610404247899313,0.07721651359031168,9.308321787677027,15.631563729759414,0.21760411510814898,0,0.0,0.6695702524276801,0.5405838712078331,17,5,3
2025-03-22 18:00:00,38.668142059245085,45.161569639913395,205.6623566955589,2.434108769942454,3.7099548682641555e-17,7.513160629391286,17.5002845480489,0.1945188895516058,1,10.528045630472368,0.35007780254301,0.5922723505223445,18,5,3
2025-03-22 19:00:00,32.048436804196996,30.822410468234484,209.3003452714246,2.5131235117571853,0.0,6.045992195103935,22.589594234258072,0.24107485623653707,1,13.045638165355594,0.23421147438685527,0.61370741714895,19,5,3
2025-03-22 20:00:00,57.31983910628932,40.26267138021933,188.31814398700246,2.289986574908092,0.0,6.631793796403436,21.443385560482408,0.236746073639649,1,7.466560108785803,0.6765430404135307,0.49008006837493273,20,5,3
2025-03-22 21:00:00,40.465404442709605,23.792119078990307,160.0410507021629,1.700853559340823,0.0,4.2403917165734555,22.655967837894103,0.16468101769605237,1,12.903337031800172,0.3815357277952575,0.3234711398619985,21,5,3
2025-03-22 22:00:00,29.750682641581854,25.071018025678683,169.9263430359861,1.6855917285709294,0.0,5.224128248814764,21.533102142197187,0.22849408940633942,1,9.854953852034333,0.19399331850677107,0.38171538537850686,22,5,3
2025-03-22 23:00:00,26.317977743746123,14.569518769966782,163.10286886998205,1.4656062030209547,0.0,4.964129167541005,21.71607076074856,0.24424149119587713,1,5.357928008280239,0.13390984094520325,0.3415114044359843,23,5,3
2025-03-23 00:00:00,32.129339752011205,27.659760219166305,151.534449464924,1.2851926979810784,0.0,5.427237551177459,25.54202728340883,0.18169082243749898,1,9.214443835750492,0.2356275385678236,0.2733501566638057,0,6,3
2025-03-23 01:00:00,24.306495554549105,19.61135028680909,120.51975098968273,0.6171656434680223,0.0,7.239502714718128,25.580237576981418,0.1738219713954492,1,10.155890606201949,0.09870237377949648,0.09061122982078104,1,6,3
2025-03-23 02:00:00,34.28713693308027,27.6975602706141,140.41869507067022,1.3986506482470353,0.0,5.182553770604424,16.341214665120244,0.15095887463068794,1,10.065799470721352,0.27339599299946393,0.20785601585575877,2,6,3
2025-03-23 03:00:00,35.29614056394073,29.947572332030155,168.52987644574162,1.5898929389338823,0.0,4.76852524927586,20.431811570981882,0.16156574355447073,1,6.057564091963877,0.2910568315564188,0.37348738966617945,3,6,3
2025-03-23 04:00:00,26.51571508750338,30.63908132231788,172.14878106635285,1.9558999918927082,0.0,5.88383144832324,21.546292837116667,0.2460913070958255,1,4.264881481802137,0.13737088627543653,0.39481001342941485,4,6,3
2025-03-23 05:00:00,35.72912402155805,23.42713773376095,170.73996515409146,2.474540064310514,0.0,4.874470595047413,19.956646489499583,0.18911216277375376,1,6.258901588412796,0.29863544743938686,0.3865092553829828,5,6,3
2025-03-23 06:00:00,51.22205870317351,30.339845696083135,175.77564115497802,2.163012917864068,0.0,6.735889706188655,16.657753011831552,1.4155061545939869,1,4.743454482476408,0.5698120912262086,0.4161795108931494,6,6,3
2025-03-23 07:00:00,37.773268488765275,44.713477020749586,140.23711984397903,2.7177903583718,0.07773528884370404,7.8083780583577,21.18540599082755,1.3250091884960788,1,11.436335830863987,0.3344146104852648,0.20678617272659486,7,6,3
2025-03-23 08:00:00,44.25686101618717,47.24561596493167,176.35181980540045,2.959403739639231,0.15119144246059826,8.427716803512046,26.530815982212363,1.248044183013068,0,0.0,0.44789852411422604,0.4195743615099339,8,6,3
2025-03-23 09:00:00,48.522718215302945,49.5487358062195,153.3245154711845,3.5960694921945686,0.21279622936151435,9.736083568267532,16.786148760431594,0.20087901909482633,0,0.0,0.5225648711880811,0.2838972442398257,9,6,3
2025-03-23 10:00:00,40.78381247016588,36.5604876579517,231.728444963602,4.3053007465168145,0.25824105335057895,9.24866908836188,24.61470828221812,0.22231876565842443,0,0.0,0.38710890176228097,0.7458540144195523,10,6,3
2025-03-23 11:00:00,45.24359681429556,47.3808611060322,186.52306451301052,4.875788756723129,0.2894647735484002,11.50242671233249,17.91406876941585,0.20507953336011717,0,0.0,0.4651696033212444,0.47950344139475776,11,6,3
2025-03-23 12:00:00,49.743620325313415,63.74004014920037,243.28119629064807,4.2528928696891635,0.3000279293131809,10.494432682386408,21.806346907019012,0.15354502369518794,0,0.0,0.5439346209087562,0.813922945712695,12,6,3
2025-03-23 13:00:00,42.43670231062048,30.487109553216477,253.02633080164068,3.5445479152783546,0.2922875076258751,10.3933111156445,19.691722519511654,0.23034696409636674,0,0.0,0.41603983890846913,0.8713413798754943,13,6,3
2025-03-23 14:00:00,58.57984186699526,34.61852633571547,263.17457071526945,3.6033222058034915,0.26455754797014364,9.785625076866907,19.183460651427577,0.24315941516942918,0,0.0,0.6985971784339936,0.931134915274282,14,6,3
2025-03-23 15:00:00,53.50955597282098,54.82710806202826,246.3853606814677,2.601798523233332,0.21531777959723303,9.802565511760235,24.47030895583437,0.1940376740807421,0,0.0,0.6098507181876074,0.8322127146741937,15,6,3
2025-03-23 16:00:00,41.623877506476056,51.805242241202436,221.58776537306125,2.61453566684529,0.1528298605682961,9.861764924070034,25.435961903735386,0.18664645527996607,0,0.0,0.4018127665749025,0.6861050245232395,16,6,3
2025-03-23 17:00:00,43.26501801490058,51.03242831956618,218.50945795313393,2.5016821805658807,0.0788295458490158,7.456607021346161,19.35440962994505,0.17298540105559987,0,0.0,0.4305380522746649,0.6679676051038794,17,6,3
2025-03-23 18:00:00,39.86228650930012,45.13027333291995,182.05822768226193,2.157823360739669,3.7540504524327694e-17,6.899778316847147,21.939544570607136,0.18018702998372801,1,14.149373722042842,0.3709792063646402,0.45319657622785847,18,6,3
2025-03-23 19:00:00,43.59160961386958,23.56491514256616,159.61042828306486,1.9146053662753615,0.0,6.488327602376032,21.09575858194401,0.21444475075898467,1,9.764433276413426,0.43625446530533996,0.32093390807806416,19,6,3
2025-03-23 20:00:00,45.162771899665024,39.857384535543034,146.75725843414023,2.3602502692714302,0.0,4.733257054428864,16.216263277779316,0.22701461278628746,1,8.05675969164607,0.46375490497426997,0.24520289729301287,20,6,3
2025-03-23 21:00:00,30.186161792525013,30.208944198161525,142.675322469001,1.4505884912411224,0.0,4.649168231503985,15.909748033051278,0.183221573634734,1,8.743122736627399,0.20161561712344522,0.2211520880192437,21,6,3
2025-03-23 22:00:00,33.06596697189375,28.932179519848862,194.71615099222782,1.8131185342786635,0.0,4.526069046749187,23.586576134658074,0.18396726233779534,1,9.108156218900794,0.2520215550138186,0.5277771923692985,22,6,3
2025-03-23 23:00:00,25.574116345820464,20.57599749992656,126.26035206050763,2.1987143058310963,0.0,5.587598764869986,19.770024286704295,0.19511013197023896,1,5.169163562658704,0.12088985206140448,0.12443491119411089,23,6,3
2025-03-24 00:00:00,25.234072913998858,29.555841826375605,161.620107670473,1.7495829806055017,0.0,4.884170552454907,18.97952851218,0.16702027765196947,1,7.948956404287199,0.1149379882939442,0.33277495998597423,0,0,3
2025-03-24 01:00:00,31.179184754555777,19.937808563143882,119.07204454449673,0.989460513966369,0.0,4.9280450399685565,26.259448085453354,0.24272081881770713,1,6.5397085389940095,0.21899674210593775,0.08208132834879964,1,0,3
2025-03-24 02:00:00,31.979403827840592,18.97734012387151,173.2702839151042,1.7266918780774698,0.0,5.895678960419172,16.84306873128005,0.2205456068453452,1,8.699670708190018,0.23300317323386852,0.40141791990949294,2,0,3
2025-03-24 03:00:00,29.911268942885926,29.79950480752473,131.9329639974576,1.491389083427433,0.0,5.394790892437432,18.887885825690628,0.19335834282744513,1,8.82321304900274,0.19680410000948098,0.15785799988164662,3,0,3
2025-03-24 04:00:00,36.11116311211312,26.734741445934375,138.97310415179962,1.7800597830278004,0.0,6.554574896306215,25.256680092058946,0.16222725118889444,1,6.429073197368305,0.30532237154389685,0.19933857908688876,4,0,3
2025-03-24 05:00:00,40.18726389534308,24.02061658717514,144.47218104629067,2.748430318346912,0.0,6.795059381839484,20.569923647999175,0.2348825548224668,1,4.764419180785438,0.37666736542970863,0.23173919749460167,5,0,3
2025-03-24 06:00:00,52.17124082382258,46.67539637425347,185.31673472481668,3.367724763875529,0.0,7.950730039435221,22.405656310896163,1.487785758732603,1,5.737384558519815,0.5864258591862265,0.4723957337028937,6,0,3
2025-03-24 07:00:00,44.977332940117506,36.70790098868759,145.7516209703406,3.795203116982947,0.07741454776081731,7.8896967784734136,16.631918412963852,1.7226621630392596,1,9.710139893054656,0.46050912128571625,0.2392776708693356,7,0,3
2025-03-24 08:00:00,47.22374341208704,29.084890648952044,209.79222623150662,3.1766443250309973,0.15056346675128404,6.767812938558942,25.93707355981933,1.1500455654381367,0,0.0,0.49982859592851187,0.6166055848951773,8,0,3
2025-03-24 09:00:00,52.097630704236046,46.34157371688059,205.30105515852003,3.3208040966032697,0.21263044358311328,9.70430425411372,17.477015687345784,0.1773654096281955,0,0.0,0.5851374431702531,0.5901435580983934,9,0,3
2025-03-24 10:00:00,58.63503042790214,51.33336274228462,172.0280167796925,4.490720393673806,0.26081933763501863,11.748721570474956,18.20451477200466,0.2122095376691404,0,0.0,0.6995631573805074,0.3940984689930602,10,0,3
2025-03-24 11:00:00,57.98784126431392,42.94981884514983,163.02488494537596,4.857965750979125,0.2894667886395885,11.562525423317584,17.503562867032233,0.1987923321227669,0,0.0,0.6882352463756729,0.34105192233897474,11,0,3
2025-03-24 12:00:00,48.00657394832791,59.4917973631417,244.15335541563147,3.5163338934703385,0.3002288818390305,11.71456650942138,20.97375576376664,0.1795071977976631,0,0.0,0.5135306712185823,0.8190617163721308,12,0,3
2025-03-24 13:00:00,54.04196032808544,39.22741935977626,187.9144901312643,3.8712521091722603,0.2881325885416811,11.893714866087171,24.177054175520826,0.17011302374758186,0,0.0,0.6191695224790517,0.4877017356475478,13,0,3
2025-03-24 14:00:00,55.62617350543177,34.71826294110011,262.79735126951124,3.703290891879399,0.25894775077623117,10.457179260801693,18.331824267865866,0.18018133291504826,0,0.0,0.6468983951106143,0.9289123343661618,14,0,3
2025-03-24 15:00:00,51.61168488107644,37.676991871680045,178.1657087770724,2.8896305854568807,0.21489201281332654,10.099721449541782,16.95404065293856,0.22423394008768033,0,0.0,0.5766318139854211,0.4302618142465884,15,0,3
2025-03-24 16:00:00,60.03901240880721,47.83811504576083,227.1293203685251,3.8944372421269704,0.15280611032896851,8.674074584774072,19.64066699116551,0.16837073505013056,0,0.0,0.7241373990811968,0.7187559243448535,16,0,3
2025-03-24 17:00:00,63.34484184278643,43.600181980246205,228.29709816900203,2.5923926229814596,0.07932524934253543,8.262752977189207,25.458104689350776,0.20938132076422075,0,0.0,0.7820001442137863,0.7256364833230624,17,0,3
2025-03-24 18:00:00,37.14025545299954,43.70319498038014,215.77024145572193,2.4550402046226987,3.706264358255665e-17,8.428783195973242,15.488345307945048,0.19236808334326605,1,8.837381188280768,0.32333482773009986,0.6518281129360813,18,0,3
2025-03-24 19:00:00,45.60710642475622,30.23390498734729,172.84314535397547,2.4688254293098133,0.0,8.25108382147396,20.558050160588856,0.22630379038607418,1,9.885340336357709,0.47153220138124596,0.3989012150530441,19,0,3
2025-03-24 20:00:00,47.01371085950664,36.0143361429058,213.79711708984212,2.1939318074422314,0.0,6.194855836984023,22.308683346819443,0.17016185226189195,1,9.988301497403238,0.4961523445361712,0.6402024435962186,20,0,3
2025-03-24 21:00:00,40.44013106244303,25.563477640192186,192.53310161439654,1.178313307633575,0.0,5.273439211470655,23.812793456154324,0.17700895762368007,1,9.168175202047157,0.3810933616084323,0.5149146426698816,21,0,3
2025-03-24 22:00:00,40.1854970530231,21.429263073308352,160.81650732970246,1.2578694448278547,0.0,5.258048383289276,23.304229846956225,0.18986875319088484,1,13.247369767978595,0.37663643995430457,0.328040138398064,22,0,3
2025-03-24 23:00:00,24.949491555709702,18.78442964098914,159.5513172569071,2.163295989264289,0.0,5.569674824961604,16.42961728459994,0.16665756087060637,1,5.59451179730813,0.10995689083171042,0.3205856252955222,23,0,3
2025-03-25 00:00:00,31.33013358913031,25.45480622820445,150.1828109015507,1.2654017354205616,0.0,3.4330407556108122,20.599639673079526,0.19611947721447442,1,7.915553876985975,0.2216388366596589,0.26538628815327814,0,1,3
2025-03-25 01:00:00,35.3968437904901,24.632473688330073,172.93628506103494,0.74170944113196,0.0,2.693588248836706,16.67902319845845,0.19160508081501582,1,6.460964056995696,0.2928194648828581,0.39944999517831625,1,1,3
2025-03-25 02:00:00,29.20776884718097,20.923499238494063,167.74892657455027,1.7736691183384319,0.0,4.749585815865434,22.523462794561148,0.24900855442807113,1,9.380299487514959,0.1844905649189757,0.36888602488123307,2,1,3
2025-03-25 03:00:00,34.809766054180976,28.653051751735326,122.66752268031007,1.4705995655031818,0.0,4.566819384397992,16.83761369172688,0.20938637092780873,1,8.671655961747033,0.2825436989646561,0.1032659230193102,3,1,3
2025-03-25 04:00:00,30.923962757601444,19.663590822524384,128.1164850289413,1.9793964542660838,0.0,5.911366309197846,16.593597122641583,0.15694620251071473,1,6.220518254098345,0.21452952876147216,0.13537126600021346,4,1,3
2025-03-25 05:00:00,42.85888799374871,25.168562534091205,188.23659273393258,2.2560166217035222,0.0,7.005924476023624,19.399417823427825,0.19599416475170336,1,4.5778367094201915,0.4234294586905375,0.48959956754141376,5,1,3
2025-03-25 06:00:00,59.76711377454853,38.959300558972835,138.92485615622948,3.1753512996868736,0.0,7.4875700092781035,26.217442172038787,1.7838761480573664,1,4.897326067385172,0.7193782904549927,0.19905430139385066,6,1,3
2025-03-25 07:00:00,42.00162283397829,52.59401097219907,208.11299568460632,3.1290703557275483,0.0792496616212141,10.180400635597843,23.738636793225833,1.7750756905419032,1,11.29513666804597,0.40842453588932187,0.6067115410015198,7,1,3
2025-03-25 08:00:00,55.00124671440222,41.469576148185794,193.47783345870704,3.468905148747016,0.15259114924463935,9.788879331823706,16.117904005309565,1.8463539149031865,0,0.0,0.635960147884609,0.5204810125483941,8,1,3
2025-03-25 09:00:00,48.537654371855545,52.683125032214775,147.53380641003633,2.974774004095163,0.21367071928487702,10.394588920193993,19.055142354944085,0.2394230866853241,0,0.0,0.5228263024074237,0.24977832606497594,9,1,3
2025-03-25 10:00:00,65.82963473195238,42.089009004800744,183.57271994608334,3.3888018603388486,0.26409909103216556,11.203738265138332,16.123415139343145,0.16762997015143555,0,0.0,0.8254920848974944,0.4621199804396943,10,1,3
2025-03-25 11:00:00,58.37267829206851,38.18631820246891,205.80090537054053,4.880414901777507,0.2966313056032798,9.7530610009774,18.956365347631206,0.15035702744930704,0,0.0,0.6949711434626993,0.5930886807601469,11,1,3
2025-03-25 12:00:00,45.739093740527494,46.47188492664902,250.38871449824026,3.978596773716257,0.30308152255610576,12.04389118940733,22.947667848230168,0.21162526892361183,0,0.0,0.4738424078107456,0.8558005171103177,12,1,3
2025-03-25 13:00:00,38.68584602663997,35.54557400325487,199.89824471994427,4.094499684922081,0.29437548476314296,10.837456382875738,23.58145761316047,0.220244436683995,0,0.0,0.35038767943583354,0.5583101426528175,13,1,3
2025-03-25 14:00:00,41.89907225353989,43.262255982928465,199.1636143337001,2.880145046221199,0.2648734224541935,11.294664828670367,23.905118505286904,0.16312121500010762,0,0.0,0.40662956787369636,0.5539816927562079,14,1,3
2025-03-25 15:00:00,46.559251888232055,43.620588316615596,264.5795890788665,3.037567175139095,0.21798434133574984,9.086236935615462,24.87886593115049,0.16668352991981872,0,0.0,0.4881978374591296,0.9394132981243822,15,1,3
2025-03-25 16:00:00,57.30550866368019,51.01518721857231,169.4627682174166,3.0320208595100344,0.15426455134755668,7.993681894100884,19.186872883566775,0.24630765633887008,0,0.0,0.6762922111542209,0.3789839977132531,16,1,3
2025-03-25 17:00:00,46.5760407093204,57.53839054451186,213.6498005778103,2.8311493538649235,0.080851311770489,9.65245529298422,24.23675249005149,0.24438332547452585,0,0.0,0.4884916963212132,0.6393344531710838,17,1,3
2025-03-25 18:00:00,54.74354293136152,33.388140522421914,200.4239269848103,2.5220677897290704,3.813331522359188e-17,8.44518686430875,22.833604473481152,0.16569715486996783,1,9.064076486279692,0.6314494952282681,0.5614074680393181,18,1,3
2025-03-25 19:00:00,40.52042387492948,32.676102199018615,148.22148633094102,3.097855327062425,0.0,6.400938480642663,20.904356161508556,0.17470084042666778,1,12.479294086062243,0.3824987464407919,0.2538301433301973,19,1,3
2025-03-25 20:00:00,53.109305768028435,42.035860342615784,142.89832984673794,1.7219019126429254,0.0,5.72045490917688,25.24217983327961,0.2392113662021926,1,7.3335331140097875,0.602845040474435,0.2224660498144311,20,1,3
2025-03-25 21:00:00,31.239454090000464,23.42702351049955,159.63528868967222,1.270241161048242,0.0,7.104904234007904,25.26857624195961,0.19349933306333683,1,11.707427303293844,0.22005165109800537,0.32108038585304355,21,1,3
2025-03-25 22:00:00,41.550588520846375,31.761027141120366,130.73289754758247,1.3676487172764393,0.0,4.323974468700843,24.875144414722005,0.22980726258613224,1,12.024276879589321,0.4005299714455084,0.1507871958444717,22,1,3
2025-03-25 23:00:00,26.97398450609643,15.2465493735216,150.05231025411368,2.0651674682943066,0.0,6.867031798655865,17.76324466925203,0.18959860307593013,1,7.1903483960765096,0.14539208854847438,0.2646173769776947,23,1,3
2025-03-26 00:00:00,39.00640746755484,27.347137200987024,153.2729727162208,1.4104391007817765,0.0,4.232190307050293,17.932810863572723,0.2236382915308095,1,11.195761616259762,0.3559985451279166,0.28359355379008244,0,2,3
2025-03-26 01:00:00,35.99810735284615,19.787530748098927,154.89116854115466,0.7651939578473931,0.0,5.884101166464201,25.365887315914836,0.18968258030534207,1,9.102633959494284,0.3033435288011357,0.29312798046543237,1,2,3
2025-03-26 02:00:00,27.432330024337993,22.96376058000078,143.2529046144535,1.825806077285097,0.0,5.227468665747095,20.165327228321498,0.23991790949245623,1,8.54695904379364,0.15341462281236498,0.22455520804338128,2,2,3
2025-03-26 03:00:00,31.63219947541921,31.287640704045177,132.8571583505127,1.380425337141199,0.0,6.646708023107292,24.5292993360077,0.18255726790386323,1,7.6599149243609945,0.22692597011304635,0.16330336264751366,3,2,3
2025-03-26 04:00:00,38.2626346032188,29.109449109451013,118.45002894088817,1.6054744149930504,0.0,6.131405460321544,23.436363042038625,0.20231181319941288,1,4.23905741432843,0.34298010586929795,0.07841640592584642,4,2,3
2025-03-26 05:00:00,42.97986971992953,22.994381522039276,132.56051159594355,1.867037874373618,0.0,7.246948886528778,24.301063533945435,0.20217559077272107,1,5.856974692644072,0.42554703158033885,0.16155551687610611,5,2,3
2025-03-26 06:00:00,51.066510261732354,31.411688690047775,153.55373416126827,2.2740019586433236,0.0,8.237798501905454,16.40744370261723,1.6116535339629576,1,4.100391288490323,0.5670894886229498,0.2852478031521334,6,2,3
2025-03-26 07:00:00,45.565096386791964,40.5985399591169,205.6221635899396,2.5287224018850782,0.07855821868672584,7.981830332269821,20.730598589137465,1.3550250334223808,1,9.304526974402531,0.4707968893609854,0.5920355323248945,7,2,3
2025-03-26 08:00:00,50.08621722185087,29.96167076983184,153.23405230749557,2.6303095218267036,0.15177500980372796,10.459067246536,25.259807524333834,1.6069953804487374,0,0.0,0.5499311785967618,0.2833642343360043,8,2,3
2025-03-26 09:00:00,49.84788485037044,50.48445704307718,182.10517931998712,3.294972391795846,0.2179778035586089,9.8370328432189,21.24599174388408,0.16410358195444308,0,0.0,0.5457595885183171,0.45347321576695543,9,2,3
2025-03-26 10:00:00,46.31886369105855,52.11412066667974,223.2308857374054,2.7303112710901933,0.2627469390711491,10.609086438305509,23.27017288271209,0.23936135233121308,0,0.0,0.48399026375827164,0.6957863068447125,10,2,3
2025-03-26 11:00:00,55.33180320209803,54.67746805073894,229.6545865620874,3.3391157327371754,0.2931412157598597,10.153723228362033,23.833465810248388,0.16441734875611314,0,0.0,0.6417459593372112,0.7336348190912566,11,2,3
2025-03-26 12:00:00,52.084152097128296,59.35811175006974,264.6086499465992,2.9795132891553355,0.29906048989037604,8.69864734727218,17.017962995258912,0.23402949347783528,0,0.0,0.5849015237970993,0.9395845250601154,12,2,3
2025-03-26 13:00:00,50.02265593684066,48.899616954243406,184.84682134454212,3.159016675945655,0.28292023066919036,10.978417498954153,17.278193844878256,0.21931480693838076,0,0.0,0.5488186498023105,0.46962699916597406,13,2,3
2025-03-26 14:00:00,62.47678296600378,46.692843827154896,166.8171572759958,2.6718356618976604,0.25296247592625337,13.293047081430622,23.07974378510062,0.18410670725174724,0,0.0,0.7668062963306859,0.36339603045749086,14,2,3
2025-03-26 15:00:00,64.55340544713385,57.705521809404075,199.21367552154533,2.533933671737628,0.20836552282179563,11.198968629358347,16.04817893111465,0.18274332379284802,0,0.0,0.8031539300371231,0.554276653797039,15,2,3
2025-03-26 16:00:00,61.70299959214864,36.63969023451819,177.04584934035543,4.152747099447357,0.14675420249194795,9.784473045763171,18.941118811752688,0.24660450740822318,0,0.0,0.7532625757475819,0.42366359076735455,16,2,3
2025-03-26 17:00:00,62.3530299108256,46.23944039780264,213.33194187433872,3.3698500291749207,0.07658387426565896,8.827990031854865,24.805955403501063,0.16949838622236882,0,0.0,0.7646402161882706,0.637461626375541,17,2,3
2025-03-26 18:00:00,41.12183629503909,45.173209654144216,239.87790552502335,2.8039259345814855,3.639825204184884e-17,8.347580785986638,21.262147389316002,0.22229587654330324,1,10.854830291989103,0.39302541585291834,0.7938707210315005,18,2,3
2025-03-26 19:00:00,43.857742747257575,32.328128395656464,208.2675105550822,2.8881356855396016,0.0,8.10646890212244,24.727938923420385,0.16836823002563725,1,12.081166601517646,0.4409126589526846,0.6076219442296729,19,2,3
2025-03-26 20:00:00,58.690237378468574,46.3447729774527,147.22189707151125,2.1768832767785478,0.0,5.665686992187338,18.607122587231594,0.2405397520620535,1,9.841842998175125,0.7005294582057522,0.24794055298973897,20,2,3
2025-03-26 21:00:00,44.50071430360476,21.158669281859883,137.08260465731888,1.6067039159651142,0.0,7.350194894505673,22.056871540248743,0.22419390049014282,1,8.903804018116409,0.452166748141321,0.1881997363509365,21,2,3
2025-03-26 22:00:00,37.91236518206623,31.153514983343808,192.91598506203417,1.672977007030189,0.0,6.485193228542702,18.537456263491734,0.2432704688513937,1,9.830632367502753,0.3368492540971015,0.5171705959361406,22,2,3
2025-03-26 23:00:00,21.29443076603654,19.716784545914567,150.77581566871487,1.936907886520567,0.0,6.198991792010081,16.812531621747986,0.2379107712617902,1,5.580306277358173,0.04598146344179591,0.26888027842537066,23,2,3
2025-03-27 00:00:00,25.401437945967484,20.42523633363173,176.15132164845735,1.7036612151897046,0.0,5.82775553884728,26.15230080263251,0.2049498883632851,1,8.577192858497273,0.11786741958564016,0.41839302427839403,0,3,3
2025-03-27 01:00:00,24.138630951313388,16.339738733913094,158.05918550590866,0.6843904022407268,0.0,5.521816062383466,17.70889777031285,0.16522291092878783,1,9.725982703573736,0.0957641983691215,0.31179396945841864,1,3,3
2025-03-27 02:00:00,41.60555602037845,21.6458312762419,174.53439224447808,1.3825100004441586,0.0,6.485459814836927,17.940127145300146,0.17214595140398392,1,8.133211946358863,0.40149208110044354,0.40886605936851494,2,3,3
2025-03-27 03:00:00,38.8738159470919,38.652936913341385,167.60189450650034,1.223580486300735,0.0,6.89186730471613,25.00413946351552,0.1701817873852505,1,8.445414057739244,0.35367776315518956,0.3680197104030058,3,3,3
2025-03-27 04:00:00,39.1194161715691,26.69187671488951,139.12396956890998,1.9831302871909846,0.0,6.578032340044095,24.67193727513868,0.17206394427248217,1,6.166950637153026,0.3579765642510238,0.20022747969775498,4,3,3
2025-03-27 05:00:00,35.69435423325567,33.9180794466367,171.30434027312523,2.312120272967258,0.0,7.0927144858668445,26.615563540778165,0.19764141450809591,1,5.878996671750392,0.29802686328856065,0.3898345594697359,5,3,3
2025-03-27 06:00:00,52.95491710034152,39.323992566964215,157.6982533855956,3.381139248562754,0.0,8.555330833550425,16.89624816604158,1.775845105859559,1,4.5885940223456,0.6001427376762609,0.3096673536416684,6,3,3
2025-03-27 07:00:00,37.21736389645696,52.009137505192015,147.00546405904936,2.953507329038373,0.07706815864726016,10.789653764933608,17.123270493330285,1.1423359538037592,1,10.829066802718014,0.3246844757686488,0.2466653274233108,7,3,3
2025-03-27 08:00:00,40.714907089052595,37.80799633347546,156.69263328807236,2.766510568677981,0.14935730875469735,8.73577213243862,20.88340590459605,1.303860304945636,0,0.0,0.3859028339401966,0.3037422295402727,8,3,3
2025-03-27 09:00:00,53.453424463553155,39.33001448834194,180.5802551151927,3.1716948917318426,0.21116631609817235,9.139377800474875,22.33312022880272,0.2096802981099662,0,0.0,0.608868234584162,0.4444883464501205,9,3,3
2025-03-27 10:00:00,56.7701457130715,38.07457573757988,161.14662260121753,3.843268731694823,0.2579427588461278,11.259124068939803,16.3415600687939,0.23653234812577661,0,0.0,0.6669216218412647,0.32998518102033275,10,3,3
2025-03-27 11:00:00,46.519882442332836,57.9074183478221,174.72616398579638,4.477605783263705,0.2886762326136133,11.455657264355306,17.52039857402958,0.17974803868239433,0,0.0,0.4875087443708223,0.4099959804681928,11,3,3
2025-03-27 12:00:00,68.72766356926566,48.51260154905736,214.70634039747594,3.291826976001254,0.30263277569382113,11.691039583377338,23.13502235861707,0.18825271591868076,0,0.0,0.8762169959521182,0.6455595968063427,12,3,3
2025-03-27 13:00:00,47.0143194533434,33.59443385331034,268.2591648944629,3.837933261484479,0.2879942661678917,11.670135193742407,22.62935277396026,0.18734254097145053,0,0.0,0.49616299690368404,0.9610933972011606,13,3,3
2025-03-27 14:00:00,58.93735933356825,31.32671090153443,228.54549762189475,2.7325929329402037,0.25687785824192205,10.913985828721879,16.492994362222433,0.1793693662929916,0,0.0,0.7048548945267026,0.7271000554898609,14,3,3
2025-03-27 15:00:00,44.0871230053681,42.296397483259796,208.63403341551083,3.0704575496218003,0.20826443443776044,12.161003760769901,25.102633032178353,0.21987626275086947,0,0.0,0.44492755799044914,0.6097815007454852,15,3,3
2025-03-27 16:00:00,55.085114939603585,51.70156361607799,187.02748375203882,3.421642056584458,0.14625857361542868,8.459624852796122,18.045102444657513,0.21558147224506596,0,0.0,0.6374281140445291,0.4824754848112878,16,3,3
2025-03-27 17:00:00,48.483740359615076,47.02894473441631,176.6147836792004,3.842792738762519,0.07631345534475512,8.519198535014597,24.48944985432527,0.23432750100100905,0,0.0,0.5218826321994933,0.4211237473965982,17,3,3
2025-03-27 18:00:00,50.891130065665884,38.62534734037131,215.84070293788957,2.968927763933597,3.6453398253681904e-17,8.478693992593037,24.835628748275766,0.24175773801692074,1,9.518721947184526,0.5640197659439783,0.6522432727237982,18,3,3
2025-03-27 19:00:00,36.08272877174792,35.89666015993712,223.50510489285227,2.4745518570913285,0.0,6.1730138640656165,20.415167028778214,0.24004757980921806,1,10.401563744022852,0.3048246782955236,0.6974020089682127,19,3,3
2025-03-27 20:00:00,52.45121885194321,39.21760552238383,170.89703337952471,1.531072006078541,0.0,6.92751718790092,19.66169544984987,0.2040160837878715,1,9.072062801826222,0.5913263834290544,0.38743470300517147,20,3,3
2025-03-27 21:00:00,44.269202692414815,32.32820869125745,173.94432184933186,1.7091542992984616,0.0,8.154233914816245,18.356105868758057,0.16856974624245155,1,9.980842348480664,0.4481145435067358,0.40538935844695223,21,3,3
2025-03-27 22:00:00,26.40647166283758,23.956415361773583,176.53814089992312,1.177379534565357,0.0,6.047607582903287,23.93908823722376,0.1722162049538961,1,8.899559488264261,0.13545877176224463,0.42067216734185164,22,3,3
2025-03-27 23:00:00,18.802733953655117,22.223319657732034,118.20897439070606,1.7827032422654694,0.0,5.968434653611669,17.70440271035326,0.20902537984609293,1,5.560923663641145,0.0023686816931116268,0.07699611000241283,23,3,3
2025-03-28 00:00:00,37.45357254434298,19.30123693588154,134.52225701186958,1.0661977566320957,0.0,4.386061084361805,22.282307962510835,0.24183981849842745,1,10.685428780695132,0.32881889379102414,0.17311414132417943,0,4,3
2025-03-28 01:00:00,31.45397193435754,23.827480458037087,157.60224202931175,0.7521307253651994,0.0,5.142802281864389,21.83866092290941,0.20304314355647035,1,9.241790212852836,0.2238064096547664,0.3091016537292202,1,4,3
2025-03-28 02:00:00,30.256134111035593,26.573411576156552,152.92333185634902,1.664534034725799,0.0,5.694384587280307,18.582009243566702,0.24357285447667795,1,10.735572588692804,0.20284035981304024,0.28153346619759956,2,4,3
2025-03-28 03:00:00,39.51375354833996,27.067138459135784,109.79292151303109,1.4370328736806715,0.0,6.239338434265272,26.510940164668362,0.17622500179189357,1,6.856845773901306,0.36487874828200123,0.02740863868302543,3,4,3
2025-03-28 04:00:00,25.61358013697128,23.253551593147975,126.30376551844857,2.0591243677020503,0.0,8.470735045132187,25.14439816246386,0.15863467777550674,1,4.411641712326413,0.12158059649783984,0.12469070374102234,4,4,3
2025-03-28 05:00:00,30.742694940920032,25.413708278879692,165.36689871943815,2.53993045535563,0.0,8.48104322550258,16.332727903535744,0.22962904060840553,1,4.653207487139828,0.21135675361174147,0.3548510919186938,5,4,3
2025-03-28 06:00:00,47.16341941730042,32.2183801308671,141.71328338847235,3.01500223184367,0.0,7.599070062001164,20.664213557243972,1.784537686454696,1,6.365778249325089,0.49877273022054747,0.21548374372445075,6,4,3
2025-03-28 07:00:00,56.99406622596783,44.499228941045516,196.31665720931852,2.8959742045841863,0.07987313154975839,9.744209314912542,19.968112491274894,1.4610609424398686,1,8.89632198964722,0.6708409576165781,0.5372073916907661,7,4,3
2025-03-28 08:00:00,46.06182080094471,48.029847394839585,137.65543732792435,2.1910665597846815,0.15248590033827714,10.730189189771107,25.535390561206235,1.2018331632584736,0,0.0,0.4794911788732724,0.19157487241974694,8,4,3
2025-03-28 09:00:00,57.596958072286284,47.5302372744155,160.88111271668228,3.643492959879737,0.21567873460313966,12.00415751580849,18.839124416425676,0.15423272945286956,0,0.0,0.6813935217892706,0.3284207940118658,9,4,3
2025-03-28 10:00:00,63.24809207977921,47.15557189513989,178.13129800505584,4.032024580914058,0.26583334282522786,12.932026370939258,26.546038171204692,0.15625579155958313,0,0.0,0.780306709331459,0.43005906561902496,10,4,3
2025-03-28 11:00:00,50.340997063654456,35.766768676145986,252.57486290364827,4.011298186893447,0.302235971176161,10.646814740667528,17.96083897642514,0.19391144595831436,0,0.0,0.5543906527909451,0.8686813263125338,11,4,3
2025-03-28 12:00:00,66.78979256783518,43.363573084178974,246.44211710153522,3.4073619310439396,0.3108878675325015,10.963996558833323,18.31078815979013,0.17348149909385852,0,0.0,0.8422979634990019,0.8325471240930977,12,4,3
2025-03-28 13:00:00,59.553689484136996,40.7414428874214,260.63120404161566,3.6724493823288293,0.29905343813288,10.425776936700125,22.603701241194457,0.19619232365067582,0,0.0,0.7156426726417285,0.9161493723104247,13,4,3
2025-03-28 14:00:00,43.30117638715293,51.61232781820971,213.45270618950164,3.6031392164909835,0.26670282930676453,11.160357540469558,17.233465060518444,0.19884895024693547,0,0.0,0.4311709411516716,0.6381731709798331,14,4,3
2025-03-28 15:00:00,51.219251808817845,56.2968518982187,253.8990423573546,3.3077448500407223,0.21810885766721996,11.394704396959439,24.660138598453937,0.19580928520753768,0,0.0,0.5697629614643865,0.8764834054625552,15,4,3
2025-03-28 16:00:00,62.667836046012,39.82296516237926,252.5781258834606,3.608097950838706,0.15495024376992536,11.305085300010141,16.55569628616234,0.21199224069906447,0,0.0,0.7701503453495746,0.8687005518236148,16,4,3
2025-03-28 17:00:00,67.13534935149622,47.23691931376123,197.86556123122332,3.867022428920396,0.08092215075085452,9.52898260777373,25.475157797245608,0.21794037852756043,0,0.0,0.848346328818851,0.5463335503400815,17,4,3
2025-03-28 18:00:00,38.205873208580215,37.18112599219309,249.4461847744253,2.6145704738398305,3.8474811860269695e-17,8.519355288243348,24.340092068969675,0.18959453957896383,1,10.349883536810026,0.3419865972273867,0.8502471221487289,18,4,3
2025-03-28 19:00:00,29.714288234560822,32.38417905236043,223.78238336586446,1.8859257332885446,0.0,8.225230581012106,24.001409657902094,0.18370317121680768,1,11.182255034264047,0.19335629825519238,0.6990357366227107,19,4,3
2025-03-28 20:00:00,42.896997150228934,42.62612853135496,222.66872718703098,2.1270558718009336,0.0,6.525514326678975,19.61285735629989,0.18684012844368808,1,7.920965829455974,0.42409649262337384,0.6924740628036151,20,4,3
2025-03-28 21:00:00,34.51131694785639,31.65784008082383,200.73484934011654,1.5399880208014345,0.0,8.839603696828295,20.787272489189093,0.1570181530063721,1,10.951441461677154,0.2773198708999632,0.5632394257991372,21,4,3
2025-03-28 22:00:00,33.706570909205176,20.03079981316118,182.09629122044862,1.231527270765818,0.0,4.676376751232683,20.297213089417927,0.1821630752894664,1,9.302725160452997,0.263234203184528,0.4534208469917879,22,4,3
2025-03-28 23:00:00,26.364177647816557,21.92347712157226,185.38477711004953,1.737173647275512,0.0,6.179806335851139,25.957034390999777,0.1699912646176535,1,5.3537546512408705,0.13471848922175994,0.472796640146244,23,4,3
2025-03-29 00:00:00,39.585416908854704,19.19424452880853,139.531487282923,1.5090859730075978,0.0,7.927179270758476,16.115672386031832,0.1790840172063617,1,11.933688815149567,0.36613308969544134,0.20262857831838832,0,5,3
2025-03-29 01:00:00,26.82254070669141,21.16428063283019,161.3893943458394,0.8950021062683977,0.0,6.023325796995525,19.879699765874225,0.22143971007075783,1,9.33234330538736,0.14274133050366633,0.33141559467131265,1,5,3
2025-03-29 02:00:00,39.65546651298445,29.759085081457304,119.90238441412767,1.8641793239895874,0.0,6.136919123269069,26.226625904598297,0.24885384346760928,1,7.575927281597147,0.3673591851342248,0.0869736995195999,2,5,3
2025-03-29 03:00:00,31.570616456788294,31.803164636651655,157.81718194380474,1.7981187555003786,0.0,6.457000094601824,19.959061884582464,0.24235529670092873,1,7.653787150338304,0.22584806740127608,0.31036808194684534,3,5,3
2025-03-29 04:00:00,25.612567401105117,19.249927373563114,166.09831547980457,1.3715822961918398,0.0,7.2661062180633325,20.344036994299547,0.23216253145274302,1,4.282731413657193,0.12156287033305105,0.3591606070981194,4,5,3
2025-03-29 05:00:00,36.402794581651925,24.24188854920656,168.14080807163916,2.501988405126799,0.0,9.553621820032827,22.893327446019786,0.22371970667271743,1,4.469428554058164,0.3104268688362011,0.3711949947486921,5,5,3
2025-03-29 06:00:00,38.22246929736796,42.001615071438884,187.98504522857291,2.944822464075615,0.0,6.756101686635525,25.878139662018157,1.8337032369007946,1,5.442429214365187,0.34227708264864065,0.48811744701665155,6,5,3
2025-03-29 07:00:00,46.21192652285726,33.89247102521908,162.29603715017612,2.7867606716369435,0.08276649037101783,11.28858808281175,19.27582656076063,1.689031384352544,1,8.809879533155286,0.4821185162188398,0.33675754352910026,7,5,3
2025-03-29 08:00:00,55.76693146943934,37.051399417568575,184.02913188679423,2.3983641915527274,0.1589135727930443,9.065474267419509,26.229778814296022,1.4782160028482498,0,0.0,0.6493621163519576,0.46480916435390945,8,5,3
2025-03-29 09:00:00,48.07607748051854,42.21098150946262,143.77985689664732,2.7665999156842007,0.22504863886485968,10.854834127753943,19.032013091676944,0.21013619257170016,0,0.0,0.5147472086259948,0.22766001638522118,9,5,3
2025-03-29 10:00:00,58.77768765296944,53.37949440011285,164.6053163006024,3.0519706362778916,0.2734803023761054,11.179733112416598,24.601066195798115,0.18057849710903798,0,0.0,0.702060121855004,0.35036384036499385,10,5,3
2025-03-29 11:00:00,50.161389979010835,37.38797902112204,223.30093460631267,4.55691701969204,0.3047459618329707,12.507967786784745,18.761205610047273,0.15033083377869727,0,0.0,0.5512469458422682,0.6961990355107965,11,5,3
2025-03-29 12:00:00,46.887318514661175,57.74327254654205,221.3289296791379,2.9310470211596793,0.3114559134885374,10.434248906376506,16.51632835433685,0.18536128943316635,0,0.0,0.4939400682579906,0.6845799619154576,12,5,3
2025-03-29 13:00:00,51.86315379534402,38.583575012449664,185.54987243132197,3.1789167575021997,0.3001267071758143,12.403060121127867,24.129559757560504,0.19048298516019796,0,0.0,0.5810333362011391,0.4737693835008252,13,5,3
2025-03-29 14:00:00,59.380342135076255,43.358523236983444,191.78112735763096,2.754757135157771,0.2711713749977916,13.676233021019119,20.232042524630984,0.22330921575882826,0,0.0,0.7126085313835576,0.5104840025072948,14,5,3
2025-03-29 15:00:00,52.68122572767524,40.40047002239438,201.59233066586884,3.307851583545658,0.22246918773773255,9.822731222303394,19.51862353427821,0.23592205040229378,0,0.0,0.5953522503090664,0.5682917147124407,15,5,3
2025-03-29 16:00:00,53.50660456788214,45.65495049742688,237.8667530995293,2.7726370594997225,0.1577725362461404,10.765029229138037,19.845939301197348,0.2462654717869416,0,0.0,0.6097990590215283,0.7820209899678271,16,5,3
2025-03-29 17:00:00,64.88612197283943,50.26519660315992,219.71039256219842,2.4518050964160327,0.08163631671359357,9.200536672939132,21.661644470281118,0.18517917533562545,0,0.0,0.8089775491659325,0.6750435243440515,17,5,3
2025-03-29 18:00:00,50.76500628392026,28.44201024855414,156.957126417529,2.3225372973225973,3.8568660448655807e-17,9.522688045706344,18.06760791630305,0.2457396936365112,1,11.792474608201934,0.5618121903917451,0.30530062581721357,18,5,3
2025-03-29 19:00:00,32.13154921517099,34.443734595176714,215.09282926185614,2.247772883873217,0.0,8.350231070366007,17.821863005183587,0.22993855566935723,1,9.63446808482918,0.23566621134457988,0.6478367932256468,19,5,3
2025-03-29 20:00:00,54.09921293431778,46.00600947165509,158.63936067198267,1.905761227640122,0.0,6.976793567092977,20.39668461576095,0.15308443777357203,1,10.551459688733495,0.6201716289182246,0.31521236758709864,20,5,3
2025-03-29 21:00:00,36.405544218776704,21.617131029816615,184.21651573326204,1.6429594798071987,0.0,7.495572918937214,15.85268618695236,0.20952608470368023,1,8.756912006545518,0.3104749964106376,0.4659132319313705,21,5,3
2025-03-29 22:00:00,39.00238074192878,27.62578885592331,129.86902757292404,1.1865941515699172,0.0,8.346033825631705,22.232062451038782,0.1865641799775094,1,12.845868727643111,0.35592806435954294,0.1456972649451914,22,5,3
2025-03-29 23:00:00,24.817635341832155,18.786424394676857,189.4869734319595,1.3857051886931069,0.0,6.061822048734174,24.23956375003195,0.1534011209254917,1,6.23726315081183,0.10764897911088063,0.4969668236533852,23,5,3
2025-03-30 00:00:00,26.856982082766155,18.490031442525,114.8579572757027,1.2316597515365422,0.0,6.881003090639136,23.387876312372846,0.20315030828643046,1,11.614674765721723,0.14334416637455089,0.057251882215798536,0,6,3
2025-03-30 01:00:00,30.333155242503285,19.731162622602657,158.4490866820185,0.9699911239510535,0.0,4.980936972420676,20.80509937078275,0.20848170808863695,1,9.32193663279873,0.2041884796083723,0.3140912712540181,1,6,3
2025-03-30 02:00:00,33.61681816689441,30.36601162254263,142.89312514771666,1.3002046181567155,0.0,5.628217507634985,21.94477210022125,0.17522307548315977,1,7.266095974525928,0.26166323887526916,0.2224353836735222,2,6,3
2025-03-30 03:00:00,39.97984049614215,32.88769120669882,112.09653473986549,1.9176592021021892,0.0,7.544559137226818,16.294691405040744,0.24398797509579123,1,9.511789450370872,0.37303678269028046,0.04098155183803043,3,6,3
2025-03-30 04:00:00,39.516699687227735,29.955261645037126,110.96780831951408,1.9562918341804576,0.0,9.188332753467744,25.85200450615436,0.21104542371697033,1,4.48590637382026,0.3649303152750942,0.03433108399875599,4,6,3
2025-03-30 05:00:00,43.5013949794798,30.499950372045216,141.2978433777061,2.3208778066414992,0.0,8.794116869833852,22.106640772896963,0.16759636533705435,1,4.864810325974897,0.43467541638549223,0.21303596684873222,5,6,3
2025-03-30 06:00:00,47.87511742457196,30.88271367185702,184.17791456057154,3.157459541783957,0.0,8.912646961127805,19.526397925299882,1.6659426442762826,1,5.2738795944250505,0.5112297553721918,0.465685793419338,6,6,3
2025-03-30 07:00:00,47.756212652290614,33.67585578503678,130.7260257779614,3.1190359463996837,0.07928649388071905,10.012198266021135,19.265731341064498,1.4993546652256717,1,11.745536515494516,0.5091485359169937,0.15074670730620437,7,6,3
2025-03-30 08:00:00,46.888275657470224,42.8007405632047,198.39587969952487,2.9422154734925523,0.15276993818209061,9.496787117775416,23.14398958977359,1.4799255340652961,0,0.0,0.49395682136383634,0.5494581922855714,8,6,3
2025-03-30 09:00:00,55.7535896734712,47.41437990736598,205.1409134569682,3.387251306597443,0.21471846324469515,11.983776035403391,22.25391433804925,0.2334533262784053,0,0.0,0.6491285916178074,0.5892000015228633,9,6,3
2025-03-30 10:00:00,65.28996909825845,37.515656101335686,176.55376767727674,3.9091774504758647,0.2613303764304013,12.749095534668019,17.933327382992676,0.1638179798458243,0,0.0,0.816046184664928,0.420764240476978,10,6,3
2025-03-30 11:00:00,59.81967669841773,49.089474710584284,164.2833895308584,3.0838940865025615,0.2949611763470883,11.72511967875997,20.177731588289834,0.19909867381721713,0,0.0,0.7202983122310728,0.3484670444805514,11,6,3
2025-03-30 12:00:00,53.94466333881696,61.11583628457144,259.2135799730306,3.7633957891821668,0.2982968091347242,11.820137027404021,22.84990433477325,0.22807630546162805,0,0.0,0.6174665093609689,0.9077967165150806,12,6,3
2025-03-30 13:00:00,51.22885585885107,45.59352506663483,196.81156966266178,3.9942910010327517,0.2876053115625005,12.464581891294683,18.759057884243536,0.216038843885921,0,0.0,0.569931063512726,0.5401234210269015,13,6,3
2025-03-30 14:00:00,54.0998673633439,36.26439991470622,177.25215549654374,2.9037933094131443,0.25913646598696416,11.473030025345556,20.84624444044045,0.15054136574525329,0,0.0,0.6201830835503228,0.42487914879101407,14,6,3
2025-03-30 15:00:00,59.0351713526749,41.64795063531736,238.48021078207205,3.7050616150338236,0.21551856210662107,11.377609000340465,18.116010588754836,0.22874505921442762,0,0.0,0.7065669223386333,0.7856354890306169,15,6,3
2025-03-30 16:00:00,52.69692468403378,53.40513629540635,184.23510167791525,2.7493129977017703,0.1508204485509699,12.932891130533784,16.162376809353205,0.24446719148357704,0,0.0,0.595627033000903,0.46602274051108483,16,6,3
2025-03-30 17:00:00,45.358634337286524,55.19990855387683,205.74640608821747,3.877745007677004,0.07720998491632781,9.873349188947355,19.37060424275016,0.22046688348417698,0,0.0,0.46718313336157036,0.592767570420371,17,6,3
2025-03-30 18:00:00,34.00142134573971,32.936013831523006,155.0405544236033,2.6970528019602034,3.632397164488245e-17,8.996326352910748,22.878792014712072,0.23759009248945573,1,13.418338773638313,0.2683950428473579,0.29400816364264293,18,6,3
2025-03-30 19:00:00,34.862487314926575,34.439440466420436,237.27318990397558,2.695087730845057,0.0,7.941416646533948,17.581566437335013,0.18608117189611734,1,11.484341779357917,0.28346649215000186,0.7785237094298398,19,6,3
2025-03-30 20:00:00,46.69032883392707,32.37684505069111,175.28590140979432,2.3861098354471504,0.0,8.620356967989501,23.184171533337704,0.18506031457915223,1,8.259302636746183,0.49049210945742183,0.4132939592074321,20,6,3
2025-03-30 21:00:00,28.402283533812433,23.45990935896129,211.98355313848384,1.699755905314954,0.0,7.084370209662496,22.39615384408754,0.18208645300538248,1,11.27597812974431,0.17039195749645475,0.6295169058826416,21,6,3
2025-03-30 22:00:00,40.200610804021665,22.082846855921694,150.8539901547253,1.4479169648534496,0.0,6.15021552212402,20.826467589835623,0.22349694269510023,1,11.313911846121943,0.3769009796528863,0.2693408833121618,22,6,3
2025-03-30 23:00:00,22.945743077434297,14.244237122278202,140.17414857600698,1.98736897353099,0.0,7.831941680440664,25.790369636053363,0.24420659566545672,1,7.534694839387583,0.07488478870915646,0.20641514535902775,23,6,3
2025-03-31 00:00:00,39.81852411668074,28.78629393258056,175.48989003295213,1.0878139898360015,0.0,7.838768791131019,25.02585272844947,0.2385400771312808,1,8.627593559249807,0.37021322245013455,0.41449586230230834,0,0,3
2025-03-31 01:00:00,24.24428697410559,22.263607244952887,129.30936051515647,0.7973688598024569,0.0,5.931715700409995,21.79684763293689,0.1650213900723134,1,8.308238480510097,0.0976135217055616,0.14239970080451525,1,0,3
2025-03-31 02:00:00,26.272931210845965,21.633895000887463,135.24038831213895,1.899022033645601,0.0,4.97605183398538,21.863911170075504,0.2126107734984534,1,7.936681016381092,0.13312138040773044,0.17734537843417003,2,0,3
2025-03-31 03:00:00,39.27440809276758,37.57902804635288,111.54318675310367,1.362453840835287,0.0,8.33761288241381,18.980867197857012,0.2495958279527328,1,7.703897347524501,0.36068942594368625,0.03772121972961657,3,0,3
2025-03-31 04:00:00,28.05866067939413,28.34787587171529,178.46175880167434,1.3150908505697356,0.0,7.277541532036626,25.936071712101402,0.17953684174458595,1,4.357359077572154,0.16437744221548756,0.43200614407880633,4,0,3
2025-03-31 05:00:00,44.274523293950054,22.443436324910426,120.24618784434233,2.471330949017116,0.0,9.487091920002918,25.73582203814735,0.2134784793014904,1,4.942113455118976,0.44820767130317357,0.08899939291566926,5,0,3
2025-03-31 06:00:00,37.012838045043736,43.324557148252744,181.69479468282591,2.605765749318657,0.0,7.513572007947019,24.102111916890273,1.8049678726614924,1,5.924310609475603,0.3211046095203457,0.4510552252052362,6,0,3
2025-03-31 07:00:00,46.703469594581925,47.42442925360872,172.9227356518558,2.9040798430098604,0.07806095037819243,11.163482934404605,17.48586501448747,1.7996611050831204,1,9.352648370214247,0.49072211542107047,0.399370161918137,7,0,3
2025-03-31 08:00:00,56.46424911246978,42.67840389457381,140.52646296427812,2.9656634555272126,0.15200997350757223,9.794009426752131,23.61538586177283,1.3661064616699417,0,0.0,0.6615674384536973,0.20849098540871966,8,0,3
2025-03-31 09:00:00,52.02200298760014,51.30467509156488,142.92673553970278,3.453697091595912,0.21382346993761525,12.368018968458884,18.717606208518536,0.15939249149319357,0,0.0,0.5838137126572133,0.22263341645359966,9,0,3
2025-03-31 10:00:00,42.44800906160396,38.49106725863067,243.55536385271296,3.524579067787487,0.2612938393492881,12.139037183854477,17.94360406703816,0.21460089590708922,0,0.0,0.4162377437500529,0.8155383438474502,10,0,3
2025-03-31 11:00:00,50.17612782730602,42.14711394637607,233.50472675582054,3.9666909811849966,0.28834356628981395,11.481279606467192,23.86790450379815,0.24469674980767966,0,0.0,0.5515049060234384,0.7563198852626929,11,0,3
2025-03-31 12:00:00,60.638315499526605,62.01238529579903,234.64944853175038,4.4333175609309325,0.30035323777067185,12.141159114369595,25.827195851592045,0.20079837278591284,0,0.0,0.7346271483825478,0.763064597903838,12,0,3
2025-03-31 13:00:00,42.49413203868561,48.53616829012444,211.92012412647244,4.4270598142405655,0.29328463290173007,13.143045475855333,16.789406251587266,0.19577073946350565,0,0.0,0.4170450455546168,0.6291431814824212,13,0,3
2025-03-31 14:00:00,50.013890530793354,36.950294593439175,191.24751653820752,3.5397971238532993,0.26225656429110716,12.273674544137869,17.263751584828658,0.2363948407297298,0,0.0,0.5486652267457894,0.5073399619946615,14,0,3
2025-03-31 15:00:00,64.45847449395882,36.077137535569406,238.2993975588748,2.4836345504696067,0.2160001211220781,12.286191764709244,17.748041537054117,0.1924596679074246,0,0.0,0.8014923302303391,0.7845701356339857,15,0,3
2025-03-31 16:00:00,59.95895795640738,51.06643361174475,226.26394186050467,3.1096279697100306,0.15255001758765374,13.067653802037924,25.32733040226059,0.2180928704332934,0,0.0,0.7227361863240205,0.7136571051512731,16,0,3
2025-03-31 17:00:00,41.88522191960032,43.40080815023222,231.85603080073028,3.8337393974088076,0.07710503471486445,8.814183728268704,22.53179262173711,0.18886423577382375,0,0.0,0.40638714207443727,0.7466057515024005,17,0,3
2025-03-31 18:00:00,36.82402562415903,33.13754632056442,186.57925185002622,2.383679962900204,3.656446508481822e-17,11.229935971561622,22.327451583047793,0.18771374928732565,1,13.325883800848118,0.31779977930883396,0.479834497770386,18,0,3
2025-03-31 19:00:00,33.67590598053437,27.370113649612975,236.69640310496303,3.0575183473733767,0.0,8.951377589968056,20.568604609204034,0.1687807565341498,1,10.178580221377386,0.2626974674007788,0.7751252755952205,19,0,3
2025-03-31 20:00:00,50.743891689909525,37.32488906840603,141.03077898856796,1.9967429271200148,0.0,7.235450324293714,20.95360329310891,0.15884516703028087,1,11.27628846674757,0.5614426164629563,0.2114624206829344,20,0,3
2025-03-31 21:00:00,33.84323044769627,25.968232771788912,133.99600825189486,1.7216540468764376,0.0,6.1933561763540865,18.480358244199916,0.23851606759140292,1,8.989128191165396,0.2656261886766922,0.17001347814259082,21,0,3
2025-03-31 22:00:00,40.70548854946361,27.14298369874045,193.3500678064492,1.2046492236164572,0.0,6.868549499196639,17.16593587123376,0.1681219824236084,1,8.468410683026823,0.3857379789267597,0.5197282159929275,22,0,3
2025-03-31 23:00:00,27.581912853544797,14.165462896744394,162.9204234601291,1.7429715926666833,0.0,7.69037486716351,23.795347342442753,0.15622184021861685,1,6.796916544516581,0.15603280783838025,0.34043643417855685,23,0,3
2025-04-01 00:00:00,26.40326986569608,30.21495040499915,132.73703215953572,1.543577735050526,0.0,6.549709418079132,20.692273989242302,0.2082308108953288,1,9.823418886764323,0.1354027299198977,0.1625955778775796,0,1,4
2025-04-01 01:00:00,31.13398639172429,26.09390460936848,159.87817646288008,0.9595799740475023,0.0,8.301392460224765,18.551713375054913,0.2045996748308192,1,8.269316873707236,0.21820562405185814,0.322511483145662,1,1,4
2025-04-01 02:00:00,27.21922939628203,29.941451072647364,136.6941371497128,1.6433984396017718,0.0,5.64951973833139,22.660798978745493,0.2067756703305892,1,9.507805247446766,0.14968467014086415,0.18591088174511175,2,1,4
2025-04-01 03:00:00,34.77144081821624,38.068996646815904,107.51512478707224,1.2850210437769403,0.0,7.576119134192296,18.251514469077538,0.1968104888100489,1,6.851974156166052,0.2818728829394916,0.01398783662039833,3,1,4
2025-04-01 04:00:00,27.871638804598422,26.595769241130924,156.34112176996405,2.024254973173829,0.0,6.9678919164823405,21.31273409715149,0.16419363522181352,1,3.9971784951524936,0.1611039523722753,0.30167112000995266,4,1,4
2025-04-01 05:00:00,30.390597463579923,24.127895191651938,132.22874891654436,2.4616828587321864,0.0,9.318217187412262,18.15546782600167,0.1520914833099568,1,5.579386346308159,0.2051939049227711,0.15960076770940468,5,1,4
2025-04-01 06:00:00,51.86627063013963,31.308918959036237,129.22680932880542,2.258702623820858,0.0,10.628687047759758,24.291467422368296,1.1598104454183225,1,6.2502383001549475,0.5810878909266626,0.1419133083536761,6,1,4
2025-04-01 07:00:00,50.390315969516045,34.137069778071464,146.34391527223673,3.034110759444348,0.08021667250745977,10.10825234969028,19.558109833036898,1.832360359376519,1,9.221989329941788,0.5552538937224811,0.24276747507265997,7,1,4
2025-04-01 08:00:00,38.99691276364555,35.13138742183404,177.85420930163235,3.13155348570247,0.1560236113950449,8.65910062913682,20.808229253869783,1.5238906940446428,0,0.0,0.3558323569916608,0.4284264560889225,8,1,4
2025-04-01 09:00:00,68.74470680684486,46.2446999832086,147.5097260473062,3.1760238294124585,0.22085179904671312,12.094340575586097,24.074863421669537,0.18997209354833003,0,0.0,0.876515307928575,0.2496364443166556,9,1,4
2025-04-01 10:00:00,51.20687201052835,57.4845153203151,238.3152386779548,4.313189719950366,0.269093336517782,12.819644564013572,22.945711339163527,0.19108318161567991,0,0.0,0.569546274812058,0.7846634716727992,10,1,4
2025-04-01 11:00:00,44.447822695298946,44.94185783470122,214.52426145533337,3.801003097589195,0.2972514799387601,13.097659861148689,20.069803623486298,0.21521953481916017,0,0.0,0.45124097332075863,0.6444867857804863,11,1,4
2025-04-01 12:00:00,49.183215283626325,53.55954463181422,192.42526102775557,3.7046369474472827,0.3037925028721678,14.04212775069702,16.49579400251907,0.1876662777594182,0,0.0,0.5341257137204847,0.5142792448088117,12,1,4
2025-04-01 13:00:00,52.54912972569868,44.42331890221789,239.08012562774664,3.0830271525854935,0.2948190601599788,11.643827389275524,25.270183927566336,0.22964590664844106,0,0.0,0.5930401415182013,0.7891701935573526,13,1,4
2025-04-01 14:00:00,63.04806273547761,34.905577373042135,253.46601466779353,3.2276746478360203,0.26093607179819617,13.10615403213657,15.644723703145882,0.17599429172686948,0,0.0,0.7768055465523402,0.87393200179997,14,1,4
2025-04-01 15:00:00,57.16403629284836,57.62856838228776,231.09110437846832,2.5753840905649588,0.21605020208103404,13.15244778520392,23.068214328059458,0.18672591294815538,0,0.0,0.6738159854746364,0.7420987970456414,15,1,4
2025-04-01 16:00:00,61.89027343402713,43.90923481644435,182.71259425879555,2.884303945247391,0.15097500951173434,9.570790642017077,25.147296419579853,0.24349968156907506,0,0.0,0.7565404758325758,0.45705211092064796,16,1,4
2025-04-01 17:00:00,52.560833738802096,41.06936023461559,167.69887504421436,2.863378044831208,0.07812227635331899,10.956245561596319,18.533768508208272,0.17602836741979577,0,0.0,0.5932449997363145,0.36859112074254746,17,1,4
2025-04-01 18:00:00,42.919693105301995,44.107758565371014,235.98996970333866,1.9135693877606184,3.6704909195415045e-17,9.366715215662058,16.148284139461573,0.21615858973776736,1,12.365991051066782,0.4244937455035239,0.7709629626260339,18,1,4
2025-04-01 19:00:00,37.93862109395824,31.49639148632978,165.10127001819313,2.071217215993797,0.0,9.023673750979789,17.947740035582687,0.18645672761231802,1,9.659259964838927,0.337308817776466,0.35328600484093386,19,1,4
2025-04-01 20:00:00,53.228190911628005,38.649651499408755,136.80741876097477,1.9325303131619525,0.0,8.740088616531422,18.648275438353924,0.19711971140515935,1,9.675152857494655,0.6049259163639914,0.18657833817998853,20,1,4
2025-04-01 21:00:00,33.96364081187507,28.759480815284412,181.76871218626945,1.1889908575864603,0.0,7.294621854273585,20.143915013075212,0.15451882860481214,1,12.928347543741504,0.26773376087693523,0.4514907479063507,21,1,4
2025-04-01 22:00:00,41.05010935751479,29.531899906826865,132.23082638914502,1.281544035926411,0.0,6.640145150200072,21.011855575180377,0.16672338900068115,1,12.427530231372273,0.3917699616354532,0.15961300819963203,22,1,4
2025-04-01 23:00:00,19.0287549938083,14.843687897339896,188.9596507530805,2.223976740482833,0.0,7.0610631023840655,23.22197815599595,0.16019127841585867,1,6.792740062900009,0.006324783513296626,0.49385983293041347,23,1,4
2025-04-02 00:00:00,32.00095271441164,28.910407503982288,172.23083284819592,1.3519411710442415,0.0,5.848200986693536,25.209609542560273,0.23447151477310044,1,8.442454978758942,0.2333803486920865,0.39529346338368504,0,2,4
2025-04-02 01:00:00,29.46975679270271,26.340827369804874,149.028071738642,0.7728935468015071,0.0,5.9626031128070185,20.757464111656635,0.24616912582224876,1,7.031215432559408,0.1890762043242393,0.25858255296359056,1,2,4
2025-04-02 02:00:00,35.5557005180339,25.422609253099452,163.37059498259805,1.3770613961689988,0.0,8.038261614840593,23.867239627110347,0.15679746143129636,1,7.757165411099441,0.29559997323092485,0.3430888494834143,2,2,4
2025-04-02 03:00:00,35.18821893945784,34.916842283690436,139.28038656924045,1.5455062679066731,0.0,6.697609009337301,17.37323961708913,0.15768457701942476,1,8.675030412949368,0.2891678528367176,0.20114909029484693,3,2,4
2025-04-02 04:00:00,32.01797831174636,29.051901391330546,166.3260175233049,1.7784307896749285,0.0,9.144794750387806,19.598166760094177,0.20521689419865596,1,4.5514139051202624,0.23367835190700834,0.36050222991294156,4,2,4
2025-04-02 05:00:00,36.04844874204883,26.282615401538717,162.8314510968541,2.275850425582614,0.0,9.675375279517965,17.380567991920373,0.20040349247756387,1,5.652890193145787,0.3042246665099101,0.33991220808632067,5,2,4
2025-04-02 06:00:00,53.59436053905638,50.37024872605761,122.29157183757249,2.6601379969934498,0.0,8.274193271209315,23.56121775777835,1.6129290995845853,1,6.069626920491238,0.6113350733547923,0.10105081673341677,6,2,4
2025-04-02 07:00:00,55.516736070630564,46.54220408543609,207.71248765568578,3.3996227980099594,0.07809341555056178,10.10965136100016,25.861678038567508,1.677604376622411,1,11.30695838042507,0.644982884790336,0.6043517435185496,7,2,4
2025-04-02 08:00:00,52.0685508291581,37.0575776237372,212.48276203770183,3.488769556068557,0.1497525367857533,12.715627153568626,25.602356672186463,1.7229145992670694,0,0.0,0.5846284509691348,0.632458249922675,8,2,4
2025-04-02 09:00:00,50.83947857539514,50.247614324236885,233.50643631500608,3.870814253448332,0.20964758427439692,11.172431424364236,19.50058117269709,0.164908338024504,0,0.0,0.563115697214196,0.7563299580032418,9,2,4
2025-04-02 10:00:00,66.59725088601868,46.611913625987526,223.13659345608156,2.94476355132715,0.25907856837775983,12.176707405806436,18.426081555163652,0.15378357292374842,0,0.0,0.838927859116775,0.6952307357398555,10,2,4
2025-04-02 11:00:00,65.36538991047988,37.423033374853176,199.12610782452063,4.252719291787205,0.28998471064006354,13.413632651559649,18.742317538590967,0.2389158872664231,0,0.0,0.8173662936791454,0.5537607040129977,11,2,4
2025-04-02 12:00:00,53.41556426164893,60.734318376394675,183.19452144077684,2.679717324459359,0.30477811825449524,13.84794358372626,18.76701352533905,0.19695408937137812,0,0.0,0.6082055581644606,0.4598916309025058,12,2,4
2025-04-02 13:00:00,42.745143043688415,41.776694973902124,183.65470848463178,3.8432056387644065,0.29402798228851956,12.721550429059505,16.51120161290444,0.24712443265209894,0,0.0,0.4214385528719225,0.4626030577638131,13,2,4
2025-04-02 14:00:00,46.134458944221755,47.68024932319959,180.94078732265487,3.150165090659355,0.2672842232453106,12.08663657594676,16.945945446889446,0.20327694852023367,0,0.0,0.48076258214899587,0.44661260597618285,14,2,4
2025-04-02 15:00:00,53.864163080784415,39.20139239694743,188.09449365352552,2.9763816469065367,0.2185029328497096,13.640519443311494,17.698997546576486,0.20100273755007392,0,0.0,0.6160574935582274,0.48876231827782035,15,2,4
2025-04-02 16:00:00,59.4075754542709,44.11097907350441,220.07529883074736,3.4909259008008,0.15543731634252134,13.34648753080435,15.509246361500857,0.2122979358912807,0,0.0,0.7130852028631801,0.6771935558836506,16,2,4
2025-04-02 17:00:00,61.596932584814425,52.40730538840013,227.41987454857525,3.6078212309377555,0.08172972896582287,11.873661626700532,15.87228761423742,0.1670143981542379,0,0.0,0.7514060588476859,0.7204678726036607,17,2,4
2025-04-02 18:00:00,52.12967213348503,45.071303880085495,181.40565610162682,2.7627407241958957,3.8577700758160655e-17,10.21442309589547,22.53514033725774,0.17540405050386362,1,12.624979330180981,0.5856982721819564,0.4493516176696215,18,2,4
2025-04-02 19:00:00,33.61268110549424,35.33364145005924,194.99232194180192,1.9232447642971107,0.0,8.555140542681903,21.7411220135831,0.24058064597237172,1,11.311478034325994,0.26159082687272134,0.5294043944841499,19,2,4
2025-04-02 20:00:00,50.70986740468913,46.06632159713013,165.7127393508465,2.245989207971932,0.0,7.820177367419993,25.147484154707122,0.1712327749988837,1,11.531332845921602,0.5608470810358134,0.35688878852544065,20,2,4
2025-04-02 21:00:00,32.429381477383096,24.159749794640764,186.31592535177032,1.6983612214690182,0.0,8.562573832539938,19.63226346667814,0.1732970831983346,1,10.262055739883314,0.2408792426351561,0.4782829752966457,21,2,4
2025-04-02 22:00:00,27.94152331931804,30.709895965407373,199.07889762562007,1.2303789866486194,0.0,7.992460294202652,20.172441159075497,0.20099841626808435,1,9.816114793654057,0.16232715821053553,0.5534825410287592,22,2,4
2025-04-02 23:00:00,27.177839299279725,14.975957180442547,166.05415230494043,1.6427483095064102,0.0,8.686717524021905,16.35977885230621,0.21411513535561527,1,6.840530327518025,0.1489602090996377,0.3589003972112783,23,2,4
2025-04-03 00:00:00,27.10509199028103,20.759621463908587,113.30955021902649,1.6079809205901703,0.0,7.844104533661276,17.348631734386032,0.15009038666147415,1,8.702913961935815,0.147686895069456,0.04812865169079256,0,3,4
2025-04-03 01:00:00,31.766178385165357,17.244029174709524,139.7538999967905,0.8091784084223155,0.0,5.803554592053146,23.153685011609404,0.1956781190591003,1,8.304531221175896,0.229271035901408,0.20393903634785573,1,3,4
2025-04-03 02:00:00,36.24642004129948,28.99674188433125,158.92712448441716,1.7098143330304123,0.0,8.66904160544277,18.43479716885695,0.18990131255607415,1,6.561166607665413,0.3076898068206488,0.3169078749708159,2,3,4
2025-04-03 03:00:00,45.77152957655022,25.73244686241963,144.3486663427743,1.5377256575243434,0.0,7.106546943895857,24.271274714662262,0.2365619192543222,1,8.360613223028498,0.474410140221152,0.23101144757344944,3,3,4
2025-04-03 04:00:00,27.235159150831908,20.16678446332266,178.14201567472318,2.1026768326286662,0.0,8.35271424228354,23.63718456007063,0.23396974670366247,1,5.913175630385663,0.14996349255017238,0.43012221424047076,4,3,4
2025-04-03 05:00:00,41.47863505147592,24.47526151771106,117.94165917713714,2.8904456728567727,0.0,9.721186062880514,24.138927483957172,0.2405923452008637,1,4.902757525261789,0.39927055218546,0.0754210859764532,5,3,4
2025-04-03 06:00:00,61.249492902773916,41.880291035633896,143.29244346365425,2.501885536467933,0.0,12.25386783212133,23.548763232813,1.7565379578652238,1,4.716719313274619,0.7453247366946977,0.22478817135519033,6,3,4
2025-04-03 07:00:00,57.409134155076586,50.80429368387649,145.95753733738204,2.913660828636467,0.08040304218634522,14.155333251217897,23.713568486457426,1.7150335227428846,1,7.714416668804931,0.6781059936005499,0.2404909322512769,7,3,4
2025-04-03 08:00:00,52.393940373026275,36.94643287653371,204.085998158723,2.7504633859263468,0.15485622410503597,12.38643769824057,21.934540084082574,1.7692537205930745,0,0.0,0.5903238241339235,0.5829844295847544,8,3,4
2025-04-03 09:00:00,59.68960188344414,47.223255347859805,192.61729995296324,2.611455698548387,0.2229870197338484,12.228595299241379,23.25655058827847,0.1674806524433849,0,0.0,0.7180215807731145,0.5154107401587521,9,3,4
2025-04-03 10:00:00,51.20539994946422,38.42262807179157,163.83442113530057,3.464092608506497,0.2725860295407018,13.433810220097513,21.528155522066847,0.18408490916843165,0,0.0,0.5695205089654304,0.34582171801200084,10,3,4
2025-04-03 11:00:00,62.07675160778149,41.00604741807724,185.9554958122204,4.494842839335762,0.30607528400592005,14.097417895896372,18.024322055665273,0.21836183249699445,0,0.0,0.7598044491428235,0.4761593206909929,11,3,4
2025-04-03 12:00:00,67.50235626308765,43.22351457468249,217.07282620799964,4.173072285136067,0.31722772313196396,13.002073835986142,18.034879452631543,0.2423130958567833,0,0.0,0.8547701410001565,0.6595029558800917,12,3,4
2025-04-03 13:00:00,53.74956459114962,38.65095952992422,272.87311728765883,4.299111242514759,0.3027112965751448,15.02648660067332,19.882396113759178,0.21669087660239567,0,0.0,0.614051648026646,0.9882788528170037,13,3,4
2025-04-03 14:00:00,58.39929412845395,43.41220820935797,205.0721593156909,2.4288452532088622,0.26717026818991313,13.172400869217821,15.70689323371071,0.17079489044110088,0,0.0,0.6954370069889394,0.5887949014054767,14,3,4
2025-04-03 15:00:00,53.76536616002526,42.25968037014114,181.12177110237533,3.4213829692092648,0.21996708056975955,12.974073286998445,24.66524489375126,0.2444665063819556,0,0.0,0.6143282267705908,0.4476789642936275,15,3,4
2025-04-03 16:00:00,40.97103892178732,50.76842090529774,214.32619420891137,3.3481509168949763,0.15853489335255858,12.53168987943777,18.183954306220272,0.22603418039333262,0,0.0,0.3903859723639576,0.6433197714990868,16,3,4
2025-04-03 17:00:00,55.66816920232802,57.369462418957255,188.51667520203614,2.7447450185296027,0.08239565847432029,11.574564958169782,15.916481985296983,0.2216543756154441,0,0.0,0.6476334561156366,0.4912498163642307,17,3,4
2025-04-03 18:00:00,39.13292595496407,29.346283663404854,206.5966823828548,2.476841797327425,3.9245787317820984e-17,11.226217103876788,19.725362486081032,0.226250661731113,1,11.17253916645608,0.3582130293103959,0.5977774072152097,18,3,4
2025-04-03 19:00:00,35.74626509611109,22.49269596210812,187.1843689018736,2.919163405008771,0.0,9.00432147347349,23.754604065483647,0.21591446908495096,1,10.268385146778801,0.2989354718804444,0.48339985375014116,19,3,4
2025-04-03 20:00:00,36.756309479971264,44.61336775004167,197.05409295412704,1.9424610372937725,0.0,8.350485028531683,19.511414899815982,0.15221125837611427,1,7.198540315300485,0.31661452699296305,0.5415523707892916,20,3,4
2025-04-03 21:00:00,34.23959978963289,23.374212204460786,204.78887548069687,1.815466353549684,0.0,7.198066982791429,18.196570881906393,0.17536182596393432,1,8.412026315039428,0.27256393869340856,0.5871257900955568,21,3,4
2025-04-03 22:00:00,40.09353098304941,24.341451619340624,136.04114806150008,1.6607371352027802,0.0,8.27172113959768,21.215862220622572,0.2456571839959652,1,11.649204125652524,0.3750267352269412,0.18206346322787378,22,3,4
2025-04-03 23:00:00,25.417469818174343,16.994095600539637,176.0797629709046,1.7930755089541828,0.0,8.322209484613525,21.646772692690647,0.17886042800899105,1,6.216023309020725,0.11814802938539838,0.41797139980402626,23,3,4
2025-04-04 00:00:00,24.9076951695664,29.54329080001955,178.01138779370214,1.2591915832347478,0.0,7.90957743885551,23.721491732739334,0.22716264844886527,1,11.229711611312686,0.1092253184117861,0.42935255340328354,0,4,4
2025-04-04 01:00:00,28.86675960554311,23.120726693145098,132.42951174134788,0.613469325516619,0.0,9.239273407483743,24.29621735716261,0.192448397040913,1,7.349698690877734,0.17852179634491225,0.16078366436673816,1,4,4
2025-04-04 02:00:00,30.23034822130947,18.94838881585007,112.95638904176892,1.6441115835318973,0.0,7.869639865152826,23.44095732184397,0.24075277158512304,1,10.231161328804344,0.20238902304717335,0.04604782235156209,2,4,4
2025-04-04 03:00:00,39.17999318692535,24.237316986731006,164.11612604629462,1.5954617113355485,0.0,9.03148680620003,16.06362290069436,0.2057669054576704,1,9.602792264780573,0.3590368586402091,0.34748152628524775,3,4,4
2025-04-04 04:00:00,31.639452115638843,20.923376661134046,159.97452510670178,1.7111897363324335,0.0,7.9031177678276245,16.097033107664515,0.2131885996854592,1,5.598114725226634,0.2270529148574586,0.3230791703598006,4,4,4
2025-04-04 05:00:00,44.17606983212388,25.488608318655647,129.92269014988224,2.4176548596100087,0.0,9.342014701420128,26.61148308681639,0.17396251675020769,1,5.115836677686885,0.44648441616166074,0.14601344540823222,5,4,4
2025-04-04 06:00:00,37.769461304011834,40.099359824816105,155.61788745460402,3.291828530771157,0.0,11.211861931906745,18.96520487359939,1.1681425548323379,1,4.479170769732772,0.33434797239474606,0.2974098158818327,6,4,4
2025-04-04 07:00:00,53.3201334388927,49.900541489336874,176.26281941180602,2.807033955158451,0.08104314812139717,12.152635789902824,19.145083727156177,1.6924172201137204,1,10.048165519942943,0.6065352090175326,0.41904997026276325,7,4,4
2025-04-04 08:00:00,54.70240993774128,34.95467534598171,150.28686779862818,2.9198022576711256,0.1551308993541248,11.743861694539032,23.921825976450634,1.1757324671230296,0,0.0,0.6307295343307322,0.26599939247598275,8,4,4
2025-04-04 09:00:00,67.8907243312656,43.30587145478305,210.80738685213214,3.5486979639553984,0.22060389054221044,12.59830155556492,22.224625772079175,0.2221798191319124,0,0.0,0.861567842755618,0.622586921858182,9,4,4
2025-04-04 10:00:00,44.70020896468987,42.177268516790505,218.98827413943565,3.1106817073376174,0.2709411660030029,11.639534467973107,20.86287212444592,0.20554928619618248,0,0.0,0.45565855222867996,0.6707887950667513,10,4,4
2025-04-04 11:00:00,56.53297204211519,35.03884556536565,248.60046343120345,4.791169801732544,0.3077789319258792,13.110831533044644,17.077208176440184,0.23200237129568554,0,0.0,0.6627703127828942,0.8452641231751301,11,4,4
2025-04-04 12:00:00,46.8469393752805,64.949364252881,221.86078487356917,3.977880948715475,0.3155264603896726,14.471217376902404,16.60562049598343,0.17057730894741815,0,0.0,0.4932333022565018,0.6877136582673291,12,4,4
2025-04-04 13:00:00,50.41300987668948,33.16830123841184,226.76082332574458,2.798582650747712,0.3099337506608065,14.06456736793896,22.995458529393694,0.20415296219335746,0,0.0,0.5556511107577407,0.7165847359260367,13,4,4
2025-04-04 14:00:00,41.3388925148285,37.12637846016136,233.13260915662318,3.7928388236897006,0.27543315732636825,13.701077160935682,16.855271527036923,0.211417138735065,0,0.0,0.3968246042187864,0.7541273644877121,14,4,4
2025-04-04 15:00:00,64.50133415647036,38.594777474952856,193.90735477253233,3.6322502614819356,0.2275576675217688,12.784179304300487,19.983801537931058,0.1574297793326815,0,0.0,0.8022425134378826,0.5230117566085789,15,4,4
2025-04-04 16:00:00,40.78446882255696,43.07626227974063,242.39472750187883,3.8347384960819113,0.1629100977376207,12.130898162138768,22.995188272080767,0.22389406838752848,0,0.0,0.38712039005950893,0.808699862365009,16,4,4
2025-04-04 17:00:00,54.43049570263692,56.23484840593692,225.2072913526309,3.098770355680316,0.0846496829255579,10.750720408357617,24.858431285572276,0.18890294352144793,0,0.0,0.6259701526390918,0.7074313093399376,17,4,4
2025-04-04 18:00:00,44.80988798814893,28.993905892726545,233.91456254609108,3.0910280670748542,3.9776825358531816e-17,11.344161915270403,24.329257122131338,0.16289140893791784,1,13.599400255119386,0.45757829113461734,0.7587346420128087,18,4,4
2025-04-04 19:00:00,46.88533333687107,28.761547695426206,215.91580571833342,2.0228101351105177,0.0,10.300598054696206,24.25148315705888,0.18870649332905087,1,11.857411961809726,0.49390532120318764,0.6526857790893588,19,4,4
2025-04-04 20:00:00,52.20005227820318,29.661522320571866,192.47150074536563,2.0452520554442817,0.0,9.65884950662568,19.11185049873202,0.15983014857166397,1,10.582046502823408,0.5869301531539032,0.5145516897071664,20,4,4
2025-04-04 21:00:00,32.51287557711093,31.396614801171314,140.88288317153004,1.2176613903731792,0.0,8.030223542366254,25.056226217095887,0.23879958730374662,1,10.618700895374545,0.24234066038495558,0.21059101698666255,21,4,4
2025-04-04 22:00:00,30.22988462834746,28.12543421325321,193.5317858567064,1.5216016257540104,0.0,5.936907318742692,22.655496595858715,0.19567599007156425,1,12.392368579122813,0.2023809086656114,0.5207989006400316,22,4,4
2025-04-04 23:00:00,20.260193109605744,19.73459682363634,141.64272841708035,2.1874733876908525,0.0,8.898449050111108,24.90370357946846,0.16380280620538032,1,7.670006197688341,0.02787894753293728,0.21506803309724906,23,4,4
2025-04-05 00:00:00,37.22649442068332,24.11210849966137,179.10396790960573,1.6095222461758014,0.0,7.230983368828073,16.683707956053674,0.17520956777277605,1,11.931066392778263,0.32484428957840156,0.43579004683981115,0,5,4
2025-04-05 01:00:00,32.10409124747715,25.785269524704468,134.4270496617006,0.9264989807817711,0.0,6.960014224363785,16.264977414395343,0.22246491033662458,1,6.904885576261367,0.235185607787059,0.17255317862414432,1,5,4
2025-04-05 02:00:00,35.60370738810191,23.486183405389756,115.21568048782196,1.4441472040706904,0.0,8.826716439569298,20.50249284318426,0.2286088167175159,1,9.900078018316464,0.2964402492774766,0.05935959111200774,2,5,4
2025-04-05 03:00:00,30.52772271201056,32.225830723750576,168.56401120155752,1.8694552053162126,0.0,8.22872665103272,24.85569744435089,0.15413163951671627,1,7.851200874330491,0.2075940418504753,0.37368851200341013,3,5,4
2025-04-05 04:00:00,37.588564684462064,27.026197623057023,166.80370316900414,1.5851478451805274,0.0,10.312741532301335,20.452803149060475,0.15598802073905457,1,5.459353325136348,0.3311816943996481,0.36331675871879404,4,5,4
2025-04-05 05:00:00,38.90665447293199,28.325857201521675,173.43353614862934,1.8271169075913565,0.0,10.604099088978748,25.61464297425839,0.2417185171222457,1,7.168611705015367,0.35425254394444766,0.40237980377184707,5,5,4
2025-04-05 06:00:00,60.38225149312804,34.134776739461245,127.15286005848945,3.0028623901944798,0.0,11.457864331549345,18.648814097139894,1.3732366709170858,1,4.852920050126073,0.7301451971398198,0.12969357762545514,6,5,4
2025-04-05 07:00:00,50.96652642530173,38.784874310616765,201.81912628623317,2.877759731268858,0.08596487299609959,10.195540767751105,16.534836481463657,1.269992900601276,1,8.738800447064483,0.56533944695858,0.5696279968726932,7,5,4
2025-04-05 08:00:00,41.97337318999587,30.668719216525307,188.6760573446575,2.355098341045553,0.1613143294926719,13.507727260454464,24.233088861662505,1.2172932237774283,0,0.0,0.40793007542713355,0.4921888976106216,8,5,4
2025-04-05 09:00:00,51.94200917697897,44.59997426257027,187.53132806805465,3.9633365523340234,0.23202488884158393,13.18909767188729,22.700625102645564,0.19759574780841152,0,0.0,0.5824135613279945,0.4854441407754331,9,5,4
2025-04-05 10:00:00,44.652367740201726,48.63420544547892,241.31716214131384,3.8882900510767775,0.28793239274396404,13.046068976300882,20.613462174683995,0.22710526944379394,0,0.0,0.45482117551742707,0.8023508360235132,10,5,4
2025-04-05 11:00:00,61.865627055463285,37.582984450299925,225.57617229678385,4.822211532971565,0.31910581466968135,13.869178537050367,24.776955088646375,0.20211177675544634,0,0.0,0.756109084210666,0.7096047597096442,11,5,4
2025-04-05 12:00:00,67.00291598514549,56.362085482630164,175.25769771916308,3.703794103863614,0.32943763384501323,12.062519618610725,24.403844915239695,0.15206736796238887,0,0.0,0.8460283150564232,0.4131277827681196,12,5,4
2025-04-05 13:00:00,42.88495027010425,48.42446812983724,220.77280815518458,2.8176235541055195,0.31998579507149144,14.155926971019245,19.039553256666753,0.19839049659941496,0,0.0,0.42388563311951294,0.6813032880969885,13,5,4
2025-04-05 14:00:00,42.17894777427561,38.16594956720682,235.0278247732319,2.4535120480593093,0.28449072997933345,12.428942775973054,24.256479210272925,0.18116570772289375,0,0.0,0.4115282979045706,0.7652939946644233,14,5,4
2025-04-05 15:00:00,43.50873298367028,40.79135178057562,262.2060040879001,3.5884386318505284,0.23224858111920438,11.639629080090451,19.047982325000287,0.21828591701719824,0,0.0,0.4348038552764681,0.9254281106054333,15,5,4
2025-04-05 16:00:00,60.953577029219225,51.78574326521539,191.01913931267194,2.572566729514992,0.16616417724293595,10.859360337644976,21.82057415541957,0.20235089683929264,0,0.0,0.740145248425827,0.5059943610002466,16,5,4
2025-04-05 17:00:00,46.85461456558969,50.68062880142892,238.92641647165235,3.4027413270494837,0.08653505395611721,12.78160508203984,17.362518027851312,0.24653371499344204,0,0.0,0.4933676429989915,0.788264537606738,17,5,4
2025-04-05 18:00:00,40.88710197074472,29.078932252961184,229.9812903834746,2.228048890829093,4.0716798252427934e-17,10.27393576679408,18.082969883934396,0.20981641540368876,1,13.87524004029095,0.38891680327874617,0.7355597614137968,18,5,4
2025-04-05 19:00:00,33.77481866992928,28.275717401812877,154.9518578949656,2.724156156324338,0.0,11.67120885918093,19.982343777130964,0.21324809661065658,1,12.830225575923697,0.2644287605153022,0.29348556277096605,19,5,4
2025-04-05 20:00:00,46.35368872373594,42.35934886152111,136.55098644802857,1.792299296021483,0.0,8.888875475420217,18.660386894194904,0.20202307733585856,1,8.718006563198372,0.4845998148649724,0.18506743631798683,20,5,4
2025-04-05 21:00:00,40.26371562086848,28.679678753991528,176.55270323166977,1.1205857221066906,0.0,7.1067368155109705,16.818001236022187,0.18110054872914794,1,13.175575165633353,0.3780055187728768,0.42075796875236154,21,5,4
2025-04-05 22:00:00,41.16662506636474,27.82754068845855,183.15831090327887,1.7503027005888137,0.0,7.231552162319161,20.566599587464395,0.21306031579174603,1,11.07791222959993,0.3938093647261965,0.45967827803795774,22,5,4
2025-04-05 23:00:00,20.93647361209527,18.545303459694143,155.84473484224674,1.6318948856978244,0.0,9.294924164960968,20.989108410803308,0.18329116332384876,1,6.242445921753511,0.039716051393008066,0.2987464030554293,23,5,4
2025-04-06 00:00:00,36.06999149978693,28.09414564255491,168.13291986871,1.438723105664005,0.0,7.811728563803075,17.416412297280196,0.22173481476344775,1,11.822506785821242,0.30460173469365853,0.3711485173747739,0,6,4
2025-04-06 01:00:00,27.148074108703902,19.496409608442747,150.0075343502369,0.9231633300562883,0.0,7.5322981864953285,17.688625749172772,0.17368464373041215,1,9.681151248710993,0.14843922165291432,0.2643535568851215,1,6,4
2025-04-06 02:00:00,41.85834441504756,27.162498684163637,150.73046531706103,1.7159935215575088,0.0,8.551040693137441,16.249312686367997,0.18676613683117216,1,9.418632305864739,0.4059166985059485,0.2686130736805046,2,6,4
2025-04-06 03:00:00,35.64087737131774,39.85785180485607,108.01222179058801,1.4196537866027918,0.0,9.380296279179305,16.339211855497805,0.20836483265428063,1,9.235240993125485,0.2970908446298241,0.01691673734893103,3,6,4
2025-04-06 04:00:00,25.03645801953248,23.267276617433552,115.45851026005778,1.9071948284893039,0.0,10.627967396032654,19.918033137235135,0.21284917023884553,1,6.346655473850705,0.11147908622374635,0.06079034666229413,4,6,4
2025-04-06 05:00:00,36.613409988316775,32.11777270128465,168.7859949738726,2.8779735270477578,0.0,11.69334484837733,17.68748556069814,0.21686128612581498,1,6.828843905426462,0.31411332206684334,0.3749964427047776,5,6,4
2025-04-06 06:00:00,40.454283782170926,35.28194592109046,181.02746259010314,2.9637756602494503,0.0,10.672267756245708,26.00523518768347,1.6502373515351612,1,4.10880442150671,0.3813410801404688,0.44712329755585345,6,6,4
2025-04-06 07:00:00,37.71437125872287,38.034096932786305,173.22492694154926,3.4043803844964096,0.08635556192343465,10.493178968561498,18.25422582333807,1.3637297829178303,1,11.109612618665688,0.3333837177913072,0.4011506761483165,7,6,4
2025-04-06 08:00:00,51.14813455053475,46.89720273604976,188.1148614705931,3.369330881131356,0.16842083392871435,12.140036939050834,16.78163729943803,1.7944323057260796,0,0.0,0.5685181786125351,0.4888823256683818,8,6,4
2025-04-06 09:00:00,61.6246428998794,35.214910541064164,201.2376885393788,3.8151708713451087,0.23681747657243374,13.445834989170514,20.330396613541,0.15299336082544746,0,0.0,0.7518910793032687,0.566202159604889,9,6,4
2025-04-06 10:00:00,52.242348023029386,39.59705481091258,160.49913188539495,3.3686271031275843,0.2910638513823317,12.70928291551874,17.982450620652283,0.16884299380183335,0,0.0,0.5876704659715932,0.3261701589705554,10,6,4
2025-04-06 11:00:00,60.584609428660826,46.04429965347245,225.77063188375362,4.9233194769691755,0.3239659497085515,13.02632313266938,16.499631967250924,0.15701408195676106,0,0.0,0.7336871178236093,0.7107505176239299,11,6,4
2025-04-06 12:00:00,61.85924112696711,50.31106081006652,212.33040311859938,2.7179796828767286,0.3353234864428337,14.440214830021048,23.65363842987157,0.21715369723857042,0,0.0,0.7559973097345812,0.6315605495824969,12,6,4
2025-04-06 13:00:00,53.706767270521276,43.08793189588725,229.84469277282335,4.480317566855456,0.3269620846024706,13.956281891474179,21.466430148861388,0.17736652364752273,0,0.0,0.6133025560044072,0.734754926867375,13,6,4
2025-04-06 14:00:00,53.32368809798567,35.15454648909533,226.94560116915744,2.7999944862248456,0.2925136647413615,13.748759217060933,16.153987030341153,0.1699153507253871,0,0.0,0.606597427089347,0.7176734489063221,14,6,4
2025-04-06 15:00:00,59.753905867564946,37.20296403350034,247.3878300584702,2.900629483169658,0.24103176605675944,12.491439690166535,20.316299069314113,0.19806674875736383,0,0.0,0.7191471092126483,0.838119274697425,15,6,4
2025-04-06 16:00:00,42.9517452389401,40.45322779516593,195.1696700323223,3.9852388414332283,0.16745091179490815,12.408942057485387,15.824578430877832,0.2119047521747136,0,0.0,0.42505476187678093,0.530449331282914,16,6,4
2025-04-06 17:00:00,47.818077119688716,46.80572986456278,195.11302430843398,2.8061496518289473,0.08572871427514085,11.0022942669685,19.022516643115996,0.2119246089253789,0,0.0,0.5102313648957142,0.5301155740870521,17,6,4
2025-04-06 18:00:00,43.01108332465317,37.34957231965026,189.16063065245797,2.13734678357622,3.981261904047633e-17,12.050995599626773,19.098688932373484,0.20574525294462373,1,13.888163217086946,0.4260933709759015,0.49504400859340036,18,6,4
2025-04-06 19:00:00,36.916570734494194,31.141378748359916,215.33238346915297,2.668681556699344,0.0,11.430315703307341,23.83036419111459,0.24919863600197273,1,12.411022275467296,0.31941961912196837,0.6492482491131545,19,6,4
2025-04-06 20:00:00,55.09302731825379,39.91555278476155,173.80013596227317,2.2148135535428364,0.0,7.8360613543410205,22.98653908021385,0.2360214777155113,1,11.426310057369436,0.6375666063528507,0.40453981369680586,20,6,4
2025-04-06 21:00:00,33.95959803072159,24.136133295094012,142.2555516334662,1.0988978416282738,0.0,8.142143117294614,24.744185579803275,0.17388602051165208,1,9.30688471363997,0.2676629990847187,0.21867879387882624,21,6,4
2025-04-06 22:00:00,28.870265960461477,29.745314297306592,198.64327763336232,1.5303070371083864,0.0,7.1090933453334735,17.020369369497498,0.22587162596515797,1,12.099707231140327,0.17858316893688586,0.5509158634916521,22,6,4
2025-04-06 23:00:00,21.793384242050546,14.244770807446555,151.21369108673707,1.7924855339276913,0.0,7.666621269978408,21.222931505678076,0.2069297221979789,1,6.266533372234761,0.05471476877172828,0.2714602449546018,23,6,4
2025-04-07 00:00:00,28.2885444881668,20.762631479341227,116.95933306395439,1.243018126928118,0.0,8.141707960165977,15.96199991056882,0.1570519048842408,1,9.137144542427164,0.16840115502426084,0.06963321027370548,0,0,4
2025-04-07 01:00:00,32.70350300630506,23.98329181457225,153.39825343650878,0.8306969748422407,0.0,6.888445847806027,24.568453372052875,0.1549581084922722,1,9.539734773623438,0.24567725913302338,0.2843317091004693,1,0,4
2025-04-07 02:00:00,33.24904288802441,21.889351576125858,156.74136502699386,1.2889115753809397,0.0,7.726654502503709,19.832415573541056,0.22996190528452415,1,8.543327913291792,0.2552259777726277,0.30402935745418164,2,0,4
2025-04-07 03:00:00,43.758239751162186,31.896039787886604,141.37871753309378,1.4004810929850988,0.0,8.132034150631155,16.75513663196684,0.2044990689675936,1,9.590883720214805,0.4391710335548896,0.21351247821564678,3,0,4
2025-04-07 04:00:00,31.830930075843636,22.494624735454543,156.00342006166613,1.8778487225068152,0.0,9.97529988812447,19.553950840385788,0.2071324888854531,1,5.723510783290341,0.2304044006588606,0.2996813780230467,4,0,4
2025-04-07 05:00:00,43.40872899223977,28.13548974979071,126.88554301552514,2.816402814329145,0.0,10.571639800555543,19.194086547487327,0.18362690548727645,1,4.716837527860499,0.4330534608341814,0.1281185428206788,5,0,4
2025-04-07 06:00:00,60.86335700855166,37.313593378310465,149.4337908224303,2.9348460089174173,0.0,10.567734427724373,24.359512907780235,1.8227610533437597,1,4.569496422997735,0.7385661052286354,0.26097305403618337,6,0,4
2025-04-07 07:00:00,52.984487690735406,53.23818591988879,140.96231645847152,2.4331087416188972,0.09031784999246321,12.253468707361773,17.472216425235626,1.6600108366877782,1,8.34172010974507,0.6006603189881685,0.21105903874166648,7,0,4
2025-04-07 08:00:00,54.99990673236962,35.776333950089025,169.85117307283275,3.102789841252448,0.17792806216323112,12.26422866528446,22.030729293662805,1.820829371429444,0,0.0,0.6359366938497341,0.38127248317172135,8,0,4
2025-04-07 09:00:00,55.43180916565311,49.087077891024144,196.32988822461073,3.9030068449576887,0.2505196303049023,13.171291358652317,24.491662915562017,0.1599267257415912,0,0.0,0.6434963882980791,0.5372853489708432,9,0,4
2025-04-07 10:00:00,64.86987976993062,55.065710686152286,194.25394071819133,3.6464580729080804,0.30913927663818175,15.603871122694208,23.795092307637628,0.20837293493614353,0,0.0,0.8086932578962002,0.5250538446146629,10,0,4
2025-04-07 11:00:00,64.89007138698689,49.64380049529767,217.9918638335079,3.939310565840446,0.3426419001182212,15.58129736188644,25.734618407303557,0.21375272498276152,0,0.0,0.8090466767324936,0.6649179351534774,11,0,4
2025-04-07 12:00:00,75.62385844236486,54.649735762533524,214.82981153108372,4.430041941523016,0.35216739706420636,13.05419291353802,15.756612379109415,0.1625993322759278,0,0.0,0.9969227898522274,0.6462870900131391,12,0,4
2025-04-07 13:00:00,53.53762880643499,41.874922659069824,198.7207706195228,3.8489819286507596,0.34604278457167326,15.091998669986234,19.34496633094065,0.18462649881036805,0,0.0,0.6103420838944587,0.5513724529742206,13,0,4
2025-04-07 14:00:00,57.965125684432735,41.46260802880549,180.77575979331132,3.6980978297578275,0.30932862071717093,14.784675459884355,19.39692932237103,0.17148043471981672,0,0.0,0.6878376499976826,0.44564026205235363,14,0,4
2025-04-07 15:00:00,56.36165274554865,54.661739151434965,191.5995971655704,3.2086494572771866,0.2520804198312196,12.358972962159275,15.828685120487352,0.2484458975582415,0,0.0,0.6597716690260106,0.5094144247226442,15,0,4
2025-04-07 16:00:00,44.45511654096625,33.55188458876181,182.52141028438533,2.877162579198524,0.17847622145054384,13.715406051421724,23.829596427943475,0.20434151911519907,0,0.0,0.45136863929424953,0.4559256529497217,16,0,4
2025-04-07 17:00:00,50.144452905018184,55.147310036445866,229.88567188838525,2.870095514262776,0.09447237943742288,13.72172924319294,22.454775562477927,0.18152609129790284,0,0.0,0.5509504920731609,0.7349963762436033,17,0,4
2025-04-07 18:00:00,53.07769191327684,37.789550309105564,231.99668444123807,2.6837392881869664,4.5421092755461857e-17,10.295506441013679,20.787844502263983,0.2164496652045319,1,10.55418860631724,0.6022916954042544,0.747434484219034,18,0,4
2025-04-07 19:00:00,29.515151188303268,34.807221528668826,211.32855164855062,2.4357750948137955,0.0,9.734801619191064,19.54267208907396,0.21595476204252423,1,9.292273400244667,0.18987075358805938,0.6256576302734806,19,0,4
2025-04-07 20:00:00,50.66187353506026,29.42806561982955,192.93607322956427,1.912432515479636,0.0,10.95713263557102,24.63324206309649,0.18473303759425144,1,8.276795560740362,0.5600070325391434,0.5172889556287109,20,0,4
2025-04-07 21:00:00,34.05216931550482,32.756755856403615,153.3484946216117,1.1098187069822039,0.0,9.600354988657953,18.214968505389567,0.24939228589844206,1,13.769186593590575,0.2692832970356511,0.28403852964420173,21,0,4
2025-04-07 22:00:00,32.763396347565646,21.280830774973566,176.8788447285209,1.8707618990595345,0.0,9.414288191882926,19.033367964777742,0.2308961582488993,1,9.8684981676269,0.2467255870064699,0.4226795978528711,22,0,4
2025-04-07 23:00:00,29.671074077068425,19.927657609101995,159.68713560858384,2.14879015755039,0.0,8.914407220566638,25.593933312963745,0.19003181697814372,1,7.2727116602577215,0.19259991023486664,0.32138586843993994,23,0,4
2025-04-08 00:00:00,38.831811979534685,23.429762125486054,112.4274239519439,1.375705062636723,0.0,8.872998001921218,16.42856274599312,0.21600593442969643,1,8.168567738022542,0.3529425573867555,0.04293115452616913,0,1,4
2025-04-08 01:00:00,30.757148197769535,23.358850276162503,170.17359615855273,0.8934747682157526,0.0,7.268758309189588,24.09399559029671,0.22105396227289026,1,6.721506247716009,0.21160973251888732,0.3831722033550699,1,1,4
2025-04-08 02:00:00,29.917611338045003,26.175203305728335,110.59676887711474,1.3070168356044503,0.0,9.952954478918077,23.566884718205472,0.16738165196630883,1,9.465083301987299,0.19691511251086646,0.03214491573487247,2,1,4
2025-04-08 03:00:00,39.13849992790798,26.61473252708902,141.55436563149001,1.538873944679492,0.0,10.562686926200332,25.64442639438858,0.2378159172127483,1,7.821777923485921,0.3583105919288765,0.21454739864308764,3,1,4
2025-04-08 04:00:00,31.69926402064854,24.801902719576262,146.30884322812534,1.6450532385089607,0.0,9.795730047839589,17.045281995196525,0.23260378099003623,1,6.163018461338116,0.22809981733218937,0.24256083022301803,4,1,4
2025-04-08 05:00:00,33.670336835787765,24.914657632155176,177.28037437119912,2.558735772301647,0.0,10.715889436747874,26.53622805912181,0.2255674930715444,1,6.79757229263276,0.26259998929142236,0.4250454146947551,5,1,4
2025-04-08 06:00:00,39.27928858586227,41.63326080469998,193.04540008338932,2.7666629739651225,0.0,10.015417959155664,16.435007794317848,1.2920070457823458,1,5.8872702477962875,0.3607748504139135,0.5179331105915285,6,1,4
2025-04-08 07:00:00,49.8899538317945,47.76956667393915,206.94213006151537,3.0875478825019926,0.09467935454869245,12.847938497253919,19.739657441687466,1.2271873611055737,1,10.945510273291362,0.5464959322404425,0.5998127885402688,7,1,4
2025-04-08 08:00:00,41.924032016493705,30.45615700861109,186.27049201310805,2.5573053042814844,0.18440425991944628,13.639984390728872,16.98380340483126,1.260411062782677,0,0.0,0.40706644473961134,0.47801528159146056,8,1,4
2025-04-08 09:00:00,59.65212863108676,46.51884732171648,207.393353304273,2.520650532849263,0.2609792274768594,13.637755812025812,16.561561844916636,0.159301880925797,0,0.0,0.717365677226441,0.6024714005920346,9,1,4
2025-04-08 10:00:00,48.472246124711575,48.82413473435234,158.8519862412563,4.397306461126428,0.3199130336708635,15.311754781000307,26.18766140265914,0.24402908299681347,0,0.0,0.5216814457807751,0.31646515965855687,10,1,4
2025-04-08 11:00:00,53.74595268049792,41.68922998924658,207.0258188099044,2.9879992063793512,0.35493043384584816,14.163723364330538,23.45013974148808,0.23514944495937362,0,0.0,0.613988427866727,0.6003058835184983,11,1,4
2025-04-08 12:00:00,47.113127354013166,64.89121735192862,257.33919979197856,3.1674154765267946,0.36821902309097704,15.175326125856047,21.059743380115542,0.15907794668789066,0,0.0,0.4978924558753949,0.8967528489419453,12,1,4
2025-04-08 13:00:00,62.85383247664525,40.884796208338386,213.7939113251778,3.5090232964769528,0.3543246327274498,13.499529595005788,16.781927815645727,0.21779707060060216,0,0.0,0.7734058865915645,0.640183555197386,13,1,4
2025-04-08 14:00:00,51.05784663405417,34.942609296720356,172.65533289767737,2.9172147333787635,0.3146675461453495,14.206635936024394,21.01999295162291,0.17455873502407765,0,0.0,0.5669378470182399,0.3977946221019933,14,1,4
2025-04-08 15:00:00,42.052909976317814,38.08513130191374,185.91156683167677,3.0672746995589675,0.2563899690848705,13.589772542260489,18.788805472656232,0.15172736533119371,0,0.0,0.4093222273477099,0.4759004906795305,15,1,4
2025-04-08 16:00:00,51.584395290509846,44.182444351314494,207.0756632513359,3.2795793577698875,0.1833064115537725,13.378808114544912,18.21810651563859,0.17923921375273963,0,0.0,0.5761541575741443,0.6005995674871997,16,1,4
2025-04-08 17:00:00,64.08398603574415,43.357953817295304,180.94990837990989,2.824082775711755,0.095180013803927,12.071123284219249,21.728604515684676,0.19400300693127936,0,0.0,0.7949375666995754,0.4466663473406454,17,1,4
2025-04-08 18:00:00,50.38494119403605,30.657543119303863,189.22925853417206,1.9678721352270223,4.5261098438706064e-17,11.543412511153916,23.48198349548099,0.15200381586208675,1,10.78764907652,0.5551598177061727,0.4954483647881238,18,1,4
2025-04-08 19:00:00,41.749528752188695,22.682944673645064,174.45467762592142,2.039121976521096,0.0,11.735166310378546,19.93495661426304,0.18237200308278168,1,11.770818401535324,0.4040120712128043,0.4083963800047006,19,1,4
2025-04-08 20:00:00,39.712718037367054,40.26505336185552,163.7036147534357,1.9947527999419303,0.0,9.75950233726437,20.498073017259564,0.2200352629288759,1,10.819793387457224,0.36836127263751606,0.3450510054459803,20,1,4
2025-04-08 21:00:00,39.23965549322408,29.0144853860051,134.9683407801514,1.7101191491765264,0.0,7.979058557800881,22.209679634515986,0.17284284590344923,1,10.072147259961643,0.3600811426519315,0.17574247153873843,21,1,4
2025-04-08 22:00:00,39.35544902252759,21.56540596595966,190.6171752869269,1.255851828520559,0.0,10.869152244387802,16.855619692546124,0.19848929753257988,1,12.446950776701534,0.3621079052565669,0.5036259847688032,22,1,4
2025-04-08 23:00:00,25.78698400796644,18.855743164025753,166.33401359237635,1.9619895105045952,0.0,10.21200881713621,24.29969843276086,0.2387580913036462,1,4.91223012103241,0.12461572707332143,0.36054934283529505,23,1,4
2025-04-09 00:00:00,39.47399789487741,29.97573551443981,154.3263182688103,1.6079999106602183,0.0,7.446756298826891,24.537855882511955,0.15283909832089826,1,12.92252417709472,0.36418289530778575,0.28979987677041824,0,2,4
2025-04-09 01:00:00,26.04061110085622,26.542051666923342,148.88838265724263,0.7213490782175821,0.0,9.54163520227469,21.563054880521175,0.2285637145599726,1,8.105099212536231,0.129055024419929,0.25775950343928233,1,2,4
2025-04-09 02:00:00,29.39830443888743,29.37674545734215,132.7551557300261,1.689052825902115,0.0,8.659338875803043,17.930325894103124,0.18838928236362087,1,7.900958985263322,0.1878255562129238,0.16270236214390485,2,2,4
2025-04-09 03:00:00,46.94682596848646,36.913795123705526,164.21537260798647,1.679295550186866,0.0,9.913240805640452,21.361705897239467,0.2041149891036123,1,9.685962153647559,0.4949816418488086,0.3480662880616972,3,2,4
2025-04-09 04:00:00,35.30566121167971,21.044021214539008,176.61407211443895,1.8732275737130006,0.0,10.575981227897469,17.210058512930797,0.17308717276613989,1,4.226201226245202,0.2912234737939025,0.4211195548496034,4,2,4
2025-04-09 05:00:00,27.27327467668726,23.221251314446203,114.21290907686748,2.836599393704724,0.0,10.78157441163221,24.311082168934693,0.2078948460660394,1,5.346038720512526,0.15063063796774712,0.05345125150158172,5,2,4
2025-04-09 06:00:00,45.41448610234607,39.299681064475664,126.33587814704059,2.6667645005043488,0.0,11.019355007903691,19.4699043381485,1.6730247371449127,1,4.851735914434583,0.468160720533379,0.12487991168356281,6,2,4
2025-04-09 07:00:00,57.5755111054683,45.242958772915784,184.48930331480503,2.6939708508047766,0.09502637400916782,11.899717155082495,19.453839632348856,1.276153447258078,1,9.097297615961983,0.6810181302575415,0.4675204992065002,7,2,4
2025-04-09 08:00:00,35.536840869074766,45.27573634818384,156.2460050450765,2.9106749810433192,0.1851984300082631,12.408288622082864,26.202381121116787,1.3824516133247626,0,0.0,0.29526986815962386,0.30111069127502066,8,2,4
2025-04-09 09:00:00,41.4992637705598,39.96945440443594,229.5373535863013,2.543644702701746,0.26011461333730734,13.12465719974448,20.519255217173647,0.20673789977078713,0,0.0,0.3996316217259794,0.7329440811753982,9,2,4
2025-04-09 10:00:00,47.46122028538956,45.64281956833741,216.74130651162548,3.336461072241065,0.3241629214939014,14.376734568454477,24.326737518082126,0.1916780996925224,0,0.0,0.503985212012073,0.6575496383719076,10,2,4
2025-04-09 11:00:00,67.18371190272103,49.864516567752716,194.56784127936922,4.7089841771248455,0.35923989207569873,14.038530770033386,22.578492769099405,0.1793152877888811,0,0.0,0.8491928304401142,0.526903349994535,11,2,4
2025-04-09 12:00:00,72.88328213886459,51.46831408052621,205.54908057471442,3.613250041548627,0.3720197886494467,15.549241024014458,19.069844898817305,0.19516874328968764,0,0.0,0.9489538091976593,0.5916049264370649,12,2,4
2025-04-09 13:00:00,50.90671500012283,39.546947729960436,239.50402535584115,3.489320773132966,0.36005367082597156,16.262887309935984,16.9447359911809,0.17908277671805994,0,0.0,0.5642925528824457,0.7916678151757888,13,2,4
2025-04-09 14:00:00,52.21822627705692,35.8273299645345,180.50605128623576,2.8315654818913742,0.323748005829048,13.906560397061702,23.839076434408703,0.18018735833747837,0,0.0,0.5872482571228814,0.4440511367160952,14,2,4
2025-04-09 15:00:00,50.544133192083436,58.90378062649203,260.5510510184826,2.616519467349298,0.2657950109989715,14.25993505094237,23.356330723459298,0.2110633677293255,0,0.0,0.5579461943762709,0.9156771098622745,15,2,4
2025-04-09 16:00:00,44.06635814062708,42.744084028561566,161.49286321344383,2.9034049497338112,0.18622682893441073,13.909567119851516,17.16483896282168,0.19770652716716983,0,0.0,0.44456410545902925,0.33202523431823006,16,2,4
2025-04-09 17:00:00,62.5934544031992,46.99964136741115,258.16282981500586,3.7471020959217647,0.09690988682900245,13.169012235919276,17.943337694837258,0.21770722246435353,0,0.0,0.7688484251729371,0.9016056856265855,17,2,4
2025-04-09 18:00:00,35.61329611154981,31.128708704870636,166.76454803630944,3.0794334723713304,4.602174234943409e-17,12.007177929705035,23.22893234954291,0.2337444998970784,1,12.577333095167843,0.29660808306082603,0.36308605626864005,18,2,4
2025-04-09 19:00:00,37.698603510127384,29.846865428744383,213.39604469224867,2.533809364361187,0.0,11.908116783400699,25.47837369902621,0.24429653286288977,1,8.975297929111612,0.33310773101203855,0.6378393208471422,19,2,4
2025-04-09 20:00:00,51.70146017381946,34.20073594587196,138.59322363388443,1.586540447897742,0.0,10.93480829256386,24.10082028660941,0.16513513307802677,1,7.503858749676858,0.5782031730004383,0.19710031911386952,20,2,4
2025-04-09 21:00:00,29.163822936648938,23.535883309703067,163.83078924720343,1.640935359423067,0.0,8.604243409017208,22.547484192463774,0.2126190345186421,1,11.275305704842564,0.1837213688453375,0.3458003188894585,21,2,4
2025-04-09 22:00:00,35.07152670740116,23.324467385308655,170.42509458513098,1.8650228725610654,0.0,10.244971852960205,25.060044136381812,0.20823995382612612,1,7.974333365464877,0.2871253600168987,0.38465403470714016,22,2,4
2025-04-09 23:00:00,25.850470669333674,13.482008365682848,119.11410151798992,2.1909012400213146,0.0,9.97407016785559,18.62946127387375,0.23669452562076812,1,6.649399983045821,0.12572694971180753,0.08232912847519926,23,2,4
2025-04-10 00:00:00,36.99522373826389,25.30790853574799,141.23758634024827,1.4934268964052069,0.0,8.231934493834357,15.851348092585463,0.23958899051158325,1,12.483098367388958,0.32079630197930514,0.21268093175565936,0,3,4
2025-04-10 01:00:00,25.422876002258082,20.214534386024866,127.44835587819722,0.8147705008865245,0.0,9.146043716689386,19.23799007011572,0.2260502591515349,1,7.146827110075696,0.11824265515421814,0.1314346420766573,1,3,4
2025-04-10 02:00:00,30.26200286822467,29.50214994135906,139.8770528377035,1.6518851652273463,0.0,10.101797871716222,26.264302134013807,0.20954618290150762,1,8.15157113741863,0.20294308211261994,0.20466465417077537,2,3,4
2025-04-10 03:00:00,41.002147886318156,24.65167395024473,141.6864432999098,1.1619061929267236,0.0,9.69657161983735,25.43176531190078,0.1699262799785664,1,9.656751509919511,0.3909304802165058,0.2153256016427469,3,3,4
2025-04-10 04:00:00,41.24799672987118,18.998333285556964,166.08947204199688,1.8287912115108453,0.0,11.610843480544473,16.614402664694893,0.17766383973893374,1,5.705749633548155,0.3952336329531331,0.3591085014703356,4,3,4
2025-04-10 05:00:00,31.197675609360985,33.447109271438904,123.15558633303168,2.6216570956810314,0.0,13.635939393492096,21.50399936641222,0.21027670888029693,1,4.705811451193674,0.2193203920825155,0.10614159915076224,5,3,4
2025-04-10 06:00:00,60.92176965441257,32.86804002778975,126.61756808379732,3.121174768655287,0.0,11.273195549064068,16.974356041306986,1.2295078232204752,1,4.912009749744171,0.739588516126557,0.12653963172844726,6,3,4
2025-04-10 07:00:00,54.07111539899191,32.063195703180085,161.3252127103577,3.1874117472051133,0.09344636098233003,11.46525060200496,24.587588523651632,1.262973130057922,1,10.665073827267175,0.6196798308512392,0.33103743580575673,7,3,4
2025-04-10 08:00:00,54.12201423917891,32.33707012442971,214.8767927438879,3.133121407306078,0.17982872234849392,13.884312088759563,20.06789669151869,1.8085742022065174,0,0.0,0.6205707257616097,0.6465639038089099,8,3,4
2025-04-10 09:00:00,43.8842728806548,53.62935617907456,224.16602893130042,3.4817672040340106,0.2592934176963486,14.934030694813867,25.7517991269335,0.245631200866921,0,0.0,0.4413770223984566,0.7012961802949849,9,3,4
2025-04-10 10:00:00,47.97175772018918,53.09144286176533,205.9992909281409,2.9391385392574123,0.3147531119699864,14.469010960798293,16.516057685112287,0.15052347049271833,0,0.0,0.5129212742198858,0.5942575705343289,10,3,4
2025-04-10 11:00:00,43.3531498873319,42.72868754235751,248.77200702970674,4.738902356082032,0.35699759983796414,16.463491461347044,23.601513179080754,0.23624819278530845,0,0.0,0.4320806461000254,0.8462748598463992,11,3,4
2025-04-10 12:00:00,56.80023362510982,57.35261546275992,247.41064617796394,3.77447243887516,0.3688664676886215,13.784498628532397,19.943340580021975,0.24380135741651154,0,0.0,0.6674482579610687,0.8382537075114126,12,3,4
2025-04-10 13:00:00,62.5701835786048,40.62064072156334,194.3617042500208,4.013831930514161,0.35460701036503683,15.72445054699917,18.451964692657082,0.20257394715645294,0,0.0,0.768441110210256,0.5256887884679798,13,3,4
2025-04-10 14:00:00,40.825543889745624,49.941671154159074,183.71169084904133,2.955374207569716,0.31973560512039684,14.136618754808515,20.931034807958493,0.19489005088095632,0,0.0,0.38783933705647505,0.4629387984491366,14,3,4
2025-04-10 15:00:00,56.89977552497157,36.86840725924738,196.89975671754055,3.616359245447744,0.2615944742128703,15.995749429885356,20.496622551240804,0.2418799496321553,0,0.0,0.6691905643010486,0.5406430200738779,15,3,4
2025-04-10 16:00:00,38.06024665032379,50.05825196067028,185.35516822065924,3.3481309909467787,0.18489104854054697,15.65821324050325,19.01223512656021,0.15075331567367656,0,0.0,0.33943765978423956,0.47262218426118957,16,3,4
2025-04-10 17:00:00,59.821248103209754,38.62641714529199,221.06446839610447,3.505426711851051,0.09605442606967281,12.186144027911677,22.044084632820333,0.2340485836246718,0,0.0,0.720325816915388,0.6830217532779744,17,3,4
2025-04-10 18:00:00,37.628599454650036,34.26341831483047,208.489911277465,3.0387402864992588,4.552354544760601e-17,11.637430817889495,22.15349154162953,0.17965760660430494,1,13.398181008257884,0.3318824328225135,0.6089323316051874,18,3,4
2025-04-10 19:00:00,30.911981401757014,25.07258665732521,199.721675706604,3.0085992715921637,0.0,12.280762053763716,16.179101306088015,0.2141162206043203,1,13.121600964774343,0.214319816145194,0.5572697961849229,19,3,4
2025-04-10 20:00:00,44.49804404097046,42.91511821497379,152.0373182842304,2.153904307498322,0.0,10.32114287000222,21.5481875827228,0.18231980283578075,1,8.08151405686317,0.45212000987810114,0.2763130649911663,20,3,4
2025-04-10 21:00:00,41.30021063678165,30.11674734382143,194.40409083363733,1.2142721175615632,0.0,10.052183039931696,22.82191239633812,0.20229447410391563,1,9.896788248565061,0.3961475457995985,0.5259385306606633,21,3,4
2025-04-10 22:00:00,27.899671124816255,26.89954512532366,154.6900866834105,1.9227015290485525,0.0,9.656866750702068,16.34984275900589,0.2308317162239063,1,11.722893460389377,0.16159460896319539,0.2919432040626857,22,3,4
2025-04-10 23:00:00,21.524281115067154,19.7208199466886,149.6259902638759,2.2385788567943052,0.0,7.422742699521346,22.53116568029796,0.16812689576743722,1,6.393924905773529,0.05000459059647982,0.2621054951494715,23,3,4
2025-04-11 00:00:00,24.885652983629807,26.156501068897214,181.47791833702303,1.1248513164933438,0.0,9.236993229075551,24.191760997125247,0.21639186190254212,1,8.34375896017629,0.10883950861352347,0.4497773875141397,0,4,4
2025-04-11 01:00:00,36.17298880045633,24.380240361632723,125.97361378609212,0.7917983933091981,0.0,8.673962204859789,24.636299769867733,0.23983368355371912,1,10.26889354150231,0.306404521763288,0.12274544629109593,1,4,4
2025-04-11 02:00:00,35.30449180722878,21.39345093288318,132.58966028753977,1.5955856627874925,0.0,9.180903743225123,16.380003315204313,0.24010517085489838,1,9.14036574603477,0.2912030054203664,0.16172726127095888,2,4,4
2025-04-11 03:00:00,43.98150428755637,30.863051510650905,153.83564826171764,1.22267657497378,0.0,11.605048587168664,23.46133566863407,0.23941209370088476,1,7.198533920105885,0.44307888761225156,0.2869088439718324,3,4,4
2025-04-11 04:00:00,35.73730505697463,20.333168189857957,173.00720887744197,1.4336287222969113,0.0,9.53686300888522,24.61556401025529,0.20184634350954728,1,5.151534525308032,0.29877864211312427,0.3998678790441929,4,4,4
2025-04-11 05:00:00,29.869319193984328,27.050606967897586,123.40413297492766,2.4176559714425325,0.0,12.34074975066281,20.374686915282314,0.22677012532329965,1,5.75595033405381,0.19606984324350274,0.10760603855670285,5,4,4
2025-04-11 06:00:00,51.34046096662715,44.48746255757051,178.80366451417308,3.459778416503145,0.0,12.035669379632422,21.96053821544557,1.4601433089700602,1,5.286344715142916,0.5718845151458822,0.4340206561023037,6,4,4
2025-04-11 07:00:00,39.83686335416106,46.774643699795334,205.12730620903574,2.360441119807217,0.09334238794174408,12.821958696732018,18.959956230908816,1.470122540382782,1,9.442135737649467,0.37053421863140834,0.5891198274761463,7,4,4
2025-04-11 08:00:00,44.23693719878296,42.55512700850678,173.0632152084182,3.4356020897017228,0.18074856592366184,14.626261849674238,19.39946154994947,1.3378907037124295,0,0.0,0.44754979264106576,0.40019786893034903,8,4,4
2025-04-11 09:00:00,57.11662414105239,41.74191339378849,170.05420218506893,3.904651574383001,0.2546774263025082,14.80788861373194,21.37084495645306,0.17852274688158654,0,0.0,0.6729861189281777,0.38246873281824134,9,4,4
2025-04-11 10:00:00,54.85838620890669,49.852068263218584,217.7737146774937,4.288426304049349,0.31268130840883207,15.525831998968243,17.543344704607634,0.1537824321965064,0,0.0,0.633459625342812,0.6636325980513429,10,4,4
2025-04-11 11:00:00,45.06021579657412,43.3633976925045,181.83983899628126,3.7098289690395654,0.34478484151087474,16.23372953193189,19.761457886705816,0.20314716239068342,0,0.0,0.4619598402943002,0.4519098278126635,11,4,4
2025-04-11 12:00:00,46.56913333803114,64.66605766823321,202.22293296126554,3.539930841165889,0.3582388569387011,15.047082393363693,18.91507420037053,0.18087609144092145,0,0.0,0.48837079490375396,0.5720072300129532,12,4,4
2025-04-11 13:00:00,57.95411364039082,37.30413938683481,262.02701429630247,3.429719119195516,0.34583668705354825,14.674553681335036,18.13914780859963,0.16876864329597413,0,0.0,0.6876449034841339,0.924373500886802,13,4,4
2025-04-11 14:00:00,56.6099913380775,43.67560064594698,229.9365807850515,3.9251082922845426,0.31134879116117364,13.912559553148444,20.582845356975035,0.1621712818776215,0,0.0,0.6641184004509243,0.735296331993648,14,4,4
2025-04-11 15:00:00,43.6415479103672,53.30123189078606,174.36054867704067,3.021581762811571,0.25660249363949406,13.706163378795447,24.142687178671874,0.18469988299574538,0,0.0,0.4371285475834203,0.40784177125630144,15,4,4
2025-04-11 16:00:00,41.12678058378745,52.07575492349364,196.36406869965805,2.6425928273954904,0.18236447120257396,16.8699664474068,17.916541204645625,0.2399010562006553,0,0.0,0.39311195695415235,0.5374867406862622,16,4,4
2025-04-11 17:00:00,64.68498180458045,44.8074334097596,221.5379373332922,2.8539787363948204,0.09561230081999002,14.45262594958426,22.155631689801435,0.20164015754536818,0,0.0,0.8054569433620551,0.6858114371933045,17,4,4
2025-04-11 18:00:00,50.30904442014821,33.699447715766304,198.1497637154678,2.4313485786124462,4.525557634414672e-17,11.091030827869751,17.98047437337135,0.20569359734471018,1,13.150945200894425,0.55383137781792,0.5480080743409649,18,4,4
2025-04-11 19:00:00,47.35026560119265,28.60048709606471,205.61327768882475,3.0552623275272297,0.0,10.353804806199374,16.845343560124658,0.15543278801231067,1,8.664614930126024,0.5020431449026926,0.591983176502862,19,4,4
2025-04-11 20:00:00,42.48680129575311,35.532385593262525,203.52972759123065,2.0777346233557834,0.0,11.445199402316392,25.12588529436857,0.20198463415299012,1,10.965121020927029,0.4169167337592241,0.5797068776001991,20,4,4
2025-04-11 21:00:00,36.14930902898308,29.779378436508775,168.00294253588382,1.600866597904895,0.0,10.899889969476837,22.021868854224948,0.2167611740956643,1,12.05607164078149,0.30599004890287024,0.37038268957433484,21,4,4
2025-04-11 22:00:00,30.154522894439538,31.954221888970018,198.95613490415508,1.246343297656562,0.0,10.435364041937547,16.64768586011331,0.16507152198594893,1,11.821272092045117,0.20106183371363628,0.5527592217936954,22,4,4
2025-04-11 23:00:00,26.41387264517786,14.588296228534867,183.17200337379066,2.1423255383015576,0.0,9.342432769663178,22.254769752187535,0.24835537959817122,1,7.810981708831271,0.13558831297525606,0.45975895421700075,23,4,4
2025-04-12 00:00:00,26.650040665685417,25.195082046003606,113.37327772204019,1.4304584373860572,0.0,9.380320122528886,17.60164366462103,0.24151144877879657,1,12.681376222591041,0.13972201988664018,0.048504134803111214,0,5,4
2025-04-12 01:00:00,23.846173490858256,25.678339618214583,124.85397327123728,0.9829908451729077,0.0,9.94648347915129,25.22636488258,0.24931022618236406,1,7.629396128802605,0.09064524355478606,0.11614851270175679,1,5,4
2025-04-12 02:00:00,26.52525865517661,19.680258191891408,126.03804586168489,1.5155211885120146,0.0,10.01480398554916,18.56687742736532,0.18603169804885009,1,8.118871627461202,0.13753792968616296,0.12312508075239795,2,5,4
2025-04-12 03:00:00,43.46017004595172,31.902311385773174,119.04814101075718,1.6765508527148099,0.0,8.196970931018651,24.629165874265787,0.23222991561214587,1,7.621848732448183,0.43395384624115124,0.08194048847873578,3,5,4
2025-04-12 04:00:00,33.124169121015356,29.11833294362497,131.69643880017605,1.6721810635687426,0.0,10.818395167978014,18.20943651374169,0.18287357165715543,1,4.350952827558158,0.25304028153557345,0.15646439095273612,4,5,4
2025-04-12 05:00:00,38.46786245006542,33.65148522895579,146.0127825218625,1.9488293077671255,0.0,10.930933069268711,22.109087393232002,0.22491295736618666,1,5.41319135018338,0.3465722593162173,0.24081643745434264,5,5,4
2025-04-12 06:00:00,58.30926712339809,40.70207207218757,124.12407831939662,2.489109874610815,0.0,12.744608581630622,25.932533285660007,1.835872336983757,1,6.470260234239248,0.6938612421914413,0.11184796403403462,6,5,4
2025-04-12 07:00:00,54.705655616775005,32.5496800077347,138.03349538769936,2.4213865738557483,0.1006339479012595,16.341712502666873,19.291728869636092,1.2412654622198978,1,9.405532794039644,0.6307863442486246,0.19380239445039937,7,5,4
2025-04-12 08:00:00,45.64430339606573,30.92574778823045,143.66212909141356,2.763167004309658,0.1963178758764914,14.458075904959065,16.94705456866908,1.230239904203514,0,0.0,0.4721832691128306,0.226966362929097,8,5,4
2025-04-12 09:00:00,68.584125428714,48.156298848703095,147.17284999551433,3.4988748668317613,0.2730642267032106,14.408981438844119,21.91506611008888,0.16044044937564517,0,0.0,0.873704612597376,0.24765156710649328,9,5,4
2025-04-12 10:00:00,52.123967714753455,37.439731257237256,198.14970203016185,3.1723422188822474,0.3369056295294794,16.13166369855151,17.768512340050307,0.22983507642811443,0,0.0,0.5855984263387914,0.548007710890499,10,5,4
2025-04-12 11:00:00,44.875898851303084,38.300213648315676,190.97616940055318,3.9327824163036182,0.37672245196947296,16.002845211402164,23.541803843441745,0.2166633605100297,0,0.0,0.45873369549741094,0.5057411818299449,11,5,4
2025-04-12 12:00:00,75.65044979832479,60.10608850549015,261.37343407753565,3.4832972351816793,0.3889277365218254,16.053066846773266,21.953622110134393,0.2022315158633673,0,0.0,0.9973882248915623,0.9205225994221747,12,5,4
2025-04-12 13:00:00,38.400664853213485,45.54717489913933,175.2114040805578,3.663627219230283,0.3771381914092678,16.148191584841342,19.267469384359753,0.22739126539637217,0,0.0,0.3453960832618207,0.4128550201666989,13,5,4
2025-04-12 14:00:00,52.13294435509451,48.654836077237,266.86388693092397,2.701509463595615,0.339429501040844,17.308773085371083,22.883652070985033,0.23499231777848664,0,0.0,0.5857555466810762,0.9528724048897773,14,5,4
2025-04-12 15:00:00,49.91198879763187,38.03649707051161,173.43881329458878,3.0404666895773373,0.27366773838024533,13.655173648396161,17.947212510359368,0.24495284295795905,0,0.0,0.5468816156635338,0.4024108967708711,15,5,4
2025-04-12 16:00:00,50.63221331681224,36.748630172058505,227.43548236040098,3.116725885991164,0.19628470557800673,14.648960877045628,24.85558013442105,0.17012510496157085,0,0.0,0.559487882448875,0.720559833993699,16,5,4
2025-04-12 17:00:00,55.658577640436604,53.9411068754655,182.0123698287538,2.873254515954379,0.10163564914271095,12.535990489282652,18.94633513168968,0.19416766263583116,0,0.0,0.6474655726503127,0.4529263812767746,17,5,4
2025-04-12 18:00:00,38.57980993438675,40.23113402586225,232.68056464938746,2.584945744762885,4.911215543199151e-17,13.252011432225764,23.19542317834046,0.24230133417659938,1,10.555441726557197,0.34853170365019887,0.7514639135370772,18,5,4
2025-04-12 19:00:00,39.0170489194593,34.17124647272001,148.61552290731947,2.0521988896989263,0.0,11.011938053776323,18.039803296781553,0.19613237084975724,1,9.622016707691403,0.35618480507619454,0.2561518109473041,19,5,4
2025-04-12 20:00:00,54.64852112841484,48.50950284284269,220.7257340192663,2.4108504158623876,0.0,10.80029640896678,22.776142376169556,0.19876550240157556,1,10.46922128452172,0.6297863052556009,0.6810259267972603,20,5,4
2025-04-12 21:00:00,32.124969308759916,32.689773439900144,131.2439554075978,1.7749297077011148,0.0,10.311833088647486,15.810320156507757,0.24424452306970124,1,13.6986819681977,0.23555104162537202,0.1537983540850862,21,5,4
2025-04-12 22:00:00,32.70667353269876,26.539189432714053,139.2890614641067,1.6952016118954218,0.0,11.116562574737642,18.628497881190686,0.22346762954955773,1,9.457293797700325,0.24573275363578534,0.20120020286586232,22,5,4
2025-04-12 23:00:00,22.002135978992435,16.24530698573863,148.99885855995925,1.6249128290559405,0.0,10.7700763431088,16.622280202077448,0.20520481591867035,1,6.584401527033488,0.05836860173313261,0.2584104286101514,23,5,4
2025-04-13 00:00:00,38.283066783399626,25.302107391070994,163.96914094746788,1.4914839906178168,0.0,8.514257898418819,20.487815485441757,0.18572861986524003,1,12.936485520544846,0.3433377353410893,0.34661548855017327,0,6,4
2025-04-13 01:00:00,32.605644845174204,22.903835394658667,173.24828303848875,0.8531943197980112,0.0,9.927706383932945,20.443844634534805,0.24153494688670138,1,7.008717613044956,0.2439644236859014,0.4012882905150456,1,6,4
2025-04-13 02:00:00,40.01341263798893,22.573019489968537,134.9629701906063,1.473279508809949,0.0,9.473466737296167,19.751961829078894,0.15089385032948086,1,9.347887013872663,0.37362440414082115,0.17571082796913323,2,6,4
2025-04-13 03:00:00,33.08766996543558,36.33552200470655,159.5500260923749,1.3725586833988974,0.0,9.411869169986128,26.490874203709023,0.18210061980830644,1,7.321345441225353,0.2524014278442246,0.32057801774063394,3,6,4
2025-04-13 04:00:00,26.139228155318076,19.608386142725312,161.86904288993114,1.4156184282122846,0.0,11.085247558404506,18.690557424896824,0.24460731579518616,1,6.450847530708644,0.13078114296355403,0.3342416888949632,4,6,4
2025-04-13 05:00:00,29.4155468830322,31.954376959245725,157.11444915932458,2.0376072587694254,0.0,11.727893428019954,24.609283185674126,0.19982037968748034,1,4.629432617733328,0.18812735495086136,0.30622757305246323,5,6,4
2025-04-13 06:00:00,40.706392242522085,30.955617058631905,175.2735340880656,3.0242533279004102,0.0,15.250117133994067,20.935056768104364,1.5928909748119489,1,5.092783965494737,0.3857537964884836,0.4132210908188378,6,6,4
2025-04-13 07:00:00,49.64500546778416,42.64603795384566,130.46438247165224,3.68616724284646,0.10571135256410237,14.043383451655682,19.708582734739547,1.524461697905446,1,8.296525026210611,0.5422085408185824,0.1492051022169669,7,6,4
2025-04-13 08:00:00,57.491840035207034,45.4829388001865,174.74196608077622,2.684398662378989,0.20113503388777382,12.966913375609701,18.255211748392647,1.4230205285492297,0,0.0,0.6795536149489975,0.4100890865766012,8,6,4
2025-04-13 09:00:00,51.27158400766303,36.61241551449638,217.55994810688276,2.640261321014616,0.28766622007797493,14.411640137732203,22.777876988092952,0.21652824394537334,0,0.0,0.5706789448036605,0.6623730831881066,9,6,4
2025-04-13 10:00:00,65.50635450224499,46.52104760154874,197.4221145002731,2.7522557009852506,0.3538840223849593,16.485114758274822,19.482830119269543,0.2266474726855226,0,0.0,0.8198336315769165,0.5437207575769797,10,6,4
2025-04-13 11:00:00,42.8094604286422,38.53180651261,247.18183631410997,3.765854711827726,0.3948145989284848,17.862435482113032,24.435303832288525,0.18644263818338602,0,0.0,0.42256431586952997,0.8369055574075144,11,6,4
2025-04-13 12:00:00,73.65399237432646,63.35193180316796,250.44720257759616,3.0807186424422537,0.40793104538862857,14.30079041732449,25.918880911225855,0.20905214487053608,0,0.0,0.9624437398841101,0.8561451294838067,12,6,4
2025-04-13 13:00:00,42.39328803962026,47.199593227454606,258.36841390719013,3.283710483750933,0.4001927352862838,13.9151838373479,18.023127795009827,0.15827581449309983,0,0.0,0.41527994825222936,0.9028169892416034,13,6,4
2025-04-13 14:00:00,61.35442357515805,50.54772983063295,179.29963541910192,2.793055012628322,0.35882445656353174,17.376927653841793,16.897455253004086,0.2047597914758865,0,0.0,0.7471613640446594,0.436942921846219,14,6,4
2025-04-13 15:00:00,42.93549265015246,56.2583497255263,190.66692034917088,3.235039459824327,0.2912124357453403,15.429374815553217,18.74199567547752,0.22477496315366796,0,0.0,0.4247702888204588,0.5039190831942951,15,6,4
2025-04-13 16:00:00,61.86949975273484,48.400034272265756,164.15715651231397,3.575336879958778,0.20374859943389462,13.560700088831776,20.22878136349426,0.20852438399176224,0,0.0,0.7561768689828919,0.3477232782189069,16,6,4
2025-04-13 17:00:00,45.98213273298228,38.956832723146675,258.5641700236701,3.880740461343356,0.10597728227845336,14.250630061374629,18.47525147751339,0.23784476300163263,0,0.0,0.4780963790329587,0.9039703863212837,17,6,4
2025-04-13 18:00:00,39.96812241923624,32.64919583944681,173.6138139416762,2.7259205587412896,5.047067250369834e-17,10.314345607886914,25.322284762061685,0.1786193187205949,1,11.912810738034231,0.3728316783099752,0.40344200240844863,18,6,4
2025-04-13 19:00:00,37.76666463801214,29.590775367064428,177.70318638236134,2.073249120050512,0.0,12.187559707447564,23.381232284875065,0.19917560699085501,1,11.96743352035462,0.3342990216623525,0.4275366274736833,19,6,4
2025-04-13 20:00:00,45.55666256907475,40.699476007741616,159.74338025055926,2.2611533567577973,0.0,11.799008975124385,25.36054256591335,0.15874799528077538,1,8.22444918411749,0.47064927017650793,0.32171726245698834,20,6,4
2025-04-13 21:00:00,39.41770830843075,31.552639521000415,130.61086775369154,1.2255904175921473,0.0,11.784682535825882,19.337874382657006,0.2200020912562063,1,12.38588621948483,0.363197644840625,0.1500681950263175,21,6,4
2025-04-13 22:00:00,42.97632291913454,22.683960569849464,140.90064076880867,1.6151661063928018,0.0,9.38030397978615,18.72350168285725,0.1942891511605001,1,10.154031877998936,0.4254849510542454,0.2106956449350077,22,6,4
2025-04-13 23:00:00,26.210136345883473,14.608090835667978,121.23571009392522,1.4211840114397254,0.0,10.190727690146643,19.903891103706027,0.2030365474483635,1,6.854769520645282,0.1320222664517553,0.09482966832912922,23,6,4
2025-04-14 00:00:00,36.648603848516764,24.237707367609136,137.67553227924776,1.0855146654512184,0.0,9.08793370089994,21.23975062993666,0.16283946631401097,1,9.22566065903231,0.31472932885232735,0.19169327208249828,0,0,4
2025-04-14 01:00:00,23.271167664111296,17.75515084059578,174.35878815402478,0.7974547508872212,0.0,10.381503372863753,23.68136892703862,0.24973518258794983,1,6.923667815587686,0.08058077523684125,0.40783139823633274,1,0,4
2025-04-14 02:00:00,35.90636161738525,26.981385063393287,153.87836604446724,1.2502779461946034,0.0,9.541011775763627,25.299207422898366,0.22719200266050016,1,6.620593208013226,0.30173768064290635,0.28716053759326193,2,0,4
2025-04-14 03:00:00,38.71042228123326,33.21057811629666,155.98702170404582,1.3874722370853643,0.0,10.515548779088926,20.960433142121875,0.19006297733009594,1,9.205589502176887,0.3508178436606505,0.2995847587289427,3,0,4
2025-04-14 04:00:00,39.630983949134446,27.590269929972628,141.95583447040084,1.5601796940961021,0.0,10.559688652832603,19.17374524095578,0.20699597173854625,1,4.393397210344343,0.36693066080151604,0.21691285722854015,4,0,4
2025-04-14 05:00:00,34.298708115937906,21.917521222436143,175.33058617520683,2.6925842992840248,0.0,12.940715668018465,19.53710675078918,0.21187171385551995,1,5.362342272939458,0.2735985262571366,0.4135572423112235,5,0,4
2025-04-14 06:00:00,53.411641225801006,49.80176737513842,192.66273335340472,2.5742739784738355,0.0,13.935018614685768,23.617193777417235,1.8455745231240823,1,5.921716247102127,0.6081368923037599,0.515678434227941,6,0,4
2025-04-14 07:00:00,42.19907185678202,32.017207051531216,208.79758010660953,3.081160769922958,0.10433429777445438,13.62893341713581,22.20863628250667,1.701291457587149,1,9.219361144051103,0.41188053466703833,0.6107451195549334,7,0,4
2025-04-14 08:00:00,40.93612454807419,35.159313802945185,143.90912004717768,3.236429101177929,0.20116628508125964,14.635862612314472,21.288276970734948,1.3872501143251665,0,0.0,0.3897748574991489,0.22842163621612568,8,0,4
2025-04-14 09:00:00,51.79298648144417,50.300619252586515,226.4859045782193,2.7753736275596967,0.2928956472367712,13.780879718246048,18.180138601632652,0.2477705708355277,0,0.0,0.579805180459317,0.7149649117987151,9,0,4
2025-04-14 10:00:00,48.06883389626723,35.62484059220763,172.50828835758608,4.193310790052092,0.35709971788195305,15.417074925612877,25.239216679675845,0.18017963078337915,0,0.0,0.5146204223904219,0.3969282341383683,10,0,4
2025-04-14 11:00:00,48.811967212661905,36.76608079217383,197.58542702154529,4.6073636435415075,0.3971795454590279,15.976771192604948,24.09830758234856,0.20769460651385185,0,0.0,0.5276276674842266,0.544682996655368,11,0,4
2025-04-14 12:00:00,47.03143697256623,41.709185720889586,198.05755017859147,4.4254778811346585,0.40574152211004155,18.7605127804757,17.22670531826191,0.22006676785452026,0,0.0,0.49646260905000733,0.5474647512200701,12,0,4
2025-04-14 13:00:00,58.925263469277375,42.12343808473958,237.7819892329518,3.5026036295152503,0.39158094978834385,14.936049885945117,19.486749849158535,0.1771125792391698,0,0.0,0.7046431776409408,0.7815215603820193,13,0,4
2025-04-14 14:00:00,39.783549795835,49.75871133361234,230.7716994257171,2.9998948484812007,0.35207913698164506,17.223011005692644,21.187120471503498,0.24563610946762987,0,0.0,0.36960105831592915,0.7402168597332184,14,0,4
2025-04-14 15:00:00,65.86615334289131,48.68899035957317,175.9049578440449,3.291630309999971,0.2842538926576886,16.289453169263954,20.175074015876955,0.1716109902263728,0,0.0,0.8261312791207764,0.41694144617366935,15,0,4
2025-04-14 16:00:00,41.07749842030018,45.52224402403936,244.99368444617775,2.605039934465945,0.2002640159040132,14.962425321886931,19.51597145486043,0.19417732239005994,0,0.0,0.39224935913342507,0.824012943783213,16,0,4
2025-04-14 17:00:00,42.31781891210826,42.6819625415449,201.9988144963575,2.4770404940562942,0.10414195396897039,15.72737976515534,22.761928165873634,0.16798733016468775,0,0.0,0.41395899356360544,0.570686721680567,17,0,4
2025-04-14 18:00:00,45.73904912845788,27.50935121387982,150.22218433296467,2.2739178920555885,4.908748945806565e-17,13.574919204204022,15.933660918437834,0.2374987538772917,1,10.693135868225587,0.4738416269547258,0.2656182768217625,18,0,4
2025-04-14 19:00:00,37.98480044452685,22.548335126292784,182.21549216496638,2.7762780411224144,0.0,12.826025730182543,20.22374952062863,0.1721601220083062,1,11.58179867628956,0.3381171063000283,0.45412318019993564,19,0,4
2025-04-14 20:00:00,48.23363331222217,46.5331580957079,181.46984181724721,1.6233169454465486,0.0,11.670711301903891,18.121384221600515,0.15347414332014744,1,9.812824385093577,0.51750494707442,0.4497298005753972,20,0,4
2025-04-14 21:00:00,37.72602135963477,22.15658503565261,133.0776287105184,1.5567452467180187,0.0,12.336587120347213,16.358369443516878,0.15389404025303943,1,9.44369587263503,0.33358763237108113,0.16460237630777227,21,0,4
2025-04-14 22:00:00,31.033166614265262,32.83523402492851,132.0908207532961,1.3883433885171592,0.0,11.74323656657542,20.385704264280765,0.19137533753659522,1,11.587035140631965,0.21644095070619976,0.158788093533206,22,0,4
2025-04-14 23:00:00,26.913445882536344,14.93236765756017,189.15705959739245,1.938981608044823,0.0,9.731892071042196,17.441225744081688,0.20227776086213015,1,5.516368821682578,0.14433246614033382,0.4950229678997147,23,0,4
2025-04-15 00:00:00,33.03431361003285,26.58523297513769,172.33727707225714,1.3729023987906366,0.0,8.946601261349208,18.461354959847192,0.1541638631724138,1,11.872631653147755,0.25146751844099324,0.39592063386187343,0,1,4
2025-04-15 01:00:00,26.88695319614175,26.227824643118083,115.44600499853826,0.6557329751117595,0.0,10.1755902780796,21.20345468057685,0.15928653464348186,1,10.003703558544089,0.14386875813865305,0.06071666553101397,1,1,4
2025-04-15 02:00:00,39.25918145341826,22.90481886711734,145.62165797873794,1.3611286878848419,0.0,9.888731871436132,26.283157911786226,0.15974629544933996,1,8.56570773985705,0.3604229103325541,0.23851192756753503,2,1,4
2025-04-15 03:00:00,44.136466056249084,35.751451915076245,132.8277040563038,1.3206947440179369,0.0,11.112498290905956,23.3208029532252,0.21685012848318436,1,6.210893514857402,0.4457912215381943,0.16312981763888007,3,1,4
2025-04-15 04:00:00,31.455359210955493,22.785889399066164,148.53801452949438,1.4123362732472662,0.0,13.045276209308437,19.071328302229748,0.17998150205072086,1,5.792431816331315,0.22383069149804322,0.2556951307768872,4,1,4
2025-04-15 05:00:00,42.643673262258204,25.30312705847312,149.48059146229994,2.335363172728718,0.0,12.084572448023057,20.219829707477807,0.20625726533508773,1,5.660897683052933,0.4196625023469901,0.26124880389434085,5,1,4
2025-04-15 06:00:00,59.31300077208424,34.38671437773004,123.85191400205478,3.447945773984708,0.0,13.285999313751004,20.490931387450505,1.1802719783060065,1,4.161698618547238,0.7114298389550745,0.11024436903807765,6,1,4
2025-04-15 07:00:00,49.73739578939961,49.539719454629676,153.99052096216334,3.334211469136137,0.10611061319124968,14.17379230927767,17.76251786704386,1.7940866702105263,1,8.656583878990247,0.5438256713267097,0.28782135553789917,7,1,4
2025-04-15 08:00:00,39.90258217401189,33.848519533941186,146.2968523825314,3.3267410729545324,0.20512902397504634,15.698231347523903,17.79641116164003,1.3533249513173025,0,0.0,0.3716845112884816,0.24249018003573583,8,1,4
2025-04-15 09:00:00,66.69132485373531,41.15091211264129,189.30278475388877,4.038906307099226,0.2882214407042059,13.23471777771293,17.599542368379836,0.22782007235370308,0,0.0,0.8405744588964396,0.49588158204143945,9,1,4
2025-04-15 10:00:00,45.01577330349838,57.616319053470974,240.73167199795432,3.7125145183516977,0.3528795053456684,15.362147258812247,21.48018146345474,0.23267030708436717,0,0.0,0.4611819524143429,0.7989011219932413,10,1,4
2025-04-15 11:00:00,43.09395954938825,42.43096022064843,259.89011245440275,3.4342305279513234,0.3922341912128789,16.49031535333071,22.969634102478228,0.24879086373459114,0,0.0,0.42754397390783344,0.9117828529503287,11,1,4
2025-04-15 12:00:00,55.46304171254371,50.864655573715694,262.31848117510015,4.316948689690758,0.4063396692164495,17.591814239051185,21.95256718841368,0.2241038903865753,0,0.0,0.6440430592430461,0.9260908267761474,12,1,4
2025-04-15 13:00:00,56.15696355289344,50.39116346978584,271.732722234646,3.961924074757362,0.39144289473575844,15.808089669513809,25.856232113028813,0.19428055480923226,0,0.0,0.6561889437758006,0.9815596332724056,13,1,4
2025-04-15 14:00:00,61.629067912804494,38.821734425370195,166.67709473583906,3.9433180271767942,0.35340615665545605,14.134215748689904,16.86844868717314,0.16526278163932406,0,0.0,0.7519685313921338,0.36257078051028974,14,1,4
2025-04-15 15:00:00,58.966581878889876,44.20522646767561,243.7198363563868,3.215433721879542,0.2911837791133796,16.164199882436737,25.668430537693062,0.15478722288841174,0,0.0,0.7053663839201632,0.8165074175542455,15,1,4
2025-04-15 16:00:00,61.96095882275165,50.37280329685058,190.27376710033377,3.8037668760963843,0.2052717515448237,14.298279792534958,20.22427890889597,0.23862598172467037,0,0.0,0.7577776995653931,0.5016026201522735,16,1,4
2025-04-15 17:00:00,43.050730252854656,41.89419010815705,246.3605083268407,3.845882024912117,0.10553933073140696,13.030904979556574,17.63062632275467,0.19466633918877002,0,0.0,0.4267873209051485,0.8320662843415665,17,1,4
2025-04-15 18:00:00,34.60359993415811,31.404515893324167,231.37334906240423,2.799658316759675,5.035866750503335e-17,12.830239663745898,25.04362846655901,0.22499636801553957,1,9.552321384574284,0.27893512269171195,0.7437617856666906,18,1,4
2025-04-15 19:00:00,39.91492369084443,28.499454458553963,183.08838416582634,2.5684859428945512,0.0,12.504071333370408,20.195056146956954,0.1996330480660779,1,13.103429487600827,0.37190052789105976,0.4592662689716787,19,1,4
2025-04-15 20:00:00,59.736684098539264,42.876664973250506,177.5934607592842,1.9802925327960883,0.0,11.370776152039127,18.99718068150643,0.2379664477158001,1,11.557116909828299,0.718845672356402,0.4268901229582741,20,1,4
2025-04-15 21:00:00,36.420607022797704,21.336318089277064,149.72146340358722,1.6936676549547436,0.0,9.159099618145861,17.692044403569618,0.2249665342475059,1,10.859824702949307,0.31073864437174853,0.26266802388426186,21,1,4
2025-04-15 22:00:00,26.942868147699556,24.614262301695547,143.10432289762414,1.782586660741158,0.0,11.795439413165768,18.341707805326447,0.158545775934711,1,8.116061226761833,0.14484745127927162,0.22367976301838555,22,1,4
2025-04-15 23:00:00,21.41701875370406,16.5635863578657,188.2165929011472,1.681934116821365,0.0,11.884008600088192,25.871387550826665,0.2252146905641574,1,5.910742566350577,0.04812715112120668,0.48948172831808046,23,1,4
2025-04-16 00:00:00,28.784444747333445,21.330666581776846,173.6206142304715,1.4019152906636134,0.0,11.16889283489565,18.941721119000132,0.1766814148741585,1,12.45062107920214,0.17708101914925461,0.40348206978094514,0,2,4
2025-04-16 01:00:00,26.93258185802275,23.07198767753476,119.58380879308785,0.8667816537648627,0.0,9.49236569059754,26.17728804026006,0.22730562115461425,1,7.5602622107054875,0.14466740782276075,0.08509664863826896,1,2,4
2025-04-16 02:00:00,26.047963874847017,22.015590734498705,124.2867274505453,1.190596355257418,0.0,10.738717275995693,19.446034232753426,0.2448515001250784,1,9.187249459095428,0.1291837218303501,0.1128062944108973,2,2,4
2025-04-16 03:00:00,47.646657931941064,33.70819606920145,113.7016265374651,1.342086606904864,0.0,11.420897723608672,18.485968323202222,0.24301322089969732,1,6.7296759042035355,0.5072309727189349,0.05043876944767585,3,2,4
2025-04-16 04:00:00,33.48116900795802,24.675383558025224,180.88986397222666,1.4849898809263902,0.0,12.657986307377168,18.039782957022855,0.16250002324639884,1,6.019773266970079,0.2592889383047952,0.4463125650644219,4,2,4
2025-04-16 05:00:00,39.43421454386568,24.072959791270055,182.60579836676519,2.827608954824548,0.0,13.461525975581566,20.536149716064784,0.15546722392065473,1,6.882971555255003,0.3634865575365593,0.4564228684111181,5,2,4
2025-04-16 06:00:00,38.40653107181858,35.69529715839628,164.1678389589918,2.5725991417671428,0.0,12.845917691310786,18.670669321751543,1.7077362299374563,1,5.5204669539422175,0.345498761127941,0.3477862193061312,6,2,4
2025-04-16 07:00:00,37.94930348334771,35.658500251641435,186.00912937173138,3.159712676653668,0.10830163103414414,14.448991207914895,23.59836839968792,1.6574712841982242,1,10.039952139507943,0.3374957942636062,0.47647533018293214,7,2,4
2025-04-16 08:00:00,48.5467989037582,29.981781177891175,202.3152245631589,3.320452790853746,0.2088839563059924,15.558264099725545,18.64427485122461,1.2571293577651383,0,0.0,0.5229863613969775,0.5725510130937423,8,2,4
2025-04-16 09:00:00,65.90464884451488,48.90566636738531,162.16258636994442,2.8645742565939303,0.29718266115202724,17.188569687171924,24.934510608942542,0.2184567333370993,0,0.0,0.8268050753476177,0.33597125014032614,9,2,4
2025-04-16 10:00:00,54.04840923754925,50.095879317927675,243.46663373311577,2.954108975217353,0.3645378416599459,16.924451241064414,24.798869621436776,0.1515487865894024,0,0.0,0.6192823993264934,0.8150155450574897,10,2,4
2025-04-16 11:00:00,66.1767671075227,38.685260087831054,211.0693145668051,4.837682961430562,0.40499480988845227,17.31914226124377,18.863558985288815,0.21311620848425217,0,0.0,0.8315680281898011,0.6241302026844648,11,2,4
2025-04-16 12:00:00,70.13708155103251,55.960127240754524,170.90270809045757,3.920199341828499,0.4204031310976491,16.726572459368395,23.662171370111714,0.23323055559011371,0,0.0,0.900886385312022,0.38746813846116474,12,2,4
2025-04-16 13:00:00,39.73798878177106,50.22986033968579,207.38625641523737,3.021558920815691,0.4040446154662421,17.96141831790116,24.601687254682666,0.21418390009055488,0,0.0,0.3688035926881908,0.602429585647829,13,2,4
2025-04-16 14:00:00,43.28443627747262,32.697271018143375,231.18112117942235,3.7200402203806577,0.3577923491152078,16.67145468411937,21.685128255847896,0.1565396420739359,0,0.0,0.43087793489733583,0.7426291769755742,14,2,4
2025-04-16 15:00:00,59.53009745484395,47.14771081472613,202.54788267570376,3.418872508555088,0.29265514216625926,14.9342802083853,19.266566238155026,0.24909723706649284,0,0.0,0.7152297355542572,0.5739218371190578,15,2,4
2025-04-16 16:00:00,49.11465695207602,48.32396598591138,236.01973654863093,3.908085576477978,0.20478311010106143,16.587847953167167,19.959923737581832,0.185609147913322,0,0.0,0.5329257203922033,0.77113834918891,16,2,4
2025-04-16 17:00:00,48.41267670802516,35.74574628764378,248.07177212215086,2.8574418959674364,0.10693193054030516,15.169266703415275,23.453321206479053,0.18804781915554206,0,0.0,0.5206387876387686,0.8421490684689034,17,2,4
2025-04-16 18:00:00,42.538189796503154,41.26695674932233,227.1892124382132,2.4146769728577575,5.0689522002292085e-17,13.262288686085554,18.381504005967344,0.15847513373080374,1,12.833405462017753,0.4178161993187846,0.7191088090440211,18,2,4
2025-04-16 19:00:00,36.89896039042898,36.74310564372464,203.9304358636142,2.731647018227582,0.0,12.45980710990792,18.818865874417913,0.16671176816619362,1,12.362268540879656,0.31911138094129615,0.5820678549197416,19,2,4
2025-04-16 20:00:00,58.39075675262498,30.949649720633808,181.09417332704987,1.8986942214525508,0.0,12.522755351548168,17.078665174355788,0.17711757935154107,1,7.711395488540889,0.695287575201378,0.44751635791361527,20,2,4
2025-04-16 21:00:00,29.159785621269386,32.10630803927885,148.81994243973486,1.1444594243498003,0.0,12.078464934937744,19.604342023636754,0.2299202369529979,1,12.095303537529992,0.18365070272190542,0.25735625296401954,21,2,4
2025-04-16 22:00:00,30.905949260416904,24.675544805696767,156.39569319979466,1.283948819567581,0.0,11.346235291999147,16.460094497088416,0.21917488078194305,1,12.861972467980763,0.21421423409266008,0.3019926554435954,22,2,4
2025-04-16 23:00:00,25.353294733679547,14.750188706103101,136.00957846272516,1.8898138124622879,0.0,11.170967259097532,19.00303203160677,0.20836488297641262,1,5.522237633133542,0.11702475710770104,0.18187745482267845,23,2,4
2025-04-17 00:00:00,36.26589055108494,24.36708660540243,176.90358266949536,1.3155106431489916,0.0,12.467808332848668,19.6715334999525,0.23638932145488392,1,10.838677747939542,0.3080306039391381,0.4228253540590644,0,3,4
2025-04-17 01:00:00,31.22308164487061,16.83065220811805,170.15232375985482,0.6111669929238075,0.0,11.9520295869823,18.54611874864124,0.24978051900130605,1,7.503464292779451,0.21976508016666554,0.3830468661601094,1,3,4
2025-04-17 02:00:00,41.202178295376925,24.870393145180962,115.90784683125057,1.7658736764645337,0.0,11.381234305103417,17.01443001580925,0.18847744582159667,1,9.847194517902189,0.39443166163233073,0.06343784242552533,2,3,4
2025-04-17 03:00:00,45.481485790920516,24.31006280326866,164.1662427812253,1.4719778528365872,0.0,12.619074224855598,21.584889701025826,0.18912234279913878,1,8.315136382167061,0.4693334325505504,0.34777681461008564,3,3,4
2025-04-17 04:00:00,34.17075285002638,27.43642734480119,160.10672091280534,1.5389137712540004,0.0,11.276967192099779,25.34540737618756,0.22360893755328096,1,4.99172592900033,0.27135889378738176,0.32385806942792467,4,3,4
2025-04-17 05:00:00,31.146623999973606,27.868970767798203,187.76427500083793,2.6262520011790107,0.0,13.441366158415791,19.717543997870067,0.21443488277075154,1,4.3998464085657485,0.21842682321528126,0.486816666532605,5,3,4
2025-04-17 06:00:00,47.80985863308445,39.582405103790386,157.06452548801428,2.7462434625533954,0.0,15.639605776475879,18.67061689276649,1.135045085925298,1,6.380930510148609,0.5100875147046334,0.30593342226048986,6,3,4
2025-04-17 07:00:00,53.55929476563121,36.20474253351115,188.4928724500792,3.390977728425953,0.10842153809754954,14.399111879088833,19.173954914595353,1.6165704785508783,1,9.444185435544865,0.6107213085036107,0.491109570301481,7,3,4
2025-04-17 08:00:00,54.39843407471278,35.849246640827616,181.6095528115539,2.1549716756647124,0.20772261278544119,14.503465947098444,25.311178978665062,1.6647062924723919,0,0.0,0.6254089700850127,0.45055297921078374,8,3,4
2025-04-17 09:00:00,67.90446237391913,38.813416912908956,149.36985946105875,2.457158154658215,0.29606741297692496,15.330728585992274,21.650448815270178,0.24859365920753632,0,0.0,0.8618083030928971,0.26059636978829437,9,3,4
2025-04-17 10:00:00,56.09927654311074,51.53921916962246,154.6764749736768,3.7475893809103527,0.3620584275306074,15.380335573759396,17.327147482251984,0.20867710026453948,0,0.0,0.6551792338645124,0.2918630037269893,10,3,4
2025-04-17 11:00:00,56.41092159705845,39.452122362859086,168.93014988119256,4.904571147069154,0.40013507382517804,15.995301247277292,23.339774474489445,0.21844178110941065,0,0.0,0.6606340338439242,0.37584580492198044,11,3,4
2025-04-17 12:00:00,46.06096242006318,55.996129312285085,192.76813757365332,3.1514707008485496,0.4107839585046237,16.52216885745697,17.37087379895122,0.2288747705274563,0,0.0,0.4794761544217189,0.5162994769928202,12,3,4
2025-04-17 13:00:00,39.643306845380515,36.01385351412974,192.30363512841407,3.9329338366042865,0.39372973393840605,15.395276692618664,16.28161098926947,0.15959596205673954,0,0.0,0.3671463514833923,0.5135626237415547,13,3,4
2025-04-17 14:00:00,42.11830925147745,44.79632723316492,245.11593355764902,2.681740886133881,0.3561356408768427,16.527148047145232,18.215230593665893,0.22346521759088478,0,0.0,0.4104669269355114,0.8247332368228376,14,3,4
2025-04-17 15:00:00,42.89500513006065,48.334097761849286,242.24138611743885,2.707962811907933,0.29022582043171447,16.947436274785847,17.22006741553429,0.20468657139087001,0,0.0,0.4240616258047438,0.807796373328817,15,3,4
2025-04-17 16:00:00,48.03713891071146,41.62408974645439,265.23132196493805,2.638350069964022,0.20286477958207919,14.526465814232521,21.646728159006376,0.16000755829307375,0,0.0,0.5140656572678346,0.9432533150855046,16,3,4
2025-04-17 17:00:00,49.66114726767384,50.24260954137232,188.53796687518025,3.8300472647862063,0.1060076894673187,16.24034426626934,20.358711290361576,0.21698808430641067,0,0.0,0.5424910747095925,0.4913752671244292,17,3,4
2025-04-17 18:00:00,47.387455685279676,34.69996911304175,243.84520837805928,2.24349127933154,4.9337146835339605e-17,14.46577447944777,22.79666164255189,0.17345042746876832,1,11.08841376618166,0.5026940920855293,0.817246110813342,18,3,4
2025-04-17 19:00:00,38.61502151196793,34.39966877853513,201.0934738266758,2.1548434564545476,0.0,14.219482990157097,20.63573892051713,0.20378978534010095,1,9.043908477239015,0.34914802054736066,0.5653524450137456,19,3,4
2025-04-17 20:00:00,50.77065586540104,43.44086781159335,179.57778398911083,2.240073993799753,0.0,11.817900094890856,19.734085347222457,0.1780960209715916,1,11.203667625663549,0.5619110764050307,0.4385817761212953,20,3,4
2025-04-17 21:00:00,35.86150826127339,28.21313428123131,183.88415129640245,1.2388374371383453,0.0,12.719312595796378,20.91710800555244,0.160453637697003,1,11.151803676595645,0.30095260132624063,0.46395493720343717,21,3,4
2025-04-17 22:00:00,30.871329390768384,31.22316811338891,176.22043612684695,1.365409777708749,0.0,10.306468613394491,20.070293423285698,0.17508644173008786,1,13.026933882988605,0.21360827400488128,0.4188002475058038,22,3,4
2025-04-17 23:00:00,30.52035578645551,20.893384108883588,126.82896551795156,1.4450987696616115,0.0,11.999317703938383,16.03995554556681,0.19388066221082584,1,5.8060246714497765,0.2074650967417467,0.12778518761497484,23,3,4
2025-04-18 00:00:00,26.171533961347986,24.83954203162698,163.65353875503712,1.7278099159062332,0.0,11.189053917226145,22.89734068646052,0.19941288586724323,1,9.572281128268072,0.13134659942703572,0.3447559571412143,0,4,4
2025-04-18 01:00:00,35.7403360927952,16.79776195998091,157.27851197895401,0.7095207951305095,0.0,11.683053147318045,26.01167998023898,0.16484809192998223,1,7.774596962338846,0.298831695078099,0.3071942328965967,1,4,4
2025-04-18 02:00:00,30.564239308591834,25.41026939013771,174.82725987641453,1.9441151072080831,0.0,10.264271345962088,20.421606543507995,0.18209786243327397,1,7.655902569561345,0.20823320081596022,0.4105916385099613,2,4,4
2025-04-18 03:00:00,39.87562164431161,29.68454433383127,170.4800472002799,1.2872385022590862,0.0,11.031912656484769,20.539267489068145,0.2359390643386588,1,9.128708508362658,0.37121261451042875,0.38497781608865345,3,4,4
2025-04-18 04:00:00,26.72498774291573,25.115823011485215,158.77999566606238,1.2902148536708347,0.0,13.155889657265575,16.5652420050109,0.24103821318439042,1,4.615457029188906,0.1410338370008674,0.31604099043878353,4,4,4
2025-04-18 05:00:00,28.53542498214314,30.100215544196057,167.8251864990649,2.842394683572145,0.0,12.34421280815313,25.676212612340898,0.2035182086530698,1,5.1452225732070085,0.1727223649918198,0.36933534915172556,5,4,4
2025-04-18 06:00:00,47.287156519075026,43.338685231093315,195.6788507067668,2.9216960838147195,0.0,14.542578655110606,26.113054915226492,1.4927712060609744,1,4.0374025607950745,0.5009385311266188,0.5334494291265695,6,4,4
2025-04-18 07:00:00,54.73908201575456,46.39327497885148,209.27499007434673,2.8603977997513717,0.11114489347625593,13.499044008512008,24.846540942620845,1.5610568434912953,1,11.654839231589772,0.6313714147259378,0.6135580240633587,7,4,4
2025-04-18 08:00:00,41.16861865497963,41.974257209478964,209.42686774936146,2.8672319880684625,0.21350027742644914,16.448249104985003,17.214411447591832,1.2859270919149568,0,0.0,0.39384425899773307,0.6144528889083535,8,4,4
2025-04-18 09:00:00,56.93400098582757,37.13826378590421,215.80231174204013,2.866256090671246,0.30192931731317135,14.999220024439149,25.626652262443482,0.24935711490896148,0,0.0,0.6697896209547891,0.6520170713975029,9,4,4
2025-04-18 10:00:00,47.3917054475263,39.004168690956966,161.1365823364891,3.8837769313250714,0.37494233163429447,17.271145133363074,16.19202892357231,0.22452727209723397,0,0.0,0.5027684767186936,0.3299260236758512,10,4,4
2025-04-18 11:00:00,52.56173729638866,49.47210876632789,242.68472971216627,4.18190327086715,0.41944639489445235,17.6545212655552,20.543853611348965,0.1738745879439547,0,0.0,0.5932608149268404,0.8104085584122185,11,4,4
2025-04-18 12:00:00,73.03408007415105,50.478374812968724,188.1538509679773,2.809777619360986,0.4359062468330856,16.44468277803246,21.006548368064642,0.17721464073024218,0,0.0,0.9515932625240513,0.489112052193559,12,4,4
2025-04-18 13:00:00,59.40673522724394,45.79324802202362,225.60983767002438,4.3433527801783525,0.41613600216296537,17.631598255221792,24.35600101201283,0.21484123875646827,0,0.0,0.7130704961630054,0.709803116439846,13,4,4
2025-04-18 14:00:00,51.27165878443819,33.746207117529856,209.59097174816188,3.144025865430144,0.372328083452951,17.020650160833103,23.35266433958495,0.18228465291898985,0,0.0,0.5706802536399359,0.6154197913805918,14,4,4
2025-04-18 15:00:00,47.953416029930345,40.068631469306595,201.75905219481498,2.5339724640286505,0.30461679222587756,15.754945509139594,23.71344421510939,0.1855316771979564,0,0.0,0.5126002351070268,0.5692740396995937,15,4,4
2025-04-18 16:00:00,42.788828337000176,44.54611423867297,194.27694990146125,3.021726890641361,0.2171205791365004,14.674245526756003,24.350294376361937,0.22809426701602492,0,0.0,0.4222031872982965,0.5251894149624332,16,4,4
2025-04-18 17:00:00,66.34776902880567,46.25990012391437,245.29920648564095,3.8066058456576153,0.11202542469652921,13.006962691644476,20.271560181002936,0.1766927049685282,0,0.0,0.8345611168490878,0.8258130828257695,17,4,4
2025-04-18 18:00:00,37.7510703898557,31.995208278255294,226.9136120671844,2.33364020599872,5.3528248367386904e-17,14.553110175288065,23.37258662355101,0.22052411965292107,1,8.912906938616764,0.3340260717039137,0.7174849687839089,18,4,4
2025-04-18 19:00:00,43.78420037351561,28.27914483775798,192.58452919502932,2.5676334515947565,0.0,11.872526938786061,16.085696575666564,0.24348848634303774,1,11.34116450927928,0.43962542870888016,0.515217654511266,19,4,4
2025-04-18 20:00:00,45.2720262942638,29.90714249332045,194.80324444780115,2.458081166079749,0.0,12.819455594540376,19.99673078864563,0.1624135156998238,1,10.411257817743804,0.4656672114968951,0.5282903479177629,20,4,4
2025-04-18 21:00:00,45.20311443009291,21.250531158531683,210.7466524981896,1.5685323594256932,0.0,11.849665211964716,15.795901288502373,0.16442841946590941,1,11.493522794225385,0.46446103020025986,0.6222290744114036,21,4,4
2025-04-18 22:00:00,32.4414952237998,20.94968559389433,151.80281086223545,1.7070545174126308,0.0,12.325820533752532,25.058893802680416,0.2442873100811816,1,10.463609577125453,0.24109127251616141,0.27493134481528614,22,4,4
2025-04-18 23:00:00,23.03830843251295,18.63194374142697,155.5921115927576,1.575722788717861,0.0,11.055249005616215,25.654273633627685,0.17035192572358857,1,4.921171920793702,0.0765049828710121,0.29725794423503815,23,4,4
2025-04-19 00:00:00,35.262467825623816,28.89678848981881,147.79547024595269,1.521151752682017,0.0,10.935940022867962,16.63136013302571,0.1520900831598747,1,7.856596369420946,0.2904674493411353,0.251320052114873,0,5,4
2025-04-19 01:00:00,36.071902346678826,18.851640337224673,172.1781411779405,0.7688620992809105,0.0,12.109794665507057,21.474100388070376,0.23685079160200995,1,7.790324838353424,0.3046351807164801,0.39498300351306176,1,5,4
2025-04-19 02:00:00,41.785486507863844,18.86635678714648,129.60936923276014,1.8781957138077539,0.0,12.022994689010794,19.392108317329235,0.1782302886998471,1,9.83353482400712,0.4046414486485502,0.14416735529718144,2,5,4
2025-04-19 03:00:00,43.73001598957674,35.33854851198378,175.73217404021315,1.2514427978124743,0.0,12.4911577111157,19.672327110773676,0.17983539350617847,1,8.581367560114458,0.4386770261186572,0.41592340219967183,3,5,4
2025-04-19 04:00:00,37.45197812849312,28.996732839338556,131.16450563151605,1.5150474465822465,0.0,13.275896703228426,20.904689596521347,0.1726921146185122,1,4.207798637388392,0.32879098633850773,0.15333023517589578,4,5,4
2025-04-19 05:00:00,37.480994033382665,22.965234224113242,122.04825167963554,1.8579972499752417,0.0,12.004904655244413,17.455615931488467,0.24176668981384794,1,6.2960574827332785,0.3292988588536951,0.0996171718254655,5,5,4
2025-04-19 06:00:00,55.28204610009109,38.103485631925295,135.30988361936448,2.6420114570157613,0.0,15.084025173195949,18.068279636927063,1.7058139852507197,1,5.41553415184115,0.6408750485508375,0.17775484550905257,6,5,4
2025-04-19 07:00:00,57.62248438776824,35.40528322773778,163.38906540063178,2.5467084802850373,0.11121629302139034,15.726462775790832,22.314016941228694,1.5725943419820032,1,7.879327959599669,0.6818403151633403,0.3431976773790819,7,5,4
2025-04-19 08:00:00,46.211386813615114,30.93958183395703,193.47803548499226,3.339759959433589,0.22131418952602633,14.83115183966489,16.275757349023777,1.4649437367568177,0,0.0,0.4821090695553177,0.5204822028893734,8,5,4
2025-04-19 09:00:00,58.52176580358356,49.57445535052469,191.95412535386768,3.9476846926602756,0.31192299043359584,16.23537072311221,22.419106616601276,0.1643530118760276,0,0.0,0.6975806588214104,0.511503308505176,9,5,4
2025-04-19 10:00:00,54.283807516339465,56.89159275792782,187.62781765744444,3.9468463955102213,0.38138727337674355,16.92719341985415,19.32599512023336,0.24259867705171417,0,0.0,0.6234026332594018,0.48601265844232866,10,5,4
2025-04-19 11:00:00,57.40034357199405,50.5779736283151,214.74454801787988,3.168008417392233,0.4292258081679631,17.14199658611659,24.6390722147574,0.22496635971591541,0,0.0,0.6779521298641925,0.6457847165041987,11,5,4
2025-04-19 12:00:00,72.53639904234139,65.73274334682931,251.00187786469988,3.274647819887412,0.44106268210745486,17.72286500106876,22.050068331151177,0.17788835379711962,0,0.0,0.9428822290977854,0.8594132820596765,12,5,4
2025-04-19 13:00:00,46.79271734895,39.14628819502138,255.68847019755992,4.440291429524821,0.4278804181452942,18.728436180080738,23.042083593460905,0.24474960654406985,0,0.0,0.4922842408022459,0.887026732957523,13,5,4
2025-04-19 14:00:00,43.44279085644853,49.79909427432692,244.88506770004537,2.624078996053584,0.3855309798543606,18.08941948003153,16.749661255343682,0.24351909411648995,0,0.0,0.43364965401559424,0.8233729727823259,14,5,4
2025-04-19 15:00:00,53.972734749998004,40.38986856675091,268.0980273111018,3.074108347736182,0.3154279149225015,15.228960044206286,18.2293915159806,0.21595188273128849,0,0.0,0.6179578501706264,0.960143972879625,15,5,4
2025-04-19 16:00:00,43.16540185082616,35.01218882963393,224.3218268916049,3.0978736447413833,0.22772997155914512,16.552208963616643,25.674486067649795,0.24850035570515674,0,0.0,0.4287944460699169,0.7022141435017883,16,5,4
2025-04-19 17:00:00,54.02799118168188,50.92513229797446,157.01068617472598,4.020471449567472,0.11674000861735431,16.545807228257658,19.836407431458973,0.16872482454807936,0,0.0,0.618925017076032,0.30561620046514903,17,5,4
2025-04-19 18:00:00,53.28837685253249,33.89730287144828,179.09296328121576,2.212451418260307,5.594811720480381e-17,14.837500809791756,19.05336835457315,0.22313903595877005,1,11.579057751452185,0.6059793656809239,0.4357252074545792,18,5,4
2025-04-19 19:00:00,40.1661062150837,26.935747100436874,174.0036204963266,1.9273456257607282,0.0,14.775488804965887,24.352239219483668,0.16521761136317423,1,8.938209013238676,0.37629703735171954,0.40573874669342225,19,5,4
2025-04-19 20:00:00,57.055600739409286,42.30461867350441,184.25934695730308,2.2115319700206446,0.0,14.983506891785755,15.765363003769822,0.21916912080143947,1,7.762500895481017,0.6719180113300951,0.4661655939500721,20,5,4
2025-04-19 21:00:00,30.300613688453225,25.349085071894468,203.99142849364114,1.331634457811477,0.0,13.383894279357815,21.005419787044524,0.24198518197088098,1,13.010949420417639,0.20361889678934872,0.5824272241319025,21,5,4
2025-04-19 22:00:00,41.69241755514258,27.223466658198152,187.04919708344755,1.692825660233924,0.0,12.14300378627009,17.743918593028965,0.20360975615336196,1,12.577423930545947,0.40301243989337515,0.4826034199863787,22,5,4
2025-04-19 23:00:00,26.15240949048603,16.14381170030489,131.39894339575469,1.4460321205819688,0.0,12.649346411534214,19.494725929867098,0.2263066637526785,1,7.015980958661326,0.1310118591128783,0.15471154492754935,23,5,4
2025-04-20 00:00:00,25.269964614746648,27.919279817397097,146.76825634532992,1.4192653081235458,0.0,11.657184947631904,17.847659254638444,0.16431217286104427,1,8.175840917925226,0.11556620955406066,0.24526769710043075,0,6,4
2025-04-20 01:00:00,31.25944882510682,19.410317631218852,152.61182859345388,0.7613224077132801,0.0,11.648682055775412,16.246643429802262,0.2133194570389767,1,10.186538728124143,0.22040162386113732,0.27969808572420884,1,6,4
2025-04-20 02:00:00,41.3667785640922,25.02896453033761,174.12580784418031,1.586636206328956,0.0,11.583323094439184,20.362941423415915,0.15631918961323144,1,10.74057997345949,0.397312700593244,0.40645867582116824,2,6,4
2025-04-20 03:00:00,31.28706319141833,24.371172424717177,108.23475492064001,1.807404644590291,0.0,13.985161274976868,24.441309467498385,0.1536897876175256,1,9.094248860942974,0.22088496490210494,0.01822790487181327,3,6,4
2025-04-20 04:00:00,34.59233622356951,28.21348933049688,142.73360558454647,2.0980313675005293,0.0,12.234891974734328,26.276385249476544,0.21340625826361445,1,4.798424130948184,0.2787379711967387,0.22149549274382446,4,6,4
2025-04-20 05:00:00,43.87634177967772,29.724613954688035,188.742608829139,2.6732512062888794,0.0,15.319481268517775,22.8133273432593,0.20728085801661567,1,5.484095589891971,0.441238202388646,0.49258101965119755,5,6,4
2025-04-20 06:00:00,36.99793221690007,34.193402917467026,198.17646376224758,3.184142370109228,0.0,15.07368249358448,20.304998742791756,1.3719383563907108,1,6.1847569513861735,0.3208437091465992,0.5481653912950243,6,6,4
2025-04-20 07:00:00,52.03388230690785,36.614174554785706,155.288848801217,3.1346726694662244,0.11644943899055454,13.961214668000947,24.381608329911117,1.5096972076333144,1,8.415716673819976,0.5840216393029094,0.2954711167048016,7,6,4
2025-04-20 08:00:00,45.95095390441801,33.946861915510084,135.0015062632141,2.274885009308219,0.22702065138582805,16.46195597982081,21.488995553488703,1.638255112577383,0,0.0,0.4775506483330612,0.17593788291079954,8,6,4
2025-04-20 09:00:00,50.988726127598035,47.92121619442526,198.6078456989054,3.527717688526263,0.3145702035591482,14.625841138485328,19.94016468,0.21447278177077653,0,0.0,0.5657280138044031,0.5507070981643414,9,6,4
2025-04-20 10:00:00,56.68769198937544,47.226040946811864,236.69388507928906,2.997813759191719,0.38644489972579027,17.838369777654524,17.840327983375357,0.15736325114511285,0,0.0,0.6654784140488665,0.7751104393616911,10,6,4
2025-04-20 11:00:00,43.21304415668142,41.18990373227622,189.98620893832964,3.449229450424185,0.435050924528904,18.408030384097316,24.257935378033448,0.21781193214714617,0,0.0,0.42962834105944564,0.49990832446303646,11,6,4
2025-04-20 12:00:00,68.37899755811839,58.04124375317506,261.24708941934927,3.925355148952705,0.44503909348013393,17.042898959972156,21.004470800428674,0.2159533079273618,0,0.0,0.8701142090593513,0.9197781753785956,12,6,4
2025-04-20 13:00:00,37.93815715338229,48.3469408493393,200.34831165818738,3.8862678992570654,0.4278629946186222,17.666811199177335,25.710519450854623,0.2169613991668419,0,0.0,0.33730069731053186,0.5609619417463256,13,6,4
2025-04-20 14:00:00,45.95425927895045,32.05581601790865,232.12214519698261,2.909571004170271,0.38642185412397084,19.207948388272413,23.88231210361797,0.2347353261349019,0,0.0,0.47760850311594044,0.7481737003002085,14,6,4
2025-04-20 15:00:00,55.28816013295461,45.414366691140685,242.91078037215416,3.3963268720232125,0.3184267361720107,16.28151470610243,19.820755146535664,0.20767026426862856,0,0.0,0.640982063970834,0.8117404512581644,15,6,4
2025-04-20 16:00:00,47.434647979014834,45.30473073915593,198.05095745652784,4.078240525460458,0.22863138419883425,15.117257402944345,23.043767163742643,0.24379008581863693,0,0.0,0.50352011040231,0.5474259068329211,16,6,4
2025-04-20 17:00:00,48.866229527567796,48.24109942938138,192.89273136365594,3.2902652567616473,0.11757720194901677,16.94450704526836,20.038902851996955,0.24800092796301232,0,0.0,0.5285774341193202,0.5170335849028023,17,6,4
2025-04-20 18:00:00,51.67713865245298,27.52373655247743,196.99948296837738,2.6985860016094088,5.518982928362502e-17,16.659192804568114,16.193623716246215,0.22518438318071318,1,11.644716259737914,0.5777774674339019,0.5412306081837718,18,6,4
2025-04-20 19:00:00,46.18692527917807,25.348346370769537,222.258114484673,2.2062881656014004,0.0,13.934060840901932,20.688159963589328,0.18586817538076306,1,9.15063714347684,0.4816809133055928,0.6900547284793781,19,6,4
2025-04-20 20:00:00,57.49839271798386,30.43026947655261,144.07656908060056,2.481296618153201,0.0,14.228499608623109,24.327955234364453,0.1643098415609607,1,10.9877399593898,0.6796683081662437,0.22940824766724222,20,6,4
2025-04-20 21:00:00,36.77904447006611,28.604760357898073,180.7997955021988,1.2929740655486925,0.0,13.947403987312768,24.31574671217608,0.2320139919028181,1,9.71630547991398,0.317012463112694,0.44578188069976743,21,6,4
2025-04-20 22:00:00,41.402249839873484,28.18012582606625,174.1878343447408,1.8731470312640035,0.0,11.396897381597228,21.527781729014738,0.16466323359344148,1,10.571369334871708,0.39793356305183414,0.4068241366092942,22,6,4
2025-04-20 23:00:00,30.12263279772474,14.89037701698259,156.1058327308744,2.187874223867821,0.0,11.364581484169236,19.618600658239636,0.16461694220262657,1,5.2279193820912875,0.20050365351247543,0.3002847945379996,23,6,4
2025-04-21 00:00:00,31.497358194901135,22.40883647786601,177.03549640419382,1.5571643336658163,0.0,12.988743841991322,15.856056324258905,0.24190425561244533,1,12.85929835604167,0.224565810037099,0.42360259115952803,0,0,4
2025-04-21 01:00:00,26.135220653978774,19.59683312242851,148.57182212197014,0.9384778682990834,0.0,13.555308211377426,19.137009516183507,0.20598726743029247,1,7.164967277372079,0.13071099868259656,0.2558943254643061,1,0,4
2025-04-21 02:00:00,26.97036997076854,28.531900414450075,149.42037257539263,1.5251652710928378,0.0,12.743075690075207,26.454216133894676,0.17933329732635075,1,9.971933554387267,0.14532882244820297,0.26089399358470955,2,0,4
2025-04-21 03:00:00,39.210529334043535,27.11494553453319,148.41415371288764,1.8581480321932935,0.0,11.787333515681746,23.77174757654957,0.24629838856008812,1,7.045958571287009,0.3595713403287891,0.25496534155379724,3,0,4
2025-04-21 04:00:00,40.63621045184159,25.21678769041086,161.49519560805967,1.902799445461602,0.0,15.285724032457663,23.764801928016748,0.22073306849843402,1,4.546337893189244,0.3845253873560118,0.33203897681162925,4,0,4
2025-04-21 05:00:00,37.43567960837932,32.0040408647788,124.05866565234655,2.1673587059071413,0.0,13.501427126933681,24.287385309012162,0.20348445092028397,1,5.529952238702819,0.32850570933489415,0.11146255191764044,5,0,4
2025-04-21 06:00:00,53.12020426367568,47.07154058445399,191.54210588194456,2.1560606198058347,0.0,14.483907144214061,22.791218870925903,1.3721101910790612,1,6.122667268124428,0.6030357995225223,0.5090756854799913,6,0,4
2025-04-21 07:00:00,39.38434355706507,46.244759459535935,130.83978126079722,3.152976299410055,0.12086979767366017,15.948027181309433,22.405212087076073,1.6324623985420061,1,10.341538648723269,0.3626136533966501,0.1514169557973358,7,0,4
2025-04-21 08:00:00,38.240522906066616,34.66017904400179,192.66695640485838,3.333360788109817,0.2335200493835458,17.893577433907595,20.935973157421927,1.6731713757410351,0,0.0,0.34259307939914346,0.5157033164911448,8,0,4
2025-04-21 09:00:00,54.23203487302216,53.610211041835456,201.34381899438768,3.842889639936766,0.3229960417590754,17.824895645299698,20.75494916080743,0.22121101804104165,0,0.0,0.6224964439580669,0.5668274813525488,9,0,4
2025-04-21 10:00:00,65.31335399692976,51.6954451295547,170.81211274266533,4.248292605388071,0.3982979589622296,17.872720853973743,25.190264839020237,0.16953376488156807,0,0.0,0.8164554962942158,0.3869343497272282,10,0,4
2025-04-21 11:00:00,51.787248283796444,51.18875277607751,160.45293117838392,3.3881457429758144,0.44307862271039294,18.231022468152883,20.00380638321513,0.21972442369649717,0,0.0,0.5797047433754804,0.3258979439230571,11,0,4
2025-04-21 12:00:00,72.1550938060078,41.461947667718285,175.8806474636262,3.424930577806439,0.46681976060680686,17.92364593932317,24.573063732711077,0.20814468756351512,0,0.0,0.9362081498240902,0.4167982091587293,12,0,4
2025-04-21 13:00:00,40.85849241165688,31.230996335955464,193.67656081745014,3.8084940986874805,0.4521393167735157,18.346220564945725,24.39494892112596,0.23500762419230578,0,0.0,0.388416043134003,0.5216519162184734,13,0,4
2025-04-21 14:00:00,53.84029728763339,45.59346964385897,262.0316259614948,3.476034473550019,0.4080099483095108,14.968989490234467,23.56056881816818,0.2124768801004668,0,0.0,0.6156397647146609,0.9244006728662064,14,0,4
2025-04-21 15:00:00,57.95480229021853,57.9120604519342,257.52539039370197,2.742395977676635,0.32910631906937016,16.7353535049839,15.873425856570337,0.16462766816419322,0,0.0,0.6876569570913335,0.897849885908929,15,0,4
2025-04-21 16:00:00,59.63692119811654,49.20442341278899,167.83377478723074,3.6658323779114648,0.23388446440360397,16.662127293001635,16.94691210914171,0.18185327161308396,0,0.0,0.7170994977892831,0.36938595143515895,16,0,4
2025-04-21 17:00:00,40.64309665164156,53.906751779172026,186.3381915595345,3.363683372034786,0.12014706673000415,14.556410615807089,18.616186351974026,0.22438176652732642,0,0.0,0.38464591820369015,0.4784141680249883,17,0,4
2025-04-21 18:00:00,37.46761466538703,37.04129269786745,238.93162432490539,2.5611451543206116,5.73732373281084e-17,15.327450551179496,24.062216758159686,0.22399617815057732,1,13.195924410441576,0.32906467648711285,0.7882952223324132,18,0,4
2025-04-21 19:00:00,32.62116857582695,26.741600660447375,165.28892118823,2.6934818034580865,0.0,13.970356004311798,24.346125372006057,0.17227147894302386,1,12.649839351423205,0.24423613935914035,0.35439164749165153,19,0,4
2025-04-21 20:00:00,59.34547730841693,42.43041176829577,224.6368773438798,2.112297574974042,0.0,15.21691463892137,15.8525946461574,0.18545933169324938,1,10.557676374424146,0.7119982837530102,0.7040704240519954,20,0,4
2025-04-21 21:00:00,30.073343965433857,30.581906698954864,149.02154358342966,1.215098215500059,0.0,14.423290349799952,18.83703903152158,0.15153196415420714,1,13.35865774151421,0.19964093896603938,0.2585440890050026,21,0,4
2025-04-21 22:00:00,26.690149898400637,28.57376261135708,179.12906053368,1.8629530379648578,0.0,11.917858657528129,24.38523612311998,0.18317045481548405,1,11.297948167700834,0.14042406164542232,0.43593789284252715,22,0,4
2025-04-21 23:00:00,25.314680289296906,21.95065059398682,145.4240147900612,1.5685144145374337,0.0,11.943272154515206,18.258565630885595,0.15263390174935304,1,6.84348759531181,0.1163488789965125,0.23734741183879257,23,0,4
2025-04-22 00:00:00,33.46582208349711,22.826544361795033,118.92142270651826,1.5746048171954579,0.0,11.928084118164413,25.99803471926989,0.23728707077214076,1,10.770336412319041,0.2590203173137896,0.08119386290871859,0,1,4
2025-04-22 01:00:00,34.35045944157041,16.489425145090596,124.05693179669845,0.6806220979862028,0.0,11.662736494225104,21.0164069743693,0.21666472443241763,1,8.406515744681663,0.2745043424297946,0.11145233602208089,1,1,4
2025-04-22 02:00:00,41.323962088114484,29.622133528733155,152.2582652935016,1.6833871158402163,0.0,12.619261408843684,25.896447324858105,0.24691477704776552,1,9.329608816143677,0.39656327329021696,0.2776148870738678,2,1,4
2025-04-22 03:00:00,40.388445330745235,26.568373000224746,129.84587172174687,1.8398218548945224,0.0,12.152846826860449,20.59364869663208,0.23919242403480362,1,8.237188159020521,0.3801886935425361,0.14556083042858212,3,1,4
2025-04-22 04:00:00,40.36540052376717,27.051178076494647,152.92697001684786,1.2809315503099497,0.0,12.411967918515536,19.544752784983288,0.21034752819198071,1,5.7766065397096895,0.37978533462174735,0.2815549022771981,4,1,4
2025-04-22 05:00:00,40.4192541058394,33.26950387124877,129.37794253188446,2.942038404574401,0.0,14.898968761984385,20.0050443615374,0.20029286633722843,1,7.004801540520509,0.3807279471055897,0.14280378676226227,5,1,4
2025-04-22 06:00:00,43.243855037517946,36.575782062195735,155.88647777462404,2.1486590965398724,0.0,15.692373078133492,25.631231262204736,1.7877933680510056,1,4.8886571701864385,0.4301676314798254,0.2989923528482992,6,1,4
2025-04-22 07:00:00,59.29860197266976,49.74207458450579,170.6859695982855,2.3350379534838823,0.12017537789087535,15.045111085449106,19.664316095559787,1.348811315330105,1,9.034927223191684,0.7111778132297991,0.3861911130050987,7,1,4
2025-04-22 08:00:00,50.43089062742523,35.2867370874232,172.1506106982892,3.3574422904365395,0.23450504193438532,17.47844874661467,23.247812559673932,1.2926386806301746,0,0.0,0.5559640819328314,0.39482079363986355,8,1,4
2025-04-22 09:00:00,52.841298166235546,52.945839764840215,161.60169329228367,3.5955099589645583,0.33196416577126436,16.58295692124968,21.031570441908386,0.1910021118159272,0,0.0,0.5981540375458683,0.3326664622776542,9,1,4
2025-04-22 10:00:00,58.092019729608886,36.19404297595783,196.15535246067375,2.921458968780202,0.4051443506826815,17.954574126995507,25.942756380222754,0.15531978453761922,0,0.0,0.6900587076600655,0.5362569824296359,10,1,4
2025-04-22 11:00:00,52.91518280767659,50.045700045570435,228.37334758501132,4.81605707307847,0.4496539079265953,18.83156991437266,17.530685174076844,0.18019718249099903,0,0.0,0.5994472585853367,0.7260857456773319,11,1,4
2025-04-22 12:00:00,48.98942713186883,57.59353436831138,264.53492809311376,3.861964549704638,0.4611143055477671,18.089948972814124,20.25089671606934,0.1583680326689041,0,0.0,0.5307337920685069,0.9391501551305943,12,1,4
2025-04-22 13:00:00,55.95554191458431,40.30041348205092,250.28710710435246,2.902627864662316,0.4504778008436985,18.48619040728418,16.95353348202327,0.15526609370420638,0,0.0,0.6526634113324522,0.8552018452859502,13,1,4
2025-04-22 14:00:00,59.10654271110847,45.42162573776846,182.7617529670951,3.785537173366705,0.40225634262232873,17.22542642143141,21.560695672836964,0.20513398158275484,0,0.0,0.7078161527678745,0.45734175454258486,14,1,4
2025-04-22 15:00:00,61.49158556439997,57.40013809928999,193.7891364630315,2.961122091783688,0.330195080598519,17.078738805518533,19.644053278522428,0.22081652139361996,0,0.0,0.7495621440558141,0.522315213096198,15,1,4
2025-04-22 16:00:00,43.69684246184755,48.34163782762983,169.44018262209167,2.972824150430935,0.23232782854712933,16.458128154461146,16.051888116825253,0.20366745204281358,0,0.0,0.4380963817089932,0.3788509231500719,16,1,4
2025-04-22 17:00:00,66.41664660415108,56.9083699594915,170.34003458838404,3.7403573165174637,0.11910033219697766,15.203966257398948,24.10585782309541,0.1570577376565742,0,0.0,0.8357666979799827,0.38415286031928614,17,1,4
2025-04-22 18:00:00,33.816544948729465,35.29571857320415,175.06829648684476,2.7738794469213945,5.67401346964023e-17,15.007410526945266,19.224026524381,0.1894969350797423,1,12.948042800107103,0.26515910582916796,0.41201182873218967,18,1,4
2025-04-22 19:00:00,34.76464861878595,30.05660934957651,161.75486396825795,2.643695895798628,0.0,12.869203810264162,20.451697924787904,0.16109514353914692,1,12.75905307937096,0.28175399740338825,0.33356894549778626,19,1,4
2025-04-22 20:00:00,42.63468222770698,34.36418755937728,154.22843256899728,2.4086958088803896,0.0,13.213217379420177,19.61590127093098,0.21500636449567054,1,9.604245978833086,0.4195051300593069,0.2892231332063501,20,1,4
2025-04-22 21:00:00,28.15354123688581,34.365026744993365,146.8101944335581,1.7212973452545786,0.0,12.80826449431905,20.529305675135454,0.23264064689039327,1,8.937576444050894,0.16603815993423893,0.24551479675360927,21,1,4
2025-04-22 22:00:00,33.09398643655869,20.427032459441858,144.0542956626889,1.3548305446508968,0.0,12.37029088945521,15.731873925806545,0.16167057226084228,1,8.66543675675416,0.25251198659083657,0.22927701245663545,22,1,4
2025-04-22 23:00:00,26.41778845905521,16.674613298182877,123.31348752584105,2.1435530023225637,0.0,12.095355762801939,24.162503801646483,0.1566852765505515,1,5.91476187009255,0.13565685242803086,0.10707195462541737,23,1,4
2025-04-23 00:00:00,39.30578867234676,21.977118074702428,129.21214334917974,1.3147190503615296,0.0,12.1829476289083,19.239234125434507,0.1905951941536261,1,10.377498512633572,0.3612386879411866,0.1418268962487821,0,2,4
2025-04-23 01:00:00,36.4847577210163,20.204164167610426,154.6801944048213,0.784278128076344,0.0,12.83645431102203,23.500781793908466,0.18034736765166973,1,7.294003910937136,0.31186148981045964,0.2918849186540796,1,2,4
2025-04-23 02:00:00,38.94849856243173,29.73619100525518,121.54806998778204,1.9259403856518833,0.0,13.541306874238312,16.626922200924522,0.17606898507983137,1,8.454558758884923,0.35498495132794483,0.09667009608107925,2,2,4
2025-04-23 03:00:00,39.00425463180349,29.889041465465862,118.1680201956971,1.7355237992921806,0.0,12.50385347214501,21.607930291224452,0.1711396135953848,1,6.537036498295413,0.3559608635146089,0.07675480745834223,3,2,4
2025-04-23 04:00:00,36.938656252771,29.755390771982935,113.93932421951327,1.545461069280956,0.0,12.581808504512905,25.813834466804064,0.18169250166415216,1,4.506951344227969,0.31980618737683253,0.05183928666905819,4,2,4
2025-04-23 05:00:00,42.57112368082054,26.9629234765616,151.7135657563402,2.548428185988953,0.0,13.476575410775244,20.389996073337592,0.24653744363851435,1,6.4284849359391885,0.41839264919090924,0.2744055117206871,5,2,4
2025-04-23 06:00:00,48.16356570757708,47.58054227384002,187.3586182297821,2.864536782866945,0.0,14.817938911450565,18.24553435840333,1.768253208361107,1,6.487343885133725,0.516278536568192,0.48442653260728175,6,2,4
2025-04-23 07:00:00,55.79780009226378,43.15370172139749,132.2414340003912,2.4976252382539608,0.12125472357489822,15.73973979517354,17.176500596705942,1.5760178170147146,1,7.971417958143574,0.6499024174445442,0.15967550835571256,7,2,4
2025-04-23 08:00:00,46.13127963809958,34.88793867511891,183.80934245143342,3.400439583410921,0.23305346547384498,16.055267322062534,25.28118114316067,1.7253559204224485,0,0.0,0.48070693397248826,0.46351416270875945,8,2,4
2025-04-23 09:00:00,52.07936312810103,44.9862070134031,204.68812506940625,3.7797495663560206,0.3302317984086939,16.160523738512964,18.56484580590983,0.1514735537752949,0,0.0,0.58481770129512,0.5865321676215889,9,2,4
2025-04-23 10:00:00,53.98469727667532,44.368586123541554,209.2461656778844,4.143849287309745,0.4024466756430971,17.487329369217722,26.297630559673166,0.16114553187211067,0,0.0,0.6181672332153646,0.6133881904188165,10,2,4
2025-04-23 11:00:00,60.55592195268508,40.86598648571356,247.61075812788454,4.06865495486926,0.45105668996982484,18.434629260474548,18.46523168089037,0.17924615460638776,0,0.0,0.7331849938804258,0.8394327692071485,11,2,4
2025-04-23 12:00:00,67.58442154654348,47.34271134297932,253.9627759760473,3.059862119185251,0.4591183600752635,18.96050304833245,20.800405455299398,0.21438989998123975,0,0.0,0.8562065498275541,0.8768589246085183,12,2,4
2025-04-23 13:00:00,46.820946009735984,34.12870784371554,170.24255578954717,4.295081327202686,0.44972759280150915,17.715873668938407,20.432246841014102,0.2383413987604649,0,0.0,0.4927783339903895,0.3835785142200127,13,2,4
2025-04-23 14:00:00,52.678125504326395,38.13016255599575,204.70383661460556,2.9715361417769275,0.3978460854461228,17.570640527583173,16.205849800927513,0.17311401584870137,0,0.0,0.5952979863377783,0.5866247402097461,14,2,4
2025-04-23 15:00:00,66.48706429382294,50.322717162238355,237.31189669992773,2.272322840777852,0.32503262180991943,16.590224297623596,20.975132050074443,0.16392024565845176,0,0.0,0.8369992361104827,0.7787517702752313,15,2,4
2025-04-23 16:00:00,62.57945566025498,40.8259796980382,263.197606454966,4.149225816222025,0.22892953491006807,16.874200441253535,22.34233971630129,0.23479193534340714,0,0.0,0.7686034017343916,0.9312706420927949,16,2,4
2025-04-23 17:00:00,46.697220157040896,51.15179412583705,240.0147966421645,3.7984582019949857,0.11928238111105889,15.343702680478057,23.00099027875361,0.19091356442212631,0,0.0,0.490612729979722,0.7946772849212216,17,2,4
2025-04-23 18:00:00,37.53189968662216,45.04727849198643,167.65893105338193,2.630422273726711,5.651047807540593e-17,15.998833774187826,20.731565502187024,0.2199508440171436,1,12.642689647475002,0.3301898730145979,0.3683557703320196,18,2,4
2025-04-23 19:00:00,41.29007381030801,27.816176928608236,169.3386580457314,1.883307609217992,0.0,12.873411323982262,23.72369779965328,0.20480287180947837,1,9.340768247761531,0.3959701184342696,0.37825273928744046,19,2,4
2025-04-23 20:00:00,46.3793477188401,38.23950915744671,203.72344772613647,1.7350509094152138,0.0,13.586131472581602,23.159430357262057,0.16759114028491898,1,8.712906737617889,0.48504893056308124,0.5808482786552129,20,2,4
2025-04-23 21:00:00,27.71883564362261,23.007383198584968,167.22763150624579,1.4229818404623047,0.0,13.635571532850665,17.487275096107645,0.220057531760103,1,9.938099053689678,0.15842940108777215,0.3658145489026235,21,2,4
2025-04-23 22:00:00,32.071716110770616,24.854626727634834,163.78419536177233,1.6696828720042864,0.0,13.051563427589805,19.729117449697007,0.19207781861441023,1,8.435259809021636,0.23461893781170337,0.345525787230609,22,2,4
2025-04-23 23:00:00,28.702684145627966,19.978027597690367,159.9827051711771,1.9898784189067438,0.0,15.271079081198733,17.14082657113332,0.17877485381706287,1,5.948215128822537,0.1756499432414221,0.3231273673849923,23,2,4
2025-04-24 00:00:00,37.9014370676793,20.995531842460732,116.52641291486457,1.6053211061437032,0.0,12.835637877026944,17.150948364594676,0.2402698285074254,1,10.571494088203233,0.33665797662493335,0.06708244024069837,0,3,4
2025-04-24 01:00:00,29.230792861854564,18.014463361838228,166.5228915319991,0.8345746565106898,0.0,11.594017910879991,23.370472395935906,0.15059858222805206,1,9.113501913135455,0.1848935599069487,0.36166221362520573,1,3,4
2025-04-24 02:00:00,33.286814044743316,23.078061568481125,165.4194107563709,1.6796611831774444,0.0,12.812318834882632,21.57362828151184,0.19048697319847485,1,8.298635881477354,0.2558870956125636,0.35516049338790656,2,3,4
2025-04-24 03:00:00,41.20000021459679,37.09893229924767,139.11808374346447,1.7749733505199687,0.0,11.618299090491254,22.43137195314694,0.18005119943226952,1,9.924524358955125,0.3943935381490791,0.20019280035285153,3,3,4
2025-04-24 04:00:00,28.561441580093692,26.144335931009746,154.5780298822789,1.883450331791625,0.0,13.945269654721391,23.921217048172792,0.1554479490886721,1,5.503723513743795,0.17317773990044533,0.2912829642218697,4,3,4
2025-04-24 05:00:00,36.80238874425978,34.45234015504804,163.84571380263836,2.912536679596553,0.0,13.926357005372278,19.090136067787874,0.158042326966945,1,6.867683444253578,0.31742106368176437,0.3458882545257171,5,3,4
2025-04-24 06:00:00,37.03104572272646,48.58623033764741,135.17780677839073,3.3355461939087205,0.0,16.46125841892011,20.43964105551605,1.2542151704351572,1,6.305733254640386,0.3214233029781457,0.17697664738471394,6,3,4
2025-04-24 07:00:00,48.240372512246594,35.2430709144793,136.78528125295605,2.579135537799355,0.12342589961433038,15.782780096625048,22.630186312966732,1.5037497950016694,1,10.974267943597237,0.5176229049488955,0.18644790375188833,7,3,4
2025-04-24 08:00:00,42.720238536054495,29.71065896900215,136.86056517633753,3.4854120937397908,0.23342824506832083,16.949089554401834,17.110284619474488,1.336982665051064,0,0.0,0.421002643153453,0.1868914774135264,8,3,4
2025-04-24 09:00:00,60.040320525403274,43.82644351248954,229.64935981702018,2.774197784982991,0.3279881743566798,17.061607343227124,24.909497442972224,0.23378590119956974,0,0.0,0.7241602953675036,0.7336040230548152,9,3,4
2025-04-24 10:00:00,56.97591083193756,46.62112327161736,184.57132889446913,4.5323680562216095,0.40354300425466005,19.922758906605146,19.586652257006808,0.1739975900600353,0,0.0,0.670523179292398,0.46800379477725873,10,3,4
2025-04-24 11:00:00,52.345291621060944,46.80244524265036,165.15182031022394,4.349579007757834,0.45198543441422306,18.17234968478815,22.806587928850846,0.22202211984559106,0,0.0,0.5894723130707528,0.35358384768872697,11,3,4
2025-04-24 12:00:00,45.74475432002421,43.228316075781144,210.97065246758035,3.7830146260299475,0.46281574234008516,20.438352765336237,26.203431469496564,0.1710376676566313,0,0.0,0.4739414863250072,0.6235488845669663,12,3,4
2025-04-24 13:00:00,44.18673258595832,32.88137241145108,172.24499999177,3.2868944764178982,0.4384208341697926,19.327702828703718,20.61349032100083,0.15425525627742442,0,0.0,0.4466710489628549,0.395376936341361,13,3,4
2025-04-24 14:00:00,54.255620642064386,32.12529094166392,174.37758280876503,2.6189573726898603,0.4011364366427209,18.705891503178066,17.793627661374398,0.17646217252741866,0,0.0,0.6229092714708294,0.40794213653805633,14,3,4
2025-04-24 15:00:00,43.38094985731931,55.68694030396174,217.4219955322845,2.4308572108233757,0.32909716433008124,18.125774137915567,17.719125263275973,0.23375685256441098,0,0.0,0.43256723580775225,0.6615602651799792,15,3,4
2025-04-24 16:00:00,40.627090239758154,52.970300171086016,215.5893709618588,3.9566270667073526,0.23701257974018258,17.539487128451498,16.04611890928327,0.15822511432742803,0,0.0,0.38436575404223133,0.6507624221000894,16,3,4
2025-04-24 17:00:00,58.04641946853313,37.356742052073535,216.6305433089854,3.1087722074644604,0.124636278215704,14.504440664913453,23.256905824249,0.18444956628377668,0,0.0,0.6892605550822328,0.6568970204268936,17,3,4
2025-04-24 18:00:00,50.012805484417584,31.030228317832854,215.63114800086018,2.5525652936813703,5.938670465774851e-17,15.386736083908898,18.38267123594328,0.15080168148870793,1,10.533776528521628,0.5486462349123775,0.651008572849544,18,3,4
2025-04-24 19:00:00,34.55341494330459,23.55968348074208,206.367841121655,3.028215965456357,0.0,15.744280768310345,17.159688253045697,0.21302445701818146,1,9.398330257163602,0.2780567224616845,0.5964290721178223,19,3,4
2025-04-24 20:00:00,48.19580905007544,46.32258205813985,173.9697018796366,1.7628068942688717,0.0,14.136640283475609,22.764529104677703,0.24427597847265306,1,9.128930203856376,0.5168428997171278,0.40553889785017533,20,3,4
2025-04-24 21:00:00,44.476628933333885,33.99321479409741,181.8222316812373,1.650337908651148,0.0,12.168981886121463,18.676121538039162,0.18843661763263972,1,10.04499341562542,0.4517451759854551,0.4518060853288122,21,3,4
2025-04-24 22:00:00,42.46813479079594,23.141550865544357,144.3791804971613,1.546015023550033,0.0,13.054963093986977,21.792365332018036,0.20769179327748583,1,13.233032233295475,0.416590009334863,0.23119123728930474,22,3,4
2025-04-24 23:00:00,22.490646775974383,16.180852545238928,147.26349347718664,1.5434488425613875,0.0,14.521720537517197,20.013082757936697,0.19522845066088823,1,5.305841179801266,0.06691912628522975,0.24818563944575325,23,3,4
2025-04-25 00:00:00,38.10865926319577,22.77141689422473,137.60604793388188,1.6507102080198752,0.0,13.972230019534603,19.258603661637583,0.24733307398886836,1,7.897021216499371,0.34028503764681794,0.19128386959500718,0,4,4
2025-04-25 01:00:00,30.685366514220636,21.445987455404875,129.28420832366308,0.8850342534163582,0.0,12.775499674180912,21.0177363202131,0.22359986616560087,1,6.892101737327284,0.21035332006829738,0.1422515038299446,1,4,4
2025-04-25 02:00:00,41.77325039656684,26.84270054097507,121.69995779276763,1.2424397691906899,0.0,14.098594135960917,19.271553168329596,0.154422300168573,1,10.35429442578419,0.40442727698496844,0.09756502061196795,2,4,4
2025-04-25 03:00:00,39.18123966947903,32.07071659923392,111.5678237614614,1.5680156015933229,0.0,13.267330658485028,25.30999228338858,0.16087246660329158,1,8.76776480831944,0.35905867613072273,0.0378663812397795,3,4,4
2025-04-25 04:00:00,37.785873919329035,30.174271548735998,145.78855437111676,1.9953815559225108,0.0,12.561220426944796,16.857496412666045,0.19704808320613248,1,5.913128553262338,0.33463524643474857,0.23949528285185687,4,4,4
2025-04-25 05:00:00,41.19993436660015,22.428603587546366,154.54433092458194,1.8591054980481263,0.0,14.074099915784405,16.43611678807401,0.21317459292763924,1,5.238625380572233,0.3943923855954089,0.29108440961170035,5,4,4
2025-04-25 06:00:00,48.95086597251993,46.44570548806085,146.89240352816455,2.6916952566685164,0.0,17.347839862162093,20.493725044372834,1.3427969166316638,1,5.540260850990299,0.530058846618361,0.24599917359632176,6,4,4
2025-04-25 07:00:00,56.05604325919196,39.15653876936644,210.01003678411473,3.561518193959041,0.1258966327077677,16.297340225439672,17.9688188849791,1.630983532236219,1,10.437700470137178,0.6544225110696444,0.6178889269425122,7,4,4
2025-04-25 08:00:00,40.974930007594025,36.16289826646748,185.12650892758126,3.3585775708475976,0.2423788650538708,17.061414289662334,24.044908805038443,1.557394047133156,0,0.0,0.39045407899523393,0.4712749213218735,8,4,4
2025-04-25 09:00:00,44.78456639781123,50.974360099280034,227.37737512728177,3.7040225902025887,0.33822164473408084,17.63619952706256,19.78869998428139,0.19350925779242545,0,0.0,0.4571350811150676,0.7202174655702078,9,4,4
2025-04-25 10:00:00,51.29551944321066,56.01178929864272,207.00853095216195,3.2851360195723096,0.42328468676843606,20.326846300005563,18.715275691722248,0.2082297025821115,0,0.0,0.5710978926152126,0.600204023280399,10,4,4
2025-04-25 11:00:00,68.00835771126243,51.46116677917413,175.9914459528677,3.965466560281472,0.4752229311085195,20.358283016069812,19.64381619732658,0.24164635295518,0,0.0,0.863626808719161,0.41745103501276704,11,4,4
2025-04-25 12:00:00,60.72129712665304,60.205117642676896,265.57774824562927,3.9852698568900324,0.4954110456979206,21.06323697640995,18.054581278755276,0.17432041387396724,0,0.0,0.736079596198443,0.9452944623439333,12,4,4
2025-04-25 13:00:00,53.84440134141233,45.54893923020439,260.7612847592991,2.9774783429903886,0.4740024529210374,18.59309612581167,18.779904945465592,0.22912119336362285,0,0.0,0.615711598976701,0.9169158092555207,13,4,4
2025-04-25 14:00:00,54.02201632501449,37.81818583037532,216.84010462814402,3.359674579989858,0.4250764703411906,18.757968659992418,21.455347335717654,0.15119571562795484,0,0.0,0.618820437691205,0.6581317579047196,14,4,4
2025-04-25 15:00:00,45.04182292834195,53.46194765151335,190.54850295093152,3.319088083524988,0.34664532235885914,16.478846839647865,24.404435871515197,0.15847983257761908,0,0.0,0.46163790540079475,0.5032213666489908,15,4,4
2025-04-25 16:00:00,47.77011416051565,49.43807178777518,184.87777846409563,3.928901758950483,0.2468327980484811,18.86100153521979,19.239073170630235,0.24496855278207114,0,0.0,0.5093918574323495,0.46980939883720974,16,4,4
2025-04-25 17:00:00,59.66595975280234,47.014863860591404,240.15389207704226,2.5927405124949505,0.12926339245533713,15.502639729617508,18.67739518835444,0.21977286648424654,0,0.0,0.7176077667494214,0.7954968366740336,17,4,4
2025-04-25 18:00:00,54.80669678429458,36.89229226930729,156.91186114512595,2.267330103659176,6.023648793659472e-17,16.120629713609873,23.388346256110292,0.21333172087475544,1,11.188751211932217,0.6325548926389288,0.30503392236018034,18,4,4
2025-04-25 19:00:00,31.641030047458557,33.48609957888114,203.49284925299915,2.5423461167648664,0.0,14.039983453879806,15.617839286732917,0.18340552677733854,1,8.760157799655307,0.22708053378594362,0.5794895900467651,19,4,4
2025-04-25 20:00:00,46.276593950948666,45.14437612274834,192.61214311876518,2.210401275147128,0.0,13.83476221467127,18.531640447482854,0.16843371799167756,1,10.19977254887176,0.4832504061075231,0.5153803560378807,20,4,4
2025-04-25 21:00:00,29.00767280368,25.400397545203898,142.71188370590704,1.6256250271320378,0.0,12.974929143920647,20.152695288757677,0.18799160725209432,1,13.149103759978434,0.1809882346873764,0.22136750720836126,21,4,4
2025-04-25 22:00:00,30.257272652651313,30.231480655596464,176.39298947477303,1.3755968011370208,0.0,12.737440271067333,21.7943648973095,0.2098390192910062,1,10.432773082814421,0.20286028798678574,0.4198169336312019,22,4,4
2025-04-25 23:00:00,23.3524020381038,20.76192637922487,167.2974111803616,1.3642298925640535,0.0,12.516368328010136,17.2814909967342,0.21343818513670576,1,5.401073052420711,0.08200264045167051,0.3662256914701889,23,4,4
2025-04-26 00:00:00,33.665188919392875,21.19994663936739,134.45930348993252,1.5390563813450517,0.0,12.41487341931326,20.294971179580557,0.16695506648617317,1,12.101249479840774,0.2625098840454409,0.17274321851643554,0,5,4
2025-04-26 01:00:00,25.360314182079257,23.743100293618365,140.18795179786935,0.9780775217466905,0.0,13.908569283566173,21.829854380693316,0.19455019202482993,1,7.666215786593497,0.11714762023837226,0.20649647408618327,1,5,4
2025-04-26 02:00:00,29.152235780522112,20.74315438352201,163.29344858042958,1.7897596969262959,0.0,12.279941409776468,21.358911121282024,0.20667584694795452,1,9.065968768169368,0.18351855600360806,0.342634302077341,2,5,4
2025-04-26 03:00:00,45.129242490005126,25.489157182302087,142.9994746643864,1.6299979111787228,0.0,14.0919659832338,22.14951860329013,0.24599608094339184,1,6.296004446376361,0.46316803147569946,0.22306199613477243,3,5,4
2025-04-26 04:00:00,40.907718129754656,25.539691468630384,153.94658191546006,2.102123627746455,0.0,15.72056545464588,23.173354766526266,0.20494231045854613,1,5.7421667260928,0.38927765297720407,0.28756246621651904,4,5,4
2025-04-26 05:00:00,33.125305168033826,33.76643929571942,145.09862072963162,2.293565763979234,0.0,14.722811116979756,20.187246675464966,0.20805994101076594,1,5.642068100713459,0.2530601660457701,0.23543018664147322,5,5,4
2025-04-26 06:00:00,53.620877972282,31.025540143718718,131.96792713319215,2.8444859876800113,0.0,15.304400947342057,16.809084224091922,1.6988915135484473,1,5.019944038756119,0.6117992145063392,0.15806400304199655,6,5,4
2025-04-26 07:00:00,42.92984038728131,49.658539795580396,211.89505244302808,2.3364580143008635,0.1238035665453546,16.57810447126369,16.708978961047116,1.4391839593133535,1,11.510534653075988,0.4246713558741385,0.6289954588621149,7,5,4
2025-04-26 08:00:00,56.49227438316367,38.646056623581224,182.83828682543464,3.4833218256962013,0.23656283927549251,18.721746189233407,25.277180494857543,1.4129008808293815,0,0.0,0.662057971655067,0.45779269283403035,8,5,4
2025-04-26 09:00:00,59.98601195244017,54.48367011883027,174.78632791838115,3.3914429616905672,0.32990690934259265,18.367294866744967,23.24781875012607,0.20909092084329078,0,0.0,0.7232097190662645,0.4103504669863827,9,5,4
2025-04-26 10:00:00,61.354264382139846,54.03127237245482,221.37873259931337,3.439941405219466,0.39846911614659075,18.128571606894216,24.05696225174582,0.22833078105845803,0,0.0,0.7471585776501333,0.6848734012404853,10,5,4
2025-04-26 11:00:00,43.11986498665021,55.15521499401351,220.86690805742282,3.0518850010087477,0.43843905314011067,19.453203499613604,25.659603732384856,0.21375817163497143,0,0.0,0.4279974031436039,0.681857725702267,11,5,4
2025-04-26 12:00:00,63.688290797930264,60.0202951109032,185.97659709029494,3.311611783649277,0.4592660991496213,17.979093775563534,23.630716234709197,0.16861311495512132,0,0.0,0.7880116156930094,0.47628364964145614,12,5,4
2025-04-26 13:00:00,51.12989339722012,47.41505269603207,259.84196948644257,2.709042697624591,0.44378772683910767,19.67035634192258,22.877310988135882,0.18977002807017385,0,0.0,0.5681988992225216,0.9114991940810637,13,5,4
2025-04-26 14:00:00,45.599764700895435,34.8077855138156,172.79932306133605,2.9256224020901413,0.39488693145262865,19.107733165192123,22.365994841153913,0.20125967983291704,0,0.0,0.47140369738396654,0.39864301364782584,14,5,4
2025-04-26 15:00:00,48.62451220527744,42.729497195974176,230.19180914163215,3.664515902613968,0.32529414603519596,17.924388673337248,18.154145747716402,0.20237443846830827,0,0.0,0.5243465964148524,0.7368001401321889,15,5,4
2025-04-26 16:00:00,52.564770745655636,37.70819591645483,212.26799782251243,2.765734657144292,0.22923953999753463,16.78211501344756,25.269567980673777,0.18395951389487986,0,0.0,0.5933139101349608,0.6311928569271789,16,5,4
2025-04-26 17:00:00,59.65370348196669,51.84786308245687,189.35106579928348,3.290508959574339,0.12081662675129001,16.02029788704251,20.948349400795802,0.20224146422290784,0,0.0,0.7173932422284797,0.49616605446438855,17,5,4
2025-04-26 18:00:00,33.99209991213664,29.952865301521822,232.63801282602418,2.090053622389115,5.835515555099035e-17,16.6751567185802,17.651257419840725,0.21729753919573455,1,9.859579840024237,0.26823188750386046,0.7512131977500826,18,5,4
2025-04-26 19:00:00,39.21703832754013,24.928410282637113,205.22664815291378,2.843351620560833,0.0,16.602677298673793,17.540283892329132,0.196797271317528,1,11.725021007075544,0.35968526884182495,0.5897051512454317,19,5,4
2025-04-26 20:00:00,40.463506230401116,46.351077961869116,203.3549547189818,2.071153518638231,0.0,14.022657569714065,23.809022296719924,0.1951347363642224,1,10.082789466430466,0.3815025029186548,0.5786771140143456,20,5,4
2025-04-26 21:00:00,29.83091364111853,30.497726782917233,162.40828388863795,1.2408755315203044,0.0,14.506839892930001,18.067794222645748,0.23015828246494838,1,9.679233673900525,0.1953976214118776,0.3374189024826467,21,5,4
2025-04-26 22:00:00,36.869073195794876,31.201091720998793,195.39186650452083,1.8565389583567433,0.0,11.494475345077241,15.992298877961858,0.22568380282096243,1,8.65108188696774,0.31858825802755286,0.5317585152142129,22,5,4
2025-04-26 23:00:00,22.532546416475515,14.70747589488468,139.93677921234473,2.0582480072248415,0.0,12.706985228457665,20.123551409009035,0.1922404953176059,1,7.099408142554616,0.06765250599155835,0.20501656259299897,23,5,4
2025-04-27 00:00:00,32.01936437638716,23.215320906378388,147.6153131848874,1.719692659631725,0.0,13.168120183872663,24.332179774695216,0.24960133420451097,1,12.845866058359587,0.23370261253710117,0.2502585648323659,0,6,4
2025-04-27 01:00:00,27.25705355268053,19.097193367621056,172.01400016003902,0.6092377604614302,0.0,12.401513710427134,20.225489592412643,0.15664709873675345,1,9.464786029347499,0.150346715647219,0.394015882923894,1,6,4
2025-04-27 02:00:00,36.25269771587623,18.5679916759368,110.82322705199263,1.524588921649136,0.0,12.684184315397516,24.47519301202055,0.182599573690705,1,9.739139235761781,0.3077996865017739,0.03347920966279994,2,6,4
2025-04-27 03:00:00,39.03276955320699,28.552783378241138,113.71310832776679,1.9198120960378409,0.0,13.439456097470066,24.84711191105107,0.15368305044333389,1,6.660807193126803,0.35645996719270173,0.05050642027586758,3,6,4
2025-04-27 04:00:00,40.92128955958648,23.13954257216324,181.27629962022235,1.9609544289472916,0.0,15.030534617441264,25.26638378370382,0.23394693823886295,1,4.5230685797759485,0.38951519704931253,0.44858944793223354,4,6,4
2025-04-27 05:00:00,33.647898577440436,22.321025739442252,187.4744552050531,2.765977781921041,0.0,15.284338417640404,22.437878904224974,0.2255630226301203,1,6.0020322626495695,0.2622072469404028,0.4851090452735473,5,6,4
2025-04-27 06:00:00,54.902400104435586,41.75552176874845,181.7361284669709,2.9794485618411217,0.0,14.019672805859779,23.644310779353575,1.6377574514852913,1,3.9970377844500495,0.6342300113745607,0.4512987642924547,6,6,4
2025-04-27 07:00:00,42.91060113473229,40.19580433135667,168.3060305480777,3.418893327757618,0.1234812578117445,14.923437270246815,18.924976431069908,1.2858541674240682,1,10.24871791875668,0.4243346065078999,0.372168487302838,7,6,4
2025-04-27 08:00:00,46.73857595205108,29.785946914045663,180.54547637727987,3.283055172147118,0.23819583608009848,17.17058813363674,17.1431731659306,1.6557891362490142,0,0.0,0.4913365906247491,0.4442834297636591,8,6,4
2025-04-27 09:00:00,56.664061822564264,50.86242064949643,167.2451617777855,2.592045343258909,0.3430507484401123,18.866230035529174,21.703543727218808,0.18553117574647393,0,0.0,0.6650648094310415,0.3659178374453444,9,6,4
2025-04-27 10:00:00,48.73617163786191,51.398340683006545,193.2731036135325,3.9889722858276113,0.4230025101053541,16.147561034442056,16.04993260885369,0.23685695018126324,0,0.0,0.5263009989084825,0.5192747421656657,10,6,4
2025-04-27 11:00:00,54.876359966415286,54.20746415686954,201.13484884656398,4.574985377766226,0.4704535788421548,18.704800288878868,20.767440033376193,0.16995016448938835,0,0.0,0.6337742244383083,0.565596227062393,11,6,4
2025-04-27 12:00:00,53.99994901898258,52.5250565401508,164.85396128121195,2.7398502288020374,0.4942705217921606,18.79026520542392,16.821983010730545,0.1717840762070452,0,0.0,0.6184341882097396,0.3518288591836603,12,6,4
2025-04-27 13:00:00,37.97651959017938,49.95816001575056,213.51635784239423,3.237762664454095,0.4783153964845399,20.61238514520253,16.784340696423413,0.2460586290344957,0,0.0,0.33797216447100875,0.6385482071824472,13,6,4
2025-04-27 14:00:00,43.63262343767012,50.135419561975034,217.77738493692138,2.9251035809983543,0.4300274984321173,18.549077859340933,24.596877939811534,0.20170201477596603,0,0.0,0.43697234034423055,0.6636542232581648,14,6,4
2025-04-27 15:00:00,60.698608236803295,48.59221692594113,236.76020372330646,3.5197076425138945,0.35536513796592883,18.85008309994466,22.097047286955178,0.194638573982998,0,0.0,0.7356824669826331,0.7755011895038243,15,6,4
2025-04-27 16:00:00,57.39001314838345,42.08964736338419,216.40675117546843,3.8124713121021356,0.25050485214010965,17.996777959029416,22.060503285879776,0.18517487038769143,0,0.0,0.6777713139205908,0.6555784348424665,16,6,4
2025-04-27 17:00:00,48.1288852685888,34.75211363349796,245.95070424366898,3.4690943738077156,0.13085204863800523,15.011155252079785,19.537109291031154,0.2331212520805746,0,0.0,0.5156715163203719,0.8296517144100074,17,6,4
2025-04-27 18:00:00,42.30337902553019,40.048315513768,186.75618252418235,2.85600946658436,6.238095659368567e-17,17.143212316175077,19.610856820359512,0.1852707547614093,1,11.99693352496631,0.41370624867960687,0.4808769751475791,18,6,4
2025-04-27 19:00:00,29.162659322819916,30.59991838582683,181.76000887593062,2.432485885192065,0.0,15.823681692971672,18.497213702481513,0.18561569706362416,1,9.601943843720784,0.18370100182648,0.4514394679110746,19,6,4
2025-04-27 20:00:00,42.076838320942244,47.49242295978066,186.43342622904672,2.3849629172829503,0.0,15.40274490108405,19.8919636921023,0.16233341507237686,1,8.300107445691566,0.4097410510450903,0.4789752916908787,20,6,4
2025-04-27 21:00:00,41.44887731873719,28.954093460121268,144.4311038133677,1.2641877993889985,0.0,18.209124273170588,21.545858073745702,0.20207263843852502,1,12.740189060123749,0.39874969527509235,0.23149717000985878,21,6,4
2025-04-27 22:00:00,36.571545964858416,32.744164030941945,151.47984684657754,1.7296980110368905,0.0,11.731745113619038,17.498361473704726,0.24237499910166088,1,10.45432080786557,0.3133805657743688,0.2730284374671024,22,6,4
2025-04-27 23:00:00,21.224798563052726,21.117289878079177,165.83799557607492,1.5695790613417808,0.0,15.25057748983026,18.38368688576213,0.24575392293586598,1,5.921082220217904,0.044762673877863875,0.3576267995106811,23,6,4
2025-04-28 00:00:00,28.993121085735666,29.99560359777948,138.94928782695075,1.080278993338276,0.0,13.1459315492869,20.944916329871116,0.2495515541960508,1,12.023981196006364,0.1807335323914867,0.1991982530525183,0,0,4
2025-04-28 01:00:00,33.951202813191806,19.57390373836826,170.10322508105054,0.7243448515898018,0.0,13.832647934258596,19.912147430767526,0.1973070538642239,1,10.191621453329521,0.26751605552880947,0.38275757623258466,1,0,4
2025-04-28 02:00:00,28.840415906547587,20.285646631115256,148.071036465831,1.5524691444459542,0.0,13.80922217738909,24.644544205831817,0.22749480833836053,1,7.858522330190329,0.1780606961062975,0.2529436911560507,2,0,4
2025-04-28 03:00:00,36.3390373876437,36.75048927170562,116.89075788626265,1.799696967614802,0.0,13.91696476269486,24.788133944466253,0.20525347322853849,1,6.196000842209873,0.30931091099840474,0.06922916461163134,3,0,4
2025-04-28 04:00:00,35.95284552440488,28.145364211370985,144.44644493095436,1.7044377919027696,0.0,14.40239599231451,19.675420365851707,0.20479577462549942,1,5.283350312948508,0.30255129989288865,0.23158756003465925,4,0,4
2025-04-28 05:00:00,37.43940077722658,23.992478760258788,171.80127892566037,1.9922450512396137,0.0,16.034984672017345,20.954431325830054,0.2306240910714474,1,6.3743705881034955,0.32857084186786495,0.3927625271926394,5,0,4
2025-04-28 06:00:00,48.05482885622594,45.7615117730663,171.4676132245229,3.5014635426188843,0.0,14.974460191584722,26.623315604114726,1.7515184840229159,1,5.449138331073253,0.5143752887322388,0.39079656540201085,6,0,4
2025-04-28 07:00:00,58.59828618252711,44.43915069001066,202.3266888213779,2.7347335863446465,0.1344825569455964,18.028367667905098,25.000541189232706,1.1398449408123064,1,10.34389448508023,0.6989200138222308,0.5726185606227201,7,0,4
2025-04-28 08:00:00,40.01328902601144,31.00059425479557,202.4984606870355,3.539351391351195,0.25858223015078374,17.594831092335447,18.385885749205872,1.8320923906791526,0,0.0,0.37362224052999626,0.5736306422464429,8,0,4
2025-04-28 09:00:00,61.87753431935644,46.19625034152822,148.62874724380652,3.9660658913202593,0.36171426425996644,17.511967284223605,19.00710725628207,0.2322983531606287,0,0.0,0.7563174999773099,0.25622972887579154,9,0,4
2025-04-28 10:00:00,44.205352261708335,56.052388451927456,161.25126492381554,3.7158235525257757,0.4418160599515432,18.67846706089881,16.82447859381739,0.2221108764295041,0,0.0,0.4469969537240929,0.3306017346763094,10,0,4
2025-04-28 11:00:00,58.88270511694183,46.59083571339567,223.87942054435888,3.1455395810900466,0.4866229569210227,20.695014471477233,23.00805852402556,0.23520323727212367,0,0.0,0.7038982683394677,0.6996074806903211,11,0,4
2025-04-28 12:00:00,71.94688276514503,60.54474224185375,186.56682535032215,3.9037194683358356,0.5026821301086383,19.014433392324737,19.077400650360403,0.20372632579692074,0,0.0,0.9325637807990581,0.4797612807045438,12,0,4
2025-04-28 13:00:00,49.37201654650525,30.940496857973855,228.23901430727062,4.226295108131649,0.47787854081938663,19.815676910418215,21.252472059361434,0.22732635213230862,0,0.0,0.5374303486306786,0.7252942526040319,13,0,4
2025-04-28 14:00:00,56.56858958453478,46.272919758616794,252.1439351303374,3.1196112805665686,0.4242933102500896,18.436239708408078,23.5319761749032,0.20986490042562098,0,0.0,0.663393735382406,0.866142295378393,14,0,4
2025-04-28 15:00:00,64.01842675768737,57.960445003616286,227.04708010460254,2.599575197567036,0.3507241716473227,19.45803254613364,24.115411648178295,0.20429307239840153,0,0.0,0.7937900665417376,0.7182713638522055,15,0,4
2025-04-28 16:00:00,41.344388711967326,43.27069374571019,205.57120654624953,3.8500430700439745,0.2504809813008666,18.773965286797303,18.771122639490137,0.1711607722320508,0,0.0,0.39692080550823394,0.5917352928920833,16,0,4
2025-04-28 17:00:00,59.63589404617868,42.49024675501024,223.517173825088,3.2899727974046225,0.12954874325777296,19.223187322470785,17.821579918490905,0.23474150296349758,0,0.0,0.7170815192964479,0.6974731192428026,17,0,4
2025-04-28 18:00:00,53.650495341421085,38.882835521928456,164.36194442746316,2.1037005245625697,6.146207276918054e-17,16.4322178197583,24.07249781927157,0.23838710166161922,1,13.78824806642062,0.6123176145981217,0.34892989075053144,18,0,4
2025-04-28 19:00:00,39.38717397764274,35.80582324486508,211.59689100450439,3.0502598416414775,0.0,16.509636446659997,19.299051505935495,0.24711926244543028,1,8.261923229263363,0.36266319494371846,0.6272386885570518,19,0,4
2025-04-28 20:00:00,40.842903862346176,32.669707170933314,197.732260234082,2.458491392094608,0.0,15.225159924294353,23.8782531297044,0.16204386659356168,1,11.219432506914805,0.38814319292386185,0.5455481394748377,20,0,4
2025-04-28 21:00:00,29.586859802576807,26.319785382023863,170.8689837383409,1.3610194067876318,0.0,15.811294021231394,17.03087340394285,0.17915741944639027,1,12.570776263868272,0.19112588708916278,0.3872694342268096,21,0,4
2025-04-28 22:00:00,30.55871846498324,21.755704541546663,142.30507960105376,1.2271076095552178,0.0,13.329480767800609,25.02356013265126,0.2185405679561949,1,9.073673713297817,0.20813656813329445,0.21897061318033872,22,0,4
2025-04-28 23:00:00,19.952417801819454,17.912983682347033,174.28828212198673,1.9201600648893995,0.0,14.503260565306915,20.69450172761927,0.23552293495203314,1,5.755828360749638,0.02249188067174532,0.4074159759603148,23,0,4
2025-04-29 00:00:00,33.21564994621684,24.944465831855748,146.12577452688217,1.2748622288235996,0.0,13.47097537545252,17.53640059501911,0.22513041753377597,1,9.412127222501965,0.25464149290441923,0.24148218752621964,0,1,4
2025-04-29 01:00:00,23.00298493810206,26.176933197525894,110.20493670488938,0.635922192997826,0.0,13.713343526644758,21.49989417659814,0.1955592099581824,1,7.278173764176005,0.07588670706607152,0.029836236490023642,1,1,4
2025-04-29 02:00:00,29.082069838415503,23.522561023994164,169.3028786288462,1.8632108660908333,0.0,14.178618532587997,25.181419807998406,0.2225977398866255,1,9.258867076278559,0.18229042427262043,0.37804192659003866,2,1,4
2025-04-29 03:00:00,38.434250858904505,33.07178766930131,160.28556182976223,1.9184873524266661,0.0,14.825491950098094,20.171901863966777,0.15721249064974346,1,9.922359038217873,0.3459839473746349,0.3249118019756202,3,1,4
2025-04-29 04:00:00,32.78932109228782,29.36495886523429,151.52257889476593,1.5699982077670769,0.0,15.08796904775869,17.982956796663977,0.21625384474182532,1,4.314802841099218,0.24717935418546227,0.27328021514064593,4,1,4
2025-04-29 05:00:00,37.51725630600619,25.53393196511837,146.92344741054347,2.6633016881647524,0.0,16.15207688335169,22.30528954161626,0.15080128613091726,1,4.984581296074691,0.3299335663244365,0.24618208447502962,5,1,4
2025-04-29 06:00:00,54.052761511096044,43.93123317663381,196.79197584333525,2.1993598312270337,0.0,18.301558183668213,25.09552144951294,1.1606615780523786,1,4.672880332733609,0.6193585782401411,0.5400079740391016,6,1,4
2025-04-29 07:00:00,37.78113687252125,48.17850100921097,192.97547863148696,2.88866395101322,0.13032273667068425,18.494962778705972,17.415741519830377,1.6929716686044776,1,11.523462209739868,0.3345523327401391,0.5175211326677661,7,1,4
2025-04-29 08:00:00,36.777029837992316,35.25727029194435,183.14937605581528,2.2910513364893093,0.25051232681361935,19.111822918069816,16.518511918360307,1.4832202841314746,0,0.0,0.3169772005123239,0.45962563382352806,8,1,4
2025-04-29 09:00:00,43.08970225846238,38.408908012741804,204.9293952687551,2.5319264966636768,0.35163196223240917,18.418058042066175,16.616198103316414,0.15595509840871113,0,0.0,0.4274694574983457,0.5879537341521616,9,1,4
2025-04-29 10:00:00,51.24187211244686,46.17914064855588,178.0750401729799,3.800147476338631,0.43128769308784753,18.47071803283743,18.386442646817343,0.19818611942670117,0,0.0,0.5701588901987169,0.42972759388576665,10,1,4
2025-04-29 11:00:00,42.91096376914406,43.115761186859864,176.59547968907714,4.548553711518336,0.4858401257298025,20.62456263328197,15.924200629534688,0.15627543304705319,0,0.0,0.4243409537871421,0.4210100080854864,11,1,4
2025-04-29 12:00:00,68.16710509413925,46.729610621990886,190.3135547972241,3.4726230098683795,0.4999164388950947,20.65712985151436,20.251064078713522,0.18460322432117043,0,0.0,0.8664054031806453,0.5018370496772646,12,1,4
2025-04-29 13:00:00,43.44854991134751,50.054538828712765,196.0229783024139,3.646976962602745,0.48349877398746804,21.16112618781516,22.934164412410027,0.16573726055311333,0,0.0,0.4337504561690263,0.5354770325087471,13,1,4
2025-04-29 14:00:00,62.034415854680915,41.58082619603178,246.37122957025818,2.83965774597041,0.44056577866212465,18.794365099262183,22.933503713689554,0.1719372465391892,0,0.0,0.7590634360504734,0.8321294540195854,14,1,4
2025-04-29 15:00:00,54.8038301965154,55.82001343859894,179.28903998315562,3.343025676182747,0.35852759878861096,18.701629184292546,22.057750192150813,0.16956056041831147,0,0.0,0.6325047180484427,0.4368804934271323,15,1,4
2025-04-29 16:00:00,49.18603223361928,36.68744241897095,244.43181567502754,3.1114890771079105,0.25404704551833657,16.679957812384476,18.471212676537498,0.18717679249556918,0,0.0,0.5341750194885979,0.8207024071243265,16,1,4
2025-04-29 17:00:00,61.65577368439257,56.403094030567665,210.72070914448497,2.521678672608725,0.13161715497864337,17.213008974644293,22.937408415959066,0.16079083167331723,0,0.0,0.752435969076331,0.622076215900834,17,1,4
2025-04-29 18:00:00,49.06801989288618,41.55962970385351,188.45731043768018,2.0638946268674916,6.22797261157621e-17,17.835170913206493,21.283997568155637,0.20277364499400186,1,13.671640833028436,0.532109420482142,0.49090003855357883,18,1,4
2025-04-29 19:00:00,39.974052525362254,34.21179082582165,171.35518590125864,2.0278318157056825,0.0,15.605221827134892,24.22220057439382,0.19071010137537614,1,8.450279552779522,0.3729354744150773,0.39013414244092537,19,1,4
2025-04-29 20:00:00,58.98650773205939,36.819646082530674,181.18805440920798,1.94409637224011,0.0,15.998224552804507,20.340807156636064,0.23398650434200677,1,9.025103552215027,0.7057151510258238,0.4480695062286998,20,1,4
2025-04-29 21:00:00,34.95735968220359,27.452696567159524,154.16849377762225,1.1409899030311679,0.0,14.555488195944726,17.344535865055004,0.23259250922704733,1,8.406949368401126,0.2851270665134128,0.28886997322251584,21,1,4
2025-04-29 22:00:00,40.088852184782745,27.49662830118338,154.35615939431895,1.8096539878186453,0.0,14.60285581731241,22.14702314272955,0.2324277782240723,1,9.528044288289285,0.374944841070864,0.28997570099310394,22,1,4
2025-04-29 23:00:00,23.393881849682263,20.542631780986678,169.84691818111642,2.1699738509728816,0.0,12.84096594882722,17.22642080873967,0.19696392761347292,1,6.958455993574641,0.08272867178917462,0.381247413305358,23,1,4
2025-04-30 00:00:00,38.576487567346526,28.71757191142597,154.51649127359153,1.226573249083849,0.0,13.981200541415465,25.8630208683863,0.1790788608776261,1,8.851996077043506,0.3484735514432793,0.29092037809774784,0,2,4
2025-04-30 01:00:00,25.783938109483504,16.90055050928266,158.89072919302404,0.8060940900120105,0.0,11.01663036857442,23.27705753478335,0.19154012740996673,1,10.565340065682475,0.12456241396351418,0.31669343353439094,1,2,4
2025-04-30 02:00:00,30.193484007145663,29.56823850772429,154.90815827501854,1.5728447829847494,0.0,14.130120622762572,23.973420053863503,0.2187371738684709,1,6.703462057917686,0.2017437796456994,0.2932280841545304,2,2,4
2025-04-30 03:00:00,43.14878775516306,39.000514673698724,163.63275817842225,1.908415303433251,0.0,13.172845021400942,23.26756251933142,0.20297863564824148,1,6.540032798012647,0.4285036454698978,0.3446335177670959,3,2,4
2025-04-30 04:00:00,28.450421253383418,25.765529215530595,123.67796168418555,1.3283682489593063,0.0,16.640175179171774,17.120257277100645,0.212430410506813,1,5.920659231658608,0.17123452383401902,0.10921944016718578,4,2,4
2025-04-30 05:00:00,31.40949375811162,23.64623760053748,189.27470209615532,2.5721057492920134,0.0,16.944669366673157,21.11023156728151,0.21937177386160653,1,7.124982377372183,0.2230278972035108,0.49571611872922294,5,2,4
2025-04-30 06:00:00,44.241366325754505,46.84597332768101,158.0616359897253,2.5926536514658904,0.0,17.419925045508652,23.127713861308145,1.813772471206923,1,6.40497922202055,0.447627316739097,0.3118084077346203,6,2,4
2025-04-30 07:00:00,53.20636134282793,43.726541145704985,188.15854581029737,3.092757457669966,0.14117854327700888,19.260248763166018,18.575844042556433,1.8329818747123743,1,10.864766718460116,0.604543828055729,0.4891397142534676,7,2,4
2025-04-30 08:00:00,55.59498439434837,44.630844878599945,195.99751467011893,2.4452587596218316,0.2713312553579606,17.523396634956736,23.356648170595626,1.7553524988855083,0,0.0,0.6463524844332572,0.5353270005217259,8,2,4
2025-04-30 09:00:00,60.03198464102362,53.420087884786184,196.64868745431397,2.7026788760641214,0.37859639352826385,20.85052086536422,24.768899177785485,0.15650614965109977,0,0.0,0.7240143903343045,0.539163717356751,9,2,4
2025-04-30 10:00:00,62.02404401310575,36.58367724917266,249.58162186058678,3.1720766420183626,0.46206632649393775,20.521625675734782,18.858631031319387,0.24793350046453116,0,0.0,0.7588818951580576,0.8510451188727547,10,2,4
2025-04-30 11:00:00,56.87406122987572,48.92597375741565,178.84494012166738,3.1046365049079014,0.5094405735509272,19.662097071228377,17.955807078597424,0.22036307261702737,0,0.0,0.668740480673593,0.43426385241208965,11,2,4
2025-04-30 12:00:00,47.61579898885356,52.461665328498256,206.24091842010316,3.1616647903402435,0.5260719701986507,21.146008404552976,25.023179768316336,0.21933921491260452,0,0.0,0.5066908410531629,0.5956812422367058,12,2,4
2025-04-30 13:00:00,40.35863538345121,49.50203245253092,177.94109003820472,3.946369820377897,0.5215992861448154,18.811381995051963,15.707148923700233,0.15231059822093668,0,0.0,0.3796669227079731,0.42893835829481497,13,2,4
2025-04-30 14:00:00,52.24760313630627,37.31274712689706,185.00190191808045,3.4502562694430754,0.46675943637193495,18.802966238192802,18.21587562725301,0.1979399921295304,0,0.0,0.5877624475109485,0.4705407355224702,14,2,4
2025-04-30 15:00:00,50.428063107236426,40.41156387884576,241.91794855507703,3.0711288807865205,0.37813475921463335,18.551637352111214,19.683603681926247,0.21264996895156624,0,0.0,0.5559145911519822,0.8058906758385155,15,2,4
2025-04-30 16:00:00,43.480859575461025,51.87405347019271,161.50048085885572,2.5084660175992455,0.26634685113005035,18.019427945916224,22.338419022240654,0.17785094038504035,0,0.0,0.4343159801614936,0.3320701175644351,16,2,4
2025-04-30 17:00:00,53.15897182819837,38.120451358972,248.88102639133118,2.6154401004751167,0.13713918932134375,16.777800442594923,25.616172162031003,0.15832400327884427,0,0.0,0.6037143577331578,0.8469172030619642,17,2,4
2025-04-30 18:00:00,48.033578302387724,39.60499218924261,213.31844832686517,2.9032802389502543,6.546025227776441e-17,18.29047568220351,19.175888547752425,0.20324448611250154,1,10.506427183485227,0.5140033350651717,0.6373821222531136,18,2,4
2025-04-30 19:00:00,35.75686606212039,26.673933633118516,184.72831868722005,2.2062368434627877,0.0,16.04156910860111,25.121149725384054,0.19462945582452093,1,8.675381808711276,0.29912102319414813,0.4689287802732652,19,2,4
2025-04-30 20:00:00,55.77443293522898,40.289323751340525,164.8224996522233,2.4224396468036784,0.0,15.938870001034909,19.196961474791248,0.15440803241385825,1,9.150105435752442,0.6494934163514811,0.3516434869375717,20,2,4
2025-04-30 21:00:00,40.70879713030364,29.25808199678551,137.94645044731965,1.730968056443294,0.0,14.404174065453493,22.66493878875854,0.20194180965915223,1,10.335906712513243,0.3857958898304286,0.19328952475396166,21,2,4
2025-04-30 22:00:00,38.810458308523415,25.185029504965335,193.72500691631004,1.2984459845217944,0.0,12.686643355746096,17.27818280474128,0.16077168367886033,1,11.970564064400653,0.3525687988344629,0.5219373611381607,22,2,4
2025-04-30 23:00:00,30.92306372720226,22.204148615194434,167.822046889117,2.1610946869678576,0.0,14.487076183989695,20.45743479264733,0.19245507755273955,1,5.452912178831977,0.21451379281141983,0.36931685053717206,23,2,4
2025-05-01 00:00:00,29.616522340501085,19.949405782055265,133.46811013530686,1.4927670846099523,0.0,12.212011105585976,24.898371945712228,0.17704129102387567,1,8.515843658164869,0.19164507778129486,0.16690309693463695,0,3,5
2025-05-01 01:00:00,31.429536334114967,20.256506988766038,111.03609960618438,0.8648719040263433,0.0,14.167320667444434,19.22770329266066,0.2470470811377791,1,8.20365636674611,0.22337870733762177,0.03473345697197134,1,3,5
2025-05-01 02:00:00,39.7481732450826,23.742474294847526,127.79779820787124,1.832731388064205,0.0,13.17680338358331,17.055277610982785,0.15347332368777186,1,9.21326904565257,0.3689818538528022,0.13349355992714465,2,3,5
2025-05-01 03:00:00,41.20033685631596,34.09724797746002,119.0724510686502,1.463032513174501,0.0,17.01860905592586,21.596058605602778,0.20600232360909707,1,7.117567415223567,0.39439943047183385,0.08208372359335114,3,3,5
2025-05-01 04:00:00,38.031643453117596,23.48026793943535,166.16518280575593,1.8965352963253452,0.0,16.573471209161774,20.785035783442872,0.16519203221059572,1,4.179714087030415,0.3389370109930746,0.35955459007992946,4,3,5
2025-05-01 05:00:00,34.775368461955196,22.388545576781052,168.3740159979931,2.5719657334971675,0.0,16.50085654506563,18.577817865335643,0.18192941115712613,1,5.580040099549069,0.28194162945324175,0.37256905828270415,5,3,5
2025-05-01 06:00:00,51.231439782565545,49.452858392236074,159.852850185834,3.190682915595107,0.0,18.444714279391235,25.860363681082024,1.2629257286480948,1,6.425505166050732,0.5699762905646109,0.3223622604571995,6,3,5
2025-05-01 07:00:00,37.987174880132564,40.898182829304666,202.3756769568236,3.3374561644950758,0.13372779119574596,17.120592777873348,22.575229125687038,1.8713601597842666,1,11.664072345019301,0.3381586666300547,0.5729071992276235,7,3,5
2025-05-01 08:00:00,57.83749056590199,35.49120108025281,151.26126193251758,2.250183489563428,0.2546830466442479,19.24337131779742,19.795247849676393,1.1492715503349058,0,0.0,0.6856036211462234,0.271740532874018,8,3,5
2025-05-01 09:00:00,63.4952304568789,44.925566731036085,185.7810200669121,2.9183223525169644,0.3636697172509641,19.530459331446295,26.650635841533028,0.20413564591406674,0,0.0,0.7846324330907117,0.47513130778017176,9,3,5
2025-05-01 10:00:00,63.11634120913698,39.577879970778554,221.06203039641207,4.438959650947954,0.448136547021097,20.080857752985047,17.39914090980424,0.2108042714658387,0,0.0,0.7780006414591695,0.6830073885583628,10,3,5
2025-05-01 11:00:00,61.069110336545656,37.15785852766031,163.27428493560677,3.405293882173203,0.5027539219442383,21.39832163163912,24.80541452423728,0.2272167895695553,0,0.0,0.7421674563012368,0.3425213896822031,11,3,5
2025-05-01 12:00:00,51.170521511267594,43.611134333828204,200.97668583306034,3.506923285682398,0.5270231522384848,20.970108229198075,18.171561825730162,0.21259835163317906,0,0.0,0.5689100230887997,0.564664328937477,12,3,5
2025-05-01 13:00:00,38.607637090321916,33.72803427851943,226.47132291323226,3.3456394811399788,0.5097240366976485,20.433539018400456,18.152267632003166,0.17313469067837303,0,0.0,0.3490187692002515,0.7148789964765513,13,3,5
2025-05-01 14:00:00,60.1382994558061,35.257377189809084,205.3483892610726,2.543891736069028,0.4467247629597279,18.199644673813093,20.730932806745678,0.20980388829968577,0,0.0,0.7258752446688769,0.5904224511242419,14,3,5
2025-05-01 15:00:00,52.31876091510952,45.479829971673986,216.47241593314877,2.5130964577826687,0.3673915047420548,18.427144235792785,22.318209726236507,0.24749668766753669,0,0.0,0.589007939603424,0.6559653322794831,15,3,5
2025-05-01 16:00:00,44.57502272668754,45.96214941942815,226.24433233775653,2.9870910137565767,0.26116036533973896,18.652571804742514,22.525613351751453,0.234845176860476,0,0.0,0.45346738673502734,0.7135415656387494,16,3,5
2025-05-01 17:00:00,55.73860323951965,49.222659632155285,194.5781887399963,3.158444304393428,0.1351082093245954,18.154517055908364,15.614774580423362,0.19534971138552024,0,0.0,0.6488662803807933,0.526964317340455,17,3,5
2025-05-01 18:00:00,42.58839990304606,27.17165506510535,160.60143559224682,2.942506517916202,6.3534567824252e-17,16.16388688195638,18.315294020274447,0.19774082177737756,1,13.073889062492817,0.41869503915489653,0.32677293347816827,18,3,5
2025-05-01 19:00:00,40.81547027860297,35.87541850309458,156.0363939468054,2.509923011155881,0.0,18.93870945469072,22.16459697119942,0.16329083976223346,1,12.432850623400713,0.3876630161646224,0.2998756604981448,19,3,5
2025-05-01 20:00:00,48.053381991329616,45.25769962897477,182.43035725987772,2.161040666188398,0.0,17.329279520110482,24.574822573811517,0.20699251228359633,1,10.529872556587616,0.5143499639003293,0.45538916757980547,20,3,5
2025-05-01 21:00:00,39.95791345886754,34.06551327998608,142.0575100222904,1.4039596135790515,0.0,15.80307522994038,22.40026818785943,0.17802433929964515,1,9.20844153552982,0.3726529883673511,0.21751193064056443,21,3,5
2025-05-01 22:00:00,40.86841803806657,24.431293132550284,191.18669377151176,1.8595369345501955,0.0,14.805625924270844,18.32101864056828,0.16081142554246988,1,12.370508646985735,0.3885897738127011,0.5069815936190192,22,3,5
2025-05-01 23:00:00,21.097712468659406,19.42149696884682,177.06634113115183,1.9488462999893084,0.0,14.231063074957621,20.951701407952072,0.19742094054142567,1,5.783898277529798,0.042538254730828375,0.42378432861241905,23,3,5
2025-05-02 00:00:00,30.180779321121356,20.391804401701474,134.38671132711517,1.1158951115785418,0.0,13.398511536413656,22.549552396826734,0.15450712840221625,1,12.142212956954483,0.20152140640349336,0.1723155047361114,0,4,5
2025-05-02 01:00:00,28.382752664622963,24.814961570587045,164.75763127597526,0.8028427111596113,0.0,14.53950972729628,17.276877426723196,0.16201317434298895,1,7.403306098679892,0.170050103892481,0.35126128178825894,1,4,5
2025-05-02 02:00:00,41.546688867052474,20.433628235312057,142.32314812387665,1.812909285447,0.0,15.028855921317508,21.727135847215163,0.17190439858739534,1,8.553935476684822,0.4004617148466462,0.21907707310523303,2,4,5
2025-05-02 03:00:00,36.956706049815544,29.21619689001489,117.26418079293587,1.715388318279568,0.0,14.015467787223002,21.05104003457608,0.2490634616879199,1,8.298797887565655,0.32012211741101654,0.07142937627187182,3,4,5
2025-05-02 04:00:00,31.24754347288041,24.509160663596848,153.6598434084192,2.040814385363898,0.0,16.222090441278393,19.682450328758335,0.23084816002702896,1,3.9733433527913675,0.22019324155486653,0.2858729999428731,4,4,5
2025-05-02 05:00:00,39.11709104699321,29.36284303935668,165.32850726451022,2.049808812323596,0.0,16.465559356884825,22.809940485934458,0.20417583363656533,1,6.916919541981869,0.35793586702407276,0.35462488906590534,5,4,5
2025-05-02 06:00:00,47.03361464390391,41.617018817998165,126.71132627761268,3.4795597030102146,0.0,15.498825694522285,22.964325150077475,1.2994240381735551,1,5.250132302280425,0.496500725366687,0.12709205598413484,6,4,5
2025-05-02 07:00:00,59.855419855211395,34.196300259683596,153.90847781305644,2.757915444771307,0.13987064112522288,17.33205927789435,26.547248166208405,1.5141899166373542,1,7.99901991912438,0.7209239334898493,0.2873379564478004,7,4,5
2025-05-02 08:00:00,55.71319861914143,37.01284086344546,135.48455888507272,2.2076380926538994,0.26836879228647015,18.51173170568348,20.66469489463769,1.6117478145585538,0,0.0,0.648421617066036,0.17878403399615084,8,4,5
2025-05-02 09:00:00,55.58296830217724,55.914796714250926,172.8811196696783,3.248719971455516,0.3845426910704741,21.443691505706038,21.6873858275898,0.15045639170225453,0,0.0,0.6461421638185147,0.3991249601171682,9,4,5
2025-05-02 10:00:00,57.14701412787423,54.697397771249726,183.54453329192486,2.9296969272613147,0.4693257071468539,20.59865528154796,17.610964922813253,0.24878936040816121,0,0.0,0.6735180423371657,0.46195390437945705,10,4,5
2025-05-02 11:00:00,43.36134001675718,48.54892238580414,221.8444757168691,4.310024509001084,0.5264260827773205,19.015660466630067,21.64034335433876,0.21267810005280846,0,0.0,0.43222399994843236,0.6876175645459776,11,4,5
2025-05-02 12:00:00,66.63899293098667,54.82082083969299,182.34218801453295,4.268486392669739,0.5499557919304479,20.948735623025346,16.12890246633619,0.24882464745678942,0,0.0,0.8396584803897512,0.4548696734667892,12,4,5
2025-05-02 13:00:00,55.65854162295889,32.61541317704387,167.26727681855132,4.362550273009971,0.5227908614567903,18.822503761022148,17.216959597207847,0.19690657930981326,0,0.0,0.6474649422275475,0.3660481394961562,13,4,5
2025-05-02 14:00:00,47.28343372294722,35.311083675575,199.71979868426095,3.3789818717223237,0.4703690960209319,21.162124629759624,17.33918558626146,0.21235073505622748,0,0.0,0.5008733701109568,0.5572587367497037,14,4,5
2025-05-02 15:00:00,47.44514225983525,41.51635903059124,254.23327880038633,3.042381245542513,0.38876774043346274,19.14087630082859,22.015709838343465,0.19614607422184394,0,0.0,0.5037037943789303,0.8784527300703764,15,4,5
2025-05-02 16:00:00,61.031984995028246,43.025462874520265,203.81722836997432,4.16965157079577,0.2729042243933216,18.90636381126088,21.259011308711674,0.15094836427772626,0,0.0,0.7415176423235095,0.5814008351866671,16,4,5
2025-05-02 17:00:00,52.08965833557524,51.59185811093327,199.44195511021667,3.345229195581343,0.13969488598927843,19.61156931531403,23.574454736296794,0.23498917160953,0,0.0,0.5849979008420308,0.5556216795140316,17,4,5
2025-05-02 18:00:00,47.749996052217945,35.51512522978299,196.90275628466023,3.008102669410947,6.639145138020188e-17,16.231463633102397,20.135094176685918,0.19490016105023933,1,9.84139013184079,0.5090397252379251,0.540660693554627,18,4,5
2025-05-02 19:00:00,29.08608305569339,24.09609270955616,214.31711147215407,3.0092372142669084,0.0,15.354359682456806,20.259099326500042,0.19709361919267765,1,10.501997035254874,0.1823606686010559,0.6432662559193963,19,4,5
2025-05-02 20:00:00,46.364408941428806,37.78572679562003,178.20224031407145,1.7971110044433758,0.0,15.45363960490155,17.086600903900006,0.18599641393529276,1,7.702956892552024,0.4847874534702048,0.4304770584435442,20,4,5
2025-05-02 21:00:00,42.140647402458896,22.986964070855024,134.9783620783168,1.1034760457688573,0.0,16.46359748947015,23.151907664878426,0.19326564675390112,1,13.520735297603295,0.41085791708270025,0.1758015171320328,21,4,5
2025-05-02 22:00:00,32.778738131151314,29.56927129577993,136.51198396797196,1.5214600888639107,0.0,13.438412863551823,15.600399103638829,0.2225550716635036,1,12.089160618754418,0.24699411801547247,0.18483763329876834,22,4,5
2025-05-02 23:00:00,26.169506035546064,14.95101266775413,128.04028954638437,2.127948672645628,0.0,11.835194354601905,20.086804563608098,0.22006244813591658,1,5.755975108787319,0.13131110414327476,0.13492232142240773,23,4,5
2025-05-03 00:00:00,28.208075373288303,24.23677604283115,145.93048583508866,1.6388980076863777,0.0,14.123256962413809,17.72741345693153,0.23083789556764642,1,9.140610446688788,0.16699268432779937,0.24033154451766636,0,5,5
2025-05-03 01:00:00,28.085417033809758,23.491022190449762,108.13768420172786,0.8540654578093165,0.0,15.237663634376668,23.992549362712904,0.2474667069176325,1,10.039197097112483,0.16484576526334824,0.017655963183711817,1,5,5
2025-05-03 02:00:00,40.965846702248875,21.255593369086032,124.85316259589345,1.2905325164620884,0.0,16.195166442719042,23.092283207300703,0.18911652325229597,1,8.342760069560324,0.39029509166916515,0.11614373619417709,2,5,5
2025-05-03 03:00:00,40.94133581530729,25.216849129187917,148.93966440229983,1.2345849066617482,0.0,15.017775883405259,23.561176733098417,0.18389595178625237,1,9.442350304652146,0.38986607159042275,0.25806165601593467,3,5,5
2025-05-03 04:00:00,39.899241767064744,25.40127233817023,134.79506879471742,2.0827036488035198,0.0,15.700103755594366,17.666995382095536,0.19935250647767214,1,5.805645432083192,0.37162604332463717,0.17472155119364968,4,5,5
2025-05-03 05:00:00,43.631858142139734,21.78807297997357,167.47232949517516,2.279661525019027,0.0,17.998242819491658,23.29627615497519,0.16543895624776314,1,4.581510613943207,0.43695894518845796,0.36725631200515035,5,5,5
2025-05-03 06:00:00,59.89845933464746,42.185528138986,151.29770694854324,3.017414218291714,0.0,15.760322458086101,23.552107380569232,1.6935222090214688,1,6.038511249361636,0.7216772640772203,0.27195526728849634,6,5,5
2025-05-03 07:00:00,58.49207922647415,48.10030863493894,210.29959623284063,3.717020691849693,0.14324154853388477,18.027261529782283,16.140548381299233,1.5608534438198487,1,9.643407976016519,0.6970610473655122,0.6195950142339837,7,5,5
2025-05-03 08:00:00,34.977528837890624,35.233921632896646,221.88206583524828,3.375006041036817,0.2792290558923877,19.339006141332128,19.478331150153426,1.2835055447527182,0,0.0,0.28548009220283976,0.6878390459154642,8,5,5
2025-05-03 09:00:00,67.19438896818042,45.88622225689895,218.89051585392568,3.364674924807569,0.3905239086667892,20.22837446311306,16.94712146220898,0.23640350520056264,0,0.0,0.8493797137411976,0.6702128022290853,9,5,5
2025-05-03 10:00:00,43.62970824079756,55.997603577599506,245.4390528051511,3.616605351443607,0.4802024650468543,19.75535412364304,23.177313719372084,0.21190625173897032,0,0.0,0.4369213149368353,0.8266370587986659,10,5,5
2025-05-03 11:00:00,42.857481367010905,45.77002362820638,177.53924684693223,4.416620212811433,0.5290405107237839,20.608548358858332,18.087922615735895,0.15340393203253894,0,0.0,0.42340483815700675,0.4265706940213438,11,5,5
2025-05-03 12:00:00,47.205030051463226,66.04329482812679,241.57021779260108,3.288899146234821,0.5520192934681091,18.197243828513365,18.52892280990788,0.1696516888715921,0,0.0,0.4995010513779007,0.8038418425598078,12,5,5
2025-05-03 13:00:00,46.62374877964568,33.53269868742988,199.14101941086537,3.8293304306013667,0.5309935253852651,19.934337608182798,16.470329886393902,0.23910934871926035,0,0.0,0.4893267424024251,0.5538485632352417,13,5,5
2025-05-03 14:00:00,53.93660574213496,45.87526318904804,244.78237508372158,2.4426262416105646,0.4764943505075356,20.755626866610157,20.581994152196984,0.18810455564116502,0,0.0,0.6173254752657433,0.8227679068160488,14,5,5
2025-05-03 15:00:00,52.48376093099986,50.99101909323345,204.85125335310255,3.474459292679942,0.38736542452549094,18.852297689639652,15.825840025826627,0.24843515857275805,0,0.0,0.5918959754373972,0.5874933211702588,15,5,5
2025-05-03 16:00:00,38.552622614558274,51.33775876141088,192.0415343648802,4.176407385908871,0.2755447349540171,19.281481071388217,24.120882624370434,0.20297522869609394,0,0.0,0.3480558373087888,0.5120183233095787,16,5,5
2025-05-03 17:00:00,53.43543013636197,36.81936117404895,256.0641722775386,3.948953670163633,0.1422483963057261,18.95504798245809,15.658254325565366,0.17079151469224751,0,0.0,0.6085532754524556,0.8892403735306468,17,5,5
2025-05-03 18:00:00,43.059141202945106,32.24534219000174,170.9885441755838,2.3047788626332038,6.860659391142338e-17,17.3983866643801,16.006806865363288,0.20938945598565542,1,14.035731345542327,0.4269345398319341,0.38797388556984275,18,5,5
2025-05-03 19:00:00,42.81071704622753,24.18675617373622,214.96238485368292,2.529205529282397,0.0,17.144156037416032,21.957401137337314,0.16023509385136764,1,8.782455714554088,0.42258631075599384,0.6470682134123922,19,5,5
2025-05-03 20:00:00,43.10752601623826,47.40573944570522,195.72049468840999,1.7435879051421965,0.0,15.296626385791027,24.854520534217524,0.23075147175000643,1,8.709670664768899,0.42778143111165134,0.5336947959006821,20,5,5
2025-05-03 21:00:00,31.23426492267041,26.636960908487566,152.9775005403956,1.3143200653785994,0.0,15.440632885289707,24.694400644832424,0.21278402091012844,1,12.38264683442065,0.21996082382676652,0.28185262864888283,21,5,5
2025-05-03 22:00:00,30.49279247868695,31.656697538581188,156.66744139938237,1.535722200187461,0.0,15.789906027636121,16.43016655176882,0.24639466197949514,1,11.765109876277926,0.2069826493910062,0.3035937986694057,22,5,5
2025-05-03 23:00:00,22.443824595826293,16.098522563770082,124.63015454855535,2.02495693493465,0.0,15.046159111007897,18.662969559032252,0.21901077906924968,1,4.847399223399344,0.06609958615753476,0.11482977045369264,23,5,5
2025-05-04 00:00:00,34.63064016984375,19.88259451983683,175.97221120843477,1.0648593766811665,0.0,14.2096259127688,21.220886997053924,0.1549150355665491,1,8.165072618255412,0.27940841458321763,0.4173377036979848,0,6,5
2025-05-04 01:00:00,28.891403298063164,19.24055585981764,174.4503689640529,0.7688504824169017,0.0,15.131785650372368,16.128329080882963,0.19764282405352343,1,6.850411436601372,0.17895314095233728,0.40837099332403975,1,6,5
2025-05-04 02:00:00,30.997187350370027,25.7937364564504,156.2724122225952,1.602005656111525,0.0,15.93106583131038,21.554327790202628,0.20313102423893736,1,8.953634887622181,0.21581119680679114,0.3012662826403397,2,6,5
2025-05-04 03:00:00,37.13463205166972,37.52426819341921,166.0605152065991,1.3172152770871122,0.0,13.652452136705172,20.795858802062277,0.24167759658120744,1,6.214564270874573,0.3232363999544315,0.35893788749420463,3,6,5
2025-05-04 04:00:00,31.078503577531308,23.21103796021354,115.02383078119863,1.3392787195279106,0.0,17.491965305626398,22.380469697299294,0.19324667915566363,1,5.406824319871084,0.21723449471775244,0.05822921063993953,4,6,5
2025-05-04 05:00:00,44.91042107621781,33.85274554983308,142.91383591008298,2.419872834299713,0.0,16.72935281880182,25.997767440649476,0.20935135727652596,1,5.301905443385533,0.45933794648541376,0.22255741170136015,5,6,5
2025-05-04 06:00:00,42.470365171013185,35.244015605989084,146.4648891905772,3.002874641586012,0.0,18.276724043723373,19.07715753639823,1.2644670785177792,1,5.662165895170491,0.4166290482280172,0.24348025466106,6,6,5
2025-05-04 07:00:00,56.603787470294094,46.820524754199575,175.15666505778657,3.3078130941865553,0.1438710573024848,19.83410354798373,22.97706585602275,1.3084696055949954,1,10.788210084097972,0.6640098126282444,0.41253249727370234,7,6,5
2025-05-04 08:00:00,51.37945043102725,43.06142259900176,151.5019765206766,2.643994074415659,0.2782606657040681,17.997887126487825,20.681060484716845,1.536440073388786,0,0.0,0.5725669573246137,0.27315882573766637,8,6,5
2025-05-04 09:00:00,41.56336796674816,40.938708468516715,196.38516651817093,2.8282203639982884,0.38565693623239905,19.290597450964526,20.660937266235724,0.2196984563768213,0,0.0,0.4007536532282253,0.537611049252952,9,6,5
2025-05-04 10:00:00,66.43007355984868,35.205861922839084,215.43653655765885,3.1299072323475707,0.46931336621907144,20.197398858140097,22.814758649005572,0.19354607009209912,0,0.0,0.8360017132858091,0.6498619201967585,10,6,5
2025-05-04 11:00:00,62.798662087187246,43.31163984368977,169.99673707801563,3.0439016343431367,0.5297005844978919,20.011044475241857,25.897645285648863,0.19326685647154926,0,0.0,0.7724402257043868,0.38213014780822674,11,6,5
2025-05-04 12:00:00,66.2359249918482,40.87628075110387,175.11709551306248,2.9955756719569284,0.54852662474852,22.64110220547239,24.811830809491298,0.17559942870397674,0,0.0,0.8326034831797425,0.4122993531035496,12,6,5
2025-05-04 13:00:00,48.04619092315886,48.58396850932149,167.85020721663975,4.177448076259286,0.5297088154358943,19.95631205940752,22.326548388452682,0.219813076562159,0,0.0,0.5142240968666225,0.36948277148059716,13,6,5
2025-05-04 14:00:00,52.26823142069656,50.954950282370305,248.69816945865585,2.410390702349688,0.47535217388398354,19.966973078857492,20.350957672813745,0.15054728757107882,0,0.0,0.588123509442919,0.8458398081077757,14,6,5
2025-05-04 15:00:00,48.37181776771009,52.95146110420635,200.16313699325963,2.307855747372349,0.38803191258479797,20.25928591796914,19.86180009419816,0.20127686403081133,0,0.0,0.5199236235635935,0.5598708906895362,15,6,5
2025-05-04 16:00:00,38.803543633391115,48.18647056938378,185.17299995471865,2.7201785928077316,0.27707146443110525,18.240555831039064,23.519716764404848,0.15035647550316522,0,0.0,0.3524477695760437,0.47154884693858384,16,6,5
2025-05-04 17:00:00,63.155789971835375,40.251705980900915,237.24561545246152,3.089143700136494,0.14253542911193498,18.332606508772514,17.626398745882867,0.20934679098254813,0,0.0,0.7786911228489083,0.7783612404739677,17,6,5
2025-05-04 18:00:00,53.13265577756864,28.508920840977254,164.32556900895398,2.2723651402960674,6.772598652835371e-17,18.278403983679326,21.398582077665207,0.15309064915913392,1,9.151634162406168,0.6032537414306853,0.34871556640534584,18,6,5
2025-05-04 19:00:00,31.535805740191574,34.11417241146272,183.42234392553203,2.0893058199189256,0.0,16.860749724357298,20.56785541016915,0.24400670798976387,1,12.517186730643,0.2252387668724541,0.4612339633584576,19,6,5
2025-05-04 20:00:00,55.39931197368589,40.120130573680264,202.03080079666745,1.6177886050568453,0.0,16.385792846486186,22.102863691035033,0.19779537622211818,1,11.379292557451665,0.6429275819594953,0.5708751852955521,20,6,5
2025-05-04 21:00:00,40.75661472560624,30.162390625303274,175.90996258003267,1.777852668021623,0.0,15.337635585749064,17.419624079545574,0.2184022731378799,1,12.845257060457545,0.3866328529542391,0.4169709341302996,21,6,5
2025-05-04 22:00:00,29.14585408092416,29.94354196696733,164.32001147939386,1.891852693767362,0.0,13.88484574794006,22.780981196972,0.2353598474565094,1,12.774400671783825,0.18340685554696817,0.3486828213832227,22,6,5
2025-05-04 23:00:00,23.91319857057182,17.130489771495576,125.73163461872456,2.047321406402736,0.0,15.43030811332601,22.195870825223512,0.17354221141446607,1,7.83448605072294,0.0918183999993063,0.12131970251356361,23,6,5
2025-05-05 00:00:00,31.720394398232713,20.10482927582229,122.16933661797549,1.2291183027068706,0.0,16.770521445861924,17.641534275431077,0.20400539021346634,1,10.532234353401934,0.22846966752474357,0.10033060554486019,0,0,5
2025-05-05 01:00:00,33.11828292746265,24.579386357559077,147.19834497582008,0.740400393679382,0.0,15.145304395793064,20.59717754353917,0.23634495842408937,1,6.99307772215781,0.2529372540430354,0.24780178379632106,1,0,5
2025-05-05 02:00:00,39.44750800158892,24.02991233026176,106.6496802756462,1.6871874975857646,0.0,15.660955891057169,23.147830645210515,0.20377736080092312,1,9.126404674159536,0.36371923619452773,0.008888628534063742,2,0,5
2025-05-05 03:00:00,31.596297278282783,37.23133015048245,167.4527739853914,1.3759774312797748,0.0,16.614254004955185,25.641392495307482,0.18927724962045983,1,7.408887131631438,0.22629756513205965,0.367141090737576,3,0,5
2025-05-05 04:00:00,34.268633249236586,23.855007141245473,134.4912776113595,1.7229056840764718,0.0,15.282600567361976,17.38324096759362,0.18688698076136945,1,4.780394379234956,0.27307211847307244,0.17293161037331517,4,0,5
2025-05-05 05:00:00,41.083887041278324,24.070528055155506,145.39041305185825,2.55241226500831,0.0,18.98706391484571,16.20609648391703,0.188410836009225,1,6.410785163685464,0.3923611807366837,0.2371494300468958,5,0,5
2025-05-05 06:00:00,56.02741957997913,33.76438734620352,140.67458677860802,2.836263933270763,0.0,18.27240636949712,17.900407199308056,1.5865734662508677,1,4.151601715674688,0.6539215037768831,0.2093637324674134,6,0,5
2025-05-05 07:00:00,40.2416729598517,47.89589486876763,201.59784404499862,2.9559932853746904,0.14005841345684836,20.487458636790905,26.738487659666266,1.159245859138373,1,7.2685824849547,0.37761970065916883,0.5683241995997679,7,0,5
2025-05-05 08:00:00,47.128353565174855,39.96383406818719,192.82536655253145,2.6316179654288017,0.2707315145851447,18.85517447979414,24.309004271994276,1.4365371559366542,0,0.0,0.49815896399185366,0.5166366707331642,8,0,5
2025-05-05 09:00:00,65.0837089282225,43.95355846549316,185.58523117301547,3.7079085731225514,0.3898714947393073,22.036648453301577,22.5746458656546,0.20605891287468212,0,0.0,0.8124359622114881,0.4739777175756107,9,0,5
2025-05-05 10:00:00,48.45398489455322,45.9303018673187,208.53087956597412,4.073421522438935,0.4733432310882595,21.47955243871943,17.350763838462118,0.2286380787433655,0,0.0,0.5213618149808313,0.6091737171883078,10,0,5
2025-05-05 11:00:00,53.57767072604763,47.593519109096626,195.8257054868093,4.33949906262901,0.5172807388495281,21.566188673821443,20.242458706515123,0.2029993745607962,0,0.0,0.6110429474554614,0.5343146990220082,11,0,5
2025-05-05 12:00:00,69.9357815482971,46.01414192179628,210.94731023415457,3.333408112871876,0.5345516626181146,21.358441764192868,23.260008115540543,0.24261727351144868,0,0.0,0.8973629818860177,0.6234113518842045,12,0,5
2025-05-05 13:00:00,40.07755152968816,38.00836983544384,203.07359563458294,4.100209811687777,0.5168776326296195,20.78270819168361,25.001758590720403,0.19437729923703895,0,0.0,0.3747470429271218,0.577019343355004,13,0,5
2025-05-05 14:00:00,60.00698518638758,37.224901846332344,210.17422736319187,3.941333285563296,0.463146790562824,21.941105037430795,19.52391626812713,0.21507941511563514,0,0.0,0.7235768187351197,0.6188563395466439,14,0,5
2025-05-05 15:00:00,49.96885699007403,44.732799626541144,198.41054332020045,3.272158985891448,0.3807804359854267,20.41321102873581,25.804856796762657,0.15175811127941907,0,0.0,0.5478769936136512,0.5495445904915067,15,0,5
2025-05-05 16:00:00,37.943485861173755,43.29307925321402,169.3132420033162,3.1897764503615025,0.26754483025401643,17.693490565829894,16.862218982306555,0.17384480673905106,0,0.0,0.33739396699276475,0.378102987700487,16,0,5
2025-05-05 17:00:00,46.88406477180356,38.69020580441671,160.10252460110672,3.694412403084457,0.1375025103825847,17.828856198826028,19.357167136021964,0.23154573463985903,0,0.0,0.49388311719700656,0.3238333447156365,17,0,5
2025-05-05 18:00:00,35.24095008067326,34.2977278190657,167.41062042677385,2.6138439302232386,6.496441519384318e-17,17.992760825917227,24.347823953379613,0.20862150551551012,1,14.022763831972457,0.2900908189623551,0.3668927215306165,18,0,5
2025-05-05 19:00:00,30.20633266216237,27.94055557590796,166.71454110905145,2.960775015240351,0.0,17.721165271287234,22.054949146330404,0.24461730610306096,1,9.976585391336773,0.20196867281256597,0.3627914149317547,19,0,5
2025-05-05 20:00:00,53.117014122860496,34.797994872967,215.14246745307142,2.22257838507926,0.0,16.640047567645226,23.76432592981605,0.22528764373162868,1,10.828807043064025,0.60297996170372,0.6481292619659232,20,0,5
2025-05-05 21:00:00,31.169618202777322,34.543303593801156,179.08375169232642,1.6546990093261171,0.0,17.303294919054395,24.85624818242492,0.1949663858250289,1,11.07150571405248,0.21882929639876822,0.4356709326767831,21,0,5
2025-05-05 22:00:00,42.28056635383191,20.669912476836664,196.66377356991927,1.7005578579709366,0.0,13.665470592229118,20.8259076033819,0.22787112680783533,1,9.402543401275155,0.4133069528796774,0.5392526049072182,22,0,5
2025-05-05 23:00:00,25.090496502384426,19.22548640152574,139.55168202094924,1.4346492191233922,0.0,15.469459093952533,18.10259868404223,0.19677867816240116,1,7.084408250811928,0.11242493507138343,0.20274756592543336,23,0,5
2025-05-06 00:00:00,32.336410698361334,20.470263671705798,138.2173518893696,1.3926445805183534,0.0,13.414665148883632,23.03392250315566,0.18301688714215955,1,9.066652058535167,0.23925195223837384,0.19488567887552943,0,1,5
2025-05-06 01:00:00,28.34564687601815,25.055835288297594,156.89545107273597,0.6319169598658455,0.0,16.103570693478886,21.800053649844482,0.15470960719829646,1,6.805933714801203,0.16940063215418882,0.3049372340425313,1,1,5
2025-05-06 02:00:00,36.99942889339549,29.69288124610275,145.45314543438215,1.5171356353121868,0.0,15.558088213666553,24.146897800540074,0.23656233638198731,1,9.545043465693789,0.32086990584317115,0.23751904989891132,2,1,5
2025-05-06 03:00:00,38.67897973991512,30.424090997731586,143.33357238922446,1.7021573896843307,0.0,16.557895785912045,21.47861853232344,0.19189417358894448,1,7.1437733520833975,0.35026749713160343,0.22503050341354988,3,1,5
2025-05-06 04:00:00,27.053194673379977,28.60433473180739,150.85093999723608,1.6301116835524483,0.0,15.904701965607646,24.767039655179666,0.21851702850244215,1,4.675464008899661,0.14677852357574098,0.2693229117524278,4,1,5
2025-05-06 05:00:00,43.235012708538385,24.531649369854993,158.09805386046082,1.7816242531335171,0.0,18.780567237442018,25.80122617641476,0.16530594852976505,1,6.851966674653146,0.4300128620223138,0.3120229822087663,5,1,5
2025-05-06 06:00:00,47.25897115087983,33.13928312834528,181.25923393636248,2.625691172135399,0.0,19.328254361572906,24.183017536513272,1.7467217677138134,1,4.268760894487941,0.5004451956993328,0.4484888967449671,6,1,5
2025-05-06 07:00:00,38.43496739133227,38.75942389161739,183.90456405807865,2.4221616746677292,0.14772224767749775,19.655497129169067,24.100180230480202,1.7431503345290174,1,10.706915594519858,0.34599648901783675,0.4640752094081013,7,1,5
2025-05-06 08:00:00,47.218185594512946,35.47194589353554,221.15828238138613,3.247836934279542,0.28052282658271366,19.674940169621767,22.367377831036073,1.4866106971873447,0,0.0,0.49973131608144,0.6835745062575632,8,1,5
2025-05-06 09:00:00,59.280516547257,43.78635344634337,232.988260640672,3.7176785570406237,0.3984275567599406,21.014592498665756,21.050781486428278,0.21721447081076867,0,0.0,0.7108612595835291,0.7532768615264352,9,1,5
2025-05-06 10:00:00,47.30996262841796,43.182995836893696,192.19228496782296,4.1960055390422895,0.4853703670683428,20.213551689584126,26.27124385360507,0.2021453841882812,0,0.0,0.5013377120640298,0.5129065474341722,10,1,5
2025-05-06 11:00:00,64.02046597265785,44.377623353883166,159.9334322802194,3.0237540084646186,0.5437573242477881,22.084650078988915,22.662480581531547,0.20522659720690398,0,0.0,0.7938257594225906,0.3228370509976429,11,1,5
2025-05-06 12:00:00,65.85128521917424,58.46373904533149,162.16931336807457,2.7245646246981154,0.5643385401668783,22.98974244417959,24.5737432733663,0.23888015671887539,0,0.0,0.8258710386968764,0.3360108856834593,12,1,5
2025-05-06 13:00:00,54.22472188186303,35.325242877703715,177.4450950567748,4.330310690683414,0.547674339914082,22.31758990672673,20.92703528725565,0.2466915731340608,0,0.0,0.6223684428763269,0.4260159506919042,13,1,5
2025-05-06 14:00:00,48.85070662684734,31.537863151936214,173.2387138787905,2.603845003652396,0.49526937208624483,20.226611632121664,21.31915027617129,0.1867498943103333,0,0.0,0.5283057329725902,0.40123190892631455,14,1,5
2025-05-06 15:00:00,67.92294254908472,47.13135855552096,204.79359738325962,3.2439226524188265,0.40906430318071546,20.849807274177433,22.32798637404014,0.18317331262437675,0,0.0,0.8621317661411176,0.5871536115946974,15,1,5
2025-05-06 16:00:00,44.835930210444715,42.16191162352433,166.65529093006262,3.837721703072231,0.2937332770079825,18.582855487833154,22.917304129599763,0.18038074360795062,0,0.0,0.4580341145524558,0.36244231225928086,16,1,5
2025-05-06 17:00:00,56.172052930687215,36.07073450627731,221.2930857401613,3.1335817727168345,0.1514914772309305,19.733767587208067,19.987243503747422,0.22707587938091672,0,0.0,0.6564530568641883,0.6843687690532204,17,1,5
2025-05-06 18:00:00,40.10871141376791,29.5934671365718,169.01742259952772,2.535985110261667,7.10851071245251e-17,18.844442349015118,19.027228015417,0.22228974596306106,1,10.793972757440383,0.37529244203705026,0.3763600166885069,18,1,5
2025-05-06 19:00:00,42.58224178836801,29.78439244966812,191.68193028369836,2.1510009943212154,0.0,15.756479938447633,17.843871529397887,0.15438000760492587,1,9.798730122319762,0.41858725216006526,0.5098995323132388,19,1,5
2025-05-06 20:00:00,37.49212074023342,33.79939476264197,144.27709043703615,2.4338891154982765,0.0,15.749879723630297,19.781795488963237,0.15884408907057557,1,10.436757039521568,0.32949361233857016,0.23058972159043378,20,1,5
2025-05-06 21:00:00,28.11294452657305,32.87181129038703,197.44640364304504,1.3134552888523388,0.0,16.016110154030894,17.665491078156766,0.2146204900306471,1,12.334841095353156,0.16532758573524844,0.5438638694594836,21,1,5
2025-05-06 22:00:00,40.12930158111487,21.979031915482125,182.39670625546526,1.3477845216172437,0.0,15.530534930586988,19.886402074952123,0.1774958624223929,1,11.33609123550703,0.3756528367970427,0.4551908955108885,22,1,5
2025-05-06 23:00:00,24.067980749523723,13.637780372816222,143.10489176208142,1.8251923647819963,0.0,14.331113632917361,24.780272690367788,0.15915803160649503,1,5.769376569820645,0.09452759052187372,0.22368311477370004,23,1,5
2025-05-07 00:00:00,30.37457646501198,23.809259844624066,175.20069864409166,1.1859676349788328,0.0,15.836239593475964,26.009236906682542,0.19136637118025834,1,10.97042792291696,0.2049134854469875,0.41279194362340216,0,2,5
2025-05-07 01:00:00,30.884413610634642,26.626311029311136,119.14782236583142,0.8877716128563011,0.0,15.80984546534085,21.943969078891737,0.23774828292624914,1,6.571878643399159,0.2138372903212097,0.08252781206232845,1,2,5
2025-05-07 02:00:00,37.15656183125036,26.24509751914223,161.97556936491256,1.569769601563294,0.0,15.672688112729888,17.48880716546231,0.18663117835134724,1,10.629860332697568,0.3236202422766172,0.33486934399643115,2,2,5
2025-05-07 03:00:00,33.70485453661641,29.664907754954488,144.60409707553274,1.265470300888785,0.0,15.596801378217808,20.580080506794747,0.2195630038783384,1,7.803804918081342,0.2632041610932345,0.23251644811454023,3,2,5
2025-05-07 04:00:00,27.997230448851713,18.67415656676972,132.9729497987991,1.3297485603646997,0.0,18.031495754738398,22.526916276422124,0.2400574869576131,1,4.67173324991121,0.1633022137911845,0.16398560706831145,4,2,5
2025-05-07 05:00:00,44.65146668099065,27.826616490974814,120.18623692403872,1.942179869994822,0.0,19.37060964843396,20.094860115146105,0.16693130813439022,1,6.793424807587326,0.45480540405658165,0.08864616146806134,5,2,5
2025-05-07 06:00:00,51.21117162280543,34.48091329175657,133.70489011262006,2.298884704624853,0.0,18.01696486052026,18.330428867570493,1.5822762988814398,1,4.761092805808792,0.5696215319825582,0.16829820703015094,6,2,5
2025-05-07 07:00:00,46.15397330617047,45.84322228697384,200.42655761747963,2.8008240494346945,0.1484188630879627,18.673678863053084,18.548650881915382,1.8057444315584044,1,11.805228633395885,0.4811041468226773,0.5614229677544386,7,2,5
2025-05-07 08:00:00,53.54869537743991,40.120218903073955,189.61974676725438,3.3228512639630843,0.28464541578885416,20.509454233106904,21.153621475440197,1.2700598207918348,0,0.0,0.6105357848068433,0.49774912552952705,8,2,5
2025-05-07 09:00:00,55.90734850027796,40.736799708561136,165.3304685292052,2.5350912350125103,0.4038496001517269,20.290391072006386,18.325925899238154,0.24887126137883722,0,0.0,0.6518198701562458,0.3546364448579406,9,2,5
2025-05-07 10:00:00,46.40618170849759,36.17220594783603,199.58528774555646,2.9619899510788503,0.4914937408534832,20.994628272531727,18.588678600819524,0.18650835298469134,0,0.0,0.48551861247966244,0.5564661968961524,10,2,5
2025-05-07 11:00:00,47.49992183533065,52.3625477274363,167.44354452974824,3.5623255350085063,0.5485237314562935,22.1822246546778,25.070933767071086,0.1717525810204409,0,0.0,0.5046626147532611,0.3670867106886801,11,2,5
2025-05-07 12:00:00,57.568444586248525,55.168410803731255,171.58858853887355,3.651080726815518,0.5601936222686926,19.644278302869516,23.930133344948768,0.23378194514832967,0,0.0,0.680894443234737,0.3915093532157175,12,2,5
2025-05-07 13:00:00,59.50902048558402,47.39752535926771,263.21325986019,4.077051060155056,0.5362925710074085,22.778550159885807,16.2301501655887,0.19679089853213133,0,0.0,0.7148608201807297,0.9313628721196114,13,2,5
2025-05-07 14:00:00,39.71097623752615,36.54762543445365,215.36419181892,3.882779981476421,0.4858843780904124,21.242058652590373,18.88433357435033,0.2170678179455035,0,0.0,0.3683307854867785,0.6494356642416851,14,2,5
2025-05-07 15:00:00,47.41322447261301,50.99678630587427,203.50375968305914,2.858252696785012,0.39180993103610134,20.28995626705614,20.97609966945045,0.19896072140755522,0,0.0,0.5031451295040115,0.5795538744144545,15,2,5
2025-05-07 16:00:00,60.47787342603313,35.02898471314814,262.83563274931726,2.6847613003387703,0.2795515962177425,19.99971765085583,16.048509033182658,0.21435277979376846,0,0.0,0.731818891334657,0.9291378892443851,16,2,5
2025-05-07 17:00:00,43.844596841633155,41.42897885342084,197.765986221065,2.7565794586463936,0.1440895306633994,19.336656613753178,22.396102884207842,0.15353688149969005,0,0.0,0.44068256293536917,0.5457468533418423,17,2,5
2025-05-07 18:00:00,47.21610781206301,39.06195041663358,183.62421280535804,2.214754549985855,6.709870627964428e-17,16.875382715119944,19.315562767443453,0.18501802265324852,1,12.271778023624234,0.49969494814451443,0.46242337690351776,18,2,5
2025-05-07 19:00:00,32.50400966402951,34.46206586996207,168.74640716018678,2.8467368191097218,0.0,19.333874578108524,19.46224062558656,0.21573118593020413,1,11.978117230156395,0.2421854781291123,0.3747631908937119,19,2,5
2025-05-07 20:00:00,51.01036860104316,35.47839913676742,185.85565386723857,2.1959265013575147,0.0,17.165524153357186,18.153732763000555,0.18507805820453044,1,8.226174411019477,0.566106827336681,0.47557105090999013,20,2,5
2025-05-07 21:00:00,34.245302397777174,31.783115121491903,174.60183602637977,1.2458101380694158,0.0,16.95468090629365,18.93205852798057,0.22757546200942938,1,9.642006826359287,0.272663752845419,0.40926343883479566,21,2,5
2025-05-07 22:00:00,27.81395162244126,28.605214698383723,121.29553407975692,1.8349659212962623,0.0,16.99526883561444,24.502532683256266,0.24608845089316642,1,9.991455893395313,0.16009423944387433,0.09518215187750496,22,2,5
2025-05-07 23:00:00,25.912110247264465,16.58538593292865,163.40256762878428,2.125953263648535,0.0,14.73164705109728,23.88224773243332,0.15374114478555534,1,4.788393499922208,0.1268058423949054,0.3432772326481601,23,2,5
2025-05-08 00:00:00,36.014402112401505,29.05180979127429,166.31299761475515,1.6713826342510507,0.0,16.132846147311138,25.575604910117836,0.23553181552450472,1,12.115897711322747,0.3036287399827705,0.36042551647599247,0,3,5
2025-05-08 01:00:00,31.950454609427098,21.518442540281683,149.55951283782616,0.7206312542119948,0.0,15.50273848436048,23.23175810356871,0.16690640174967641,1,7.906759636872496,0.2324964679484626,0.2617138094619478,1,3,5
2025-05-08 02:00:00,36.06198047940596,26.421891025748966,165.89216967988264,1.2726715365312518,0.0,16.925629964421177,22.077387478413765,0.24173370942145614,1,6.786825212696232,0.30446151583487785,0.3579459938952536,2,3,5
2025-05-08 03:00:00,39.62922167150978,31.930566695645425,125.55974366594542,1.2317969268036641,0.0,14.43716151914348,18.78318652195903,0.24467927460984523,1,9.480306618157295,0.36689981522309606,0.12030691922727889,3,3,5
2025-05-08 04:00:00,33.5460971948241,24.039928324399018,122.97220333963176,1.6121516853454207,0.0,17.095384396860847,23.221118803531795,0.20691796046171995,1,6.389120979122567,0.2604253923184044,0.1050611046412988,4,3,5
2025-05-08 05:00:00,38.79317136777662,32.915855222639934,166.68082363794255,2.2890667457841536,0.0,17.323965847097664,25.84570248789046,0.1979012121488113,1,6.177054585999011,0.3522662212615632,0.36259275124036916,5,3,5
2025-05-08 06:00:00,53.676443498681834,36.263861830081474,135.0847281760262,3.3265060040299477,0.0,19.144267052441137,16.868530173817664,1.6938749214818278,1,4.845699390922579,0.6127717915725315,0.1764282272889416,6,3,5
2025-05-08 07:00:00,52.61904473976359,32.798929584543416,134.96327423301634,2.731153823983208,0.14342933023495166,19.967261406123693,20.871452859270928,1.8135161338957975,1,9.047164514488387,0.5942638811939986,0.1757126193901837,7,3,5
2025-05-08 08:00:00,48.55791592882293,45.83629922205973,143.69535616856956,3.0289440462412984,0.2813862819230539,19.521885683785758,17.67538455538972,1.2993345540467423,0,0.0,0.5231809454191721,0.22716213721419812,8,3,5
2025-05-08 09:00:00,45.71175353052477,53.65584407604024,215.89748314698366,3.724940768360875,0.39964988707946636,20.14740506216813,24.66993619611239,0.18824414418035254,0,0.0,0.47336386539503633,0.6525778223078949,9,3,5
2025-05-08 10:00:00,45.578961350037595,43.035472586705104,152.87373016681042,3.2186282766442718,0.4817950751646508,21.234411934273794,22.462293828318753,0.19175359949048806,0,0.0,0.47103957122058426,0.2812412125255827,10,3,5
2025-05-08 11:00:00,48.98855911369378,39.13692431949527,186.35784284815864,3.491668624469726,0.5420195908552052,20.756874351741835,25.14029246967713,0.234582124721472,0,0.0,0.5307185989330363,0.47852995362248896,11,3,5
2025-05-08 12:00:00,73.43515700286078,57.551090928977466,174.84511326520567,3.85702673741321,0.5593540720965328,22.606456299877657,16.412551286424904,0.16369170210042921,0,0.0,0.9586134105891492,0.41069683086289704,12,3,5
2025-05-08 13:00:00,56.97471276887917,31.949328086814113,246.5034321470538,4.010844538550122,0.5404682990917041,21.3017718781115,25.104509901412502,0.21230441822561943,0,0.0,0.6705022093002116,0.8329083929806974,13,3,5
2025-05-08 14:00:00,52.20881506951535,39.95264666919714,220.38423941302824,3.9446352466715955,0.48612743529767066,18.473014073529523,16.25966491714272,0.18509413035378325,0,0.0,0.5870835304440728,0.6790138370161379,14,3,5
2025-05-08 15:00:00,48.338325056107266,37.5657517707079,186.441900698858,3.512769039021357,0.39501896580381984,20.537144332293046,18.453853862900406,0.23855141253543272,0,0.0,0.519337392400136,0.47902522335538017,15,3,5
2025-05-08 16:00:00,40.7091990062464,45.3997227511264,241.51524102232136,3.8821886849839835,0.2851491704169481,19.260817665934173,17.031169942391983,0.18397908784523714,0,0.0,0.38580292396383314,0.803517918856012,16,3,5
2025-05-08 17:00:00,64.85193890273061,35.31104697996374,234.35797419776858,3.5268360297943526,0.14570739569090482,17.95325372112934,16.879219346133127,0.24779462848267683,0,0.0,0.8083792344878593,0.76134722808847,17,3,5
2025-05-08 18:00:00,53.04799598937812,38.567445123596926,202.3022647068651,2.0056261790462324,6.916734334184093e-17,17.579352146164585,17.134616454284796,0.1515632109013897,1,9.052879690125927,0.6017719203492057,0.5724746534853116,18,3,5
2025-05-08 19:00:00,30.55367252433937,32.20405730385975,169.01895575759178,2.875556097235153,0.0,18.15843196813811,20.314101757585124,0.173955362269668,1,9.024120531027565,0.208048247793948,0.37636905007180843,19,3,5
2025-05-08 20:00:00,55.64543125435199,38.716962745414904,187.76493893359992,2.4456606498683846,0.0,18.662818766731462,23.49122507871366,0.19573209132433972,1,10.744688156435332,0.6472354682233844,0.4868205784313623,20,3,5
2025-05-08 21:00:00,35.400829244288,23.15804354939137,206.42083032976845,1.3782727249338813,0.0,17.03473483082841,24.757951856907695,0.1756324582984197,1,13.053927221550573,0.29288922326027916,0.5967412850846078,21,3,5
2025-05-08 22:00:00,31.67413361816384,21.034630090774044,124.13091101009752,1.4229884693245054,0.0,15.646979313691789,21.443852593898843,0.22373935111403975,1,12.602869913056223,0.2276599537206233,0.11188822231889688,22,3,5
2025-05-08 23:00:00,27.86104117228886,16.267952517442023,134.0370418247053,1.8225593101268025,0.0,16.418369288530425,17.29912693261055,0.23145514690690874,1,6.415818302772574,0.16091845940913746,0.17025524838149553,23,3,5
2025-05-09 00:00:00,34.88081687432941,24.024947074065416,129.73065422168645,1.7233086010800407,0.0,15.409831362734684,16.581502061608944,0.21975079945422468,1,12.74098791889825,0.2837873189335066,0.1448819677167171,0,4,5
2025-05-09 01:00:00,33.412334690210926,22.94262379266538,150.67961086982146,0.6296200391567162,0.0,15.28521836294568,21.067390686559268,0.24703984833089404,1,6.983725823044771,0.25808411432227607,0.2683134387470496,1,4,5
2025-05-09 02:00:00,26.566449468141794,18.464296958518908,150.5815077663363,1.720712172522333,0.0,15.133827302245347,24.069664994930783,0.19560380015360262,1,9.43133436655886,0.13825890260990503,0.26773541423827807,2,4,5
2025-05-09 03:00:00,36.03054458165257,35.37753815498783,120.60490338951892,1.7776041477201532,0.0,15.02178243074829,22.636486114048314,0.24797697953768588,1,8.809096780527094,0.3039112855897774,0.09111294864860055,3,4,5
2025-05-09 04:00:00,30.22124656841159,27.2406885406473,124.72531952911812,1.941916008766795,0.0,17.013668697642792,22.32014206954756,0.16246106304498992,1,4.021145666165832,0.20222971457937944,0.11539048351156617,4,4,5
2025-05-09 05:00:00,33.23683842790408,27.260107471857108,184.19902849899134,2.452145194136391,0.0,18.293845001416678,16.62948052576565,0.23459446542530193,1,5.1292069718047895,0.25501236010737094,0.4658101969646875,5,4,5
2025-05-09 06:00:00,49.07455236511223,37.24793681072355,180.50390541302488,3.4000436406043537,0.0,18.824276634396472,20.549112925631327,1.1538309666433422,1,6.392020898928234,0.5322237599491505,0.4440384932087591,6,4,5
2025-05-09 07:00:00,43.53867735692963,49.995934321566146,206.48356568993515,2.5253121473237288,0.14918021281573676,19.290037579933582,22.0241603091942,1.5239374248212707,1,10.679415565176468,0.43532797900174314,0.5971109224809257,7,4,5
2025-05-09 08:00:00,45.24086179311847,44.00277298827899,209.66966893464283,2.485299280735502,0.284677950655364,19.49244378614515,22.48635481475351,1.488353709657796,0,0.0,0.46512173157333286,0.6158834760240061,8,4,5
2025-05-09 09:00:00,51.56261555010364,57.307914797354734,181.03670541021657,2.9415120242569808,0.4085296948145039,21.676394258014795,16.066499649253306,0.23562996167322736,0,0.0,0.5757729414245071,0.4471777563483476,9,4,5
2025-05-09 10:00:00,59.55891918850626,43.15929108910789,162.1907636845168,2.744743988202,0.4986871376802992,20.236405287321375,18.057771625000786,0.22007324402289807,0,0.0,0.7157342094427283,0.3361372711716248,10,4,5
2025-05-09 11:00:00,58.54224907919248,55.88772248737433,221.77592306027512,3.6962315620473833,0.5541243566443587,22.637895054544725,25.881265933871155,0.1941056520246657,0,0.0,0.6979391826290384,0.6872136515784462,11,4,5
2025-05-09 12:00:00,65.36125206801371,41.992782123949056,198.756621753126,2.95285888816616,0.5766459611748308,20.97049669716202,21.090760301927467,0.23956715540147,0,0.0,0.8172938680054075,0.5515836882272729,12,4,5
2025-05-09 13:00:00,43.13545089403401,38.68227059387249,210.4831825124493,4.00812373049156,0.5636635481070573,21.126675395756624,22.9956569778728,0.23858693971585213,0,0.0,0.42827020711144914,0.620676706507909,13,4,5
2025-05-09 14:00:00,46.426443279965184,40.81699993882917,211.8467715038464,3.070942786107228,0.5058979052877065,20.121238992598013,18.759937346537104,0.15247318333280954,0,0.0,0.4858732557452116,0.6287109870649742,14,4,5
2025-05-09 15:00:00,41.96815107594421,45.975241223865034,266.35671052628976,3.295298894229178,0.4131959440955278,20.61847636118506,21.5277607573046,0.2371018579223362,0,0.0,0.40783867148132846,0.949884116224745,15,4,5
2025-05-09 16:00:00,40.64559598895256,45.98809458208671,168.3711119286034,2.9987710078190917,0.2902490131960991,21.482476186242682,19.090969448477814,0.2026585356650683,0,0.0,0.38468966471896415,0.37255194747557585,16,4,5
2025-05-09 17:00:00,47.71933255042956,38.61738063302164,176.32344155203052,2.625310845979358,0.15193664805165477,20.307849880945266,18.434135979813124,0.23389608326644773,0,0.0,0.5085030144292497,0.41940715654514465,17,4,5
2025-05-09 18:00:00,34.70802554972752,42.86415993393871,210.79428710149423,2.0223583202432556,7.194333324504863e-17,20.002783060402002,19.59182930088078,0.16813235960461737,1,12.765494029746224,0.28076290990810604,0.6225097379908169,18,4,5
2025-05-09 19:00:00,39.88534020405967,30.40445268462836,226.877465657186,2.120969613172759,0.0,18.778638007508967,20.10493115321207,0.1651095519379252,1,11.358886988376682,0.3713827208504529,0.717271993759257,19,4,5
2025-05-09 20:00:00,60.512153547220706,46.84294106001497,217.61483866829917,1.6220729353909435,0.0,16.437869769768877,18.83059766821682,0.2222203145702952,1,9.681586986261316,0.7324189047216162,0.6626964989483808,20,4,5
2025-05-09 21:00:00,29.11171992174042,20.77483987221423,174.62578463834558,1.2542237044813647,0.0,16.598012380319677,18.148119316224182,0.17753576951900943,1,10.123929381062473,0.18280939696883866,0.4094045443062387,21,4,5
2025-05-09 22:00:00,40.3093688768293,27.97782043909947,122.76489750675174,1.631198077529896,0.0,15.68042430171909,22.034636409145577,0.20588405515052652,1,12.770919682134608,0.37880459893320867,0.10383965651214686,22,4,5
2025-05-09 23:00:00,20.142831826776515,17.157615801008816,141.3141768520476,1.5827221809098408,0.0,17.500070101006976,19.625998658216695,0.21888155387944344,1,5.580942303251741,0.025824744152998427,0.21313220384988082,23,4,5
2025-05-10 00:00:00,35.79781299593763,24.512637442588833,175.79957472471935,1.292905786748104,0.0,14.879052398306422,17.869173321095154,0.21104075089729524,1,8.626145342407696,0.29983772744122006,0.4163205277356489,0,5,5
2025-05-10 01:00:00,31.406558575168592,24.030698765532883,141.35901486206842,0.6303921112532289,0.0,17.08032495499614,23.858988078037132,0.21989654734107647,1,9.353177391658189,0.22297652197501164,0.21339638987250234,1,5,5
2025-05-10 02:00:00,40.545314026224254,21.242724439549313,155.8629295428439,1.8635245512658596,0.0,17.387841429409573,23.62725429807917,0.21203572827750508,1,8.860683343398602,0.3829344048767287,0.2988536064210853,2,5,5
2025-05-10 03:00:00,31.976110435143593,27.27878841267175,125.04921551019731,1.2580643768163162,0.0,18.809817977025315,25.48349961033387,0.18791280311647604,1,7.045085012849333,0.23294552817200012,0.1172988820097308,3,5,5
2025-05-10 04:00:00,30.15692116969724,27.121221223744442,110.83673178504681,1.568522157523204,0.0,17.200381192088223,22.02262436970332,0.15904944156727124,1,6.136648168083446,0.2011038113149511,0.03355877969078496,4,5,5
2025-05-10 05:00:00,28.895969675985878,28.33714399626043,157.6599651319379,2.2299269819254035,0.0,19.054477788075165,19.113789618251868,0.23553451479566023,1,5.140025186852469,0.17903306738750216,0.30944175885184044,5,5,5
2025-05-10 06:00:00,46.744031828369636,35.029973843343534,186.79848035491364,3.191542001045382,0.0,21.408804888265575,25.409857549822764,1.7595061649160852,1,4.081474575178498,0.4914320861689689,0.4811261944073373,6,5,5
2025-05-10 07:00:00,58.88769728998266,42.34833396754249,211.2336033965497,3.0645408706656325,0.14633776854437297,19.294504102470786,19.123071473853887,1.129259296901353,1,7.163799837594288,0.7039856475712424,0.6250981941825537,7,5,5
2025-05-10 08:00:00,53.085241523067346,37.74248277418672,211.19643970549853,2.6815507607120894,0.28934330218559057,19.10917928899016,23.100507554459554,1.7556491232150135,0,0.0,0.6024238380800586,0.6248792253273305,8,5,5
2025-05-10 09:00:00,61.366269575151776,50.57315660958903,195.49174979893957,3.5746253623502118,0.40377147081977477,19.394056034265105,18.047948972899153,0.16509888060746858,0,0.0,0.7473687074942131,0.5323470286265292,9,5,5
2025-05-10 10:00:00,54.169523082795294,34.64539810681809,210.87275888005382,3.8151089114116346,0.5083992217817808,22.47205544419854,22.62248134990538,0.18328626030639367,0,0.0,0.6214022847287672,0.6229720945284078,10,5,5
2025-05-10 11:00:00,66.33447265216321,48.455500559433595,242.04340665206135,3.118216026311167,0.5699712229794324,20.18441124105908,24.73046509386994,0.19133486417031503,0,0.0,0.8343283871005589,0.8066298762542471,11,5,5
2025-05-10 12:00:00,59.16429022316577,55.703149015651924,163.10685616240636,3.223205575536877,0.5871253822719533,21.805976966092942,21.419413053516607,0.21796308488782046,0,0.0,0.7088269216653462,0.3415348976045286,12,5,5
2025-05-10 13:00:00,41.59979252112221,45.442308540876574,268.01012319343505,4.465724746241563,0.5716490507545132,22.521894011852506,20.566793062853495,0.1592415485273052,0,0.0,0.4013912011563339,0.9596260409016524,13,5,5
2025-05-10 14:00:00,59.449815965497976,49.61967233399249,223.43433704330548,3.1806052407715653,0.5092608829037006,21.97855769480327,25.86978159121933,0.23266455892134613,0,0.0,0.7138245489136086,0.6969850440607029,14,5,5
2025-05-10 15:00:00,49.099281297416454,45.95902640248082,268.0547138113507,2.8763474436313783,0.4104341811236539,21.75056902442179,15.716612908441716,0.24427477862870042,0,0.0,0.5326565965294691,0.9598887692874105,15,5,5
2025-05-10 16:00:00,39.26221976571717,39.87297848457552,243.02924018408203,2.7584660584964333,0.29092779983111294,20.934586807549064,18.836600076125794,0.24526958686313396,0,0.0,0.36047609065951774,0.8124384177053636,16,5,5
2025-05-10 17:00:00,43.96094358964612,37.04773410562095,172.0758917797805,3.7629263525427894,0.15182126516421673,21.276108296081986,24.81123610254908,0.15918380015189515,0,0.0,0.4427190086630534,0.3943805489928279,17,5,5
2025-05-10 18:00:00,46.760119543533385,33.27108249581089,166.52598146396272,2.023992642039626,7.275474172156078e-17,18.27695261871131,21.962087523157866,0.24193802535702474,1,10.72786577061336,0.49171367340172734,0.3616804195365577,18,5,5
2025-05-10 19:00:00,39.969745046569614,23.242886285045675,176.42331547053902,1.9987120862268788,0.0,17.784295629584527,20.948892767275677,0.2067828897041508,1,9.948734513449923,0.3728600795550217,0.41999561471450014,19,5,5
2025-05-10 20:00:00,42.63688013719049,44.86749969018349,158.75892197422175,1.9472321898979812,0.0,16.97356260952906,21.98293910955168,0.22269285625833538,1,10.090680841695933,0.41954360060922746,0.31591682402669824,20,5,5
2025-05-10 21:00:00,40.50251653818636,31.895829890446365,164.49833927577959,1.4117535405757005,0.0,17.963562917742543,18.808305342231357,0.24305967064992454,1,11.31103886475228,0.38218530992427957,0.349733530619162,21,5,5
2025-05-10 22:00:00,39.48294280203293,25.183300588654237,168.3123096700312,1.9469459226983166,0.0,17.565478459953738,16.30086943096167,0.21609954565914286,1,11.980747095614538,0.36433946021632424,0.37220548395486786,22,5,5
2025-05-10 23:00:00,30.118166541044502,15.786621539459022,146.90478502592825,1.466651783842113,0.0,16.825063791313116,18.524191752363766,0.1956739445679299,1,5.211856448938791,0.2004254795240267,0.24607212551026197,23,5,5
2025-05-11 00:00:00,34.395926308314834,19.78053864819355,113.11985731706005,1.3917395053029138,0.0,17.463564715827477,19.28320904635489,0.20251118333696205,1,10.00911132687388,0.2753001601738587,0.0470109791342543,0,6,5
2025-05-11 01:00:00,33.40344326592076,25.181281074859605,174.98131509454169,0.6906859999343878,0.0,15.212703026545459,20.916690567300314,0.2184503479039147,1,9.980117596967428,0.2579284855374756,0.41149933346168227,1,6,5
2025-05-11 02:00:00,38.02055611511495,29.241482170694265,134.75854939409447,1.7151682438820255,0.0,18.366114818266936,20.122650464548705,0.24446989012558662,1,6.508047783842985,0.3387429465908245,0.17450637850434833,2,6,5
2025-05-11 03:00:00,34.82638806490058,28.26104559406828,166.1774690646142,1.4527655606728693,0.0,18.707325958585237,21.57778944530934,0.23898086980624092,1,8.48631075692663,0.28283463810385473,0.3596269808452457,3,6,5
2025-05-11 04:00:00,30.070234385068403,26.12098638756335,114.39419827362943,1.8228927177378194,0.0,18.549465652782978,18.176066915146908,0.2077067255315992,1,5.917697590082393,0.19958651121658982,0.05451940933941978,4,6,5
2025-05-11 05:00:00,35.93845530156859,24.654232871119174,175.23658834593033,2.1812013628278906,0.0,20.327616612506823,18.089175326730896,0.17110102690779333,1,5.421017295063944,0.3022994242855694,0.4130034061208999,5,6,5
2025-05-11 06:00:00,37.226919668480555,34.85797055042226,133.8723710169044,2.8999643722507855,0.0,17.674078018935013,19.905909134671703,1.3850468435134693,1,6.221242854124925,0.3248517327951194,0.1692850062647155,6,6,5
2025-05-11 07:00:00,43.88991357910713,32.46976890062701,184.86501474496285,3.0422840274627863,0.1524784010434129,19.591131812955815,21.20062459381032,1.3963556236949457,1,10.569090423508083,0.44147575292991187,0.46973419487097706,7,6,5
2025-05-11 08:00:00,45.92723462874216,40.00756155384377,194.56260266295814,2.669315724977857,0.29835058989571694,20.11223613592377,19.73689615930259,1.341880525488994,0,0.0,0.4771354840208756,0.5268724840120117,8,6,5
2025-05-11 09:00:00,44.393004368472496,38.07659962365841,229.3566821180867,3.316850367174236,0.41913519653500714,22.198751237682863,22.1709912490733,0.22467455841016604,0,0.0,0.45028147467235563,0.7318795630006029,9,6,5
2025-05-11 10:00:00,43.33172523791184,34.86927397634942,182.06766803507386,3.4272038943479695,0.5200795060030798,20.912294202615605,19.231314956889978,0.23359876016280012,0,0.0,0.4317056451951977,0.4532521988850721,10,6,5
2025-05-11 11:00:00,54.63857880218791,37.26535710252309,167.56050553026043,4.5564331355102015,0.565772719938948,23.028033701981045,17.718795261008754,0.18198308941764935,0,0.0,0.6296122822758968,0.3677758461233885,11,6,5
2025-05-11 12:00:00,67.70833718942569,47.98105329365506,253.76640477941555,3.5477795920046233,0.5845427409924938,23.751694738775406,24.80969515508936,0.23461259865482453,0,0.0,0.8583754757825158,0.8757019034701694,12,6,5
2025-05-11 13:00:00,58.849678613815996,43.8972780964646,200.2253384422403,4.329730375080278,0.5587184386038205,22.982531668502666,17.74628498223547,0.22344374078796597,0,0.0,0.7033201973375739,0.5602373822755783,13,6,5
2025-05-11 14:00:00,52.04216017924946,35.36017107417397,190.57871679665163,2.762800856098986,0.5089879507370626,22.279766388791586,25.591404419264105,0.1941116479634538,0,0.0,0.5841665289371475,0.5033993869430491,14,6,5
2025-05-11 15:00:00,54.48228131695255,56.55701203308119,217.12937897329908,2.4098560966610543,0.42281580019836584,20.539769185798548,25.678027707523267,0.21986630299108878,0,0.0,0.6268765689749985,0.6598361653629785,15,6,5
2025-05-11 16:00:00,47.61807454952031,38.70370537390479,176.6641186135898,3.144749589840086,0.2923456060350428,20.0678494072019,22.590817879446487,0.22693383112842797,0,0.0,0.5067306707508298,0.4214144293444942,16,6,5
2025-05-11 17:00:00,45.7699228142206,42.340336932594724,187.13960122649533,2.708549321452246,0.15289143579070172,21.449149760632917,20.53756432232376,0.20610311042698537,0,0.0,0.4743820166651658,0.48313608213996695,17,6,5
2025-05-11 18:00:00,36.50606225186734,31.118164771781867,188.52806340646532,2.3459506777301367,7.315113617268243e-17,20.210791222843103,23.528043020523942,0.1943113389276473,1,13.193745818718758,0.3122343882504494,0.4913169157834857,18,6,5
2025-05-11 19:00:00,43.4755355579927,25.989095679240368,169.15272677349145,2.1261338562743766,0.0,18.624329211062843,24.345544066610344,0.1601714446921948,1,11.396915224624404,0.4342227925751394,0.37715723029247766,19,6,5
2025-05-11 20:00:00,47.59831455206944,30.67000480571501,175.5233550668774,2.378270343389022,0.0,17.53025511039028,22.722323213509423,0.15013696711194813,1,8.36352142106436,0.5063848066585787,0.41469303863117546,20,6,5
2025-05-11 21:00:00,41.65075452286082,24.813846779109213,159.8628907585232,1.5074361632999733,0.0,15.309390369192405,16.53826575450144,0.24372513105826418,1,12.891563852214116,0.4022832015988669,0.32242141961618925,21,6,5
2025-05-11 22:00:00,38.2750472763811,30.994047886168143,181.96728248884796,1.56729674864261,0.0,15.795939020533538,15.593499145281008,0.17674847791114992,1,12.821501676366449,0.3431973679386056,0.45266072619987036,22,6,5
2025-05-11 23:00:00,21.07704354532569,19.633451033974595,183.45531742054692,2.0616014668038862,0.0,18.48685345425691,17.655489814142296,0.2162984020583484,1,6.884579951779934,0.04217648148544219,0.4614282435349389,23,6,5
2025-05-12 00:00:00,33.164725830254014,29.03801084993091,116.35428600306788,1.1437721472273161,0.0,15.201095596807765,17.729584903854764,0.24433611585013026,1,10.454078323396564,0.2537501555859319,0.06606826668142166,0,0,5
2025-05-12 01:00:00,28.488279204163828,17.187719941916416,164.21447033006072,0.9569208258952678,0.0,16.781587954112265,17.775300607681665,0.2318291278379082,1,7.891335802764116,0.17189716085174686,0.34806097183074963,1,0,5
2025-05-12 02:00:00,32.464937638319746,24.052678195987635,170.2239845391355,1.544988611811618,0.0,17.90758293538319,21.35383088650338,0.16225828042493745,1,7.923349509448741,0.24150159085948486,0.3834690922189228,2,0,5
2025-05-12 03:00:00,40.46820220417747,27.668481094707108,154.55306094129418,1.2567375008060635,0.0,16.130296837311576,21.567990723982817,0.23019124504453414,1,8.88489265424768,0.38158469770189973,0.29113584696120703,3,0,5
2025-05-12 04:00:00,41.23064606267474,27.345377048630773,181.4385136939392,1.967931795444664,0.0,18.19957010825348,23.823029881846704,0.22263930989760122,1,5.455272808558028,0.39492993996052156,0.449545214946171,4,0,5
2025-05-12 05:00:00,42.01304743716505,34.629796529663935,139.20244299320132,2.326381388036505,0.0,19.684632925261532,18.276284961974092,0.1829397102687232,1,4.767786337651372,0.408624503526987,0.2006898459320146,5,0,5
2025-05-12 06:00:00,58.90751423182941,46.78423674209437,186.4247953267972,2.956227001218787,0.0,19.543983835259965,17.1210945511338,1.6422013487630043,1,4.283265773106671,0.7043325083752513,0.47892443832482,6,0,5
2025-05-12 07:00:00,37.35163696950153,32.77009167279383,184.38131328897143,3.6980861022749645,0.15597889876815485,23.184649791054678,23.267029722413973,1.7444154192373835,1,7.427271625372325,0.3270346903695259,0.466884220848149,7,0,5
2025-05-12 08:00:00,38.16645567226599,34.99015238817359,164.10859084777118,3.404625483384478,0.2978822975317122,19.379490520091828,21.26151669655071,1.3435664316522935,0,0.0,0.34129666240072537,0.3474371288169692,8,0,5
2025-05-12 09:00:00,43.74961968230703,35.27586604902802,209.83312876037368,3.895227310902097,0.4223157900140877,22.736433919193534,23.12932183092612,0.2369029274680798,0,0.0,0.43902015437096537,0.616846583021801,9,0,5
2025-05-12 10:00:00,46.98086100691207,35.510134382112795,200.96218390575578,3.4874570522500563,0.5140534300318398,21.98994987011028,19.982865100431383,0.15788143840640756,0,0.0,0.4955773654919455,0.5645788834305697,10,0,5
2025-05-12 11:00:00,54.04455001085115,36.67704717210387,175.8933480003345,4.444967612722403,0.5694543414145538,23.2426584596192,23.778990299447273,0.2027454454231256,0,0.0,0.6192148503330256,0.4168730408534581,11,0,5
2025-05-12 12:00:00,65.00992239528203,46.99056387173435,179.64161797375607,3.0819702790471677,0.59355525130971,23.022548482472153,22.91730816482488,0.17332196564605495,0,0.0,0.8111444583892194,0.4389578866244974,12,0,5
2025-05-12 13:00:00,50.454560651898554,36.51158704631318,241.9654784083178,4.200097080867891,0.5782550173821024,21.754138188223585,22.439452124379724,0.22280104945350768,0,0.0,0.5563783841891138,0.8061707222294602,13,0,5
2025-05-12 14:00:00,61.1181316769683,39.46872516202917,243.31235085484067,2.953505595437624,0.5148866719464573,22.424860152550753,15.848531314458326,0.1674865991428303,0,0.0,0.7430254888717555,0.8141065087298032,14,0,5
2025-05-12 15:00:00,67.31433694286314,45.123821698173465,222.00117494778561,2.935721304739283,0.4264838882698827,19.869472145494758,24.34344227052357,0.18414537891720795,0,0.0,0.8514791926244387,0.6885408380486255,15,0,5
2025-05-12 16:00:00,42.039209019472196,49.154327569384165,214.79294628289148,3.998117174542641,0.3027302863715474,21.717561516571223,19.298076407404785,0.16273857567947148,0,0.0,0.4090824161324421,0.6460698795863529,16,0,5
2025-05-12 17:00:00,63.61245567950602,37.95138087344615,174.9627916640116,3.709307109682579,0.15628092932938745,20.697185433784934,16.77899237028708,0.231191473895551,0,0.0,0.7866842549754903,0.4113901932158333,17,0,5
2025-05-12 18:00:00,43.93692677346057,30.02708431372413,192.92861230043047,3.0391481619150857,7.417739544659422e-17,20.269480867191536,23.11978235192039,0.1632274783991245,1,11.247868580658967,0.442298636426193,0.5172449957564507,18,0,5
2025-05-12 19:00:00,37.05317699896902,31.513261572467705,225.7010337318342,2.3204683248475915,0.0,19.920727799718822,20.378289817767648,0.22231516059877335,1,8.300912294708327,0.32181067214593145,0.7103404445870385,19,0,5
2025-05-12 20:00:00,55.34803804663021,40.36524004610861,211.9254575485636,1.6580947932647534,0.0,18.514927402626444,15.754367612897093,0.22072302179572337,1,9.753139697733564,0.6420301218114688,0.6291746060610002,20,0,5
2025-05-12 21:00:00,28.972151118872965,22.86766889343403,183.2969618285297,1.75711198839181,0.0,17.68231262798054,23.55626873485101,0.16423683871615985,1,10.531475356059946,0.18036648990721832,0.4604952107354126,21,0,5
2025-05-12 22:00:00,41.37323122690744,30.897464328467873,199.78853423757866,1.5638171696362084,0.0,16.184630025662717,20.076013679166046,0.20660510763517284,1,9.03121081313527,0.39742564313651835,0.5576637273466385,22,0,5
2025-05-12 23:00:00,27.01192031117685,16.409406751619198,181.541398451405,2.1532084970772782,0.0,16.06200238147209,23.53081788620342,0.19968793183125033,1,7.556178880230228,0.1460560882691514,0.45015141301006045,23,0,5
2025-05-13 00:00:00,39.18550233365166,22.82395648427107,119.57451128334901,1.5658950317955218,0.0,17.866956318620584,23.683705703939523,0.20945045689824757,1,11.6239384222638,0.3591332865894693,0.08504186761393158,0,1,5
2025-05-13 01:00:00,36.55492066794201,20.56774441447139,134.23377829055457,0.9641426241023968,0.0,18.226995719651246,16.902853700064654,0.24372276325135386,1,7.543548273012169,0.3130895691160597,0.1714144216898829,1,1,5
2025-05-13 02:00:00,34.05337642637161,22.417922231121963,114.2356239331492,1.6785234636605226,0.0,16.860462255204112,22.453024371157912,0.1580537022435352,1,8.827797427296105,0.26930442539385185,0.05358508767166828,2,1,5
2025-05-13 03:00:00,31.566322657115613,32.919760474007,138.96613073247357,1.7758406350019398,0.0,17.629537428082887,19.860268059585295,0.23205037303723472,1,9.843569623520798,0.22577291197021934,0.19929749162749963,3,1,5
2025-05-13 04:00:00,27.683154015882128,23.251135243863427,165.4463471276828,1.3747930360765304,0.0,17.308441778156908,21.93027889369984,0.2362107461947417,1,4.518942311044098,0.15780485678713702,0.35531920276857365,4,1,5
2025-05-13 05:00:00,33.12540098302161,24.66518241962039,125.60459539353334,2.9285329571091285,0.0,20.117551994894985,17.0633479185941,0.16262740903292264,1,7.042642512638191,0.253061843119052,0.1205711860739489,5,1,5
2025-05-13 06:00:00,39.298094280030426,48.58490548411022,190.4337625935923,2.361187344682668,0.0,20.394860239216488,22.44797326093473,1.6170796037693793,1,5.698577804865841,0.3611040111012463,0.5025453152670147,6,1,5
2025-05-13 07:00:00,56.53737540619592,38.59875090672627,175.50494964360811,2.355331538150185,0.15524485937960042,22.455304112477403,24.464153923374006,1.6515923609168566,1,9.647925531705331,0.6628473859467152,0.41458459368533773,7,1,5
2025-05-13 08:00:00,41.80854523116053,42.34445380863189,202.40500093175206,2.8921080608621894,0.2982416064802286,20.367487579088415,26.64995592467041,1.5364997118886505,0,0.0,0.40504505115008427,0.5730799763936976,8,1,5
2025-05-13 09:00:00,68.35030473073634,42.62945826140274,147.06233812617,3.600732627881792,0.42105766109059267,21.497299202542838,19.43471827661084,0.20029299582923318,0,0.0,0.869611991449188,0.2470004300198787,9,1,5
2025-05-13 10:00:00,58.687512652248884,44.61848829929417,159.38381533508718,4.03234060089273,0.522299911004777,22.591679975578835,17.585700477878802,0.18178184261252459,0,0.0,0.7004817666530105,0.3195987022254187,10,1,5
2025-05-13 11:00:00,46.573016636652625,40.309379926888894,220.8710133129321,3.6341167558225864,0.5747896878050305,23.314590919753137,19.712695321557458,0.21890815862629012,0,0.0,0.4884387652340133,0.681881913910538,11,1,5
2025-05-13 12:00:00,59.97160867414166,59.58263488205548,250.93594407398413,4.0075921744765814,0.5982951520668328,22.562817300633057,15.952676086975593,0.17855466580556284,0,0.0,0.7229576149459812,0.8590247994772098,12,1,5
2025-05-13 13:00:00,49.598524837049226,45.274202390054114,259.50740947264535,4.22060602628705,0.591038740242659,21.811457330976683,19.9186131602455,0.19600231870371043,0,0.0,0.5413949789142164,0.909527962990918,13,1,5
2025-05-13 14:00:00,50.673853609881135,31.613964579167448,240.72062577937896,3.3837519727514325,0.5287098495352728,23.27427565238823,25.05136590606617,0.23573691673170316,0,0.0,0.5602167227333514,0.7988360375582033,14,1,5
2025-05-13 15:00:00,56.16364395314334,36.95772403191982,185.94409758776877,2.8192432317665164,0.4307055701930705,22.645393548737577,17.491164701215617,0.15895400131062576,0,0.0,0.6563058724633701,0.4760921622336612,15,1,5
2025-05-13 16:00:00,38.6946165037533,52.42133192747802,181.91059161671114,3.5336406945363,0.30657635284687035,20.394804629371833,20.337867444166275,0.20283702569689202,0,0.0,0.3505411912524698,0.45232670299005756,16,1,5
2025-05-13 17:00:00,59.108002793307556,55.23278808841916,248.00020220456923,3.800184844207301,0.15935266888087088,21.951114506244625,21.261980477553095,0.19860740605210003,0,0.0,0.707841708945483,0.8417273777681682,17,1,5
2025-05-13 18:00:00,44.058193090258904,36.33677591293072,161.32353855172755,2.9746609615440622,7.630969721611091e-17,20.997544067332925,17.219047978823664,0.18784813980869522,1,9.77685297145647,0.444421190575523,0.33102757164564944,18,1,5
2025-05-13 19:00:00,43.45787419341236,29.538943049760253,208.06231324126284,1.907103479165462,0.0,19.19331045260646,18.77417145131271,0.2097529692838291,1,12.357383967419883,0.4339136613698503,0.6064129195168143,19,1,5
2025-05-13 20:00:00,56.084664285316734,45.05462071553846,183.0156155133071,1.6292862953163132,0.0,18.42318962561664,24.797180128067062,0.15156265017064566,1,11.510438373080422,0.6549234719247536,0.4588375153121906,20,1,5
2025-05-13 21:00:00,31.470748993081436,22.652617210324475,162.98180636187783,1.096742548491831,0.0,18.284444799238578,18.53770876061304,0.19924695749501958,1,11.999080305919131,0.22410006263729393,0.3407981028757725,21,1,5
2025-05-13 22:00:00,26.889169107052744,28.289269274475107,155.22676529310846,1.5632583779927542,0.0,16.400038630206268,22.154391321948186,0.19856905404317593,1,9.61886475731964,0.1439075437719835,0.295105320027608,22,1,5
2025-05-13 23:00:00,27.414704487742828,17.727531670564854,185.4882084942206,1.7449786633789515,0.0,17.000177379765418,17.082076563404563,0.2016112291642308,1,6.105766851413261,0.15310611871310673,0.47340605894038124,23,1,5
2025-05-14 00:00:00,40.87649933655908,27.425059057852486,171.6284919766334,1.435217310337793,0.0,14.723640225861551,22.78360118309734,0.17124402563171356,1,8.80891697669776,0.3887312227665418,0.3917444646871188,0,2,5
2025-05-14 01:00:00,28.526986533378732,16.387095703597126,167.16056789175138,0.8865354195820094,0.0,17.862797247290654,18.796135418927324,0.17075965005709423,1,10.06660659917191,0.17257466474898495,0.36541940938667095,1,2,5
2025-05-14 02:00:00,29.693074908611802,25.739019297639572,133.46328157005354,1.453440596498577,0.0,15.73263987206157,18.394667055907135,0.2147202558262391,1,9.376025928488128,0.1929849961970202,0.16687464697781124,2,2,5
2025-05-14 03:00:00,32.82261992409762,32.90813091165233,113.58381574874588,1.3121422175615,0.0,19.282393926782934,17.340848961481075,0.1592727505889974,1,6.331936307283325,0.24776219182324816,0.04974462705198989,3,2,5
2025-05-14 04:00:00,29.69182312250281,28.81817526332355,181.54170090749972,1.6076825193527797,0.0,18.078254390699694,16.57655334619919,0.18059215225777558,1,4.833429592835768,0.19296308587707428,0.45015319508452456,4,2,5
2025-05-14 05:00:00,33.20353278494963,30.516656051561558,124.81221276545813,1.7903812164183694,0.0,18.9283253127192,26.508469327742432,0.23308159265355877,1,5.864654573731556,0.2544294032524461,0.1159024593662199,5,2,5
2025-05-14 06:00:00,47.148185172987965,48.093605636134214,161.24658642629265,3.2720571077971754,0.0,19.296785367549592,20.574475698099274,1.2028228281099111,1,5.996036450449385,0.4985060814978764,0.33057416892011626,6,2,5
2025-05-14 07:00:00,52.631995976874286,50.95569473497849,149.68138590660288,2.9103259478862817,0.16129166414519458,20.421002272928835,24.464964683079394,1.476049492014508,1,11.442781651595027,0.5944905698804702,0.2624318868540947,7,2,5
2025-05-14 08:00:00,41.25699493690873,36.75259013559138,180.96685754849176,3.0230997545341305,0.312328205618264,22.859174984685055,25.934902351723167,1.626473060845898,0,0.0,0.3953911307826074,0.44676621201867883,8,2,5
2025-05-14 09:00:00,42.8168850920237,37.7879593240643,171.78700918466814,2.9704383832687595,0.44410303665488904,19.582209840492702,18.193445682359986,0.1641644361047686,0,0.0,0.42269427157762657,0.3926784497299057,9,2,5
2025-05-14 10:00:00,49.913052699672214,49.115881923504546,239.68866406209594,3.8474882391393477,0.5452639158717387,23.831789146634847,25.179641333680948,0.1812462864046495,0,0.0,0.5469002374024455,0.7927557083584876,10,2,5
2025-05-14 11:00:00,65.55921253324338,55.119439106659044,257.05836522600856,4.031670308924394,0.6077741902116036,23.20059278254063,23.32712745398351,0.20587561807982274,0,0.0,0.8207588186856141,0.8950981687506563,11,2,5
2025-05-14 12:00:00,60.648668179067336,41.66347112593485,204.9890692699236,3.0380301180817617,0.6266833738872175,21.765809321607083,21.818759087744844,0.18272278548967433,0,0.0,0.7348083538771651,0.5883053339893377,12,2,5
2025-05-14 13:00:00,62.15395755474303,41.646119863914805,171.65080217208873,3.8292104274239622,0.5974310327541722,21.803330071553653,24.095908659371855,0.16099377779177781,0,0.0,0.7611558038091707,0.39187591659139637,13,2,5
2025-05-14 14:00:00,50.9564015504473,33.54040075731416,237.966970928003,2.581295130971526,0.5386940070475736,24.26336310581379,16.71064501245966,0.1732406362091399,0,0.0,0.5651622287853799,0.7826114744582839,14,2,5
2025-05-14 15:00:00,48.996110160907065,36.17133190063868,205.14992273613623,2.961392648451176,0.43838175778214716,21.17273107350095,18.206040091497325,0.16094153450149964,0,0.0,0.5308507667684047,0.5892530842896717,15,2,5
2025-05-14 16:00:00,42.792115731724174,47.16830373164655,266.7954192174809,3.711367228257669,0.3049567795820484,20.351585698906938,16.772901300741733,0.2483555713045802,0,0.0,0.42226072737616915,0.9524689924081771,16,2,5
2025-05-14 17:00:00,59.33032671419602,50.447204824693564,165.52088367542862,3.2963834091630257,0.1571644182397089,21.926721339655543,24.579108523842798,0.1735648603813067,0,0.0,0.711733099178452,0.3557583728851727,17,2,5
2025-05-14 18:00:00,45.148777792797134,38.049762206499864,161.91264406951626,2.7835756964174823,7.505984763085997e-17,20.359510839489026,16.387676012538012,0.20305539706303805,1,11.39116683959132,0.46350996268210815,0.33449858749975975,18,2,5
2025-05-14 19:00:00,39.91126221483305,34.96058877413373,209.33313208059272,2.2080103344732236,0.0,18.31457839719825,25.44061738595977,0.19285219099683937,1,10.588193238576393,0.3718364401764675,0.6139005973704754,19,2,5
2025-05-14 20:00:00,54.62588904988762,30.80135088624299,203.27846421183838,1.5553938899968667,0.0,18.75358407078754,16.555306082016536,0.20695135964159955,1,11.769938538545663,0.6293901704223329,0.5782264311485997,20,2,5
2025-05-14 21:00:00,40.479299331462016,22.193745900870706,167.1955306028808,1.1342525646051849,0.0,16.897878890911304,22.316947287207807,0.19980911119868017,1,10.349143620317335,0.381778933448357,0.36562541004524296,21,2,5
2025-05-14 22:00:00,26.80130572051356,31.058646517084455,142.1811681952109,1.387731577751182,0.0,18.55568476018408,22.415125754589265,0.2227161840668452,1,9.377711971451978,0.142369649321185,0.2182405258849419,22,2,5
2025-05-14 23:00:00,28.650761774706517,17.972397331235225,137.28832525374668,1.7190941794778813,0.0,18.224515542290014,25.370771661669586,0.23730138970481876,1,7.7665987300250485,0.17474113322102997,0.1894118442503808,23,2,5
2025-05-15 00:00:00,33.53420100139347,21.675837118837666,133.58294137011708,1.4293969915429718,0.0,17.600905562334916,19.142891351845112,0.1785299387289669,1,10.877754207681653,0.2602171703207873,0.16757968376761975,0,3,5
2025-05-15 01:00:00,27.721738567139905,23.970214815744463,121.94549050988525,0.9165844794873903,0.0,17.540755073076827,19.354664947687656,0.1683606765524316,1,7.566436787472844,0.15848021167161355,0.09901170194168465,1,3,5
2025-05-15 02:00:00,34.382687271924794,29.449443875038746,164.54497837031445,1.8225495950185535,0.0,19.247950347249372,24.92936637977495,0.2484339847680901,1,7.73903637551749,0.27506843406586173,0.3500083286505224,2,3,5
2025-05-15 03:00:00,41.85269951613245,35.0341630235278,110.62197878166066,1.6846890511399681,0.0,17.971166172357254,26.463197699002887,0.23660724599352975,1,6.339729718067393,0.4058178944527609,0.03229345275535048,3,3,5
2025-05-15 04:00:00,27.400470069536265,28.21597385354536,138.61998321251778,1.665707607089132,0.0,17.418882625560478,16.397741940099188,0.18639182862962828,1,5.3251649105817265,0.15285697019251723,0.19725798683023094,4,3,5
2025-05-15 05:00:00,34.829194147697734,24.988491441910703,170.4983745330238,2.093493293549913,0.0,19.78172489452491,22.936467108291186,0.2394786806572979,1,6.398928719502896,0.2828837536607688,0.3850858009243012,5,3,5
2025-05-15 06:00:00,44.984507871046745,36.14405911924062,120.30603795573813,2.707887397554149,0.0,22.202701332031154,18.744126241651426,1.6279097335147608,1,5.154007258023873,0.4606347058653183,0.08935203039614116,6,3,5
2025-05-15 07:00:00,45.18437147687724,50.461576255599155,201.71332440596387,2.7398676960060175,0.15943035797644634,19.886292885496967,23.931615603515883,1.4530654800080536,1,11.272273811635937,0.4641329676832397,0.5690046110908252,7,3,5
2025-05-15 08:00:00,37.02631705057686,40.73375634010781,198.5663891141428,3.0254841135512547,0.30568878038130076,21.27106822886484,24.35560769606095,1.7800664639595385,0,0.0,0.32134053586723677,0.5504628355346033,8,3,5
2025-05-15 09:00:00,45.82230344799426,40.020218322557014,149.74803901700548,3.773767712710878,0.43691443429398347,22.6782279166226,24.15648013885876,0.21752827186331977,0,0.0,0.47529884777289794,0.2628246076756575,9,3,5
2025-05-15 10:00:00,44.27911099555965,46.669133685831994,239.4996588994438,3.6717003816816267,0.535927346453814,22.692558219851282,20.564806248423157,0.23264512228572864,0,0.0,0.4482879709720711,0.7916420879691614,10,3,5
2025-05-15 11:00:00,52.13346708708773,50.75665136795647,206.96218606827628,3.054404531468962,0.6039401807041351,22.071780857598238,17.514182200237535,0.19177597430523036,0,0.0,0.5857646961876373,0.5999309587412518,11,3,5
2025-05-15 12:00:00,72.67126047348201,45.46212133147471,230.9794188135902,4.338175258248117,0.6182245987444279,24.2860796919308,21.890028624986112,0.22987154527838227,0,0.0,0.9452427418750321,0.7414407445327023,12,3,5
2025-05-15 13:00:00,43.02054998877377,43.608764109664364,260.40035481730075,3.232773434750116,0.5937672947128175,25.389949684092592,23.88678810518403,0.18669269391940593,0,0.0,0.4262590683248439,0.9147892062734236,13,3,5
2025-05-15 14:00:00,48.73289358992807,32.02735074213488,261.9278579158412,3.8720657127726215,0.5350720952119189,22.974243567939574,25.026523115832077,0.22350790865007167,0,0.0,0.5262436224297753,0.9237892704591033,14,3,5
2025-05-15 15:00:00,49.98134670441596,42.72567098692446,208.6610754625503,3.457651003582357,0.4352598068095958,21.405187128520407,20.157583389035,0.1935530541846248,0,0.0,0.548095604153662,0.6099408327686411,15,3,5
2025-05-15 16:00:00,57.804973910776,47.04574209357353,186.4897184106579,3.1985134590346083,0.3007544165008935,20.14686848549397,17.951641859669433,0.1905194604817745,0,0.0,0.6850344741391878,0.4793069658119569,16,3,5
2025-05-15 17:00:00,41.908626589777036,38.13509862523972,183.02163281936623,2.5043120527505605,0.15410294547581266,21.238150817581676,16.606720359031367,0.22966329488715276,0,0.0,0.4067967997692438,0.4588729693422406,17,3,5
2025-05-15 18:00:00,37.614203840831706,31.194636244722616,226.5941586383728,3.033190962165987,7.243095675805137e-17,21.315478485471676,23.55041135463654,0.1625036781543928,1,12.347000691117128,0.3316304628555105,0.7156027458500325,18,3,5
2025-05-15 19:00:00,32.4495712481689,35.25504333120313,231.22438941393594,2.6885367664099777,0.0,19.918189940986693,20.87913578213133,0.24282090214905933,1,10.897794088718397,0.24123262915572388,0.7428841138645372,19,3,5
2025-05-15 20:00:00,60.386985769264676,42.363859335966616,141.5007605982285,1.75708197018078,0.0,18.72494841901081,22.358208306894284,0.20086807323061817,1,7.3953009006330355,0.7302280623386912,0.21423155722810786,20,3,5
2025-05-15 21:00:00,37.658201780127264,27.63632476953322,128.5094563400293,1.4823827542707164,0.0,17.52462793315004,17.128709172073744,0.21360743987410247,1,13.224734373453241,0.33240056960138503,0.13768665706312003,21,3,5
2025-05-15 22:00:00,28.461361950304894,22.472927341664132,185.83480491781927,1.6753990994942143,0.0,16.552842487386613,15.630755228507168,0.19052614928599543,1,10.666666159628615,0.17142602154138206,0.47544820868259496,22,3,5
2025-05-15 23:00:00,22.05136579665122,16.520206953509998,143.11364440956248,1.5559790340023936,0.0,18.18791331221963,25.74994259346386,0.21458746494792666,1,5.7867544766349335,0.059230283331957644,0.22373468546393266,23,3,5
2025-05-16 00:00:00,27.514630957138642,25.359002161348663,129.11142855288543,1.117936774030664,0.0,18.17256294575474,24.264326015759394,0.2209851449809869,1,11.84898618051217,0.15485515626816584,0.14123348361874385,0,4,5
2025-05-16 01:00:00,23.807506505546854,17.728067715258756,119.33676820856206,0.7175706520356515,0.0,15.82313064068187,20.073218054879725,0.23684773354970054,1,6.8163762061288775,0.08996844580680725,0.08364108293805896,1,4,5
2025-05-16 02:00:00,38.76443594655712,24.374027030066696,129.2536426879771,1.2055783822859736,0.0,19.2662419731647,20.79469521505443,0.23543787145874082,1,8.545609397023266,0.3517632581209936,0.14207141078573882,2,4,5
2025-05-16 03:00:00,39.540617672823494,30.54403532977362,174.68703090936222,1.2057081753085568,0.0,18.735066097961795,25.934588426935825,0.18578147000403966,1,8.187701190035417,0.36534895765584957,0.409765407973756,3,4,5
2025-05-16 04:00:00,35.40220441538365,24.334990663855333,180.03289946982332,1.4055489621208352,0.0,20.18974059022471,18.300045110996464,0.21158528709731048,1,5.890223387233437,0.29291329321797377,0.4412633212796801,4,4,5
2025-05-16 05:00:00,33.264051895149684,22.508053273415715,138.9347047008407,1.9676328494924957,0.0,18.179386491870858,24.735791622703598,0.22805772983929773,1,5.381853324774209,0.25548868411344977,0.19911232912140245,5,4,5
2025-05-16 06:00:00,50.32967792586248,32.46093780505659,197.0952094631292,2.455260068578489,0.0,18.939967352939362,16.317742426770863,1.698647617576412,1,6.146461069565028,0.5541925311400075,0.5417946296891029,6,4,5
2025-05-16 07:00:00,42.917352017889094,52.59577291085669,152.6709316890348,3.7657878119177575,0.16299751670954343,20.941094164670158,25.5186748411956,1.793198586671672,1,10.389358996419196,0.4244527688751131,0.28004632177970945,7,4,5
2025-05-16 08:00:00,42.06840605249249,47.75437859116462,211.9032985740365,2.956211354717431,0.31100454080544193,22.324200290864216,22.389825323441027,1.7489576546478856,0,0.0,0.40959345897782196,0.6290440451520088,8,4,5
2025-05-16 09:00:00,59.41554182188419,44.451150885592945,162.94236471642697,3.1296119855449933,0.43585433703398435,24.246901245339828,21.114158269993744,0.22178559262211772,0,0.0,0.7132246401535928,0.34056571228947136,9,4,5
2025-05-16 10:00:00,43.973177454238765,52.775145750044324,232.6487588371991,3.7546805545020074,0.546084373602003,23.641174104936507,23.44361308562441,0.22488552349145274,0,0.0,0.4429331410020164,0.7512765133599866,10,4,5
2025-05-16 11:00:00,58.924118160609396,50.0584347932627,193.05144247223288,2.9751162824541226,0.6061363320169538,22.99990876475711,16.561771370659383,0.23074437564215092,0,0.0,0.7046231310218164,0.5179687124096057,11,4,5
2025-05-16 12:00:00,71.38879625821218,42.77356464795698,181.98590971617287,4.258156629177307,0.6150784152302297,22.32623161597869,17.8032115472682,0.23378885106523653,0,0.0,0.9227954554944695,0.45277047801751685,12,4,5
2025-05-16 13:00:00,40.86188741883227,36.359321894514586,266.1665275463306,3.6616320996435543,0.5916977684147019,24.488161810175953,19.899952347952777,0.18526690287367975,0,0.0,0.38847546677906275,0.948763556123563,13,4,5
2025-05-16 14:00:00,60.97259278701735,37.6660141850417,188.5602765671537,3.129793856258281,0.5223308496853859,22.001532149135414,21.972861583575117,0.22818107338361973,0,0.0,0.7404780859085074,0.49150671606218627,14,4,5
2025-05-16 15:00:00,43.57607190663444,49.644500104437284,272.40373030668576,3.649787335214053,0.4318744188858343,24.125722532805174,16.97703923534275,0.24492089863073982,0,0.0,0.435982504996544,0.9855132198302577,15,4,5
2025-05-16 16:00:00,46.724197488512786,45.011645247824205,172.63296740842105,3.7289721554177255,0.3003970390592337,21.599315917805647,19.327747141997673,0.17329633882711337,0,0.0,0.491084920843313,0.3976628444060637,16,4,5
2025-05-16 17:00:00,57.0589243318249,56.034677550824576,157.25678921847543,2.9559093083049297,0.15401898136002065,22.758501366278605,18.064151694616363,0.15482349583985355,0,0.0,0.6719761849850613,0.307066242165328,17,4,5
2025-05-16 18:00:00,45.659454856118025,41.480019748382034,237.0793546077083,3.0188826523568983,7.326131544401248e-17,21.07814969336418,21.99208601398699,0.157239629145941,1,12.989297050374452,0.47244846884224834,0.7773816298428833,18,4,5
2025-05-16 19:00:00,30.282326579968494,34.925392323772996,198.59545595706555,2.928798012478142,0.0,19.49351667352567,24.81821283654737,0.17167181803737758,1,12.729033059914318,0.20329881303469768,0.5506340976762185,19,4,5
2025-05-16 20:00:00,55.68652557928932,46.59002419359157,172.94636718675284,2.4649542160261224,0.0,18.395318467451617,17.132085836946434,0.24197903666103962,1,10.42507970633299,0.6479547522934587,0.39950939916818434,20,4,5
2025-05-16 21:00:00,44.975675743817426,31.816616244046116,134.18790544603144,1.1635961202829925,0.0,17.96022680142184,17.438620008724246,0.1626796083883495,1,13.192064665528815,0.4604801149715487,0.17114413841158227,21,4,5
2025-05-16 22:00:00,29.195402896698887,24.075262430241278,165.99140247853552,1.9264020344858939,0.0,18.260430324464366,21.792982977005536,0.22476030443558184,1,8.831108561396688,0.18427412064822407,0.358530674579734,22,4,5
2025-05-16 23:00:00,29.80246856899439,15.386239076744198,143.65397861069562,1.8409438481787241,0.0,17.617298315993544,20.386001546366945,0.23670438311189046,1,7.294919029094167,0.19489974032288984,0.22691834021171217,23,4,5
2025-05-17 00:00:00,33.93188814819237,25.32766714179081,144.16863280594774,1.5239017262686827,0.0,16.851831975884377,23.290098358453168,0.2377521021883757,1,12.751468517387089,0.2671779861999154,0.229950688097045,0,5,5
2025-05-17 01:00:00,35.696999867228605,23.449839942137874,150.5792571453101,0.6951492698584545,0.0,17.389953206213857,18.88848062860175,0.1916748584911225,1,9.790625747219293,0.29807317047026716,0.26772215355572176,1,5,5
2025-05-17 02:00:00,28.283577867358137,23.203429310574045,149.79535239413943,1.2778684188350222,0.0,17.94157624737492,21.726208422200664,0.19952617349823082,1,9.158016614803927,0.16831422303948632,0.26310337858712324,2,5,5
2025-05-17 03:00:00,45.41040823605164,37.57396584838782,173.91880461436975,1.2129278852915184,0.0,16.218728942841334,20.14524281543154,0.18232488556644189,1,9.697249398858977,0.4680893446373167,0.4052390106324571,3,5,5
2025-05-17 04:00:00,25.91002417946121,30.292026366078968,156.6281871585242,1.6310090340051457,0.0,19.434654061642185,19.088928599287353,0.1647344389876811,1,4.128072391591258,0.1267693294374042,0.3033625122729191,4,5,5
2025-05-17 05:00:00,43.28994746788489,29.010467015840756,139.53326979909144,2.0423123197294584,0.0,18.728004763135832,23.94594606543557,0.17121712748734152,1,4.364959894384796,0.4309743986177337,0.2026390809222412,5,5,5
2025-05-17 06:00:00,53.2818840640686,39.53496943980942,146.37062622120627,2.2216265054202853,0.0,19.338542502569034,24.680857797370177,1.2260888565540018,1,6.434491061983903,0.6058657208085587,0.2429248562625351,6,5,5
2025-05-17 07:00:00,45.668978822120785,50.008283361242974,167.70994756477774,3.793036628914503,0.16587363493397528,19.588674078937245,19.645648136914943,1.4306417011254569,1,10.320018297233148,0.4726151691601186,0.3686563601491731,7,5,5
2025-05-17 08:00:00,39.332863911703015,29.358511055784565,158.33949298813647,3.18061140931362,0.3238045923961705,20.213349776236132,22.75084118187785,1.2527591875491488,0,0.0,0.3617125925105428,0.3134455440668022,8,5,5
2025-05-17 09:00:00,63.95113958470651,37.59361136834735,178.59267092160192,3.2848294609778947,0.45674366277696055,21.28079069235986,17.92194543238895,0.19034007626472438,0,0.0,0.7926123226143392,0.432777479654595,9,5,5
2025-05-17 10:00:00,56.04035313613692,54.0815512046215,234.2112771929834,4.081332747033497,0.5540716494324774,22.411643273940566,24.341533754645454,0.235118912874,0,0.0,0.65414788298929,0.7604828878064925,10,5,5
2025-05-17 11:00:00,51.77698457642283,51.828695492509354,245.7506128854684,4.17200331288896,0.6182246768889808,25.38128939146762,18.818388333512754,0.21545156281770508,0,0.0,0.5795250951825726,0.8284727740409005,11,5,5
2025-05-17 12:00:00,58.99415257667822,50.68906091297384,228.3557698400894,2.983749800290705,0.6369886210184326,23.01203243664215,17.545024829037608,0.21627517800956453,0,0.0,0.7058489606202365,0.7259821774209481,12,5,5
2025-05-17 13:00:00,58.6679594266289,48.34310982586046,227.69308193795422,3.843826626995145,0.618142248164093,23.621093613803254,25.461717534868296,0.2311866077287529,0,0.0,0.7001395217389385,0.7220776133909378,13,5,5
2025-05-17 14:00:00,46.76787059470854,38.45118956877384,211.9809814906882,3.4976130317932426,0.5537600815534138,23.55177211738766,19.9457744148531,0.15411935073069716,0,0.0,0.49184934195560004,0.6295017537070121,14,5,5
2025-05-17 15:00:00,43.85712579450371,50.54632040999819,233.49330089901144,2.5972288773941132,0.4532558619955602,22.813243110958265,22.12782825911851,0.22945108947770537,0,0.0,0.440901860276991,0.7562525639952227,15,5,5
2025-05-17 16:00:00,60.93604962968475,46.18797193724935,247.4868167135455,3.0430613822434434,0.31646078771975633,21.991051748974133,23.746780917511852,0.16963488421412765,0,0.0,0.7398384620436634,0.8387025051013794,16,5,5
2025-05-17 17:00:00,51.02550500571822,38.94394715251006,233.0541718099243,3.0297174328290413,0.16456123910445125,20.157290772858463,22.42658149960349,0.18459269046027926,0,0.0,0.5663717635481307,0.7536652108230034,17,5,5
2025-05-17 18:00:00,40.980752277175924,32.329480896077236,153.54595156776858,2.6054726037275433,7.68849987671579e-17,22.034681699886836,21.16276555372624,0.18080428235540189,1,11.3315212130598,0.3905559876107989,0.2852019480300749,18,5,5
2025-05-17 19:00:00,32.33116669897626,35.80205496494261,212.350878589281,2.0257639437639026,0.0,21.622114965478954,19.199981376290125,0.1605655547905236,1,10.86496010821181,0.23916016522819872,0.6316811912692749,19,5,5
2025-05-17 20:00:00,58.072716798457584,32.799180437895714,199.79529004575016,2.2530025939595664,0.0,17.4163326197283,24.870866285998623,0.16737099209677223,1,7.542030828815383,0.6897208437115995,0.5577035326388358,20,5,5
2025-05-17 21:00:00,31.233795005882055,23.1382354560535,135.6321642253085,1.3456925617166748,0.0,17.46125278335223,16.863418924864998,0.24563471968931716,1,10.265421160735869,0.21995259875771772,0.17965372620007525,21,5,5
2025-05-17 22:00:00,37.1044346809268,26.002645699821183,132.0197891671301,1.719651862786735,0.0,17.73632011134417,24.733167104055404,0.21002722567988086,1,10.664454894287875,0.32270784795201657,0.15836957468678572,22,5,5
2025-05-17 23:00:00,29.623713827256278,14.284398878923819,173.5558535464289,2.1923964482637626,0.0,16.759490877989766,23.0604249766793,0.19739717612944735,1,5.596507314915343,0.19177095214158793,0.40310049915523,23,5,5
2025-05-18 00:00:00,25.32199435762036,29.27466512796,149.6463164244149,1.6625683612846165,0.0,18.13536572742276,21.749812100881766,0.22577947825246172,1,9.668107580805225,0.11647689893212451,0.26222525709933214,0,6,5
2025-05-18 01:00:00,34.12690368523648,17.137278108662876,164.0961811313474,0.9084321636984382,0.0,17.010939046492876,19.277921363885575,0.23137393757112773,1,10.448922688190619,0.27059139107824737,0.34736401063838956,1,6,5
2025-05-18 02:00:00,32.24094041557229,26.03213486266988,117.93208944341885,1.31909723826241,0.0,20.211551665716186,17.489219154818525,0.1610262853905547,1,6.516871694459265,0.23758091241279236,0.07536470100559009,2,6,5
2025-05-18 03:00:00,42.75462119045857,29.436938596400754,108.18612219698599,1.714174164253452,0.0,19.721377665337517,20.74669133368459,0.22409054154641048,1,7.204072641326104,0.42160445120450246,0.0179413603568929,3,6,5
2025-05-18 04:00:00,31.103103325897685,28.367895103943994,120.78908233729956,1.812135510129909,0.0,19.372295570373137,24.473923406442225,0.2432396538488209,1,5.39528805946849,0.21766507015985445,0.09219813292957554,4,6,5
2025-05-18 05:00:00,39.88080106853136,29.29666131214131,148.1177936802448,2.6962859399997994,0.0,20.91781730894211,24.117952776224357,0.20854360817691903,1,5.119190674312779,0.37130327124561324,0.2532191851509695,5,6,5
2025-05-18 06:00:00,42.99231109606539,38.15518166623851,161.8634204487921,3.327354304237923,0.0,21.780749758583937,23.063503678769735,1.585617713615998,1,5.68057534018839,0.4257647960448477,0.3342085614131402,6,6,5
2025-05-18 07:00:00,37.16339308885504,53.01758806312167,199.98874192380376,2.7986990620908587,0.16013151938997816,20.894914642990997,26.7731390071325,1.777805467576731,1,8.505958579750931,0.323739811457547,0.5588433531216789,7,6,5
2025-05-18 08:00:00,56.95379043565285,30.16671813827023,199.45804768668575,3.0537406793473783,0.3139438369445275,21.37373791704638,26.498006223309535,1.6346119195438977,0,0.0,0.6701360005591888,0.5557164971424037,8,6,5
2025-05-18 09:00:00,41.861455206427024,47.95020617450947,237.026368197897,2.889715876211366,0.44020116472960313,22.896963234411043,20.28592776418726,0.24952675116626835,0,0.0,0.4059711474520739,0.7770694333637232,9,6,5
2025-05-18 10:00:00,61.92505994896148,57.399559394874416,157.87195913753638,3.358954972695951,0.5476087031700512,24.16475132659207,17.98317739081151,0.17826936360231033,0,0.0,0.7571493527537527,0.3106908297435387,10,6,5
2025-05-18 11:00:00,46.453544936439954,50.87489385832817,169.77470403311662,3.9925658217660813,0.6121551514643339,23.74941052380766,20.747371519558868,0.234548057793434,0,0.0,0.4863476226998863,0.3808219267922809,11,6,5
2025-05-18 12:00:00,57.42765281433477,59.250375714704724,170.0338473013831,3.43918208433924,0.6368703942642866,22.14310430845342,24.61805439988275,0.21124092208771839,0,0.0,0.6784301302453021,0.38234880163130003,12,6,5
2025-05-18 13:00:00,58.56582433933823,31.00487383767233,222.84120965196414,3.7847201241389694,0.6177485273171385,22.82257645485654,20.43818406382474,0.18657355405859707,0,0.0,0.6983518262020028,0.6934903312856797,13,6,5
2025-05-18 14:00:00,43.38552082832665,31.595755506642536,194.35468478869586,3.622296704743265,0.556656762434012,23.259243878062826,19.048312887427013,0.2383059670590898,0,0.0,0.4326472426368063,0.5256474297286531,14,6,5
2025-05-18 15:00:00,65.2686230456007,36.38722629033768,238.7115136482459,3.1466535565261418,0.45234986243201053,22.788306857102633,23.13673325829488,0.24962462561099985,0,0.0,0.8156725594585497,0.7869983279301814,15,6,5
2025-05-18 16:00:00,50.48581176628354,53.922042336464344,175.22121567971595,4.129207268326595,0.3127503164407017,24.222700355560473,22.11092441885785,0.1557849368825469,0,0.0,0.5569253801254985,0.41291283021125585,16,6,5
2025-05-18 17:00:00,50.45261276600936,57.329726373596515,166.959776163998,3.600525053318739,0.1612844273132758,20.148127902055183,25.325180826589193,0.24255227566662932,0,0.0,0.5563442898636185,0.36423634243285535,17,6,5
2025-05-18 18:00:00,47.94358600721607,33.228934408099995,196.01654699929477,3.0794228825146623,7.583915421463522e-17,21.270742946975325,21.004914808673135,0.170311100262742,1,10.794184044230072,0.5124281778033083,0.5354391392037025,18,6,5
2025-05-18 19:00:00,34.929764944685374,26.54000235877132,178.54121620371924,2.7936187791601834,0.0,21.48529913591342,25.312609227449787,0.1705188021906499,1,10.752904618357231,0.28464406904003886,0.4324743079202511,19,6,5
2025-05-18 20:00:00,44.74682728215006,32.06939618354896,209.6248424395589,2.0164432985735883,0.0,21.55157682397577,18.417082183362393,0.15417560919376058,1,9.649657770449563,0.45647452409764055,0.6156193578475128,20,6,5
2025-05-18 21:00:00,40.61792651613045,25.289030062791998,198.27979648230718,1.3930619881446513,0.0,18.261887681527142,24.412607883415166,0.24221877339216588,1,12.88479686437507,0.3842053591351968,0.5487742287591878,21,6,5
2025-05-18 22:00:00,31.428677063542086,24.5647938676919,129.39429342987802,1.754085948475673,0.0,18.688431509565223,19.203348437033448,0.22593980389483717,1,9.058790390668541,0.22336366731358195,0.14290012642375047,22,6,5
2025-05-18 23:00:00,21.16261032668848,20.17046955853218,175.40786782741532,1.9709271209120418,0.0,18.474528412822618,24.10214827757664,0.15534491872059603,1,7.399550408131492,0.043674177891348843,0.41401258661194296,23,6,5
2025-05-19 00:00:00,38.07002666245761,28.928294393020174,150.022462167233,1.5214811400926633,0.0,18.005488974861205,25.472854937131256,0.21335352094020657,1,9.698666702221294,0.33960884174047606,0.2644415117385324,0,0,5
2025-05-19 01:00:00,33.783689218612004,24.062085002972676,141.61447102465,0.902018647854765,0.0,17.82084071070312,22.43088696000502,0.16201344394184275,1,9.487688429913504,0.2645840239092144,0.21490154024637614,1,0,5
2025-05-19 02:00:00,33.70881458304426,26.400100126024572,111.63343633712303,1.8479157974082607,0.0,18.662813151307518,23.678334056936375,0.22514052214522087,1,7.947836778901898,0.26327347475921276,0.038252971219797684,2,0,5
2025-05-19 03:00:00,40.152879531453024,36.25492948014737,158.30042518704224,1.3268742847036397,0.0,16.1787925577485,26.250347031487852,0.19090538429544307,1,8.827575193165497,0.3760655274571059,0.31321535617534885,3,0,5
2025-05-19 04:00:00,36.47972214144378,27.558134316214307,113.35339089263454,1.751984091904116,0.0,20.021867917143425,20.095126141843448,0.15517768336296298,1,5.952499257915799,0.3117733508234917,0.04838696139686966,4,0,5
2025-05-19 05:00:00,36.49777954967193,27.697661011656482,134.85190116488909,2.495482761281686,0.0,20.19695305934715,21.60738928675931,0.23294074490487338,1,5.922330345314031,0.31208941407809315,0.1750564081113594,5,0,5
2025-05-19 06:00:00,46.98068586738923,37.095279334891,127.63452278112185,2.5183362288083986,0.0,20.632185677660363,25.781638148225742,1.5543099560650413,1,5.532016022771971,0.49557429998182906,0.13253153941007145,6,0,5
2025-05-19 07:00:00,60.92179047292141,38.05296576854336,172.2570582136,3.8438409666283353,0.1658220448984163,23.685402604624336,23.339261666268534,1.704651133977468,1,10.43704777230915,0.7395888805180341,0.39544798351012883,7,0,5
2025-05-19 08:00:00,38.33640259798168,41.97592970282963,193.07070528386333,3.254874249928515,0.3204348510371334,21.694566365859615,25.436604148102436,1.6308981383001995,0,0.0,0.34427128521328754,0.5180822090966085,8,0,5
2025-05-19 09:00:00,57.77268591412121,56.75470072625561,227.55294010304846,2.9648066921958374,0.45601244454906464,22.59515625827565,22.61613034361371,0.19343961747050936,0,0.0,0.6844693293975763,0.7212518962382486,9,0,5
2025-05-19 10:00:00,63.57073967482868,47.980858122926854,223.38719209962633,3.38105846380423,0.55949401870925,25.473947340735315,23.797153373603365,0.2198666459535061,0,0.0,0.7859540894921219,0.6967072655609095,10,0,5
2025-05-19 11:00:00,60.87208904025602,56.01993731990812,256.30466809583834,4.383028026424741,0.622139843603565,22.957434325046325,15.985057891122633,0.15147534609135593,0,0.0,0.7387189441258288,0.8906573774000028,11,0,5
2025-05-19 12:00:00,72.25947304168534,40.057092426334336,242.64628479880224,2.6876225235248477,0.6412683382069903,23.348997588591946,19.31656786302875,0.18397375589820242,0,0.0,0.9380351252418371,0.8101820405817669,12,0,5
2025-05-19 13:00:00,46.306484253055686,46.43312062600432,196.56268425683885,3.5386245358302006,0.6178083594687248,23.65725404030829,23.69251070701253,0.22778533960269276,0,0.0,0.48377358341212856,0.5386569856203706,13,0,5
2025-05-19 14:00:00,45.06558960455204,48.8797520174683,225.2343291619482,2.9557325500167577,0.5568944966810198,24.352696180740356,19.754082485068217,0.2263061906813696,0,0.0,0.46205389937618196,0.7075906163943904,14,0,5
2025-05-19 15:00:00,64.87036298984381,50.478773884584214,214.03905681748753,3.5188414954080875,0.45666341918411596,23.250386225800117,19.230582740672812,0.23874093672096533,0,0.0,0.8087017158131128,0.6416279549944968,15,0,5
2025-05-19 16:00:00,47.866591952311325,52.67419080520464,221.72081308924206,3.830767553414853,0.3290549443445389,21.136010296812856,25.210521847001438,0.21110455203582076,0,0.0,0.5110805319357127,0.6868889430544226,16,0,5
2025-05-19 17:00:00,59.74012792001365,48.32151044874513,215.79180900957246,2.9473445829020313,0.16753495815633274,21.180290862878646,21.056106765042266,0.24421968020942042,0,0.0,0.7189059504101354,0.651955189188279,17,0,5
2025-05-19 18:00:00,36.53236991755924,31.52679485865361,220.21010854690263,2.930452824194086,8.051679224858139e-17,20.336008878085195,17.348043871622963,0.2057712206616027,1,12.955555585008307,0.31269485778929407,0.6779878561370576,18,0,5
2025-05-19 19:00:00,42.79153648576832,25.42467986161902,150.66838108734115,3.0055076695526823,0.0,20.097040521444626,20.232124059621825,0.20004540067075793,1,13.088607243702027,0.42225058869182924,0.2682472727515694,19,0,5
2025-05-19 20:00:00,49.63246385088001,40.05533425707732,202.20706159935762,2.061172365643761,0.0,19.883912117577218,20.75899325712181,0.16972166089607157,1,7.137452903941826,0.5419890218152678,0.5719137157830823,20,0,5
2025-05-19 21:00:00,32.163191765680125,33.27117361731847,139.4282821435852,1.2095306264195147,0.0,19.262297990761656,25.691732403856232,0.22788364191746735,1,8.48348916798235,0.23622005868365786,0.20202049256116805,21,0,5
2025-05-19 22:00:00,34.635597783757156,20.653367861440206,122.09658439360125,1.781286015587798,0.0,16.598663091252728,23.014027716950828,0.21920571548710033,1,10.718416519565013,0.2794951889180906,0.09990194868017377,22,0,5
2025-05-19 23:00:00,27.336435536126416,18.87953973112781,153.14986279061054,1.6395020422455895,0.0,19.14624739852886,21.073057438286583,0.1960760684661442,1,7.428611862225348,0.1517361580150062,0.2828681888245741,23,0,5
2025-05-20 00:00:00,24.942106676207278,27.74868866109398,151.280687953088,1.422224548083789,0.0,18.23997992020031,20.285902990575757,0.15871087481047752,1,12.95082201048685,0.10982763147062799,0.27185499118979695,0,1,5
2025-05-20 01:00:00,31.323167409303533,17.30063396068445,108.48555054786357,0.6274911940419996,0.0,19.481487174716595,25.518991056129927,0.16257023807845447,1,7.69558462359703,0.22151690590191278,0.019705595322756755,1,1,5
2025-05-20 02:00:00,34.451390431739696,19.88510451098797,141.0759780346016,1.5580651452565057,0.0,18.848170597364998,22.800623935441727,0.16144611959542263,1,6.651786292411825,0.27627096235885595,0.21172873393350847,2,1,5
2025-05-20 03:00:00,34.08297033905417,29.858482981848958,143.80644055972164,1.443993502286262,0.0,19.98936131092881,19.817024168352017,0.18755993080891964,1,6.775917351484413,0.2698224149215106,0.22781664760527434,3,1,5
2025-05-20 04:00:00,37.424979895614705,21.83824466946018,112.83454063902256,1.85479267491376,0.0,19.983208559654543,21.053973749621367,0.1658977574046802,1,6.154001270792868,0.3283184296324609,0.04532989029192333,4,1,5
2025-05-20 05:00:00,32.759251294576046,23.80834475824688,167.76613661478143,1.8280782299809821,0.0,21.59373075292046,19.099694387944908,0.23608420992632065,1,5.658696927841071,0.24665303512516804,0.3689874266177445,5,1,5
2025-05-20 06:00:00,43.54533397410812,34.323875445573286,136.82317614275098,2.9848045052352474,0.0,21.55350598047744,26.449608325725126,1.7995095903619989,1,6.142136215180215,0.4354444914083679,0.18667118083773482,6,1,5
2025-05-20 07:00:00,48.13436640189861,34.80618355540935,194.62433438929776,3.510134521277694,0.16975864884679986,21.717084770620495,23.652152299118892,1.767576798469268,1,9.189702892275204,0.5157674539439175,0.5272362079873544,7,1,5
2025-05-20 08:00:00,50.63346879282425,40.656543327664615,162.9739916819903,2.1543736378719776,0.33017264774885347,24.81825946061187,20.278826345393032,1.581641203826495,0,0.0,0.5595098573541005,0.3407520587003823,8,1,5
2025-05-20 09:00:00,67.05169381308922,50.49656630445675,188.24865295795902,3.6626753071956326,0.4687326193686174,24.063458381779792,17.971291493302164,0.2096355398476708,0,0.0,0.8468820853681696,0.4896706265071437,9,1,5
2025-05-20 10:00:00,43.73356428100184,50.790961714740305,239.18508794188668,2.9658379416715928,0.5694383686341373,24.232192037696432,17.81832777704388,0.2390924086475828,0,0.0,0.4387391327356158,0.7897886326068317,10,1,5
2025-05-20 11:00:00,52.78035041587264,47.19216234038431,240.17045480962153,4.34311108597065,0.6300045995356855,22.68910926694901,20.894262637871556,0.19063081606638055,0,0.0,0.5970872540907374,0.79559442446711,11,1,5
2025-05-20 12:00:00,47.557114611851894,64.88864569704874,244.8907586132004,3.4767235861810497,0.6465057310958839,22.78658769258306,20.65945402475802,0.15623443191908845,0,0.0,0.505663673978295,0.8234065037019812,12,1,5
2025-05-20 13:00:00,56.9534211074153,48.174756897953245,181.516203271994,3.697086380834082,0.62505630645912,24.272641678892956,20.012690651009642,0.1970393157115168,0,0.0,0.6701295361162686,0.45000296275023083,13,1,5
2025-05-20 14:00:00,49.5350332882908,51.04022142295378,170.29566253695697,2.946489471324647,0.5521149623970221,23.832993833521837,24.399987547303844,0.20537104626310507,0,0.0,0.540283670730521,0.38389141972955804,14,1,5
2025-05-20 15:00:00,60.88800893083439,44.741602794407555,230.19844464928966,2.60918091565386,0.44768083380349777,22.60383620441868,25.593160928806633,0.20494521449801792,0,0.0,0.7389975938836194,0.7368392366125032,15,1,5
2025-05-20 16:00:00,46.04908174346346,51.45631267816067,205.05639784787544,2.6266008869827577,0.31589465188908117,22.744857418171343,19.074062319387192,0.1659004079511083,0,0.0,0.47926820401900727,0.5887020346727447,16,1,5
2025-05-20 17:00:00,63.380066186588614,52.32061038141084,250.8864524500708,3.8041416494929323,0.16559807398068904,23.476189362104094,18.410046468676178,0.22834129733285868,0,0.0,0.7826166845612521,0.8587331943130047,17,1,5
2025-05-20 18:00:00,45.11434150011541,33.32790484087032,184.9593263563102,2.6152406798839105,7.835962960222264e-17,21.81373263727939,23.268635516544233,0.2231966909271249,1,9.282437788253013,0.4629072157871011,0.4702898798685343,18,1,5
2025-05-20 19:00:00,46.3533850625987,23.807605684791238,181.83907758636258,3.091677119878659,0.0,19.208083661710216,20.001987077926998,0.1729852933730805,1,9.603058458162678,0.4845944998094494,0.4519053415774825,19,1,5
2025-05-20 20:00:00,38.24359398155418,42.525577127725604,182.34004887440275,2.3604305177338842,0.0,19.521253900019687,17.662605716297293,0.20512292797271822,1,10.563968734736108,0.342646833188251,0.4548570696308347,20,1,5
2025-05-20 21:00:00,36.630750536161706,22.62499603772406,194.78901535785616,1.7273867479405158,0.0,18.21368359578373,17.352711367278182,0.22903282086868515,1,9.345870641821842,0.314416837937958,0.5282065099714235,21,1,5
2025-05-20 22:00:00,39.35817311661162,23.56160445967048,141.4639243280642,1.645960479120373,0.0,18.16139625439924,18.47339049330843,0.15076846229741775,1,8.651721569142115,0.3621555857448828,0.2140145175401644,22,1,5
2025-05-20 23:00:00,26.13207130344383,17.946271035993945,185.23130024219554,1.4246665010497896,0.0,17.842975464856302,15.66675531406474,0.17751548067905523,1,5.673107058410788,0.1306558748260952,0.47189235284036374,23,1,5
2025-05-21 00:00:00,25.128654187759953,26.649391678884907,148.260430038277,1.6931006346861188,0.0,17.683913515466404,25.63501435510532,0.19720378677533745,1,12.262791323342464,0.11309281841740229,0.254059600059933,0,2,5
2025-05-21 01:00:00,36.23048972610894,25.9844142778899,165.46374559922063,0.6568431745071047,0.0,17.015830993772724,20.392509496580743,0.23450316002240568,1,9.568369121591545,0.3074109745983092,0.35542171474430895,1,2,5
2025-05-21 02:00:00,30.34529997327765,25.745347217683438,141.79329384192133,1.5713514021843262,0.0,18.450191952414293,16.817751202685123,0.2298967269870568,1,9.85756020201433,0.20440105181620555,0.21595516615053567,2,2,5
2025-05-21 03:00:00,34.65736500818446,34.743115798504725,160.58784951823495,1.8100029604846068,0.0,18.501168115987333,17.776375466573985,0.16509925239478596,1,7.2832575143375,0.27987618599747266,0.3266928841884123,3,2,5
2025-05-21 04:00:00,32.984423075047175,22.28307391955127,112.75647205139116,1.673512656835868,0.0,16.76081490424626,19.539811214444214,0.196274189374553,1,4.139600381238036,0.250594272144396,0.044869909359485684,4,2,5
2025-05-21 05:00:00,37.09510280380126,30.663241206810383,174.41334860773503,1.9762512754852974,0.0,22.473940224355594,22.038232444700252,0.1804636709173727,1,4.408377857798612,0.32254450981297844,0.40815286899855985,5,2,5
2025-05-21 06:00:00,55.539672284320375,39.15505673525628,161.91675438479538,2.6311858193672997,0.0,22.293350969664814,23.689947853066766,1.4260752446766893,1,5.444982372137488,0.6453843429761091,0.33452280552024743,6,2,5
2025-05-21 07:00:00,46.231067189021914,50.30805009949318,165.35648531594404,3.8445172760947,0.1657029722099266,21.61188794180989,19.419000021541233,1.5304686088480055,1,10.411165149218233,0.48245354000336094,0.3547897360367136,7,2,5
2025-05-21 08:00:00,45.13794439550051,36.44993724675422,145.04486999506813,3.559950482090393,0.31861603724814724,22.737695029161767,26.337062639897496,1.4995054231155969,0,0.0,0.4633203430664524,0.23511348675290272,8,2,5
2025-05-21 09:00:00,56.17791764497493,45.4228854522738,213.34381001892382,3.598978954704881,0.447700822047951,22.175680651994945,24.132845448261936,0.1641574639433314,0,0.0,0.6565557083998717,0.6375315536071995,9,2,5
2025-05-21 10:00:00,50.47548322969424,44.55779952861716,163.11636525041388,4.344485768043076,0.5486521305216178,25.52694664591456,24.71161193008268,0.1621688122708467,0,0.0,0.5567445972108943,0.3415909252502314,10,2,5
2025-05-21 11:00:00,67.19896438882161,53.665299089495264,176.24159117948918,3.0511784084634104,0.6141352213087243,26.03534085238504,19.266278291715075,0.16302689068430976,0,0.0,0.8494597984532866,0.41892489329658056,11,2,5
2025-05-21 12:00:00,71.35896740658539,64.90962162355534,174.5485701488753,3.157897439836039,0.6361234893051155,24.40408974631505,19.75009266182142,0.23412882829415535,0,0.0,0.9222733537727237,0.4089495957290732,12,2,5
2025-05-21 13:00:00,49.29817947829094,36.9785253175032,164.6966104691844,3.3673168473307262,0.6250748022066791,25.17581969411103,21.267776434445864,0.15199353548905414,0,0.0,0.5361379602770908,0.35090174655831124,13,2,5
2025-05-21 14:00:00,38.15317944184786,41.01749022517833,237.81051580739017,2.4247377015357463,0.5651981595514677,24.03498432434099,20.24885597811038,0.17024046335913604,0,0.0,0.34106428527651267,0.7816896392560906,14,2,5
2025-05-21 15:00:00,66.24051433063785,52.253765937644616,193.58604397294638,2.8057442139971434,0.4581014804270121,22.0533202080806,18.16775595035053,0.24558917781176837,0,0.0,0.8326838115046051,0.5211185900267312,15,2,5
2025-05-21 16:00:00,41.048971868758535,51.83715142858955,177.02200773619649,2.6633558516546185,0.3251808668855558,22.36400010646944,25.680669620687837,0.1566021333232928,0,0.0,0.3917500518901657,0.42352311578702545,16,2,5
2025-05-21 17:00:00,47.16397183172888,46.096956850579836,189.53582110546594,3.245461684407386,0.16728813372474083,22.191300948589806,24.090669764685785,0.15363214478121764,0,0.0,0.49878239926606843,0.49725463465507747,17,2,5
2025-05-21 18:00:00,36.634638602442834,29.14230402679096,199.9084691546677,1.8642741235224205,7.894501091546643e-17,20.835454694236898,17.814370280693684,0.18873293247425138,1,11.576337257875403,0.31448489171773597,0.5583703851288302,18,2,5
2025-05-21 19:00:00,31.864825956960903,27.69125988632171,190.67755319161984,2.204632377059412,0.0,20.30197275845459,24.542464833914543,0.16512005628201287,1,10.652484093973857,0.23099768859742556,0.5039817320128855,19,2,5
2025-05-21 20:00:00,55.78255443339944,39.948672956040724,168.04764074987634,2.376329231082225,0.0,19.712758560008304,21.460478581171568,0.20657635500578558,1,9.200872877848303,0.6496355689301659,0.3706460519172999,20,2,5
2025-05-21 21:00:00,37.81689667534671,26.510999417902205,169.2173750850257,1.248764448798975,0.0,19.109028406877435,15.614515792629215,0.18385809759176933,1,13.444743486149399,0.33517824535850144,0.37753813881820186,21,2,5
2025-05-21 22:00:00,42.651368824451104,22.153247233391827,154.18731662359954,1.2277669200660684,0.0,18.77247283905925,19.153820577526893,0.170896941261576,1,9.074925380938064,0.41979719966356754,0.2889808776273021,22,2,5
2025-05-21 23:00:00,21.544370445712303,13.789101440669338,176.1924252972226,1.57676987750333,0.0,17.366965503457347,15.921471799885575,0.24986017164717694,1,6.6580071047264795,0.05035621908857821,0.41863520740555515,23,2,5
2025-05-22 00:00:00,32.75769754181952,26.741399760872852,111.171565997589,1.6328819201163312,0.0,17.61538356196227,16.671590577831093,0.18411041224626712,1,9.449528877335279,0.246625839408769,0.03553162636279547,0,3,5
2025-05-22 01:00:00,36.305075780854914,26.696718116666556,167.3758827349247,0.8473740271050498,0.0,17.1570837988271,17.737899543679585,0.21410064486395824,1,10.21231622995672,0.3087164726472562,0.36668804668799027,1,3,5
2025-05-22 02:00:00,39.258217014213216,29.754501847151797,122.07406789750377,1.625046412164127,0.0,19.72622488034162,21.084235588953412,0.23741130398055965,1,7.227518227837496,0.36040602951609585,0.0997692812503613,2,3,5
2025-05-22 03:00:00,44.154189874180034,34.93284354183863,157.0388629153976,1.152401209638985,0.0,17.12655241791157,20.086099428028522,0.24223871531983776,1,8.696910801117687,0.44610144587982964,0.30578221811501843,3,3,5
2025-05-22 04:00:00,28.056100286691315,28.826564947915813,138.4573114113128,1.6732947714914552,0.0,21.01413836700092,17.671477948997705,0.19101273032789262,1,4.975369072362205,0.16433262703268364,0.19629952288116007,4,3,5
2025-05-22 05:00:00,41.22297208042458,24.613213181519093,136.11426666727286,2.094835208101031,0.0,21.977462761466292,20.35033196801245,0.24761562579660523,1,6.219178130890123,0.3947956203629862,0.18249427881558108,5,3,5
2025-05-22 06:00:00,45.27807375016557,42.8859863988796,169.22778983999078,2.5792308574901734,0.0,21.072406540195562,19.396649529709013,1.6684239887988934,1,4.326359183469791,0.46577306160396587,0.37759950266306297,6,3,5
2025-05-22 07:00:00,49.582841517602205,33.31066923969794,192.45498772291666,3.2424361112908326,0.17537604061190618,19.55491795055733,20.517904596942053,1.562456813487278,1,8.9521529663845,0.5411204699190854,0.5144543948066963,7,3,5
2025-05-22 08:00:00,49.07481756351203,42.51192570247156,175.49428077932433,3.3813385196388452,0.34301705257409226,22.52729226163388,17.921330233437672,1.6449594995337047,0,0.0,0.532228401781926,0.4145217326257208,8,3,5
2025-05-22 09:00:00,58.231938595669796,56.998589170016004,187.1694776319913,2.7375393642625276,0.47909414515344795,23.452738067416316,22.52491364950015,0.18601377731450708,0,0.0,0.6925077419638039,0.4833121142327058,9,3,5
2025-05-22 10:00:00,59.32517603314471,54.43061137409311,155.88564847676793,4.126587117549706,0.5899192614580424,22.990073075534383,16.410644272693652,0.1924405383706337,0,0.0,0.7116429455420095,0.29898746661668296,10,3,5
2025-05-22 11:00:00,60.16204158451921,47.240621053892994,252.44011816592362,3.0604560868863344,0.660885782035838,23.792141501955964,19.94486536835088,0.20862690537623607,0,0.0,0.7262908089833908,0.8678874089127177,11,3,5
2025-05-22 12:00:00,47.599035767471754,60.54583292488422,251.87014586376802,3.248150723564437,0.6793654285670104,25.94675907877497,25.14629957262361,0.18268341294270762,0,0.0,0.506397430269035,0.8645291261646421,12,3,5
2025-05-22 13:00:00,49.358027286752915,49.45709303429058,207.4857559107716,3.096976422517418,0.6568208117412317,24.986244110731256,20.032326087961817,0.22688117415554077,0,0.0,0.5371854911787717,0.6030158377131154,13,3,5
2025-05-22 14:00:00,55.035720192100484,35.63834931253214,249.14456744766144,3.8737874799246215,0.5769284884117889,23.104021279235457,20.138704342142255,0.17510868006279187,0,0.0,0.6365635456381004,0.848469989714116,14,3,5
2025-05-22 15:00:00,49.55049756434436,54.32248365729037,198.2249895355404,2.508326770383936,0.4621588622127518,21.96119418838423,16.186903483026533,0.22968055098088144,0,0.0,0.5405543457552969,0.5484513056573012,15,3,5
2025-05-22 16:00:00,45.81815995955822,38.30029583667309,239.37000004921973,3.475220789413202,0.3217267283893643,22.617413644849172,21.650500355441814,0.16521573377843835,0,0.0,0.47522632327636166,0.7908781366715351,16,3,5
2025-05-22 17:00:00,43.92118817481549,54.95812030290533,210.02258225766914,2.6781823459953804,0.1675444156608226,22.01438337875385,24.993883298663004,0.17173908677716843,0,0.0,0.4420231598656712,0.6179628450035213,17,3,5
2025-05-22 18:00:00,42.53777142655233,28.951408349426522,196.07667222197514,2.445538023754768,7.974367095732432e-17,21.9545283792214,18.364006564574396,0.2253093920531263,1,9.012969663372116,0.41780887648670295,0.5357933976427319,18,3,5
2025-05-22 19:00:00,47.17328520447928,24.86899665358086,148.14422566983953,2.382639237660493,0.0,20.153495618193976,19.421957144525226,0.17631415610381754,1,9.75902694123956,0.49894541351848026,0.2533749227092992,19,3,5
2025-05-22 20:00:00,43.245753546802824,43.26586515774648,221.88797296279768,1.54790087584886,0.0,20.483703417220127,21.473560580418035,0.2295394251907967,1,8.76907552909239,0.4302008615544789,0.6878738507725858,20,3,5
2025-05-22 21:00:00,36.942815972108015,23.154866066329276,198.26748813709784,1.6954829738432926,0.0,21.292966012160026,16.447074577920162,0.2283869996656109,1,12.236979950863955,0.3198789959668181,0.5487017078608608,21,3,5
2025-05-22 22:00:00,38.95498059907471,21.778875309622443,183.47104543891572,1.7889629803221023,0.0,19.703479694998553,25.42169078286075,0.17573012392225995,1,10.194591680940695,0.355098408008546,0.46152091318318256,22,3,5
2025-05-22 23:00:00,18.832354227486164,18.440621335580268,136.91708813214743,1.6021170527817286,0.0,18.54710555684331,20.532452201488777,0.1573081016127954,1,6.536055360813727,0.0028871326264316537,0.18722451125858994,23,3,5
2025-05-23 00:00:00,39.60087160974838,28.545569983507537,130.0665053566514,1.4830579479468047,0.0,18.316731818449092,16.958511196054182,0.1666360581285678,1,9.286033086023188,0.36640359712384024,0.1468608061062471,0,4,5
2025-05-23 01:00:00,27.646146413585672,18.939933389586418,146.53636359581887,0.756222393601683,0.0,18.252336506688362,19.388634143709503,0.22525267284676162,1,9.412084263692114,0.1571571036279335,0.243901382602092,1,4,5
2025-05-23 02:00:00,39.978305498268284,28.794316039695847,164.2356237358304,1.7677219382852518,0.0,20.096250731287185,19.909453506109035,0.2346994205494568,1,6.696823418050222,0.37300991524520244,0.348185607918136,2,4,5
2025-05-23 03:00:00,30.490222147359574,36.9277923790079,172.0831474564729,1.683770157212937,0.0,18.771945227800735,19.702683833819393,0.18830555120808065,1,9.945042396740783,0.20693766025001376,0.3944232995155629,3,4,5
2025-05-23 04:00:00,27.336636803054944,25.59585902188027,128.56486286041405,1.3494503185219182,0.0,20.072688786559322,23.503695170374176,0.1664218831240258,1,5.544253519347015,0.15173968083952621,0.1380131128590163,4,4,5
2025-05-23 05:00:00,33.10562352040017,30.09225696987045,159.86398610717248,2.781285528812052,0.0,20.80908797396245,19.823626691674832,0.15754697493907616,1,4.744795888659306,0.2527156733296275,0.32242787342185325,5,4,5
2025-05-23 06:00:00,45.22652719621926,31.12620990986904,177.91222399147722,2.359005758231836,0.0,21.03943821044756,19.6064301403848,1.2868620188940825,1,5.787655799917928,0.4648708296004628,0.4287682792464762,6,4,5
2025-05-23 07:00:00,57.329817077271045,39.853496738398576,146.43882973671387,2.5864717753039503,0.17020200758144824,20.95208324905691,19.57193008847961,1.8597636457093434,1,10.809553671137678,0.676717687292139,0.24332671208714454,7,4,5
2025-05-23 08:00:00,35.161806779377386,33.9642353173071,171.67217672001817,3.1811177280014484,0.3340220687995696,23.377929482596034,24.41057808704292,1.2527047624728433,0,0.0,0.28870555430690603,0.3920018556506943,8,4,5
2025-05-23 09:00:00,59.10838837923862,38.07803775951409,160.60769423738031,2.7401344617307624,0.47593163976611536,23.622128723466577,19.307685686974263,0.1586167005319459,0,0.0,0.707848457950809,0.32680980948056115,9,4,5
2025-05-23 10:00:00,43.46592284436053,43.56804044985361,219.89050777683343,2.951634495289724,0.5810564448395666,24.66698045724771,16.086229736465675,0.228547352293399,0,0.0,0.434054538885698,0.676104765066955,10,4,5
2025-05-23 11:00:00,64.65710379964828,43.071699609240774,246.16963227544937,3.626904731883052,0.64127785256746,23.93968642196824,19.70882794613558,0.21154114954165634,0,0.0,0.8049689877895096,0.8309416406562786,11,4,5
2025-05-23 12:00:00,69.15321612755939,58.96261271286951,255.15819489788836,4.158520473906658,0.6585435654036786,25.80317006630051,18.671490386766408,0.20348213507723067,0,0.0,0.8836655469777627,0.8839023453620513,12,4,5
2025-05-23 13:00:00,50.43160734078207,42.459100795611214,237.23089605137122,3.021117489268192,0.6335912774709137,23.61018602443649,25.138806243413594,0.1947852551956701,0,0.0,0.5559766267428794,0.778274513609247,13,4,5
2025-05-23 14:00:00,43.55731690810283,50.115397583128924,203.18675961917998,2.9492569844641965,0.5713798706057284,25.90612641927647,20.52077657313254,0.22018412875140864,0,0.0,0.4356542316473983,0.5776861067323443,14,4,5
2025-05-23 15:00:00,58.889600194096616,38.97625410930467,236.2417281500226,2.6701514858506163,0.4700806706401622,21.976515389079477,17.906408513098665,0.21983549936135127,0,0.0,0.7040189545696696,0.7724463260192784,15,4,5
2025-05-23 16:00:00,41.85567338729861,33.753671607452404,253.7343063864181,3.1031089473938547,0.33005691978639456,23.544417282156452,25.51934656375502,0.19244259071794298,0,0.0,0.40586994685073874,0.8755127794039005,16,4,5
2025-05-23 17:00:00,45.690838227669126,47.042782066638296,221.39116657424,3.5621597760414696,0.17222367779474593,22.868344724986937,17.919008078241134,0.1734227845031392,0,0.0,0.4729977797083195,0.6849466623504168,17,4,5
2025-05-23 18:00:00,47.15101759202291,27.188492589588613,191.28919402958655,2.361250055007411,8.077480561075225e-17,20.82770355256473,23.195997487061756,0.23412634560270817,1,12.17445926512332,0.49855565802443375,0.5075855262084872,18,4,5
2025-05-23 19:00:00,47.25671214878722,33.90099530636215,230.3080683102608,2.813711894531001,0.0,21.27799515671076,22.05120488843694,0.16646223026007853,1,9.239931550516713,0.500405655830459,0.7374851403661207,19,4,5
2025-05-23 20:00:00,57.918616649423605,39.083810257017355,210.16949339424838,2.1494900137732924,0.0,21.416368774370497,20.178560130041237,0.20340063135258557,1,7.920394691459866,0.6870235909263236,0.6188284469522621,20,4,5
2025-05-23 21:00:00,38.06432786722153,27.48627327421939,202.08677934431242,1.3566816892094897,0.0,17.305496685457534,19.674361345211253,0.21926741155481225,1,10.25106178015172,0.33950909432673515,0.5712050114820307,21,4,5
2025-05-23 22:00:00,35.4002503210283,24.464257677658956,192.25536168322355,1.5160247142374912,0.0,19.55508423808616,24.61346822281209,0.213887696499657,1,11.374609660393189,0.29287909022416947,0.513278196099088,22,4,5
2025-05-23 23:00:00,31.087250675661064,16.82132799449149,143.66055718860517,1.9857945831645816,0.0,16.26614112265729,20.610567845940498,0.21187943305368445,1,6.552556176999999,0.21738759732629284,0.22695710126135785,23,4,5
2025-05-24 00:00:00,33.77661031014794,23.60839951061043,171.49736419041912,1.4274678947808201,0.0,17.698292401081197,19.69124996191422,0.21625061951460653,1,11.334931118936744,0.2644601200344219,0.39097185840331994,0,5,5
2025-05-24 01:00:00,28.138038906701734,16.236404023912712,146.33538607407743,0.9615188244448217,0.0,20.402107872749962,19.58960596824514,0.23756549164755505,1,10.228139994185707,0.16576681883866318,0.2427172209481614,1,5,5
2025-05-24 02:00:00,40.66071389691812,19.47647439064833,107.67112814878281,1.8954434426940252,0.0,18.497616519966343,18.86859755102728,0.18653925709863983,1,7.374561660580992,0.38495427717796094,0.014907010054428398,2,5,5
2025-05-24 03:00:00,34.358325391864874,32.08123574060257,150.96408213701204,1.7031406550296275,0.0,18.38902422714615,20.38160318420609,0.21274365066559736,1,7.646528051752103,0.2746420220911939,0.2699895464198545,3,5,5
2025-05-24 04:00:00,26.5370085706329,20.31464919957558,143.22358219415665,2.1119969044222757,0.0,19.993030565468136,17.359861403325876,0.21969666807822164,1,4.571651204205662,0.13774359134444106,0.22438244003721264,4,5,5
2025-05-24 05:00:00,38.76501477803169,31.945541711239645,134.6594413835321,2.4874570709009136,0.0,22.98915524211368,16.81174003341604,0.20903265535401838,1,6.003716704643872,0.35177338955056575,0.17392243307259858,5,5,5
2025-05-24 06:00:00,39.109310155428545,35.85531111998923,197.6306512037632,2.1629232093186195,0.0,19.872755518855566,21.945775947415854,1.8022519816103268,1,4.6546799056499415,0.3577996761665279,0.544949458008602,6,5,5
2025-05-24 07:00:00,45.73964018174076,34.106729799117716,131.9067381541648,3.0974632362482177,0.17057608458513335,21.43631069507015,20.991663973004087,1.6160840713634546,1,9.729143150900262,0.4738519723056128,0.15770347693947762,7,5,5
2025-05-24 08:00:00,44.75675386173085,33.42137215452633,220.128965163636,2.4637362676583234,0.328138318953295,24.715314834998566,17.93291899524648,1.4433218083624517,0,0.0,0.4566482714599267,0.6775097584766727,8,5,5
2025-05-24 09:00:00,56.52515511729776,42.857267315617925,157.92303378118788,2.9850690688704757,0.46035980583187847,25.70361949095235,17.15543635098971,0.23455871011442062,0,0.0,0.6626334912264695,0.31099176207654894,9,5,5
2025-05-24 10:00:00,66.3896621934668,35.39830437925305,187.6988179300532,3.6205439125990453,0.5685073744609793,24.225949411119533,17.45971437260034,0.1989567997646012,0,0.0,0.8352943832071972,0.48643099278894314,10,5,5
2025-05-24 11:00:00,47.8964119791438,38.12043510465298,199.66496566110948,3.5468180241793816,0.6315803505226364,23.39673078531337,19.17752220536171,0.20301632739043748,0,0.0,0.5116024791949146,0.5569356600054866,11,5,5
2025-05-24 12:00:00,56.92798567572264,48.247642937102384,239.4342555899652,3.217731421284018,0.6610605199047729,26.8405450569651,20.49058900875795,0.2082279504022252,0,0.0,0.6696843335035015,0.7912567309876759,12,5,5
2025-05-24 13:00:00,41.159871770887996,36.63862876216024,187.5478536370661,3.426875480337748,0.6439681286575509,26.24361092977789,17.670608333138592,0.18227846871379036,0,0.0,0.3936911601355545,0.48554150960038023,13,5,5
2025-05-24 14:00:00,53.6011414727343,47.7745599461484,273.4712027550293,2.8648791157470623,0.5783513749233624,25.035097716663163,23.402109210217713,0.22225398325950796,0,0.0,0.6114537617036627,0.9918027786276943,14,5,5
2025-05-24 15:00:00,61.46032623189494,55.50680681754585,245.858639393062,2.495625306509007,0.47652684701684883,23.073669921498688,17.480565692760607,0.15981261871132735,0,0.0,0.7490150042756543,0.8291092673501619,15,5,5
2025-05-24 16:00:00,50.08950551821089,36.64635127376018,245.75888061666993,3.7877423393149385,0.33495738975696465,23.222393942874564,16.70169403336327,0.23688492015914964,0,0.0,0.5499887344561912,0.8285214875993574,16,5,5
2025-05-24 17:00:00,47.199627840665606,37.547605252428575,167.2969231179382,3.0488791503425534,0.1746160878986126,22.394185638886242,25.59043738360075,0.22545377522551885,0,0.0,0.4994064951544845,0.3662228158013007,17,5,5
2025-05-24 18:00:00,47.02238910631117,38.65663677716932,197.63120095094501,2.889510106606833,8.31449510312578e-17,22.11559913079637,19.96404352308074,0.18536318019459638,1,8.846730753146753,0.4963042420230429,0.54495269712473,18,5,5
2025-05-24 19:00:00,38.68127377499844,34.15149950085157,232.76424707873775,2.9670509481094753,0.0,22.465945307781976,17.131797953194212,0.17263931050272038,1,13.144748911295412,0.35030765019152443,0.7519569712834646,19,5,5
2025-05-24 20:00:00,40.481096823546125,48.00248627530649,159.3059464396626,2.260519734993125,0.0,21.177465158670024,24.624411167299176,0.18878979455313677,1,11.293862979743468,0.3818103953941161,0.31913989788154606,20,5,5
2025-05-24 21:00:00,34.65589111091614,20.832418683716057,139.56739641754382,1.3826139810783227,0.0,18.6059927399406,17.87044540155633,0.23050525774819133,1,13.283013069163943,0.2798503880113115,0.20284015531404118,21,5,5
2025-05-24 22:00:00,33.60570312687244,25.136545267088014,158.83155678113508,1.7428362208677024,0.0,20.589744369064668,25.165392036850047,0.1531570793142398,1,9.463524949377012,0.26146868959776587,0.3163447890664805,22,5,5
2025-05-24 23:00:00,30.891061285596898,20.042222119852433,184.3644278586256,1.491601939638501,0.0,19.233307685005283,16.89433448773418,0.19679242568922523,1,5.622317772320336,0.21395364621002588,0.466784731716467,23,5,5
2025-05-25 00:00:00,38.75697108964511,28.466987464985454,144.39893314360302,1.5161150785591808,0.0,19.511641633316795,24.589054307353543,0.17541102128708866,1,9.8904514738806,0.35163259889565335,0.2313076200881236,0,6,5
2025-05-25 01:00:00,32.74322753510901,16.73177089985113,134.63651430294064,0.7738270622335363,0.0,20.39995594819789,17.793784741725105,0.2374951399920013,1,10.064118758643637,0.24637256732468893,0.17378734647466587,1,6,5
2025-05-25 02:00:00,40.310081156213045,26.819990420915047,150.51907056996436,1.6792412935864647,0.0,18.12814675057469,25.907337516112072,0.191384157389516,1,10.21188122446213,0.3788170661343356,0.2673675336261482,2,6,5
2025-05-25 03:00:00,44.2902757260881,28.623436519014604,172.24257609334308,1.7316196239992494,0.0,19.687261842755543,22.146236184904243,0.21978983278806125,1,7.151386313167456,0.44848338999472287,0.3953626547065528,3,6,5
2025-05-25 04:00:00,39.92366697977595,19.38485743376716,112.58470836972108,1.7501104841091002,0.0,19.81955167376996,18.1099708530306,0.18578924903331545,1,5.28609100755812,0.37205356382626714,0.043857875955902785,4,6,5
2025-05-25 05:00:00,28.23792506465638,27.8848526216041,125.42305504909822,2.5419651863625043,0.0,19.51328202769683,25.186841132141105,0.18296996681710823,1,5.683789106578284,0.16751515081265927,0.11950154847140151,5,6,5
2025-05-25 06:00:00,47.937097859345535,33.50470597117725,130.62034480354083,2.406906886115917,0.0,22.210894828956473,20.323691915836825,1.3694046556268717,1,5.613266856765599,0.5123146141563891,0.15012403390285795,6,6,5
2025-05-25 07:00:00,54.866082081292355,47.74831234312697,134.4736810339609,3.2331861672360866,0.1754013773033744,25.15877869757822,23.983723960473153,1.6336309583744693,1,8.102352886550463,0.6335943280887697,0.17282793115578238,7,6,5
2025-05-25 08:00:00,48.47299510222467,43.16828966067521,162.18954725835562,2.7919454910849737,0.3354968274082252,21.537261318483246,22.970196105434635,1.8481806701793648,0,0.0,0.5216945553182802,0.3361301039759979,8,6,5
2025-05-25 09:00:00,46.24530737654661,54.04917340691305,164.58937523361513,3.1386429545133567,0.4659466186357015,23.972946737387307,23.641528153676823,0.170814475389783,0,0.0,0.4827027895057438,0.35026991543206853,9,6,5
2025-05-25 10:00:00,49.03946371922919,43.28927820994559,204.8691266209335,3.475446539263821,0.5630744374888644,25.12908797940013,19.58947075380302,0.21439012346666533,0,0.0,0.5316095947557169,0.5875986306507045,10,6,5
2025-05-25 11:00:00,50.590235312193,35.13972588470583,190.29782278116707,3.5781817244932843,0.6307519259229528,24.917880224421513,25.765471236663352,0.17654344325611807,0,0.0,0.5587531311161259,0.5017443564746003,11,6,5
2025-05-25 12:00:00,53.45573284071692,46.55166943705258,204.46787568145572,3.210108646279188,0.6515341021234373,24.79044608176647,21.62803803642028,0.20493500523413477,0,0.0,0.6089086386770424,0.5852344559309838,12,6,5
2025-05-25 13:00:00,46.47797949850726,39.82253516439632,266.94102552212576,3.9632256976889524,0.6264426613664403,23.508678716176604,16.462310722260973,0.2041598850667156,0,0.0,0.48677530684559406,0.9533269062735534,13,6,5
2025-05-25 14:00:00,51.242049278775355,45.56534931615627,182.1221205396347,3.3000214375603,0.5642347708921897,24.747517894243863,16.25486532636103,0.1950046019362069,0,0.0,0.5701619911845108,0.45357303360978507,14,6,5
2025-05-25 15:00:00,64.96959232890052,44.581593562074666,206.44335348745048,2.2870230134058884,0.4590958175907423,23.28774251504872,23.105744255504167,0.19986441475021544,0,0.0,0.8104385513244968,0.5968739917645458,15,6,5
2025-05-25 16:00:00,56.658907514815574,44.061016437630016,188.57091585504202,2.5889466170324478,0.32988043963601604,21.239789518080293,24.1659471895875,0.23802311481464378,0,0.0,0.6649745923156235,0.4915694028573727,16,6,5
2025-05-25 17:00:00,63.13491970650365,46.80361068878781,213.40452165023686,3.3302572231392125,0.1700864677367971,23.907279516075967,22.520316844592063,0.15886045251943332,0,0.0,0.7783258254650425,0.6378892671720079,17,6,5
2025-05-25 18:00:00,52.847075624284535,30.158255705636826,223.6336226546644,2.9075109247208473,8.184076602590461e-17,22.901128776581416,18.219347442626514,0.23302831410221564,1,9.674520414996207,0.5982551618141583,0.6981592369610162,18,6,5
2025-05-25 19:00:00,36.34791930854127,31.46081005858109,220.5225203858505,1.9226206254317728,0.0,21.224453450705557,17.705217793179557,0.19623133312860383,1,12.07630183053684,0.30946637344298866,0.6798285899500258,19,6,5
2025-05-25 20:00:00,44.71625606655872,37.78383397567159,181.3767025065629,2.0157283379695525,0.0,20.68482480238065,21.239904050738925,0.18335940356999486,1,11.352127859267249,0.45593942859695535,0.44918102278557165,20,6,5
2025-05-25 21:00:00,28.32625229490809,31.90844652825211,199.7525479671231,1.7139023774040811,0.0,20.91524213759038,17.516233657063587,0.16771459744390638,1,12.842268704968642,0.16906116403396765,0.5574516958658429,21,6,5
2025-05-25 22:00:00,42.20675002571128,28.774116926654496,182.8060406301854,1.1803810052002446,0.0,19.594996114023907,19.495659973379343,0.23148064585899678,1,8.222808570234143,0.41201492754504715,0.4576026979153527,22,6,5
2025-05-25 23:00:00,19.48344030652524,14.457295996046447,125.69678936316753,1.600256660650497,0.0,19.981454787224994,22.2135214690828,0.20920422315361203,1,5.672694751567404,0.014283252300236911,0.12111439390444893,23,6,5
2025-05-26 00:00:00,36.97277836026219,24.312870519021384,126.8568753956543,1.697677468872957,0.0,18.68420839242162,18.741569034038847,0.22283757209067845,1,10.875466589350506,0.3204034350112252,0.12794963290544864,0,0,5
2025-05-26 01:00:00,27.522436236381974,23.588275274192142,153.50042863402007,0.642058450025267,0.0,20.402366570867713,19.813458505652587,0.18149632565649626,1,7.725858561877624,0.15499177398924469,0.28493372642970727,1,0,5
2025-05-26 02:00:00,41.322631078576,19.519102942822073,173.23558138184256,1.6413446790443615,0.0,19.717333376178505,19.768002633082837,0.18929592622917768,1,7.14429679452187,0.3965399763031121,0.40121345222163113,2,0,5
2025-05-26 03:00:00,38.03189258214078,36.68048695196286,132.60763042844968,1.5416161034440001,0.0,20.073812841330724,20.932071774037354,0.24136437288252002,1,8.146101164294587,0.3389413715596015,0.16183314152859596,3,0,5
2025-05-26 04:00:00,38.48191268755389,21.199591310542452,125.72155498474969,1.4013866802364128,0.0,19.237471358183036,23.30154086282162,0.2461182285437382,1,5.233576411662484,0.34681818407642767,0.12126031320507143,4,0,5
2025-05-26 05:00:00,32.38131465883505,28.080866629355665,179.71709931662105,1.8300991629561234,0.0,21.524476194106484,24.515811275453384,0.22398421789662737,1,6.359236021112534,0.24003791729562335,0.439402623483791,5,0,5
2025-05-26 06:00:00,44.090067855363856,49.31406897711824,135.96895676343058,2.8129338290288954,0.0,21.18846140512553,23.27463665441544,1.6870695114675223,1,6.524658767785922,0.44497910242374833,0.18163811134682437,6,0,5
2025-05-26 07:00:00,51.16962264915157,44.21206152092114,186.3921224406883,3.4532391392489945,0.1674379709400048,22.165023394884848,16.393303450905826,1.6458002078024532,1,10.155660644229563,0.5688942900842489,0.47873192933914754,7,0,5
2025-05-26 08:00:00,58.121703200369545,37.058651472668416,138.08241633202783,2.3885905754386862,0.3203845033747159,22.717899833944895,25.6857478152537,1.5654074521054302,0,0.0,0.6905782647447779,0.1940906371645392,8,0,5
2025-05-26 09:00:00,55.69791141954549,34.773127207140206,144.5710680877508,3.5672105708720383,0.4576205307525789,23.094781159438437,22.220387924099754,0.20950783299393383,0,0.0,0.6481540414540221,0.23232184097409678,9,0,5
2025-05-26 10:00:00,64.91485068463575,37.66003199111612,195.1566713944165,3.722994893677528,0.5642575642738512,26.768957453725317,25.7151189972257,0.24638028903639678,0,0.0,0.809480394869819,0.5303727431728208,10,0,5
2025-05-26 11:00:00,63.62831294277964,48.26749900281545,224.58669444132008,3.670895092356579,0.6296130256141294,26.281634274547788,26.030083328349406,0.22509115267716195,0,0.0,0.7869618085521723,0.703774745866797,11,0,5
2025-05-26 12:00:00,69.67798819104631,52.74421132386916,176.26690007987148,3.8486255180068647,0.667351020875232,26.979286929636583,20.66239121715429,0.21553412960964333,0,0.0,0.8928507613902609,0.4190740136015589,12,0,5
2025-05-26 13:00:00,48.81871466974295,37.71824453809755,247.48427135087505,3.0484458105897487,0.6493276243475361,23.74019737677402,25.215488466120423,0.16890696028792604,0,0.0,0.5277457698839937,0.8386875077979816,13,0,5
2025-05-26 14:00:00,47.9788238198127,50.325483429524304,179.1610130653169,3.138262259318107,0.5893283414008073,24.741034161576174,19.353376005983893,0.24770739747605566,0,0.0,0.5130449538983939,0.4361261574921386,14,0,5
2025-05-26 15:00:00,46.679228851869176,43.40766735554363,222.32192060343024,3.0633688674100554,0.4807343452911437,22.905899991109848,18.172777824860088,0.20202933697240338,0,0.0,0.49029782374316494,0.6904306747964776,15,0,5
2025-05-26 16:00:00,62.26680935991038,44.084872019247626,194.0675880680339,3.2747016931127306,0.3380863788833048,22.888769254308386,16.18241691479337,0.2443713229746181,0,0.0,0.7631310766931958,0.5239558528566161,16,0,5
2025-05-26 17:00:00,66.49122703293109,47.83134846966187,234.55446620974902,3.052562515969087,0.17417059205487959,21.949164925175403,20.022888908705728,0.22135575375715089,0,0.0,0.8370720975562647,0.7625049610721129,17,0,5
2025-05-26 18:00:00,49.819924456339095,36.72405906657739,230.41167535638837,2.776936779914845,8.319573304848178e-17,23.336783201255933,22.434044637804725,0.15400808392945697,1,10.43688149282964,0.545270190869118,0.7380955941623373,18,0,5
2025-05-26 19:00:00,34.073545163036286,29.30522268817707,149.05489634396204,2.6848599498352708,0.0,20.93087057941144,25.40866463203429,0.2038995499754963,1,8.289363998147808,0.2696574437490275,0.258740603817868,19,0,5
2025-05-26 20:00:00,42.27344750359689,35.7928319437079,152.33441123767184,2.14854496573688,0.0,21.678288697725943,20.786121121766033,0.23926821186053077,1,9.512878707199155,0.4131823498942505,0.2780635397709825,20,0,5
2025-05-26 21:00:00,45.25676901005799,33.30269195748122,202.95273258706717,1.743546056216458,0.0,20.59905565121017,23.06698265751514,0.155178068550843,1,9.876004225904671,0.4654001595013074,0.5763072170186593,21,0,5
2025-05-26 22:00:00,27.203830042746123,25.62419152538804,153.24902692806933,1.9563859005050812,0.0,21.828157153755196,24.860026707842867,0.23667275503264965,1,8.35924279080067,0.1494151314708722,0.2834524649565829,22,0,5
2025-05-26 23:00:00,29.160827543948553,18.198229255171267,149.9509611831753,1.8628613427782519,0.0,17.751706182230254,21.32124184725128,0.21133912922210019,1,7.1636338016917,0.18366893975065615,0.2640202271948393,23,0,5
2025-05-27 00:00:00,30.610124616794373,26.363267520774887,121.23112532967309,1.2966389175212294,0.0,20.39448815541101,17.50103547187919,0.15445272620205375,1,8.271297297979938,0.20903634264371568,0.0948026548503449,0,1,5
2025-05-27 01:00:00,28.119767843816728,16.78928353278834,176.34286532879898,0.9251971412252566,0.0,20.390239095442997,24.808128624530955,0.18735983306686713,1,7.490676122269173,0.165447015934088,0.41952160164041913,1,1,5
2025-05-27 02:00:00,39.3516043029377,28.05820357301251,169.6133377987528,1.2791908234991303,0.0,18.576435196460988,22.038095628836558,0.1530170594244008,1,9.83520081696382,0.36204061018458006,0.37987115525665294,2,1,5
2025-05-27 03:00:00,31.513637923816695,32.20058612072255,106.16533195990013,1.5458610808719742,0.0,21.040011531084517,24.1136202747146,0.1501716297756341,1,8.039032991081383,0.22485075813375105,0.006034843206815747,3,1,5
2025-05-27 04:00:00,30.80019789922662,26.556997403624827,149.04635480713873,1.7177179081707408,0.0,20.996645540679403,23.131342420355807,0.23964251295111763,1,5.998936380756204,0.2123632420248049,0.25869027699383235,4,1,5
2025-05-27 05:00:00,44.5401814403745,31.85090712751445,179.9551374496147,2.946535326501887,0.0,21.162862965785113,16.767855425723514,0.22485783008770355,1,5.509149548968244,0.4528575511369468,0.4408051466456945,5,1,5
2025-05-27 06:00:00,53.892264668880635,47.97113750661897,154.44268849871682,3.498992544251213,0.0,21.349150398138182,17.942985859021075,1.342104005362104,1,6.041795356984533,0.6165493625618484,0.29048553137855737,6,1,5
2025-05-27 07:00:00,55.06242777613027,40.38892617088607,164.28759493298637,3.552247779990533,0.17742937197926684,22.236716830468456,19.186968592756816,1.2102828979300821,1,9.63528933318783,0.6370310150459102,0.34849182275374413,7,1,5
2025-05-27 08:00:00,52.526407231524615,44.51977682885206,169.14124410536604,2.8098059152502244,0.3382100961566004,25.735458238099838,19.12583268736233,1.16582443650515,0,0.0,0.5926424241176432,0.3770895742921394,8,1,5
2025-05-27 09:00:00,43.0817221139045,40.58963697979295,145.50834796059064,3.332642448131876,0.47779747101619247,24.313920031508285,24.97509154364235,0.24172223307171553,0,0.0,0.42732977906668557,0.23784430375899368,9,1,5
2025-05-27 10:00:00,45.38155180745769,49.80876159734097,229.02833358537026,3.310664606698195,0.5841680607343714,25.578387536301236,22.293793212484786,0.21255568521927046,0,0.0,0.46758426347492943,0.7299449300217596,10,1,5
2025-05-27 11:00:00,55.4185811383731,37.21557563584306,203.78379003806532,4.603512454943362,0.6562763197885207,24.31131759956676,16.727892950887476,0.16605588876649002,0,0.0,0.643264854885241,0.5812038161863583,11,1,5
2025-05-27 12:00:00,56.69714409240602,40.21055336241933,217.974996248561,3.9946373995637376,0.6811186183568451,24.43083845640163,19.815585023832686,0.21814619634479465,0,0.0,0.6656438565314713,0.6648185511670722,12,1,5
2025-05-27 13:00:00,48.187091944673554,32.29340145655095,191.92889245569486,4.092442044401533,0.656121439506027,26.196699309085904,21.45841781096256,0.2498890716132547,0,0.0,0.5166903220786754,0.5113546360060085,13,1,5
2025-05-27 14:00:00,58.02210993325403,37.78503753270619,251.25303412735016,2.6278878835509762,0.5889793446953158,23.47167635399207,18.171841860910426,0.22880274203907583,0,0.0,0.6888350593111298,0.8608930973783151,14,1,5
2025-05-27 15:00:00,41.78919989847773,36.26841965987988,250.74918840889717,2.8381408578228355,0.47594993913392014,23.93551597473259,15.896049161846026,0.19465323069883073,0,0.0,0.4047064450371904,0.8579244331509953,15,1,5
2025-05-27 16:00:00,54.59827338520834,46.104803375692875,220.32050510368884,3.406205248818958,0.3396531439606431,23.76966356349802,19.335680221403223,0.23141766706144287,0,0.0,0.628906806655715,0.6786383138008772,16,1,5
2025-05-27 17:00:00,40.55640768215434,42.00087572594704,250.4230875732915,2.613631840734892,0.17857760280609883,23.129686348176527,20.11889270373346,0.2244306681910413,0,0.0,0.38312857986321563,0.8560030436269682,17,1,5
2025-05-27 18:00:00,34.65469975650317,40.50805783622134,161.5884230726642,2.3155948172818372,8.346615044184555e-17,22.06897748667285,24.64884065463217,0.1588653197793975,1,9.861971579001137,0.27982953544219485,0.332588274005272,18,1,5
2025-05-27 19:00:00,36.19873882071295,22.90843546842907,217.63285041490434,1.9767321051621611,0.0,21.873641276996185,24.7062689705418,0.24256966253051804,1,12.349586914518381,0.3068552306970136,0.6628026243472083,19,1,5
2025-05-27 20:00:00,56.70474703203484,33.4477293653008,185.2725728088598,2.469280001059427,0.0,21.4533359422092,20.571126120367225,0.23841032479397334,1,11.344401964880477,0.6657769326525436,0.4721355312335473,20,1,5
2025-05-27 21:00:00,29.915167958670736,26.37936302923619,146.83080153423515,1.641098855013003,0.0,20.879992635950188,20.352178561238844,0.20905595230066326,1,8.91552300177001,0.1968723454411132,0.24563621400569297,21,1,5
2025-05-27 22:00:00,35.67956845932907,24.72900530435435,130.5843026121516,1.6639264602475194,0.0,18.688984350976142,22.207708871264437,0.20081492057085737,1,9.189730018896746,0.29776806425328395,0.14991167293533803,22,1,5
2025-05-27 23:00:00,27.10700766183834,14.63250478775408,136.62054780551557,1.5363313566543146,0.0,19.097114417251667,18.34654369959374,0.1727741376064124,1,7.477212295005473,0.14772042553958226,0.1854772925616987,23,1,5
2025-05-28 00:00:00,28.532694946254416,30.491197472407112,171.25584374078048,1.2867187940873848,0.0,20.479986161898136,18.749998877762295,0.23344578896099746,1,10.315756370387087,0.17267458050263582,0.38954881739542996,0,2,5
2025-05-28 01:00:00,29.48937023786754,19.110991989850152,161.69232925943658,0.6676419272272139,0.0,20.28826299444691,15.874080097000652,0.19318864095803326,1,7.057431611370989,0.18941950327580634,0.33320049034128746,1,2,5
2025-05-28 02:00:00,40.69196172192666,27.317097406806088,150.1592698072628,1.5861318000760865,0.0,18.326621285196385,16.76850118869415,0.20793066912111569,1,9.2881921925637,0.3855012155395813,0.265247583780243,2,2,5
2025-05-28 03:00:00,39.86704446694661,27.520828131123725,112.40667211926558,1.7820949935330452,0.0,20.53387384051412,17.9210084539182,0.16700874849721958,1,7.826093256651854,0.37106248606679926,0.04280888451162462,3,2,5
2025-05-28 04:00:00,27.530316603359378,29.273717598284744,178.41584365677525,1.2888443094853101,0.0,18.831640040270216,22.939461339753393,0.17138227581904364,1,6.389465290356017,0.15512970598938902,0.43173561156624946,4,2,5
2025-05-28 05:00:00,38.651018151943006,26.464126459127534,136.95683270120688,1.9022616303263145,0.0,21.586487729390218,18.396476164737244,0.24852013242242857,1,4.957316704887295,0.3497780785845656,0.1874586866739518,5,2,5
2025-05-28 06:00:00,51.27331799673391,48.51272187143183,168.55999866760467,2.429131036100657,0.0,24.219915316282233,17.45884930159964,1.4954999774230666,1,4.860246480365462,0.5707092952405706,0.37366487011151656,6,2,5
2025-05-28 07:00:00,37.28607737674401,39.31346154051502,195.35743583297526,3.420696464148531,0.17040053115662793,22.156844715222505,22.73224794658781,1.7368071588025669,1,7.876623934015568,0.3258871847034038,0.531555649338417,7,2,5
2025-05-28 08:00:00,37.00908673885295,29.05754851570659,146.95702510128822,3.409308275451946,0.3251637843144687,23.000082906935482,23.05924279340348,1.747297501901575,0,0.0,0.32103894948604367,0.24637992457905192,8,2,5
2025-05-28 09:00:00,45.73776898309584,46.54787904705553,204.838296917097,3.66763870720481,0.45246925142859223,25.225875387245168,16.65228170771643,0.24815103305919717,0,0.0,0.4738192202558033,0.5874169817142021,9,2,5
2025-05-28 10:00:00,43.59852424283828,46.68356954264433,153.22959967042124,3.683996710663331,0.5491271404360417,23.401912919236935,24.14954218074492,0.2482904015484315,0,0.0,0.43637549375574636,0.2833379993519294,10,2,5
2025-05-28 11:00:00,48.96745634623636,37.61326944822116,166.81375971932772,3.171521078893493,0.614842736444704,24.61776728120627,22.250927621122624,0.19569554181914084,0,0.0,0.530349232007317,0.36337601201817216,11,2,5
2025-05-28 12:00:00,59.30582517254004,45.89634671537586,238.58890437195413,4.009517061048703,0.6396043163465626,25.955286223945066,19.919187157393214,0.2450320377518178,0,0.0,0.7113042426725404,0.7862759127956785,12,2,5
2025-05-28 13:00:00,47.198694396034135,46.211018814216914,180.93112597551033,2.8928917965699874,0.6231376301454106,24.62843061355053,25.912740346824606,0.1865454419483075,0,0.0,0.4993901568436657,0.4465556812180569,13,2,5
2025-05-28 14:00:00,60.79936452207702,31.91543116472931,213.78573956359162,2.963075544384834,0.5590909947105008,24.733132741259453,15.66831828601892,0.21076391268666633,0,0.0,0.737446029008966,0.6401354070929037,14,2,5
2025-05-28 15:00:00,58.2719827892736,47.12771382366449,191.1251208447173,2.702645510887899,0.4555188142364699,25.24261374133959,21.109461010957034,0.23217124299654818,0,0.0,0.6932086453270329,0.5066188052922524,15,2,5
2025-05-28 16:00:00,60.04807388604196,43.93895836347916,206.1873270004641,3.1083964292980175,0.32883506463220424,24.30472857382408,17.067549463034894,0.2413786537345325,0,0.0,0.724296004344484,0.5953654810333315,16,2,5
2025-05-28 17:00:00,54.80226153138967,50.60587357918911,164.25508417292787,2.943213558564981,0.17292005640026115,23.432526454061957,18.766244125059156,0.2023839224225241,0,0.0,0.6324772613171801,0.34830026901645134,17,2,5
2025-05-28 18:00:00,35.24914960759857,27.848342816581233,225.49005440409894,2.8119640598026283,8.282946832740208e-17,22.056190701588594,16.74032340600495,0.19178594581145855,1,9.901177392275157,0.29023433729751497,0.7090973521878917,18,2,5
2025-05-28 19:00:00,37.24207227624066,30.90654407421845,150.2874245596844,2.081694767635255,0.0,21.994972642328538,22.242668773464537,0.2228518053639834,1,10.890145864835922,0.32511695261314916,0.2660026729179321,19,2,5
2025-05-28 20:00:00,56.24654581461108,29.285938404595175,210.4123047624423,2.3558051137421683,0.0,20.783685283769028,19.554799403970485,0.19559275683648336,1,11.062645509234484,0.6577569241213354,0.6202590940657416,20,2,5
2025-05-28 21:00:00,30.808224431405048,24.40471560161365,183.44031055216828,1.719096180848489,0.0,20.749946148618207,25.666624947825078,0.21718014293629487,1,9.17055707523054,0.2125037323903891,0.4613398229099576,21,2,5
2025-05-28 22:00:00,27.632262829528056,26.266253165030246,153.32684605314267,1.5620686512486492,0.0,19.324489177936485,22.346163841997118,0.23042189078923686,1,8.537197466252227,0.15691409584368562,0.283910976053027,22,2,5
2025-05-28 23:00:00,22.76354486475251,21.632810806120638,179.5166152628503,1.447380927348993,0.0,19.345181103983535,25.225602508441096,0.23411272677215678,1,6.3612892693049,0.07169572860954641,0.4382213693482897,23,2,5
2025-05-29 00:00:00,31.16179292080578,19.88530501468714,122.54716465188477,1.455986888204451,0.0,18.441593515065538,18.27868547224513,0.17543140416824932,1,8.778257896704307,0.218692328565021,0.10255677226071297,0,3,5
2025-05-29 01:00:00,26.46951275768019,17.877753618432077,124.72201727921836,0.942271401961306,0.0,19.504783573597013,19.214916651736925,0.20714581210396485,1,10.546338203735504,0.1365621955403331,0.11537102662072031,1,3,5
2025-05-29 02:00:00,27.59432465849212,26.68021579606872,114.59865631614447,1.393995134987307,0.0,19.03450254371148,19.790998794371625,0.15250342633457337,1,6.513216858862264,0.1562500547111077,0.05572407825804398,2,3,5
2025-05-29 03:00:00,34.6883118205217,29.998224172309214,132.99206650038676,1.7953282800631352,0.0,19.214217379472313,24.967802606254946,0.22977562116013336,1,7.7884244713031245,0.28041785566032035,0.16409824287341832,3,3,5
2025-05-29 04:00:00,36.25058197876835,26.141433148402573,180.7345044177979,1.8470322704364384,0.0,21.214243470738296,18.343184259997095,0.1625095173007503,1,4.304264868697543,0.30776265423514143,0.44539718494960995,4,3,5
2025-05-29 05:00:00,34.257245770925415,35.011337282724156,126.0019895504749,2.951018452537857,0.0,21.89785670522531,26.281405866865768,0.2371684500501251,1,6.2763161291663225,0.2728728006412299,0.12291263659074693,5,3,5
2025-05-29 06:00:00,52.26215295385384,50.249818053943486,186.4781188692639,3.265405650215491,0.0,23.25043313043567,16.59347520687104,1.4301072036536815,1,5.55965567008869,0.5880171165437267,0.4792386211931014,6,3,5
2025-05-29 07:00:00,49.723660647708925,39.567008279475466,182.53025554406514,2.6287900485625735,0.17170246538111691,22.818869877972425,25.670615545214275,1.2504512083672987,1,10.906516566835935,0.5435852617656962,0.4559777693119952,7,3,5
2025-05-29 08:00:00,47.6762509095164,38.59702161696667,136.42327175506736,2.775610538443436,0.3319848923832471,24.387563658694987,20.912339219921282,1.7218611857998136,0,0.0,0.507748945879182,0.1843149400152274,8,3,5
2025-05-29 09:00:00,48.271158707060586,55.49434449192826,232.69580026672605,2.610322907179561,0.4754156614125632,25.157594807101965,21.63006091736091,0.17002863870334473,0,0.0,0.5181617632837552,0.751553681953316,9,3,5
2025-05-29 10:00:00,53.86352211884874,36.70906392937574,247.10912652249846,2.8557091290966716,0.5845988556033473,25.53428656658721,26.53484782646479,0.18944146736750633,0,0.0,0.6160462746439234,0.8364771505571083,10,3,5
2025-05-29 11:00:00,42.40296053993002,45.33336409373159,252.5343377673452,4.358914480087582,0.6579005039529578,24.56951357325831,25.0388571822274,0.20668761962167803,0,0.0,0.4154492484025838,0.8684425517868326,11,3,5
2025-05-29 12:00:00,58.62716574088142,49.66902030884448,214.8277171003742,4.290491625053133,0.6819731694288699,25.652700059849735,25.24222670409954,0.1860029938537712,0,0.0,0.6994254998304991,0.6462747496055575,12,3,5
2025-05-29 13:00:00,52.264913940107114,36.322978640438556,188.06886281603352,4.456657455874846,0.6606874897038117,25.771194720420848,21.7631735224085,0.1679028742474491,0,0.0,0.5880654427647486,0.4886113011160344,13,3,5
2025-05-29 14:00:00,42.776763454544074,51.799772976699785,208.03911452175296,2.8392349191731228,0.5981561473224659,25.120465556159374,25.484545993955443,0.19060937960394309,0,0.0,0.421992012695204,0.6062762324195416,14,3,5
2025-05-29 15:00:00,48.46252120682585,52.90809750970445,231.12028350557003,2.5438640880683363,0.4875165979086649,22.55598105691227,22.585204028355005,0.1644244370588444,0,0.0,0.5215112281527047,0.74227072076681,15,3,5
2025-05-29 16:00:00,43.454651957019145,40.87334684141006,201.63767499114905,3.444438103652002,0.34633228151799067,24.18754904789988,23.850784807824873,0.2219155462595273,0,0.0,0.4338572617742569,0.5685588839498505,16,3,5
2025-05-29 17:00:00,42.4610054460385,53.85001962129948,229.96371154534836,2.7362202564471447,0.17849052563606532,25.521962206163614,22.783491675167404,0.1671504964318826,0,0.0,0.4164652226612306,0.7354561867162417,17,3,5
2025-05-29 18:00:00,40.968997391417545,36.039336427342555,229.5575547776519,2.225485339399854,8.43722456651189e-17,22.17884292252263,23.379372915933335,0.1982382536370388,1,12.202154555879085,0.39035023895610166,0.7330631068054976,18,3,5
2025-05-29 19:00:00,47.02409842655975,35.1621467785165,162.69382963298762,2.9104042272424078,0.0,21.04024966718579,21.932414686358136,0.2060378253694875,1,13.253906205643396,0.49633416067549285,0.33910134098607775,19,3,5
2025-05-29 20:00:00,44.9065063100703,34.41564695009481,171.44477174545204,2.3202717041683365,0.0,21.424027715340884,22.89525886709304,0.2445066939354006,1,9.548358772823507,0.4592694253713119,0.39066198316913037,20,3,5
2025-05-29 21:00:00,35.653454895826485,23.82987132618002,208.4747727921623,1.7459316987234852,0.0,20.747625820996713,19.98512521075081,0.15782583541009015,1,11.21949407734654,0.2973109921327678,0.608843135491917,21,3,5
2025-05-29 22:00:00,37.389478970720624,22.950960482642508,139.98454410101104,1.5552565637129803,0.0,21.157109246762783,22.89624920692607,0.2430455275018596,1,8.98608427394239,0.32769704821816187,0.20529799381512176,22,3,5
2025-05-29 23:00:00,26.73362647250384,18.28822873167756,140.06756316769878,1.8600508366184205,0.0,18.412680533656744,18.541542698073783,0.1708226357325281,1,6.578584279208636,0.14118504280818717,0.20578714302178383,23,3,5
2025-05-30 00:00:00,40.416754578615624,21.899075482649035,111.61102518819311,1.592915592771799,0.0,20.305575830841608,22.416878299618023,0.2340936264639762,1,10.96010710819248,0.38068419726622577,0.03812092449659507,0,4,5
2025-05-30 01:00:00,34.548544710140554,17.640323285889522,129.51435005298362,0.7061217717114774,0.0,20.272703101565515,21.380346959471726,0.1590495254177675,1,7.215698995803062,0.2779714775735453,0.14360750129906089,1,4,5
2025-05-30 02:00:00,38.70990778056831,30.68212940933398,130.9651978672872,1.8096837587023171,0.0,19.845692239867017,25.484462182649544,0.24887023772824624,1,6.875202181865902,0.3508088382290513,0.1521559117506419,2,4,5
2025-05-30 03:00:00,48.57258029811797,38.407491232400396,113.07875066923057,1.1654440646404354,0.0,20.809131956554076,23.20301500770434,0.2307632752888834,1,7.468345566625818,0.5234376194793422,0.046768778336575424,3,4,5
2025-05-30 04:00:00,28.750290228322562,26.284130345108302,109.12405988260139,1.949476415177646,0.0,22.12706597986368,22.46844731770428,0.15629510993479598,1,4.329020578219716,0.1764832042080663,0.02346769898152318,4,4,5
2025-05-30 05:00:00,38.4555645820955,33.52658690874995,157.43582775900657,2.700273780825858,0.0,22.699303778095743,19.475101864501028,0.17141110434320156,1,5.764461568214527,0.34635700671041025,0.3081211391131839,5,4,5
2025-05-30 06:00:00,58.50276666185071,49.21104749351982,144.1221281062975,2.5308700774928155,0.0,21.466256772443355,25.400142121428736,1.5364087448383166,1,5.288151002862674,0.6972481121738046,0.2296766819217464,6,4,5
2025-05-30 07:00:00,51.86845204171108,46.44843505153265,128.74731102953828,3.442087710111496,0.1783864633967118,24.211715470755802,16.693956009465897,1.5176790083552782,1,9.966172866375015,0.5811260727095735,0.13908809937409886,7,4,5
2025-05-30 08:00:00,57.64327405027161,38.881202289879624,212.39498735704615,2.440928080598131,0.34472370951692927,24.05622911787342,25.716947173102803,1.5969519022170562,0,0.0,0.6822042017360896,0.6319410805889214,8,4,5
2025-05-30 09:00:00,44.17997733556735,54.97075270308217,198.3865693804145,3.3798621795045634,0.4838678287893726,24.82092324573827,22.986860894759005,0.1963506677158385,0,0.0,0.4465528101548687,0.5494033357882834,9,4,5
2025-05-30 10:00:00,51.67298926598628,47.67518769839774,167.11683504918204,4.003537987755195,0.5934037735385341,25.303806591830064,17.95085883792022,0.223416430579624,0,0.0,0.577704839702685,0.36516173502219834,10,4,5
2025-05-30 11:00:00,68.94715548124961,37.77503142422543,246.3218345898908,4.3759953171985835,0.6629975318245129,25.38586596592468,25.386938025481438,0.1848485603746348,0,0.0,0.8800588168371433,0.831838418280161,11,4,5
2025-05-30 12:00:00,57.04366677518442,49.385400118697845,188.19573730556002,4.414966217149821,0.6886890877765737,26.835830557428803,19.17671679556292,0.1676386836784383,0,0.0,0.6717091282209827,0.48935884693139475,12,4,5
2025-05-30 13:00:00,56.47444382979181,39.37953288229355,188.84180475033668,3.0304807850636264,0.6684439011370645,25.463967658911965,17.408917084030264,0.15337794850200093,0,0.0,0.6617458790967747,0.4931654830533274,13,4,5
2025-05-30 14:00:00,38.921434787615866,50.57788033044988,263.4097462696996,3.1765374256128407,0.5904967104770252,24.13421679456595,18.87364038915185,0.18247656127924872,0,0.0,0.354511247425257,0.9325205720934379,14,4,5
2025-05-30 15:00:00,60.5543964717933,51.146574565686066,183.59584395004418,3.557858994924098,0.47713815181495045,24.389249260044824,25.406199214802978,0.19268788326106523,0,0.0,0.7331582930134244,0.4622562273121729,15,4,5
2025-05-30 16:00:00,61.52599522082763,51.40209041221261,255.31396402775053,3.446599373251956,0.33459718511080694,24.34591903631207,23.1662277204729,0.21590687148023174,0,0.0,0.7501644247299192,0.8848201386995879,16,4,5
2025-05-30 17:00:00,50.90012855669086,52.19846057358486,239.83655787637989,3.8229622127520204,0.17403303043866775,24.678655269373984,24.792717162007108,0.23064563462240392,0,0.0,0.5641772687441544,0.7936271002545124,17,4,5
2025-05-30 18:00:00,33.728864441297,32.782478101595245,180.97775408292333,2.3966827005847646,8.240205906657674e-17,23.281830545244897,18.438438309330238,0.17400628016039033,1,13.245785910513016,0.2636244123563248,0.4468304145131807,18,4,5
2025-05-30 19:00:00,28.983288918762828,32.87835832533687,146.03836105082522,2.858259978113077,0.0,21.057489434067314,16.233482689122138,0.19932025742693182,1,10.252819712923161,0.18056143755628357,0.2409671464137285,19,4,5
2025-05-30 20:00:00,57.941930502763924,33.03074213084478,142.43157931961852,2.380111115212183,0.0,23.67541122696942,21.212330275789814,0.1733733872245477,1,9.519091535255392,0.6874316590317207,0.2197159508412843,20,4,5
2025-05-30 21:00:00,40.41769834697508,26.381331611767813,136.52601271266926,1.7104791396014614,0.0,20.839409211268123,20.470959796228286,0.24511653487298668,1,10.489215228821692,0.38070071627579294,0.18492029080881914,21,4,5
2025-05-30 22:00:00,27.9009439812061,30.290978378627063,191.26390681283823,1.8605590194806,0.0,21.378995172495674,23.038774632172224,0.2147546756828608,1,10.899478336710837,0.16161688808144603,0.5074365336637063,22,4,5
2025-05-30 23:00:00,19.34367199679782,18.947172727848642,144.4361029895036,1.5495766962703208,0.0,19.657908600900473,21.315918586142686,0.2177902400716003,1,4.899888193756621,0.011836853221009244,0.2315266252077838,23,4,5
2025-05-31 00:00:00,38.02349154864883,28.42851744848153,111.38348411847039,1.3602802464693122,0.0,20.24647308809791,19.912901142502946,0.2031224149356924,1,9.793284850753034,0.3387943262054769,0.03678025014094925,0,5,5
2025-05-31 01:00:00,33.84948132658622,18.792525377173778,145.3598961347183,0.6798568901259847,0.0,20.66051165870413,15.89656180680664,0.1781829768965101,1,9.169786883212852,0.2657355993463251,0.23696962405287128,1,5,5
2025-05-31 02:00:00,27.345945720354372,27.67029275306881,119.55945754248941,1.3091371290681566,0.0,21.344639379791772,20.907307183060766,0.17004298809392393,1,10.557410668547714,0.15190261710708458,0.08495317081580367,2,5,5
2025-05-31 03:00:00,35.69241422859421,27.237586632005065,122.64128270628508,1.526598872371206,0.0,21.66626254129169,17.30324149547674,0.21566455140829907,1,9.388248801236013,0.2979929069101316,0.10311131681871975,3,5,5
2025-05-31 04:00:00,37.874232772652604,25.17973222012077,120.70913346053756,2.0872902383968945,0.0,22.10809873044373,25.955390203428443,0.24217071849899563,1,6.376154469317303,0.33618181316245643,0.09172707331397242,4,5,5
2025-05-31 05:00:00,36.79091678323435,27.105855524843324,171.59211731085168,2.481969122498157,0.0,21.650038462656656,26.012713642654216,0.1712893697022776,1,6.5653321774583695,0.3172202671282089,0.39153014477701126,5,5,5
2025-05-31 06:00:00,60.20325299341958,41.55322499805285,120.04903150442182,3.306328346321092,0.0,22.1755103309567,24.7642268293074,1.5538232507800853,1,5.566135666991608,0.7270121424028491,0.08783774570487553,6,5,5
2025-05-31 07:00:00,48.37475020695025,34.9100126609286,164.47165415534224,3.765408923783413,0.17339822358658638,23.861988504347085,17.807944067244854,1.521993728847748,1,9.092148227150435,0.5199749507683871,0.3495763016112679,7,5,5
2025-05-31 08:00:00,50.65227492758001,35.848567117613385,142.8184049762235,2.2594695297785137,0.3384379000445567,25.191712855991707,17.654788510211983,1.6062398223224492,0,0.0,0.5598390257531463,0.22199513164388893,8,5,5
2025-05-31 09:00:00,55.48288372700434,50.00681989712395,195.33758677890313,2.7056444053745676,0.48769062716663913,24.6628387875888,22.02950261892689,0.2087789943254463,0,0.0,0.6443903588991781,0.5314386985048346,9,5,5
2025-05-31 10:00:00,65.09222108036388,47.46154585641764,184.59923461613425,3.258086969678614,0.5927801327571247,26.433135116339816,23.666781296671893,0.17727946067322156,0,0.0,0.8125849525026457,0.46816821558031557,10,5,5
2025-05-31 11:00:00,52.841327045291116,47.57798819909416,159.16579760596235,4.182512851156468,0.6611782265476485,27.12592238849769,25.40324746990197,0.21914416917188728,0,0.0,0.5981545430230761,0.3183141394918868,11,5,5
2025-05-31 12:00:00,52.4981969677254,53.19405976357655,210.4527508108925,2.7769479930187315,0.6825368844877927,24.86484189744622,25.137360942421232,0.17726598132797405,0,0.0,0.5921486529364808,0.620497402604989,12,5,5
2025-05-31 13:00:00,46.06185961068321,49.45681174232222,226.35333496637665,4.119880635005882,0.6559678713412067,24.847647668570577,17.27383202220879,0.21529936797693214,0,0.0,0.4794918581696645,0.7141838102632783,13,5,5
2025-05-31 14:00:00,59.83612982848789,50.56128004532332,192.24194348289888,2.507793226734056,0.5848661927005551,25.250113544636733,25.89054223204079,0.17999333530963485,0,0.0,0.7205862954107546,0.5131991359228475,14,5,5
2025-05-31 15:00:00,55.12206946690748,44.0629324226662,247.66239975931683,2.4790787187454333,0.47622081754180606,25.226960321444007,17.10349037299191,0.1582422743746138,0,0.0,0.6380749382190923,0.8397370422380758,15,5,5
2025-05-31 16:00:00,46.85922356773231,40.07585315937944,200.80190417943288,3.1459876239398676,0.336083975615679,23.779068629363074,24.064591166936715,0.16272233051605084,0,0.0,0.49344831549635404,0.5636345136116492,16,5,5
2025-05-31 17:00:00,55.26783371996088,47.51192876384261,234.25174974075242,3.3103103794173787,0.17406988758055783,24.937897203782725,21.408969686410845,0.23340962474377555,0,0.0,0.6406262857681154,0.7607213524800026,17,5,5
2025-05-31 18:00:00,36.21047082559784,28.901629102036384,207.90157290087677,2.9511569762582317,8.235033390496789e-17,23.238899407766038,22.32743636096734,0.16213552611188187,1,14.037085630420975,0.30706057886215826,0.6054658357550302,18,5,5
2025-05-31 19:00:00,28.55552305967029,26.71819538124663,225.49693245207135,3.0679311926853017,0.0,22.083411023103206,21.58363349076769,0.18305132207324504,1,8.967338575573045,0.17307414658274375,0.7091378777182706,19,5,5
2025-05-31 20:00:00,43.13106555046048,33.72373570120627,184.22323118840444,2.3947658926776754,0.0,19.890093554631104,24.368610233303844,0.17876417514347762,1,9.93096944159757,0.428193449364995,0.46595279946309953,20,5,5
2025-05-31 21:00:00,38.280706236152106,23.826960213148404,142.98099898738138,1.1714840787542016,0.0,19.394442288379043,22.06173659925596,0.15578597091210947,1,9.96608282036929,0.34329641810241,0.22295313725319107,21,5,5
2025-05-31 22:00:00,38.40698587132044,28.089698355449322,185.80729554229492,1.6721500767984774,0.0,20.520080255828674,24.36738714786226,0.20995195333726102,1,9.00224757466438,0.3455067215954085,0.47528612315513274,22,5,5
2025-05-31 23:00:00,28.94987834520151,16.905449249169013,173.18617837400075,1.7497760656886037,0.0,17.81233627621476,17.263818291626635,0.22987854708761457,1,6.887438437081693,0.1799766440751555,0.4009223691842436,23,5,5
2025-06-01 00:00:00,40.03349789474263,20.430235696025505,179.68956447100737,1.1405627329494823,0.0,20.86090234815913,24.85042067283578,0.2492329786932079,1,11.884510416690476,0.3739759613265963,0.4392403878862969,0,6,6
2025-06-01 01:00:00,28.020743010936826,25.570418239339485,112.636734080213,0.8343519497291321,0.0,19.797882562636964,26.33731581389977,0.24360320849797318,1,8.06161757759591,0.16371375994458282,0.04416441198465471,1,6,6
2025-06-01 02:00:00,37.8082228093282,29.200321514857805,146.38618136140946,1.446331905733765,0.0,23.50437297870799,22.966009696818478,0.15493261116736504,1,6.750067417080571,0.33502642454960413,0.24301650731082414,2,6,6
2025-06-01 03:00:00,31.19802494485529,37.799957518147636,140.77411837471507,1.417516311893428,0.0,23.051487846490215,26.439554527523356,0.17575086985542354,1,7.599125665434865,0.21932650658753655,0.20995017366960972,3,6,6
2025-06-01 04:00:00,25.872622528509417,23.276954100563255,157.77788238575312,1.3528256159052363,0.0,21.188971970682683,18.431142863894507,0.19121182615300186,1,5.26128300266651,0.12611467914773192,0.3101365285409822,4,6,6
2025-06-01 05:00:00,29.513899205988494,21.82704232994526,188.14114654768755,2.941059929967272,0.0,21.99314938127292,25.019951444308145,0.2375014347363174,1,6.886767710244936,0.18984883983387543,0.48903719761672787,5,6,6
2025-06-01 06:00:00,47.7533669800559,32.465886886591356,162.58176616926048,3.12669441441366,0.0,23.877040888138858,17.942255071225276,1.3950635837629992,1,5.629259554676334,0.5090987274164233,0.33844106188917933,6,6,6
2025-06-01 07:00:00,41.787074384368594,37.909259474823294,185.40226141836823,2.7505868829615716,0.18042859467682631,25.36659834739352,21.65421181001626,1.552734257938319,1,10.449981405829558,0.4046692416413017,0.47289965787318733,7,6,6
2025-06-01 08:00:00,41.57719902259726,33.12784046691537,166.24920993498384,3.44276836663176,0.3484336916213019,22.75444214293541,23.190894729737224,1.6196947481591977,0,0.0,0.40099574159832857,0.3600496788015904,8,6,6
2025-06-01 09:00:00,59.295239456093604,54.78575913435483,171.21950036618745,3.985197601149164,0.49656450914377437,23.23291204412016,23.064637666746073,0.17979587365710858,0,0.0,0.7111189582756836,0.38933468185333253,9,6,6
2025-06-01 10:00:00,49.5198711398382,57.325546517609695,183.5296565683667,4.203275942855748,0.6063020891977717,24.879497901771263,23.065397507178155,0.20819405442136568,0,0.0,0.5400182839194055,0.4618662505691152,10,6,6
2025-06-01 11:00:00,57.2584324322646,53.79419178256321,160.23391192671568,4.26656333354726,0.6760256038404234,26.38945424976043,19.237531774320527,0.15508855053964124,0,0.0,0.6754682243047468,0.3246074802082553,11,6,6
2025-06-01 12:00:00,58.04020976133267,58.98793492348671,191.53927284901238,3.336430045986845,0.6977906857610584,26.411288828842515,25.974071518584896,0.19801832840712114,0,0.0,0.6891518650508006,0.5090589932204114,12,6,6
2025-06-01 13:00:00,42.08606290177633,42.26741221099956,182.88401799815895,3.4851249650142546,0.6739328917667332,26.887433578853184,15.721325285106927,0.18785357385509846,0,0.0,0.4099025111507665,0.45806214138061496,13,6,6
2025-06-01 14:00:00,40.03071110357243,47.141582879784174,215.31707778191125,3.135183114250664,0.6028367268241162,24.323726087895043,22.005358905353184,0.1855754597381013,0,0.0,0.3739271834357705,0.6491580678443157,14,6,6
2025-06-01 15:00:00,47.901709713669625,57.96508608086766,214.3544543564248,3.6604914098395556,0.4902122601750264,22.735979995830277,24.425878997046357,0.17348928993110577,0,0.0,0.5116952067444661,0.6434862805829379,15,6,6
2025-06-01 16:00:00,39.36499602215771,45.47405760135432,243.10561639543508,3.77867129653895,0.34479753652648415,25.294267168494656,24.588997459343265,0.23177342360339806,0,0.0,0.3622750087376784,0.812888427139121,16,6,6
2025-06-01 17:00:00,57.27798434010697,38.25681328929734,208.5229283530354,2.882862567144585,0.17854502787798474,22.88995663830414,22.776018280488856,0.23819230045590195,0,0.0,0.6758104461534334,0.6091268685587563,17,6,6
2025-06-01 18:00:00,50.898544681938475,30.137895821826362,196.3081588323241,2.6328513896462944,8.547485509998495e-17,20.928644056360277,21.26682509637633,0.2388128476771732,1,12.822590456875885,0.5641495457950582,0.5371573191648924,18,6,6
2025-06-01 19:00:00,34.89848554414373,30.88011458748371,164.80992542241867,2.607405579448884,0.0,22.321168015407665,20.079357965106986,0.18961069838285605,1,8.357827806125774,0.2840965780041016,0.3515693994444364,19,6,6
2025-06-01 20:00:00,45.71145162305135,35.722784153944986,211.72320091302097,2.3219429119560386,0.0,22.251159913407726,20.047835352440135,0.1759161298006413,1,10.512851115335748,0.47335858103432243,0.6279829078552142,20,6,6
2025-06-01 21:00:00,42.121229803312566,33.323205638828505,134.95445480829343,1.1629287199079705,0.0,20.720022903579046,19.87322821745337,0.15984122925741234,1,11.052532549026601,0.41051804607213255,0.1756606552477458,21,6,6
2025-06-01 22:00:00,29.914068384025764,27.736844947930432,198.5836771983429,1.7271047000229824,0.0,19.91288526664572,22.823886216302615,0.21724076692894154,1,10.408641545120261,0.19685309931583453,0.5505646971069936,22,6,6
2025-06-01 23:00:00,20.147112420893105,19.52640374074933,149.90082903263936,1.6501586818259588,0.0,19.91707296615755,23.283318805864926,0.18301677650916687,1,6.030503536229916,0.025899668443961067,0.26372484804109436,23,6,6
2025-06-02 00:00:00,33.0131293343754,18.408884540616924,122.53667852161111,1.1432565326313857,0.0,19.609026053047312,21.15500466252502,0.17766662651846554,1,12.22553552808111,0.2510967248572148,0.10249498787178928,0,0,6
2025-06-02 01:00:00,31.450998833071107,21.40726930611022,131.06665782958,0.906074264446347,0.0,18.73917368543018,23.673514724106127,0.18714381200044397,1,7.092794919105613,0.22375437073218257,0.152753714906514,1,0,6
2025-06-02 02:00:00,35.43120156047439,23.751937294074196,106.07591278961522,1.4268474044802595,0.0,19.67762416842281,21.552336306108728,0.20547236785334688,1,10.019109776875467,0.2934208373757916,0.005507984523017709,2,0,6
2025-06-02 03:00:00,43.862103149584975,35.294463945119546,117.79229521340163,1.7126761358440656,0.0,21.395716715719796,17.054567437211535,0.16619252626603173,1,9.704537804933043,0.44098898014637733,0.07454103194452905,3,0,6
2025-06-02 04:00:00,25.859685360106752,23.177157693303908,133.39156557610255,1.4105140807152612,0.0,21.82280510734559,25.201097826845043,0.24613375491022668,1,4.31901516764962,0.12588823670931498,0.16645209559358462,4,0,6
2025-06-02 05:00:00,35.02512209423013,34.71863663743191,155.84355558810324,2.9494539670616953,0.0,22.39809195977453,25.462471819094034,0.22326140945405612,1,7.1928874238291485,0.28631312866663816,0.29873945487771836,5,0,6
2025-06-02 06:00:00,42.60695519759159,43.851203384636904,130.35846757158836,3.2354819042425236,0.0,22.016696839090287,18.989458086991924,1.1600892476580562,1,6.500299726377628,0.419019817036088,0.1485810505212907,6,0,6
2025-06-02 07:00:00,55.164548619643746,46.10286482000758,184.57308180655548,2.7642098898293335,0.17957448546114468,23.61214863187203,24.55968212451768,1.3550908392081877,1,10.028400405194112,0.6388184612705124,0.46801412295355116,7,0,6
2025-06-02 08:00:00,55.2074042101505,46.59822397316863,210.98488409902617,3.190769511513842,0.3498539036057593,22.345472253190074,21.55272678081262,1.162704327876642,0,0.0,0.6395685732047554,0.6236327374878551,8,0,6
2025-06-02 09:00:00,49.1762671891013,57.58320095142875,197.23778412487127,2.6628895206877097,0.5089433788808725,25.32767024843725,17.33937554927171,0.17294891993701472,0,0.0,0.5340040995142203,0.5426346810828815,9,0,6
2025-06-02 10:00:00,42.504197483584186,39.145003189209795,179.6901447225224,3.9177590005921146,0.6152302877633639,27.060136399200438,20.16623614220384,0.17865908899055735,0,0.0,0.4172212235106922,0.4392438067342744,10,0,6
2025-06-02 11:00:00,48.799418904131734,53.65160620031253,168.85525946002613,3.0816666187463877,0.6863713200041748,24.462170360840467,16.655805980004804,0.2217979727934706,0,0.0,0.5274080313557369,0.3754045497794969,11,0,6
2025-06-02 12:00:00,48.680614036652315,43.974636169833964,162.64799296595828,3.259989994762519,0.7056458846950217,25.45791316688141,24.007903455679077,0.22187398554862778,0,0.0,0.5253285605588428,0.33883127086594783,12,0,6
2025-06-02 13:00:00,45.95565416377525,39.60461854470328,243.9773202221506,4.46546244788268,0.683957284048236,26.276034213427675,17.700696977844455,0.15453253086321775,0,0.0,0.4776329181278818,0.8180245151764146,13,0,6
2025-06-02 14:00:00,51.835770171666354,33.23274023387428,234.13273051439964,2.5994132656959534,0.6210728622217703,26.90537120401819,17.26806597403379,0.20881276468376983,0,0.0,0.5805540339052065,0.7600200899571782,14,0,6
2025-06-02 15:00:00,68.24755069926147,50.29820433388054,216.0443701823055,3.135298816202044,0.5104422836440364,24.73284377189219,17.637615494950502,0.2460910631192541,0,0.0,0.8678134623800642,0.6534432822517758,15,0,6
2025-06-02 16:00:00,47.999409367563125,42.59963138553225,171.9269765992588,2.625861963180495,0.35619659691081507,23.872786683045835,17.750657306944987,0.2128365045297753,0,0.0,0.5134052678004526,0.3935031391962795,16,0,6
2025-06-02 17:00:00,46.502342896255534,49.21829225624419,177.77324794031588,3.4899752385849956,0.1854295907393541,21.87785325144432,22.301528761688715,0.24605473257452515,0,0.0,0.4872017453847341,0.42794943090376614,17,0,6
2025-06-02 18:00:00,36.95479914603535,39.44996613299309,231.5172303686642,2.204115439517929,8.591073054300986e-17,23.179032909947907,21.920660066622574,0.18805591169698346,1,12.248840580676028,0.3200887404054482,0.7446095358235948,18,0,6
2025-06-02 19:00:00,31.736294102623255,31.407207155438883,188.4350974497904,2.2538513167918146,0.0,24.346482480694444,16.71457997193481,0.19597782911522138,1,12.359036492040506,0.22874796395872685,0.49076915939729115,19,0,6
2025-06-02 20:00:00,40.99975827932839,34.954357668071246,221.65495736574354,1.845604749083451,0.0,21.86348410346102,22.874800573117657,0.19954865119964588,1,8.860777581953785,0.3908886543380153,0.6865009204448139,20,0,6
2025-06-02 21:00:00,41.140590974924145,32.30994932976918,212.05668518382484,1.2430046984449,0.0,20.947781652105157,19.088229377855097,0.2423947094705015,1,13.007692717063634,0.393353683624715,0.629947800656425,21,0,6
2025-06-02 22:00:00,27.10805740147741,26.949309114531577,184.05657010924702,1.9157099750214008,0.0,20.820635672624114,20.30877958104931,0.18802810528497932,1,11.807180590921394,0.1477387993905035,0.464970830646732,22,0,6
2025-06-02 23:00:00,31.07502955611892,17.85195003768994,133.3720538289115,2.1680153387830554,0.0,20.193001951066023,16.95589340229841,0.24834184083669464,1,5.833433425379519,0.21717368806708137,0.16633713217566296,23,0,6
2025-06-03 00:00:00,33.36894851739769,30.404728869906016,125.81655591382447,1.6626669864262695,0.0,19.29409218190608,23.190573589032525,0.2043126035143432,1,11.528429842155367,0.2573247154755095,0.12182005966986699,0,1,6
2025-06-03 01:00:00,29.957453852338887,19.10101394577606,123.94947523885904,0.6521983872078794,0.0,21.03783736818065,19.821733051784012,0.17181207225336692,1,10.256223193686939,0.19761248583156243,0.11081920086271459,1,1,6
2025-06-03 02:00:00,31.345977420167788,24.943314311224718,174.07495551715868,1.3503489410084535,0.0,20.745241874562645,22.65387703478835,0.16036880485972,1,7.419711704958044,0.22191615512861027,0.4061590533800595,2,1,6
2025-06-03 03:00:00,43.39418048543425,34.91770200518278,129.72458767014848,1.6221336744308297,0.0,21.019064354155304,20.576507668630487,0.16728727502008822,1,8.18314579087072,0.4327988147436435,0.1448462235317923,3,1,6
2025-06-03 04:00:00,32.74848367560033,20.008150543434866,160.363428286147,2.096015179356541,0.0,20.652613550340934,16.59846233899892,0.15392827429205258,1,6.386076313799892,0.24646456684363102,0.32537059194864487,4,1,6
2025-06-03 05:00:00,33.22427198474742,25.994235745920527,186.53583192971394,2.4972816656432655,0.0,23.660231752266217,23.668742311395274,0.21923102532649758,1,6.680101127330751,0.2547924065640564,0.4795786671471152,5,1,6
2025-06-03 06:00:00,43.258051283219686,46.508004813142605,185.56769174148963,2.566438358669285,0.0,23.803078322496745,22.064462722652163,1.512678135057993,1,5.533964542591932,0.4304161118576804,0.473874375062156,6,1,6
2025-06-03 07:00:00,59.230974598528974,37.07062849839013,177.92634652410663,3.5803509870608208,0.18473277730158752,23.36709973746149,20.77665596203173,1.6784429194170674,1,7.420966330973591,0.7099941146778795,0.42885148935600104,7,1,6
2025-06-03 08:00:00,41.671771302250235,38.392184197995306,150.2068972204559,2.329045056020925,0.3639617827281119,25.650569393725117,18.234692714885576,1.7116965912568103,0,0.0,0.40265106345429647,0.26552820499544394,8,1,6
2025-06-03 09:00:00,53.456847088122906,49.16972293048232,159.41456036291802,3.8771952464472874,0.5188100387010237,24.77766838123783,22.68113812879583,0.24313631547190795,0,0.0,0.6089281416232634,0.31977985225001276,9,1,6
2025-06-03 10:00:00,49.301896336010905,50.05838236160007,199.24230855683834,4.50219125625542,0.6285210952002169,24.975159163762516,18.8614728679373,0.16169983276888306,0,0.0,0.5362030173513409,0.554445359939576,10,1,6
2025-06-03 11:00:00,44.14473062732245,51.74235854606989,255.35073623119604,4.875803452992294,0.7145999274753675,25.302321605342218,20.38115689802393,0.16861032441188434,0,0.0,0.445935878357065,0.8850368009057559,11,1,6
2025-06-03 12:00:00,51.167011963297426,62.589046206720916,258.05148509275085,2.9298085805729617,0.741473319138014,24.39833271742523,16.343094044431894,0.2048274321543314,0,0.0,0.5688485946080556,0.900949641361936,12,1,6
2025-06-03 13:00:00,42.603832378035726,38.30572902359066,182.14564374931933,3.6927914734565253,0.7159634570116277,26.54386838122832,23.75852198603702,0.16295243128851813,0,0.0,0.4189651575578346,0.4537116326065513,13,1,6
2025-06-03 14:00:00,55.78922155794737,45.82745561157129,196.6491719252325,3.343511667689654,0.6387168719308017,23.946620328610642,16.49663473008831,0.1592721726505218,0,0.0,0.6497522652498608,0.5391665718644552,14,1,6
2025-06-03 15:00:00,52.60168422195299,52.87553502473949,228.345754318845,2.5336203685618117,0.5228525675688839,24.077699201121447,24.681171157047565,0.2166337598847232,0,0.0,0.5939600157836665,0.7259231658653323,15,1,6
2025-06-03 16:00:00,57.66811129762316,38.95875372755617,212.21884511294755,3.4219638052986574,0.3686688274955529,22.614361589919078,24.346938558640193,0.2224711515768549,0,0.0,0.6826389341813048,0.6309032486498491,16,1,6
2025-06-03 17:00:00,59.720354103286304,57.067026515720144,168.6439013181147,3.453193877667816,0.19019538791054516,23.885457165983645,25.349721816218405,0.23434004928947233,0,0.0,0.7185598444356913,0.3741592254032737,17,1,6
2025-06-03 18:00:00,37.51457521777598,42.841826318725985,186.93071869983194,2.266446617293072,8.959781315691937e-17,23.049862599331203,24.686522738750675,0.24157466783846676,1,9.999779543808767,0.3298866385781504,0.4819053441146014,18,1,6
2025-06-03 19:00:00,39.13196769812022,26.523398202111796,233.63082966169634,2.2609556079986315,0.0,22.102136256280748,25.352981249147525,0.19424994446545985,1,11.852387292603956,0.3581962567053252,0.757062884899137,19,1,6
2025-06-03 20:00:00,54.32993406523719,42.378424920460056,220.62980022700523,1.5668623421669803,0.0,20.66781166168376,24.549540095507854,0.2479874338209716,1,7.578480461236263,0.6242099975823402,0.6804606838928431,20,1,6
2025-06-03 21:00:00,38.790578465066474,30.662506831067496,174.68795649265883,1.7909471363876113,0.0,19.92192821472279,16.646286410609175,0.15378869927025854,1,11.278571377219942,0.3522208370481102,0.4097708615201917,21,1,6
2025-06-03 22:00:00,36.46787794244973,25.37042437556876,170.8209043741782,1.8074034624545114,0.0,21.08686212044166,20.10344933010868,0.23701276220172704,1,9.617112570270585,0.31156603889727796,0.3869861501117828,22,1,6
2025-06-03 23:00:00,27.86734166928733,21.206323171559916,130.62013312204465,2.036102559904498,0.0,19.77731841274991,16.4476569778939,0.18214758580703455,1,7.776960529149989,0.1610287385567196,0.15012278667327497,23,1,6
2025-06-04 00:00:00,25.682743784698737,26.77588308870862,162.94398507457578,1.067592958397967,0.0,20.547078695873953,21.475631170133035,0.2421714502128058,1,9.375606529690726,0.12279118482395225,0.34057525945658157,0,2,6
2025-06-04 01:00:00,32.70001421999656,23.113406216610812,109.73273359476157,0.8624450263824361,0.0,19.45275995368379,21.44378092223056,0.17226043870231367,1,7.784024758592358,0.24561619404874652,0.027054010840930887,1,2,6
2025-06-04 02:00:00,29.913163412419433,21.165099052876997,120.44775317147517,1.3092051807308398,0.0,20.823831585149833,25.735645076235613,0.22409936544478565,1,9.55572715171843,0.19683725937537325,0.09018701792509576,2,2,6
2025-06-04 03:00:00,41.04872893865406,30.525921741245394,106.43809298378972,1.6601419714084844,0.0,22.427854870661626,26.368379299140223,0.19254567760313057,1,6.508027977927252,0.39174579982483654,0.007641954003974638,3,2,6
2025-06-04 04:00:00,28.94197832006945,23.808512722940865,137.05180940707638,1.7997191937399963,0.0,22.337108285988506,18.857236603206147,0.1881464840025719,1,4.723894066371384,0.1798383679934984,0.18801829041536922,4,2,6
2025-06-04 05:00:00,42.483820405838756,31.313272154004352,178.28579525995082,2.790465398107091,0.0,22.067110023684307,22.36712486250164,0.155941945128629,1,6.31900840324584,0.41686455851037135,0.4309693650559916,5,2,6
2025-06-04 06:00:00,48.5373486508616,42.80435621994322,198.60051816879758,2.4657703762499024,0.0,23.518211619506307,21.1177492387692,1.6544337950380676,1,3.99527055399184,0.5228209512977227,0.5506639242805332,6,2,6
2025-06-04 07:00:00,52.327596042164636,33.849759646534544,183.8769071529846,2.3599031612460313,0.18158794005879955,23.80182945961089,21.98496792599414,1.2565145702224698,1,8.561390365657266,0.5891625830038817,0.46391225463487584,7,2,6
2025-06-04 08:00:00,53.37745501070844,34.817542875420436,202.03800168837893,3.4379772400864796,0.35310527076958126,24.778935708367793,21.77302703441674,1.4722448761431097,0,0.0,0.607538522578263,0.5709176130246084,8,2,6
2025-06-04 09:00:00,66.12603131860742,45.53309186990491,167.77212529111384,3.9209757467497006,0.496763658209132,25.071776012497914,25.77506723172144,0.1641308114169418,0,0.0,0.8306799872059163,0.369022711961146,9,2,6
2025-06-04 10:00:00,59.4727513524691,51.57017985040314,202.03326934888145,3.55830456701707,0.6113118714718553,25.714812093964863,25.458836362055717,0.21044778181320029,0,0.0,0.7142259926291212,0.5708897300309396,10,2,6
2025-06-04 11:00:00,45.8866575471432,52.09667206190161,232.92199887251036,3.118124098433012,0.6912695949964622,26.3959394552706,17.14373394995889,0.173106123471947,0,0.0,0.47642525338808733,0.7528864464974372,11,2,6
2025-06-04 12:00:00,71.45852550185585,52.657397101498916,214.34865641004566,3.552636339224304,0.7137896120422871,25.297700623430117,19.373656873377044,0.20943965308312695,0,0.0,0.9240159435849229,0.64345211902241,12,2,6
2025-06-04 13:00:00,53.423754292980774,32.72180293803555,173.65753501828968,3.6466798797983917,0.7018199406301588,25.177941836855616,23.508372999379773,0.2446615780382657,0,0.0,0.6083489102959142,0.4036996074477866,13,2,6
2025-06-04 14:00:00,53.647840807595614,37.23511844777401,246.49506124807402,3.723269869798581,0.6284712102253835,24.51055386418586,22.658866222986905,0.24209185003835537,0,0.0,0.6122711516401088,0.8328590715566154,14,2,6
2025-06-04 15:00:00,66.80350686358679,41.56498175795875,187.98022839030523,3.31419656989019,0.5083113524572019,23.827039624564136,22.000776656878557,0.17004643591089982,0,0.0,0.84253800818842,0.4880890661553475,15,2,6
2025-06-04 16:00:00,44.195112334211935,49.36245246104921,171.46572579637385,2.6261949846708563,0.3620742142306853,23.593671026734107,25.645083742465363,0.15991856094603124,0,0.0,0.4468177217562212,0.3907854446556743,16,2,6
2025-06-04 17:00:00,47.03082690778716,38.8434717150848,205.999179178172,3.547787110068783,0.18698718470921713,24.25182984656081,18.844232348366912,0.1542661102335567,0,0.0,0.4964519309362295,0.5942569121023468,17,2,6
2025-06-04 18:00:00,44.634680690513996,35.59112604963345,157.4609077799613,2.027005865963705,8.925053493803823e-17,22.428072323950616,20.65629923426474,0.2328504619676587,1,8.947841060431506,0.4545115947393902,0.3082689108581882,18,2,6
2025-06-04 19:00:00,42.69716339686923,32.167206636200824,202.6727415581049,1.979271774870482,0.0,23.062959950311555,25.432410075943988,0.17493075822594079,1,11.706705378474233,0.42059875332058616,0.5746575069562163,19,2,6
2025-06-04 20:00:00,47.16797094700064,48.02319855338276,192.64259252819207,1.9066674852840246,0.0,21.865452296495054,22.57794791327483,0.1783937364355869,1,11.515243031872442,0.49885239676362453,0.5155597642757559,20,2,6
2025-06-04 21:00:00,38.80600830135759,34.55359339920845,149.00981903765086,1.1498475434245419,0.0,19.245843058969506,22.181306260202454,0.17262452783488658,1,13.075946835340906,0.35249090926525906,0.2584750078590082,21,2,6
2025-06-04 22:00:00,33.90660647110794,32.219623595795596,197.1627537446075,1.8275307064722472,0.0,21.397489196394357,17.16800261552911,0.2340083955221962,1,9.381719115118255,0.266735474791848,0.542192601299937,22,2,6
2025-06-04 23:00:00,26.259418966018973,19.90096146484,176.32793321661862,1.769073843860016,0.0,21.258526334610877,18.22688046820876,0.24789019954063024,1,5.373584926773052,0.13288487226530876,0.4194336214797377,23,2,6
2025-06-05 00:00:00,38.31115468924944,27.46307687563939,116.98396230814991,1.4641223403069126,0.0,19.356550971685294,19.713468488560366,0.22551866509300356,1,8.046642994462562,0.3438293648609886,0.06977832603734373,0,3,6
2025-06-05 01:00:00,24.626275601315164,24.195689527699937,158.92817277009846,0.8431830729785782,0.0,20.877729320929447,20.75802951638682,0.23235778604691903,1,7.002181685292381,0.10429956253773184,0.31691405148098184,1,3,6
2025-06-05 02:00:00,37.046524614726984,29.058340936366072,129.7152281326884,1.9304409643533704,0.0,19.905635547747146,21.2203587968673,0.21205004605193378,1,8.95255001651285,0.32169423382943374,0.14479107703947453,2,3,6
2025-06-05 03:00:00,45.31935737690025,39.22913897029921,159.05373095515478,1.8552571626480303,0.0,21.341447896014184,25.64708227759359,0.2028774908396479,1,9.983490080431777,0.4664956590699284,0.3176538416166772,3,3,6
2025-06-05 04:00:00,32.34408230110932,23.953581261521894,167.2205965302888,1.9931451861669234,0.0,20.605480446379755,17.22369745216663,0.22215780047905154,1,6.107462098220342,0.23938623018689786,0.36577309875092284,4,3,6
2025-06-05 05:00:00,33.118413666166674,26.867203266491554,125.27001261058132,2.234423637594012,0.0,20.8052893776845,18.77989671074966,0.15357628788062205,1,5.798178483023455,0.2529395423947066,0.1185998208277056,5,3,6
2025-06-05 06:00:00,37.09226304646035,39.613215296488555,172.94735878703221,2.310789176483061,0.0,22.996903007280125,17.66906338814575,1.1710503942025476,1,5.020221382185974,0.32249480484224813,0.399515241687371,6,3,6
2025-06-05 07:00:00,56.09205842914398,46.1007055515469,200.41530619985858,3.231899887866561,0.18833791179352283,24.037308733963133,24.010548710354136,1.640455116432138,1,7.789992129911588,0.6550528934415905,0.5613566742844834,7,3,6
2025-06-05 08:00:00,42.53148391639811,43.82668994168392,164.1036261645606,2.7632378287971613,0.3640340776420774,24.491754313523852,26.47598412910514,1.3763024734402936,0,0.0,0.4176988246510478,0.34740787685171987,8,3,6
2025-06-05 09:00:00,51.27362833864796,54.70634401276358,150.40992862901885,2.8089541443711727,0.5151090922010306,24.33157036635679,25.55978491506352,0.19888343564482747,0,0.0,0.570714727231372,0.2667244681719453,9,3,6
2025-06-05 10:00:00,48.91993738119748,45.10245204305974,152.72674799391987,2.9066888654859033,0.6231983282843877,25.59729741330332,23.62257066855892,0.22819925636599103,0,0.0,0.5295174958824137,0.2803751920301548,10,3,6
2025-06-05 11:00:00,55.62664677350103,43.26834031264426,167.6689383719732,3.8255020897347527,0.6998883502514299,26.57102528528106,16.07443921358811,0.2077157908406934,0,0.0,0.6469066788379564,0.3684147335575175,11,3,6
2025-06-05 12:00:00,66.84442904829969,65.69406664618403,161.43214372255255,3.824509222506017,0.7292053344154041,26.36388591766632,19.393824134973208,0.2305261874663058,0,0.0,0.8432542792458353,0.3316674744447048,12,3,6
2025-06-05 13:00:00,57.2891168122411,35.04814800368405,199.7190201951796,3.829328959709324,0.7181800675690091,26.493876452932373,24.665052183356632,0.19191552421706437,0,0.0,0.6760053005494805,0.5572541498839182,13,3,6
2025-06-05 14:00:00,48.132140773651834,35.76269300824782,197.9261446758693,3.6466082170810217,0.6444409575630995,25.346371049284148,22.338103884844713,0.1787423352971545,0,0.0,0.5157284982256705,0.5466905086277106,14,3,6
2025-06-05 15:00:00,59.67884239151413,52.478355396053296,176.0401184838347,2.9396709003171337,0.5273613976759882,26.716253488346624,17.648596201278576,0.1734836908883869,0,0.0,0.7178332547412558,0.4177378140727906,15,3,6
2025-06-05 16:00:00,56.11940703013391,36.348550385190755,230.8590636086898,3.0455607207530027,0.3731356008838303,23.75184017949624,20.22235796031063,0.16316809510731972,0,0.0,0.6555315827268111,0.7407316104103432,16,3,6
2025-06-05 17:00:00,48.58077115246585,43.91681000132704,259.5124498797701,3.2797132851782216,0.19121137218266035,24.696822326251084,16.289687598925944,0.15367965222739585,0,0.0,0.5235809860162476,0.9095576611222592,17,3,6
2025-06-05 18:00:00,35.39882656101856,32.4659658593978,240.09264148445885,3.06702375162034,9.125993048786176e-17,24.619480453983762,20.713215749869033,0.1553149015683405,1,10.484247513988429,0.29285416980276874,0.7951359475437998,18,3,6
2025-06-05 19:00:00,45.424990562683114,24.728101120967686,166.8299763392509,1.9240062357381191,0.0,23.14681787253161,24.630994853875755,0.17709988271328145,1,11.365953045833786,0.4683445826845809,0.36347156051186935,19,3,6
2025-06-05 20:00:00,52.73623464798401,40.52042955392656,204.29834696743922,2.037278308654976,0.0,21.74461332653292,15.823405483985725,0.177841259434457,1,9.711640732943374,0.5963150849620369,0.5842355909801223,20,3,6
2025-06-05 21:00:00,39.06458911354869,25.902490057386462,206.70356123867492,1.3334752274093395,0.0,20.802283883870818,21.822174255313513,0.18817845290332108,1,11.269594475814422,0.35701691277838693,0.5984071385482539,21,3,6
2025-06-05 22:00:00,27.071152264745226,25.774338831784178,192.50913896364386,1.2595483235733056,0.0,21.894669513818286,17.980940491738366,0.2091617371239506,1,12.07280208679543,0.14709283971125675,0.5147734544817599,22,3,6
2025-06-05 23:00:00,28.841153078364634,15.214435149926315,180.886834186129,1.743428359617257,0.0,19.14065554711752,25.987903486298258,0.2259299535132061,1,5.463657594705311,0.1780735990058029,0.44629471353313926,23,3,6
2025-06-06 00:00:00,34.084401353409866,27.725012575424667,166.17806153514866,1.5021181578933716,0.0,19.49602664263386,16.433568067387117,0.16977050080587575,1,11.324879569255335,0.2698474623175116,0.3596304716878131,0,4,6
2025-06-06 01:00:00,34.40669476428567,19.43520445478222,126.73129738815788,0.8234118577039254,0.0,20.175551682627333,22.368558355874235,0.2259248176598989,1,8.90969265797809,0.27548864310552706,0.12720972597572952,1,4,6
2025-06-06 02:00:00,41.757669752136685,22.664108428523406,110.84941463475546,1.1912244228177198,0.0,22.11519356688703,18.661438557440878,0.1638989527791368,1,7.962032743824676,0.40415456513589454,0.0336335071735274,2,4,6
2025-06-06 03:00:00,48.68101536056243,28.034871858904165,140.50202073791337,1.5967073016248368,0.0,21.738785474287834,25.43702610361682,0.24886936206898735,1,6.867976594089462,0.5253355850298841,0.20834697155609055,3,4,6
2025-06-06 04:00:00,39.13774396040803,23.814435333838468,113.0014296934421,1.4695378565764556,0.0,21.017007649281453,17.38142099540584,0.17850337830826135,1,5.340235887182442,0.3582973600439134,0.046313202340912615,4,4,6
2025-06-06 05:00:00,27.445841708790084,27.527009096472074,189.52887790913545,2.184838303444835,0.0,22.402996855565807,20.723031165478762,0.23373350147041494,1,7.036206974189899,0.15365112114640703,0.49721372526989327,5,4,6
2025-06-06 06:00:00,58.46675235488027,41.01152256499964,148.66477464517908,2.54551326281867,0.0,22.88013990068716,18.117636608349418,1.267849370916865,1,4.114279086973262,0.6966177449068375,0.256442002700379,6,4,6
2025-06-06 07:00:00,38.46079586165021,52.669568655789355,208.52528885070404,3.643864015156719,0.1860743698118679,23.565825594022932,24.699432104448054,1.8379820853279427,1,11.596329914633795,0.3464485710822682,0.6091407766356356,7,4,6
2025-06-06 08:00:00,54.706304302160184,46.31606737253534,204.5808892710824,2.2039256181063043,0.35701967207865376,25.98273447089695,19.84100673690171,1.7449700889091588,0,0.0,0.6307976983483636,0.5859003331795904,8,4,6
2025-06-06 09:00:00,49.14419760169644,48.67960261435554,181.90975582311876,3.0083210410708303,0.5014497918860279,24.258102640840608,18.008660168926333,0.1859389260547034,0,0.0,0.5334427776433938,0.45232177848549543,9,4,6
2025-06-06 10:00:00,56.2222573462812,35.48100310855172,161.83114127160397,3.447248375258363,0.6104361087736849,27.720056058242072,23.650198848314204,0.19214717260948544,0,0.0,0.6573317970902224,0.33401837216453456,10,4,6
2025-06-06 11:00:00,42.80577106217505,49.04762363355744,180.9149984192877,4.186577637527871,0.6840700565165444,27.243872772817994,24.480716830602642,0.15038379935229762,0,0.0,0.4224997399814351,0.4464606574886122,11,4,6
2025-06-06 12:00:00,68.9288867920571,42.05274546185643,233.21224798347362,4.070063021678601,0.717572143379514,27.613386932581957,20.605152617381243,0.1751432244312966,0,0.0,0.8797390554798913,0.754596597286003,12,4,6
2025-06-06 13:00:00,40.64206995733322,44.730657504002174,254.70506003456023,4.01359909088657,0.6957488388367257,25.962015930235758,19.606348221673006,0.17892964559519517,0,0.0,0.38462794772085707,0.8812324700219492,13,4,6
2025-06-06 14:00:00,48.59290649601673,39.25323858136252,272.738454101445,3.6124512166470697,0.6290882197080077,25.979959197893212,22.120995995912306,0.19527386989599285,0,0.0,0.5237933939172009,0.9874854159195394,14,4,6
2025-06-06 15:00:00,63.93711090967013,55.375126153598444,178.42554868585754,2.5298360878399127,0.5129675257292108,24.224631015298986,22.209347404596198,0.1639049813995167,0,0.0,0.7923667752670276,0.4317927936988081,15,4,6
2025-06-06 16:00:00,55.479154181057005,52.85744751102183,177.71711045329943,4.03213259606748,0.36301478362396306,24.516431895875584,22.220011553247513,0.19787668881222495,0,0.0,0.6443250797397656,0.42761866824485323,16,4,6
2025-06-06 17:00:00,40.716795543179856,44.326088077384995,160.63294117286182,3.0793434883258226,0.19070152754634817,24.815831136221476,18.216642698775306,0.21684684854192524,0,0.0,0.3859358880169548,0.3269585646876978,17,4,6
2025-06-06 18:00:00,42.192287173748845,35.51204488667708,176.03645255021888,1.8725640169323756,9.07398968036275e-17,24.846400096651895,25.02335034430861,0.18712822981433186,1,11.860569652690206,0.41176178069228125,0.41771621435369716,18,4,6
2025-06-06 19:00:00,29.249194283202154,30.973246755749102,220.91079865565192,2.699796854160942,0.0,21.67133399325554,17.577399588608692,0.1732195275565526,1,8.537947754738312,0.18521564450773567,0.682116329564732,19,4,6
2025-06-06 20:00:00,52.64864166775872,33.06645551204709,152.8431171057817,2.112935140432622,0.0,21.69404594539792,19.272894727418063,0.2047716486953895,1,7.79587108798089,0.5947819234994144,0.2810608400507628,20,4,6
2025-06-06 21:00:00,44.89920907897508,33.5594230864308,173.7072995092171,1.185271033463255,0.0,21.29152927976395,18.413470873978035,0.15290039029602773,1,12.151033352412863,0.4591417001418442,0.4039928203472842,21,4,6
2025-06-06 22:00:00,37.42723180744699,25.390341151350594,155.71257584048158,1.9299976064322601,0.0,19.574873412972902,25.222906397255418,0.1840837450776448,1,11.201901750469613,0.32835784539876545,0.2979677208388509,22,4,6
2025-06-06 23:00:00,21.456260984166924,14.953878842342988,138.50327946607098,1.8577787645546728,0.0,21.266893591800688,24.297229861791823,0.20275902429080142,1,5.2574822546403075,0.048814017526462763,0.19657036713915854,23,4,6
2025-06-07 00:00:00,30.60641323596829,27.66223680440382,153.96034104955737,1.3815228595034807,0.0,19.853907516628354,24.268355341501586,0.18358428161985227,1,12.498638975110433,0.20897138143288543,0.28764353517810315,0,5,6
2025-06-07 01:00:00,36.29367743906866,18.411768300255087,141.52735718854402,0.770615757529541,0.0,20.48929905250453,15.89681776632552,0.1845431426097528,1,6.904382533494972,0.3085169646693391,0.21438826461560087,1,5,6
2025-06-07 02:00:00,29.09300110668832,20.214228154709737,128.43342214392072,1.331969698028939,0.0,20.537003345827287,23.225192814713406,0.23482966626372034,1,8.70923839765315,0.1824817569480285,0.13723866278674995,2,5,6
2025-06-07 03:00:00,40.84380585472265,33.00643410837535,154.71122766413845,1.883695456789089,0.0,20.680925136375564,18.47374586463479,0.24339917871951644,1,8.105862457786792,0.3881589807181307,0.29206776694159675,3,5,6
2025-06-07 04:00:00,31.569038197437667,26.733270182203984,129.36718376611643,1.8684472624787638,0.0,22.089087064412112,26.44559700472278,0.2327392647348659,1,6.137152240989532,0.22582044273993698,0.14274039600216268,4,5,6
2025-06-07 05:00:00,41.20317073300868,29.012808360892297,162.5773111236091,2.4531291775786572,0.0,22.608606405591146,21.813278592320973,0.15988674500784894,1,4.380169896123613,0.3944490325121336,0.33841481271374335,5,5,6
2025-06-07 06:00:00,58.017346582862444,43.57453157925364,196.5796694673241,2.993590210805281,0.0,23.233349309760612,22.195557265049406,1.3423068332857473,1,4.271142457582943,0.6887516852184278,0.5387570626576745,6,5,6
2025-06-07 07:00:00,44.95064481052067,34.4829172520308,189.06777366971383,3.615910862481751,0.18286849416013187,23.657729778906223,19.941375837284383,1.6584707750187486,1,7.898027270656552,0.4600419923936281,0.49449689428274246,7,5,6
2025-06-07 08:00:00,50.266929221893676,38.05950694628306,172.6559603672695,3.041516352846043,0.35034620931220795,25.433779007640176,21.826636649070213,1.8557945962519937,0,0.0,0.553094225151251,0.3977983191593735,8,5,6
2025-06-07 09:00:00,56.56683058002769,42.855430664597954,213.91456205472537,2.6283635278922834,0.4937429820939798,27.393705016499183,24.01994157536766,0.17422815484700807,0,0.0,0.6633629470941674,0.640894430554048,9,5,6
2025-06-07 10:00:00,47.38622061192131,57.02605874881272,230.92418168001504,3.99754953494193,0.6000764510689094,26.361236909920443,21.90790163725217,0.23982104790893005,0,0.0,0.5026724742929655,0.7411152867656545,10,5,6
2025-06-07 11:00:00,49.314647298991474,35.98295627973568,190.1469255413994,4.079949103388348,0.6639008146978133,27.52166821215971,22.621810247981557,0.22390149871630682,0,0.0,0.536426200590487,0.5008552683643054,11,5,6
2025-06-07 12:00:00,61.87114412009778,47.57168133347449,236.6559097585168,4.385465315467388,0.6841868816960338,25.242042634939082,20.710914818526348,0.24834503663795326,0,0.0,0.7562056507490195,0.7748866883756874,12,5,6
2025-06-07 13:00:00,41.708658649627544,49.41587811185714,211.4653225278602,4.024506761686831,0.6689242569062307,26.692288506711666,23.128785348416017,0.15935854817417341,0,0.0,0.40329671176209236,0.6264634857206443,13,5,6
2025-06-07 14:00:00,58.76886186580598,51.577388035239906,255.03747299600556,2.957162929192511,0.5995134110329358,25.141935493830537,24.895424802291906,0.18947457481930374,0,0.0,0.7019056419329656,0.8831910506572479,14,5,6
2025-06-07 15:00:00,43.28801461656823,55.07204219492683,196.2680153081953,2.4446467992315375,0.4864621354803596,24.290094012509567,16.011847893708993,0.19781150023345007,0,0.0,0.4309405674460569,0.5369207931021015,15,5,6
2025-06-07 16:00:00,40.29684752366664,34.1053212042575,261.62160635344554,3.314133043619423,0.34839368885326966,24.410791163892007,16.528623665411367,0.21720826252445785,0,0.0,0.37858543461114197,0.9219848330598214,16,5,6
2025-06-07 17:00:00,49.80572736838385,47.66121311268057,216.0727426108901,3.5059870141657243,0.1812997861085991,25.622975993479855,22.421111629818014,0.2153972036275129,0,0.0,0.5450216957490929,0.653610452896869,17,5,6
2025-06-07 18:00:00,35.874846105408196,34.41741896375113,185.3303313935715,2.0784772752884257,8.411480457093986e-17,24.609085280082848,19.246470256523626,0.24063453447142305,1,9.22519044540865,0.3011860568904805,0.4724758454169857,18,5,6
2025-06-07 19:00:00,37.477529346380216,34.17860306067143,182.67881096336816,2.676570780332311,0.0,23.13005993877172,18.276765783470022,0.2338673122588332,1,12.380713454345123,0.3292382155854955,0.45685305939169146,19,5,6
2025-06-07 20:00:00,46.01580936061895,30.297653827203302,166.30187519826293,2.335484918908035,0.0,20.635247663416838,17.261803369829654,0.15553726689161795,1,8.987169124763883,0.47868582932396186,0.36035998308203376,20,5,6
2025-06-07 21:00:00,40.40485368260764,23.463886307884387,139.64057213414253,1.2079365015722838,0.0,21.354776068030798,21.39628711453892,0.19865401230098872,1,12.982245021789367,0.3804758929582413,0.20327130739933044,21,5,6
2025-06-07 22:00:00,42.59769186574525,26.1284755656405,125.47939175099754,1.7306464457288988,0.0,21.38042266630899,19.168148604252615,0.19070612302190995,1,10.878141102965312,0.4188576786619196,0.11983348490648162,22,5,6
2025-06-07 23:00:00,28.04089201654383,14.871586205715642,138.1962411793746,1.4132353495757304,0.0,20.958972389089794,20.953664048265185,0.24971445865253747,1,5.351879520344713,0.16406643294220621,0.1947612943520925,23,5,6
2025-06-08 00:00:00,27.706438434562425,26.806272235169935,142.35662609456787,1.0578914381118008,0.0,18.841827786080163,25.814892896245052,0.19272581942444914,1,11.500061260957626,0.1582124096904448,0.21927432565766006,0,6,6
2025-06-08 01:00:00,35.69095516066034,24.854954042649357,131.5959832367673,0.6222320281109256,0.0,19.90192673315324,23.857930948400345,0.21826191400026862,1,8.702597590294028,0.29796736848545635,0.15587250572556288,1,6,6
2025-06-08 02:00:00,31.92933095483842,27.11400933180052,105.97436525671186,1.6604364241867615,0.0,21.032261732050788,24.394477986029425,0.17844294331338906,1,8.017510853402868,0.23212673543015108,0.004909665400195051,2,6,6
2025-06-08 03:00:00,39.113397929764915,31.044991740690197,146.94724561608743,1.8994767330543327,0.0,22.11377287579537,17.34119831997297,0.2114628955917377,1,6.345141982472667,0.3578712254854836,0.2463223037502666,3,6,6
2025-06-08 04:00:00,31.919909528830235,29.280321900319194,119.54442606720767,1.9271723622790813,0.0,20.007054043538737,19.557413176738546,0.17066330886184333,1,4.148297477880586,0.2319618298950095,0.08486460520669267,4,6,6
2025-06-08 05:00:00,32.34302703230096,22.958411920199268,129.7932063682075,2.0815364392024445,0.0,22.76897325891558,17.25334853762225,0.21036066556496122,1,4.858894781773519,0.2393677595575675,0.14525052561632432,5,6,6
2025-06-08 06:00:00,58.69508499134235,35.569464612534006,129.65988274249605,2.2076724009202597,0.0,23.85496859265897,26.53659999915619,1.7761426789409858,1,5.671354892854705,0.7006143071653911,0.14446498142330946,6,6,6
2025-06-08 07:00:00,44.74068382715586,42.466179278997835,171.38041630496932,3.2701955879346456,0.1828082282337641,25.34234734544829,23.439927802714944,1.1394283435844152,1,10.532593286905552,0.4563669936948591,0.3902828002426959,7,6,6
2025-06-08 08:00:00,48.36365371553587,30.072487249749454,143.56433631726182,2.1407743687108587,0.35414431560810905,25.91348714823203,16.28087906818661,1.5034398071545096,0,0.0,0.5197807261517214,0.22639016688399413,8,6,6
2025-06-08 09:00:00,48.036063333274114,36.824509862675065,167.16372654840555,3.7320593580056705,0.5020504199072838,26.42886551001948,21.092023843066038,0.2482370624356398,0,0.0,0.5140468311715793,0.3654380202246163,9,6,6
2025-06-08 10:00:00,61.21300774131101,43.747509561623936,195.1708717619993,3.1712674645047736,0.6195622223033048,25.52744677501062,18.737459888352554,0.16592625224483204,0,0.0,0.744686127945816,0.5304564118867028,10,6,6
2025-06-08 11:00:00,63.2929184792618,56.748125676445675,173.67876490047016,3.555050107104732,0.6933925855490272,24.723416571631876,21.55156298878761,0.16834123280488886,0,0.0,0.7810913168196167,0.403824694134983,11,6,6
2025-06-08 12:00:00,54.516904678228286,63.711648817416574,208.87161177576107,3.2788230422259,0.7170985691900755,26.344911566947907,17.62590570795457,0.19708237211015434,0,0.0,0.6274825901775867,0.6111813149215899,12,6,6
2025-06-08 13:00:00,55.0118114173083,39.785363073610206,201.4450702933745,4.0782583860772625,0.6870650878377575,27.641689654575096,16.24624668877043,0.23709931803269094,0,0.0,0.6361450644763038,0.5674240550620461,13,6,6
2025-06-08 14:00:00,56.04924032622402,34.1044407634301,259.6656895106566,2.8316584316771514,0.6254900408126276,27.73812004601504,18.915466897387528,0.20627596094371145,0,0.0,0.6543034376617937,0.9104605506254532,14,6,6
2025-06-08 15:00:00,56.9036003564412,39.750850242183404,250.87541477477438,2.667486113735319,0.5206982063071742,26.582760637564586,18.53542084898759,0.2008708644570584,0,0.0,0.6692575112663784,0.8586681602150554,15,6,6
2025-06-08 16:00:00,53.08469027379376,40.63095343624251,267.53442045633034,3.412291302095441,0.3737421649020946,25.6845268247969,22.79813094376882,0.15867570591046212,0,0.0,0.6024141894285299,0.9568231954139169,16,6,6
2025-06-08 17:00:00,56.08416384681532,39.53914271430563,211.2952008630666,3.1579327981546674,0.19420355925300606,24.915570519484817,20.25594608607924,0.2461986014574681,0,0.0,0.654914712626659,0.6254611270976209,17,6,6
2025-06-08 18:00:00,35.0716464412178,28.67284615347805,207.53970935575498,3.0429382302666785,9.021789380681688e-17,23.207635644130146,18.361109984169232,0.18471159314796992,1,14.157651230314555,0.28712745574732107,0.6033337319735939,18,6,6
2025-06-08 19:00:00,41.16828580801269,32.2125322636451,232.8628971726832,2.1958493282163865,0.0,22.861510536230053,21.239549866177057,0.17518071521475628,1,9.152801281709525,0.39383843309545924,0.7525382186657323,19,6,6
2025-06-08 20:00:00,47.71381886357742,40.554358475176365,170.96329932187666,1.598649464335656,0.0,23.94136398201963,16.15863238252391,0.19117439447430518,1,10.973447269048698,0.5084065070130512,0.3878251426285424,20,6,6
2025-06-08 21:00:00,35.25192972652193,24.765818994078845,174.37044501697338,1.487810118455542,0.0,20.7126755126513,22.322448874642497,0.19141821617058197,1,11.780176846505391,0.29028299840236427,0.40790008059438576,21,6,6
2025-06-08 22:00:00,40.982612814396866,29.93444340375693,150.3268396580379,1.3216641203277146,0.0,22.797508759684664,17.0906271802022,0.19585331087280597,1,8.859375863678245,0.39058855305108403,0.26623490708845865,22,6,6
2025-06-08 23:00:00,18.95341708803306,20.418675717328995,155.1946239607556,1.7244646802796666,0.0,20.565245775622227,18.571688355035057,0.21885382018791655,1,6.001741542844379,0.005006125630984629,0.29491594296220924,23,6,6
2025-06-09 00:00:00,28.89204060023392,24.340298379434262,114.88930116638078,1.1836414740471641,0.0,22.114721654874234,18.71229031530306,0.23679465686144652,1,10.449578872480886,0.1789642958088764,0.05743656074653352,0,0,6
2025-06-09 01:00:00,23.760596943085517,17.098545228225333,161.42195446719307,0.966646348244871,0.0,19.488928100175865,20.768645137531426,0.15573128801268565,1,7.797591713587848,0.08914737620500555,0.3316074392458713,1,0,6
2025-06-09 02:00:00,25.908538741765707,29.74543440164488,173.96959632003308,1.4235784265705314,0.0,21.785572524900818,26.064797018318203,0.19907685646667053,1,7.473478968271788,0.12674332945630967,0.40553827589189057,2,0,6
2025-06-09 03:00:00,35.18039473792951,34.69907393872123,110.66885437994777,1.7470381630900438,0.0,20.943870903744962,19.481479361906413,0.1913978124826072,1,7.005082214416848,0.2890309039142335,0.03256964426928541,3,0,6
2025-06-09 04:00:00,41.33686499003363,21.507936274149667,167.23839849087773,2.0775461974350935,0.0,20.890903938935136,19.08954711654802,0.15108801128188235,1,5.398528797067082,0.39678911595395044,0.365877988088355,4,0,6
2025-06-09 05:00:00,32.155606818348296,29.586062854903115,132.1242822753803,2.895615681051534,0.0,23.25245068284965,17.925405579754457,0.2316489450902502,1,6.296537726979835,0.2360872974861821,0.1589852491702689,5,0,6
2025-06-09 06:00:00,53.025698788211066,38.49293272426785,135.8037642621585,2.8441367153817882,0.0,24.824041104345437,20.338665675926336,1.2032349008405427,1,5.139019218168135,0.6013816469566832,0.18066479540667182,6,0,6
2025-06-09 07:00:00,39.51657195183336,45.578452793150014,186.04961520386567,3.8365880288923573,0.18791595208710912,23.750273445425165,18.067613412371415,1.2110610071302537,1,11.543150970080433,0.36492807949109,0.476713873128061,7,0,6
2025-06-09 08:00:00,48.904649086648185,38.01815146767743,138.97190237009235,3.0703076445890747,0.3641213980662018,23.823923112018306,17.55116549401125,1.1612238135387776,0,0.0,0.529249901105162,0.19933149817653714,8,0,6
2025-06-09 09:00:00,68.58758988683083,45.819822187542975,186.85401591598347,2.6509881730389884,0.512954302843075,25.856588864119242,25.168991425020273,0.1700421633814484,0,0.0,0.8737652518593342,0.4814534105122956,9,0,6
2025-06-09 10:00:00,47.74307472749389,51.55056253699507,150.14444659153213,4.345185533970062,0.6295364795346009,26.34192126639365,16.49678655430725,0.16768162815544985,0,0.0,0.508918579590067,0.2651602452385787,10,0,6
2025-06-09 11:00:00,65.34897817641372,49.08165099311324,213.9489815558841,3.889908001211943,0.7087650900326624,27.28153747352361,23.35671466590667,0.1847865836088495,0,0.0,0.8170790350638966,0.6410972306138081,11,0,6
2025-06-09 12:00:00,75.79966641445012,41.7957227587922,210.57160146695256,2.9386951535570396,0.7362845299046213,27.789187803971803,17.876994460710748,0.215927039425103,0,0.0,1.0,0.6211976719098911,12,0,6
2025-06-09 13:00:00,52.66664946700064,31.67840910263569,264.0569752561586,4.128469813011686,0.7144810107712951,26.68210127579213,15.77519258482497,0.1554294227628479,0,0.0,0.5950971184357363,0.9363340520310754,13,0,6
2025-06-09 14:00:00,46.01695859653299,37.486533089892504,244.22990930628572,3.4068307410099634,0.6299324178428518,28.0,23.812128947518456,0.23602757601747865,0,0.0,0.47870594468263933,0.8195127726941833,14,0,6
2025-06-09 15:00:00,59.96657919553122,45.72347862578743,177.7525825715705,3.560873217252618,0.5249802600580701,26.19756418919855,22.734685195659026,0.1826578615356556,0,0.0,0.7228695827456519,0.4278276703356162,15,0,6
2025-06-09 16:00:00,59.2571820579133,38.416626300012034,199.0301707272464,3.8910012579240902,0.3649805214297929,25.009706968158476,18.86300115416703,0.2106607331071925,0,0.0,0.7104528302810927,0.5531954416354085,16,0,6
2025-06-09 17:00:00,45.1859872669601,49.7445541349797,253.2299101538113,2.9280615706382416,0.18923957783904133,23.025140495006912,16.20161208515413,0.15120051122107545,0,0.0,0.4641612492542098,0.872540871541446,17,0,6
2025-06-09 18:00:00,43.289388374513855,30.70392816676806,222.533414727409,2.1764223424453766,8.941799073992663e-17,23.601701312580314,19.071883527902312,0.1865807915068367,1,13.244842192115183,0.4309646126690392,0.6916768003804595,18,0,6
2025-06-09 19:00:00,34.50860963670749,32.662481196702736,199.3255260576205,2.7816493276813654,0.0,22.75561973361478,17.24793016010279,0.15020509119053682,1,10.683880342803004,0.2772724841674859,0.5549356783219916,19,0,6
2025-06-09 20:00:00,43.19826768274534,44.28942822842703,185.31644317082115,2.0821149146711107,0.0,23.332864457283478,25.014634842397417,0.16654582735772167,1,9.262654252411325,0.4293697048041889,0.47239401586371166,20,0,6
2025-06-09 21:00:00,42.93285491297855,22.45724935376314,161.00358132464476,1.1443884505463369,0.0,22.217811651302775,20.952252508961035,0.19478504304713185,1,9.133137112911124,0.4247241198583665,0.3291423803271056,21,0,6
2025-06-09 22:00:00,33.37052042138628,28.251270742819795,166.81611701351818,1.31940309323524,0.0,20.10328460862437,25.56237774141684,0.20350874219497497,1,11.945390921742298,0.25735222889738474,0.36338990122012466,22,0,6
2025-06-09 23:00:00,22.883514748596465,22.08277315117265,172.32361109142226,1.4881171407526492,0.0,21.159281278890067,19.319009441650717,0.16529285997213458,1,7.325336175627303,0.0737955909742218,0.39584011376028305,23,0,6
2025-06-10 00:00:00,34.70233214066171,20.69502563656411,118.28861140525487,1.4660818384226746,0.0,21.560402829636804,21.592859596081183,0.22452162776156526,1,10.0374445980332,0.2806632567698272,0.07746533212260363,0,1,6
2025-06-10 01:00:00,25.19669404995773,25.803152766353975,174.57129354040777,0.6438012123270641,0.0,22.523185679722587,17.855655049070464,0.16890036655206045,1,9.570851520789143,0.11428373684917016,0.409083482188946,1,1,6
2025-06-10 02:00:00,29.191568008203742,25.90287523142676,121.7555408362282,1.3302945097909622,0.0,22.186412549201265,24.527059124148742,0.16158450921570575,1,9.010347517093034,0.1842069976523049,0.0978925164836677,2,1,6
2025-06-10 03:00:00,40.02673635445771,33.455605322158654,137.6693421500461,1.5707951288077062,0.0,22.54055694838965,16.453983900220187,0.18334245127611745,1,7.023878751851117,0.37385761242505017,0.19165679977669034,3,1,6
2025-06-10 04:00:00,31.715532061137854,19.105714492018734,110.670197944611,1.3855861570571748,0.0,22.465155325227773,23.529326624130245,0.20514286636609536,1,6.274919382402271,0.22838456084344394,0.032577560566292095,4,1,6
2025-06-10 05:00:00,32.60524041567119,31.518496073044012,155.53486294822096,2.074254607004389,0.0,23.5209557401034,20.319231804210983,0.24889018164197482,1,6.321473343349111,0.24395734485690423,0.2969206346244291,5,1,6
2025-06-10 06:00:00,38.082508221632274,39.973056310701,150.5493477809299,3.3806988532855855,0.0,25.162630154393995,22.34296957076958,1.4390367972263627,1,6.207458465331567,0.3398273095385898,0.2675459272688934,6,1,6
2025-06-10 07:00:00,49.34445119563856,47.41035860344148,148.42062562408535,3.3945101926031946,0.19706952798701458,23.36082221747143,22.473962700050265,1.444497312931583,1,8.421759841272543,0.5369478655190894,0.25500347412206437,7,1,6
2025-06-10 08:00:00,53.901604783917485,44.47646355544361,223.69718284041204,2.57321122984742,0.3774619554410144,25.071713218571237,23.691999881261037,1.1695001025873912,0,0.0,0.616712844891073,0.6985337342382585,8,1,6
2025-06-10 09:00:00,64.91305993622663,46.70425115784957,183.51349582789112,3.8700541160822404,0.535904751614229,25.273907044861613,18.196026974134412,0.22658196731593036,0,0.0,0.8094490509602608,0.4617710313177059,9,1,6
2025-06-10 10:00:00,46.24037590033806,40.66263457887049,191.4296363593897,3.1843014777574696,0.6584440049422579,26.90638052047404,21.58347541291608,0.16817830018610436,0,0.0,0.48261647266554325,0.5084130138802453,10,1,6
2025-06-10 11:00:00,58.43483329845045,38.118042632763974,204.44176641296679,4.1277919225117925,0.72695291660078,28.0,20.357403614840813,0.22448035645453782,0,0.0,0.6960590578166663,0.5850806198487747,11,1,6
2025-06-10 12:00:00,71.49946494947491,43.9265863843783,173.4464446978249,3.3224143721180206,0.7556597095772364,26.34014688432654,18.712901643033824,0.24106168777299414,0,0.0,0.924732516799228,0.4024558610783199,12,1,6
2025-06-10 13:00:00,48.1319588206952,47.899572154858014,206.95045836569747,4.057712566000186,0.7345083946442292,24.44856851866168,20.826009046684415,0.2268220762091361,0,0.0,0.5157253134583477,0.5998618589953588,13,1,6
2025-06-10 14:00:00,61.85446620800007,33.7185609588791,202.00446850161174,3.001399129991577,0.6495427465650995,26.130917937674617,25.439656094480007,0.2142453420412215,0,0.0,0.7559137331542595,0.5707200351384859,14,1,6
2025-06-10 15:00:00,66.29690813781721,44.64444911147014,214.82449062045146,2.6142562720853944,0.5301392804083479,26.983816436829862,25.280386157255748,0.210391629548863,0,0.0,0.8336708861728671,0.6462557391522064,15,1,6
2025-06-10 16:00:00,43.16663273470932,39.69454041337235,252.91378096732893,3.523826804506961,0.3738555931702445,25.990604977897515,18.29245661265364,0.19536328924145405,0,0.0,0.42881599053306646,0.8706782350780392,16,1,6
2025-06-10 17:00:00,47.5547018807998,54.69241595497489,176.29028614204543,3.6121407613028595,0.19316232843275716,25.161563993514516,24.4584334125205,0.1644542695116377,0,0.0,0.5056214433536579,0.4192118045237619,17,1,6
2025-06-10 18:00:00,37.2572184396134,35.822473628204634,210.77393257196223,2.523458790716607,9.044584646493367e-17,23.68086566369536,24.361736796218125,0.22788386091217527,1,13.020153148448987,0.32538205963348277,0.6223898088905536,18,1,6
2025-06-10 19:00:00,32.17286331216754,36.99406281137345,146.34673334334983,2.759807517333334,0.0,21.909302266914217,17.94814655071416,0.19773222703925938,1,10.545656599755262,0.23638934213902532,0.2427840791770457,19,1,6
2025-06-10 20:00:00,58.325592974844454,43.58614402629717,163.5113251890019,1.9301759401841212,0.0,22.984008448613274,21.584546670518368,0.21256458231356445,1,9.080756638201121,0.6941469975820866,0.3439180333271059,20,1,6
2025-06-10 21:00:00,44.21160248958648,32.503016308193146,167.32795849258667,1.6733067122411078,0.0,21.017028775599176,24.465376060832895,0.18740152289134426,1,10.68598866122457,0.4471063529989063,0.366405676552372,21,1,6
2025-06-10 22:00:00,26.949502040958617,20.998880376103916,125.94233206380451,1.63589805891343,0.0,23.562561065067232,20.90557107024996,0.17007227196804342,1,9.360009981216622,0.1449635659435493,0.1225611340571659,22,1,6
2025-06-10 23:00:00,26.050578857560083,15.727957092065703,155.05104237411228,1.5285756554631889,0.0,21.65317269600452,19.511596415464282,0.23065084637882627,1,6.647326148608204,0.12922949251552127,0.29406995875641206,23,1,6
2025-06-11 00:00:00,34.05433341016618,19.993575586203477,131.57354635708194,1.6772145086656582,0.0,20.403689895063753,22.583247017553667,0.18423998055737903,1,8.104696474238843,0.26932117571642816,0.1557403073964809,0,2,6
2025-06-11 01:00:00,27.704726577853936,21.02999966415522,176.19550978009178,0.9487236088622572,0.0,20.479063508081435,17.668677030634758,0.23666800289714118,1,9.127952737693695,0.15818244664171377,0.41865338121078594,1,2,6
2025-06-11 02:00:00,35.97192289184523,27.283340843735427,149.16786515299697,1.9193810893113998,0.0,21.301086656708947,17.655895929817937,0.24657249025226818,1,8.719126594815128,0.30288521574428007,0.25940621721876106,2,2,6
2025-06-11 03:00:00,48.48819142392958,26.705406186367377,123.28089029332698,1.5889438964555802,0.0,21.63515845105527,24.905141858101025,0.23299885272070364,1,9.257726500209479,0.5219605402722304,0.10687989139151456,3,2,6
2025-06-11 04:00:00,27.745131163533706,20.06899901729748,116.48147719981382,1.8460328940269684,0.0,23.616680933756918,16.523512329015425,0.1628138045290851,1,6.401847134517237,0.1588896580360301,0.06681767853902161,4,2,6
2025-06-11 05:00:00,29.434209358662883,29.644299822928865,116.87571206540142,2.8042922590593427,0.0,23.413665431894472,24.744398704657343,0.23550109273574435,1,6.8389808518196595,0.18845400884893063,0.06914051447821641,5,2,6
2025-06-11 06:00:00,37.5786328203965,34.962761611055676,127.26186115001693,2.1808473034193696,0.0,23.275926693435167,19.247812199499013,1.5145183690599242,1,5.794006790419011,0.33100785454172615,0.13033581319341817,6,2,6
2025-06-11 07:00:00,45.5121754508744,42.24815115354197,184.92053893155838,3.726816224366723,0.1879648838069549,26.67830108136603,21.301673462672657,1.306058700673235,1,9.137110734441444,0.46987060121202606,0.4700613439574142,7,2,6
2025-06-11 08:00:00,42.75694133979891,29.87562603232584,211.9493048394906,2.5223445954860617,0.3601480423769296,25.5645492126778,21.89934206567512,1.1948670252196092,0,0.0,0.42164506134868274,0.629315114547826,8,2,6
2025-06-11 09:00:00,53.30298084957438,50.32318952282718,157.68186197878194,2.534683713253199,0.5057359580598246,26.909231310661095,24.204992385508067,0.17785098391299148,0,0.0,0.6062349830307082,0.30957077530178984,9,2,6
2025-06-11 10:00:00,53.3777082209862,47.06464986257929,190.21344535527544,3.161236656923152,0.6220191116212058,26.012744192766824,25.328491107023197,0.1637427082176215,0,0.0,0.6075429545799921,0.5012472038013437,10,2,6
2025-06-11 11:00:00,62.83719735560632,49.86411385562837,193.10402858942186,4.122412081501759,0.694962393816214,27.287603578979446,24.34344758862221,0.15256445822014328,0,0.0,0.7731147179792242,0.5182785503604608,11,2,6
2025-06-11 12:00:00,57.424410346160364,46.966211872288056,230.15077112381022,2.7522636867836825,0.726310910896436,27.341629230840418,21.759609640444804,0.24877643491141077,0,0.0,0.6783733765278696,0.7365583437032301,12,2,6
2025-06-11 13:00:00,46.16220353645592,35.99352496324798,183.94784982077576,2.7039378584791884,0.7025957999878741,25.042448975658715,19.28456825529429,0.23315422484030265,0,0.0,0.4812482025662963,0.4643302495733045,13,2,6
2025-06-11 14:00:00,59.177529131438405,47.79478463784641,269.86512414922623,3.4308210330146096,0.6411638101840524,28.0,21.025537433946035,0.223894926309686,0,0.0,0.7090586455308729,0.9705557258774605,14,2,6
2025-06-11 15:00:00,64.82964875816222,52.553087367951434,243.6224776623492,2.919988015431395,0.5154777469497196,27.453867029514,15.794755511447818,0.16930137711932788,0,0.0,0.8079890846087179,0.8159337791137021,15,2,6
2025-06-11 16:00:00,43.78911519107704,45.00627709207488,263.479561404236,3.9194362188491336,0.36779881552315535,25.148486791939337,17.944491932793145,0.15277364389508488,0,0.0,0.4397114539686855,0.9329319235941711,16,2,6
2025-06-11 17:00:00,49.060774795728925,49.205449007547884,185.09902896138178,2.8274145322591897,0.19077905151415253,23.72364216005041,19.1439894258749,0.1985203882574691,0,0.0,0.5319826077658046,0.4711130090744601,17,2,6
2025-06-11 18:00:00,51.55034722907373,28.873334296909466,208.77156378585556,2.206650159743464,8.907957884549398e-17,24.400781808235237,18.652483872552917,0.22416944299363228,1,10.562234748753868,0.5755582059860536,0.6105918311217481,18,2,6
2025-06-11 19:00:00,29.960175223346692,34.915369553101065,212.45918345784762,1.9644215297087628,0.0,23.367218957953618,16.363844470982592,0.24628373633597622,1,13.098175856142435,0.19766011865720592,0.6323193246842923,19,2,6
2025-06-11 20:00:00,44.22744837205746,44.22622871910005,198.98606004909607,2.0471659850728923,0.0,22.91639831007317,15.947169747465725,0.2343883688603155,1,8.11932397465663,0.44738370737460237,0.5529355410597526,20,2,6
2025-06-11 21:00:00,35.43183630896557,28.902377400472663,129.04608205406285,1.3601845317647019,0.0,22.13473014812713,19.82796757418808,0.23935023559945579,1,13.163089211249275,0.2934319475346494,0.14084846136623608,21,2,6
2025-06-11 22:00:00,29.296875289481477,31.768731412625815,199.8631330791908,1.4434239209883184,0.0,21.976374371821134,16.338547440469064,0.1738662747741028,1,12.808442086190322,0.18605021688029905,0.5581032644993474,22,2,6
2025-06-11 23:00:00,20.903069883879958,14.970185187814334,184.187444111742,1.7641206632222792,0.0,22.62146707523914,18.63960844866957,0.16553260176233686,1,4.852586930249481,0.03913137772765373,0.4657419416342103,23,2,6
2025-06-12 00:00:00,31.75510706823456,26.73221524937908,117.722758310239,1.6484061285275686,0.0,21.64376408124161,20.735669416909573,0.17477817700933718,1,11.082032322969344,0.22907725191991635,0.0741313197859514,0,3,6
2025-06-12 01:00:00,33.038526194158536,26.378043577055365,144.44233118580638,0.6516880796290441,0.0,20.131942678371463,18.065235985114704,0.1638579473258361,1,9.51119146806762,0.25154125233636876,0.2315633218053485,1,3,6
2025-06-12 02:00:00,39.49091117457866,22.261808613227586,127.01895187235912,1.5763740796662562,0.0,22.84756983426969,16.782558592421722,0.22984838237117922,1,10.624017997380792,0.3644789325995622,0.1289045891963564,2,3,6
2025-06-12 03:00:00,49.119557958855246,24.245030272766495,168.14375807347008,1.3028172786754677,0.0,23.606077704419807,20.62895547623827,0.24030430609658257,1,6.999199361087376,0.5330115039184933,0.3712123761902431,3,3,6
2025-06-12 04:00:00,26.14594596959457,27.5134452494491,159.71461024484714,1.4528983462953309,0.0,25.74253326349897,20.880860770758435,0.18073420262617207,1,5.338061947026892,0.1308987265180271,0.3215477492833137,4,3,6
2025-06-12 05:00:00,31.182944404924505,21.126071946499113,130.7423307255787,2.084296088248339,0.0,22.194211155951002,25.947276170245814,0.23769261829390845,1,6.541168275056242,0.21906254819043725,0.15084277622759645,5,3,6
2025-06-12 06:00:00,55.302977513850344,47.93950007601079,122.70889162938326,2.752273447345731,0.0,24.34072288227846,17.499254657697023,1.1662763851191849,1,4.3022114495119235,0.6412414162306602,0.10350966929865234,6,3,6
2025-06-12 07:00:00,49.828536674481406,33.21882366753483,151.98202418686918,3.0813150587454854,0.19239272882493327,22.795870593103377,22.718183630060302,1.6330174047203827,1,11.123573460576239,0.5454209326400856,0.27598727159289715,7,3,6
2025-06-12 08:00:00,42.52546031911365,41.463773416767374,138.43235455270542,3.377310384436754,0.37412725261350943,26.158325354559118,19.500854109287435,1.520619907421844,0,0.0,0.41759339214721997,0.19615247680999082,8,3,6
2025-06-12 09:00:00,47.08519061010533,43.32080089884832,156.21401359894807,3.894076803653017,0.5229040531101743,25.681953024220103,17.334791478116035,0.17767432956197823,0,0.0,0.4974034721801206,0.30092219734081943,9,3,6
2025-06-12 10:00:00,47.440391043114744,39.27227165021218,213.61380416137115,3.7962781108204777,0.6310922825534454,28.0,20.11468800948706,0.22682010953414375,0,0.0,0.5036206326648556,0.6391223619100471,10,3,6
2025-06-12 11:00:00,53.693782529806995,55.688625637512175,233.8079536507606,3.5198537846927245,0.7067201974976276,26.239287271807996,20.368091387539568,0.17120472814467283,0,0.0,0.6130752808961272,0.7581065012897849,11,3,6
2025-06-12 12:00:00,50.90044831731242,59.421696228947305,211.20857361016004,4.122468141465991,0.7334368538289564,25.430576724725444,19.567427400053013,0.19161494874275561,0,0.0,0.5641828655929083,0.6249507184201307,12,3,6
2025-06-12 13:00:00,62.1398915769226,37.24493008192932,229.60035430137424,4.131100733755001,0.7172696867943837,26.549901236540986,23.643590083704353,0.22098593360728833,0,0.0,0.7609096035420612,0.7333152820455908,13,3,6
2025-06-12 14:00:00,40.884429040038334,37.053391508168254,182.14735398926103,3.685147482849082,0.6461024772222008,24.74959640827985,24.26926712577209,0.1838228981141862,0,0.0,0.38887001831560464,0.4537217093581225,14,3,6
2025-06-12 15:00:00,68.57576830012489,52.96644081759789,198.6093528738395,2.266716417828542,0.524687510371383,27.003040968199418,17.02022614623868,0.2355360185589726,0,0.0,0.8735583357215573,0.5507159784547702,15,3,6
2025-06-12 16:00:00,59.18250760870324,50.56445759233732,237.48781880233344,3.7681873676292694,0.36896348636524096,23.569144056227422,17.15189121132811,0.23654270106396394,0,0.0,0.709145785042114,0.7797883051371534,16,3,6
2025-06-12 17:00:00,51.993593124685596,51.233348817889336,194.21374353482494,3.7848843289506444,0.188682977323892,24.942740479832423,19.708846356513018,0.17025304197280194,0,0.0,0.5833164478436753,0.5248170023910846,17,3,6
2025-06-12 18:00:00,49.65915306934471,38.76217803798853,184.88112235877895,2.6085536212147127,8.951963969416803e-17,22.063605331000396,18.65693685129077,0.19403899886650794,1,11.356221558348025,0.5424561697660778,0.46982910109955467,18,3,6
2025-06-12 19:00:00,41.19199544272265,25.605578943231063,161.22808846685976,2.803335965333911,0.0,23.048246323335256,23.795388843762815,0.19320126432897783,1,12.283018301518716,0.39425342865944935,0.3304651787502376,19,3,6
2025-06-12 20:00:00,41.500913178427716,45.841369528485124,188.53423884587173,2.2858334683768926,0.0,24.291956254270687,25.67594215011963,0.19100451353007958,1,8.90332800188818,0.3996604917173044,0.49135330153686685,20,3,6
2025-06-12 21:00:00,33.444518013781774,31.103010281265817,195.90342300898195,1.4627350280837896,0.0,22.39147520275394,17.354477764170767,0.20019721381862787,1,10.993935617447814,0.25864742694517145,0.5347726114731018,21,3,6
2025-06-12 22:00:00,34.95891942793496,26.497301790239547,157.55560228845084,1.8152531602385176,0.0,20.69414011425904,23.473895564962955,0.15743663140853692,1,10.777597561537693,0.2851543671263235,0.30882685188970005,22,3,6
2025-06-12 23:00:00,26.601064734852667,18.046959848942652,122.55135781192243,2.0656979860056244,0.0,21.230283955925618,21.989742668082553,0.23700499953341905,1,6.643858056862033,0.1388647821313348,0.10258147840338189,23,3,6
2025-06-13 00:00:00,33.702336534747474,25.29595130944357,169.9513568835352,1.695000479009965,0.0,21.180829504557437,22.516452699667653,0.17899147783531114,1,11.17637463226217,0.26316008788761536,0.3818627672291151,0,4,6
2025-06-13 01:00:00,28.91282758380818,24.935375788130415,111.0686784803283,0.9830498026488179,0.0,21.741205922071423,18.64080318857753,0.1501812393453812,1,9.22083895721568,0.17932813549167123,0.034925412038165744,1,4,6
2025-06-13 02:00:00,32.790262550919806,27.57817995076314,138.02091612408404,1.5811422877930614,0.0,20.204951615023226,16.97020986022817,0.21851039326690108,1,8.4167142690517,0.2471958327673018,0.19372827729799905,2,4,6
2025-06-13 03:00:00,39.590383818678696,37.70046919523101,124.47555863241938,1.1761468212397446,0.0,22.64465896466921,21.815389174009834,0.2150472083760874,1,7.174113338544134,0.3662200267389222,0.1139188897036652,3,4,6
2025-06-13 04:00:00,32.132123779239535,24.711650894042688,177.07036576731844,1.2889040282575277,0.0,19.972538955851114,22.649398852539775,0.2483162213267626,1,6.265699064234643,0.2356762680806954,0.4238080418106823,4,4,6
2025-06-13 05:00:00,37.08006192276871,29.785053031850712,169.73524844602363,2.8936890140559366,0.0,22.77410015939362,26.45679451437753,0.22192472144074454,1,6.695420878850243,0.32228124557532273,0.380589454061679,5,4,6
2025-06-13 06:00:00,58.5220911361585,47.5765624460468,165.31271863743365,2.5808491177004194,0.0,23.69567196895528,23.383733938955427,1.3745295811172085,1,3.9239748284140776,0.6975863531974339,0.3545318623105235,6,4,6
2025-06-13 07:00:00,52.080677759212385,36.97589688176517,183.8768617985418,2.9007577160295512,0.18851337874434335,25.597226440056865,20.87804886772304,1.8394631638488066,1,9.515967530170855,0.5848407116065891,0.46391198740602596,7,4,6
2025-06-13 08:00:00,51.71473535478451,37.44321517588751,182.94545365312413,2.805380244961451,0.36222031311030867,25.713562699756956,26.726978935933907,1.3990093494467761,0,0.0,0.5784355317558159,0.45842412090033197,8,4,6
2025-06-13 09:00:00,57.90395861157738,48.93944667432295,156.81269513678086,2.87451277810149,0.5134768959597577,24.910171204519852,20.000154231693486,0.23212446859075975,0,0.0,0.6867670276870586,0.30444963520488993,9,4,6
2025-06-13 10:00:00,57.10018459499568,55.68368234915268,220.9098679996538,3.803100488681971,0.6356270842364927,25.81097176563289,17.66468408231923,0.18356740692451856,0,0.0,0.6726983735128224,0.6821108461298862,10,4,6
2025-06-13 11:00:00,57.842275876897816,35.1983856919473,207.52132099112535,4.514152336752907,0.7031568112621722,27.29781362954754,22.375833947940887,0.15487083134901997,0,0.0,0.6856873796207793,0.6032253875374389,11,4,6
2025-06-13 12:00:00,46.33940553276597,45.304035570070745,229.0551553890089,3.124771102591047,0.7418017257853815,27.125748954276574,18.545631650929852,0.22337848609943545,0,0.0,0.48434981266271704,0.7301029643685011,12,4,6
2025-06-13 13:00:00,63.03187095539587,35.100013051498685,168.91915363916405,4.041338382854433,0.7074221467552403,26.52692251257288,25.276422601724583,0.18502109307518655,0,0.0,0.7765221378457438,0.3757810149492776,13,4,6
2025-06-13 14:00:00,39.00297888259415,37.93519460100559,180.62382718195784,3.483191071054367,0.6444365952293156,26.32895710279879,20.00163428139907,0.1838887699035286,0,0.0,0.35593853376262763,0.44474507352187803,14,4,6
2025-06-13 15:00:00,52.28613235048176,42.20678742533715,228.40688090165096,3.027909156577147,0.5319405400052368,27.03264124793556,17.029357946908505,0.22158516268665004,0,0.0,0.5884368338168722,0.7262833243286642,15,4,6
2025-06-13 16:00:00,40.563236340286515,45.231557150348344,210.28690541705166,3.05191807659165,0.3706398386349757,25.200891247480868,16.881697542386018,0.182203786107006,0,0.0,0.3832481035449393,0.6195202398150129,16,4,6
2025-06-13 17:00:00,43.17394808881589,55.15864771336495,179.84031183722132,3.817147361630661,0.18893252283684658,24.91037330987057,22.052115708237288,0.16180127042130246,0,0.0,0.4289440329740565,0.44012859294005036,17,4,6
2025-06-13 18:00:00,50.84997560435251,38.707632061792665,174.07609205335547,2.357942003170048,9.016170412072539e-17,26.39536028826312,19.125447406780484,0.19045102519056056,1,11.420669442140236,0.5632994292921328,0.40616574986318293,18,4,6
2025-06-13 19:00:00,36.53334976884556,25.807140286259227,202.88352350884645,2.3344026413701613,0.0,22.028692891171918,19.11905282576479,0.23238440395488336,1,11.59364737006258,0.31271200836719915,0.575899436408058,19,4,6
2025-06-13 20:00:00,55.74043480058426,46.054694162484246,140.30703242361668,2.150461835295904,0.0,20.880391574805518,21.72206997892116,0.16302044880064603,1,8.70445042400877,0.6488983386442919,0.20719809837488093,20,4,6
2025-06-13 21:00:00,32.23911339800834,29.476891456396686,164.07079302745103,1.7643442506345397,0.0,22.897897948723593,17.771551522417067,0.20544807757638373,1,11.485815275396057,0.23754893367530253,0.34721442366548033,21,4,6
2025-06-13 22:00:00,30.501889130559487,22.57891176368981,161.84828037812875,1.575479008822161,0.0,20.962296352281307,17.07131817980935,0.1632259293943714,1,9.293631195371265,0.20714187032462433,0.3341193559589083,22,4,6
2025-06-13 23:00:00,21.79046526945592,16.701941560086023,137.1618363317821,2.002977667449135,0.0,21.026380290360574,22.511671206880635,0.1549182848439482,1,4.92799007594481,0.054663677276941616,0.18866657020311606,23,4,6
2025-06-14 00:00:00,34.910777454831766,27.995163996996705,168.65638251987053,1.372837085867454,0.0,20.46461126374036,15.8049888846175,0.18787097745652928,1,10.715656628501526,0.28431172633813956,0.3742327647741753,0,5,6
2025-06-14 01:00:00,33.924786415562195,23.978506380827888,110.03478352350595,0.697816107229633,0.0,21.091555038261955,25.433100284848102,0.21578833163302652,1,7.277688420456824,0.2670536828281334,0.028833692170924245,1,5,6
2025-06-14 02:00:00,32.94397045604301,25.540469790171283,165.60479496728655,1.2650545637784807,0.0,23.252952244058193,17.881566033436087,0.1774987333196275,1,9.74170365665378,0.24988622001099656,0.3562527790918418,2,5,6
2025-06-14 03:00:00,37.232400864627664,26.31666347502562,157.14352649063883,1.2566554865832036,0.0,22.93664881145753,20.79682418886526,0.19457311477374178,1,7.800333440090338,0.3249476715185218,0.3063988969917905,3,5,6
2025-06-14 04:00:00,41.089410894526836,28.35578615372987,141.45277941633066,1.290786603062911,0.0,23.62140722731187,18.341070591373647,0.19913309247431227,1,4.531723801683059,0.3924578660978167,0.21394885160400923,4,5,6
2025-06-14 05:00:00,29.36778349990055,25.33959659914193,183.91491847142737,2.43568646906363,0.0,22.06983520757266,18.456224709978525,0.23412902813418965,1,6.06701822486064,0.18729134071600406,0.4641362177195297,5,5,6
2025-06-14 06:00:00,48.68618702096548,45.89998949302777,176.17906371957733,2.291132897098739,0.0,23.114694007874057,25.10126469539518,1.7392344063040135,1,4.219383732877897,0.5254261058730765,0.41855648085073227,6,5,6
2025-06-14 07:00:00,46.60257390146837,45.83921546176172,206.21006474932042,3.6549647724498544,0.18991269144040368,22.206547226796935,22.396348818179096,1.1267604073881916,1,10.690737658241307,0.4889561133050513,0.5954994520867063,7,5,6
2025-06-14 08:00:00,37.18434166436937,33.979169117572376,177.53308014740094,3.5359374965752917,0.36794859719097023,24.963101595525828,19.412419115499407,1.435439245664377,0,0.0,0.32410647952378707,0.42653435976339793,8,5,6
2025-06-14 09:00:00,48.81364666862401,39.51727731007706,185.87691175179543,3.2490391984811127,0.5174499811129969,27.353812269567555,18.6960901110268,0.21560910319600196,0,0.0,0.5276570634147298,0.47569630258748025,9,5,6
2025-06-14 10:00:00,40.72494412764539,37.60230662225205,203.0742631446179,3.5470510844293788,0.6310646614418377,27.394110445417216,18.19916342377367,0.2352396170561594,0,0.0,0.3860785146937198,0.577023276331091,10,5,6
2025-06-14 11:00:00,66.15269664817919,40.44876559420838,163.02688011549958,3.6515828686616842,0.7142716098522639,26.958643566906492,21.704640296944827,0.1548897783317793,0,0.0,0.8311467170235617,0.34106367790214914,11,5,6
2025-06-14 12:00:00,63.97186178754188,43.85584618308867,258.48082675082344,3.8016767343762328,0.7450681686944647,27.26336335223791,23.42328883352806,0.21282483184109166,0,0.0,0.7929750284239386,0.9034793268885524,12,5,6
2025-06-14 13:00:00,58.37735704112621,42.84269057867439,236.97161233312772,3.7980464285323725,0.7209840500942533,26.49783250781169,18.29857594404525,0.23420194975661152,0,0.0,0.6950530367574599,0.7767468112374986,13,5,6
2025-06-14 14:00:00,51.41247427939495,43.58764553867905,232.93442457003056,2.9561673818962073,0.6498642465178305,27.09504524975245,19.010118671282665,0.17550760205833746,0,0.0,0.5731449818596234,0.7529596588368036,14,5,6
2025-06-14 15:00:00,57.92436703379439,49.417039989846785,265.2573942108632,2.7552264739367307,0.5298818995251569,27.182671010746507,22.921329865968417,0.1705256331366657,0,0.0,0.6871242413173695,0.9434069330303817,15,5,6
2025-06-14 16:00:00,55.618284427052274,46.35147291888628,267.61840885735865,3.585852216421699,0.37508413734029955,24.182840477557818,23.00703427551239,0.19678493876066028,0,0.0,0.6467603106326579,0.957318055948622,16,5,6
2025-06-14 17:00:00,65.10208329790822,53.52083336749482,173.22934008557277,3.305204802323539,0.1950891850868352,25.378079609253188,17.514606212175728,0.2462579581773543,0,0.0,0.8127575733203881,0.40117667843892413,17,5,6
2025-06-14 18:00:00,35.29086266243016,43.71730418764184,224.89969849050232,2.749230517760338,9.041992282718799e-17,25.23764982041142,19.292573882985053,0.21928863945079555,1,9.806569090483846,0.2909644511490081,0.7056189689886417,18,5,6
2025-06-14 19:00:00,34.73170089445591,25.641896774376075,197.96165418248836,3.04011576581704,0.0,23.116890329075233,24.312255269712292,0.19244850464717134,1,8.22180980754002,0.28117730528612045,0.5468997310110097,19,5,6
2025-06-14 20:00:00,53.50919521341158,40.67760959954653,176.48974697312516,2.2892693475774912,0.0,23.512373808233328,23.03700274118523,0.1520862799944167,1,7.559652174880768,0.6098444037269924,0.4203870298204974,20,5,6
2025-06-14 21:00:00,44.706479817742505,21.82150388712227,210.1600675943974,1.3153102245304213,0.0,25.008225377011303,17.16231047296716,0.2056725863437884,1,8.896314410288738,0.45576831251099187,0.6187729100412461,21,5,6
2025-06-14 22:00:00,43.08051015430678,21.280895389418603,188.02104089240908,1.772494129513803,0.0,21.61568298730666,19.566865378287748,0.1848788001796916,1,11.509045812074529,0.4273085658399556,0.48832953384334354,22,5,6
2025-06-14 23:00:00,26.60428533141763,19.32765540301426,166.64076236193358,1.7572645817202215,0.0,21.816834912244463,25.809550826390225,0.16857136421530367,1,6.6046030984382815,0.13892115302461133,0.3623567097843581,23,5,6
2025-06-15 00:00:00,27.93987276532773,24.286245995609185,136.83194728938895,1.5978733129259177,0.0,20.586444239167438,21.26646484396148,0.20001481022022288,1,10.751265765789636,0.16229826815834858,0.18672286052519285,0,6,6
2025-06-15 01:00:00,23.728436699742335,24.186286207430484,153.09897730334256,0.9689204447432304,0.0,21.61116361890496,23.4467369295905,0.1841382633967205,1,9.447945504353772,0.08858446756100796,0.2825683710029481,1,6,6
2025-06-15 02:00:00,41.27644261474057,23.684448183272114,142.21858864915825,1.3631981211252016,0.0,22.19306659011913,16.915372066685897,0.15387246827919288,1,7.581813938287042,0.39573152826780056,0.21846100758982703,2,6,6
2025-06-15 03:00:00,38.31571822969533,26.04195393801293,123.64795717080803,1.3352334498938874,0.0,22.407567041862254,24.90368800454266,0.22255060202316682,1,7.36325526845319,0.3439092416310991,0.10904265326147292,3,6,6
2025-06-15 04:00:00,28.15312418922325,29.202343896454188,141.7527236248935,1.63975821504793,0.0,21.817516219813484,22.55594098422477,0.22325829199625044,1,4.211476870508289,0.16603086024649372,0.21571612600873408,4,6,6
2025-06-15 05:00:00,44.21082420286614,22.19021388800728,129.88474325968443,1.8408329049635312,0.0,23.770275293991418,17.99843097026011,0.21188314497587257,1,6.007638525115973,0.44709273045514275,0.14578986193546964,5,6,6
2025-06-15 06:00:00,39.32189854273888,34.127280191416844,160.03362345641477,3.0701235980542245,0.0,25.80571833759578,20.212276538719113,1.7556154901221734,1,6.349888740295197,0.36152066296235286,0.3234273784525979,6,6,6
2025-06-15 07:00:00,54.44297540639335,37.92908416149439,188.32862886073337,3.4757509239796116,0.1910976205234061,25.57175966043883,17.004061559896307,1.2773861578357546,1,11.171583903223569,0.626188587961364,0.4901418453602934,7,6,6
2025-06-15 08:00:00,49.44946583806305,48.06087180217426,138.29816014372162,2.6281089284684014,0.37311359337659056,26.811790930643475,24.401597786131187,1.339651163710598,0,0.0,0.5387859626173065,0.1953618019528546,8,6,6
2025-06-15 09:00:00,43.83163841177202,44.23641807733452,215.61064210188826,3.199252905678968,0.5308421496977356,26.23724171367472,23.96807179071822,0.19586557828766657,0,0.0,0.44045574835241863,0.6508877518789623,9,6,6
2025-06-15 10:00:00,48.99301415775949,46.15145009423157,151.99939920083435,3.80299568274391,0.6471324111689998,27.70403200545261,21.14620458963718,0.156017518398718,0,0.0,0.5307965766643369,0.2760896453563697,10,6,6
2025-06-15 11:00:00,45.91900016822075,52.70336702807553,210.08360813231852,3.109251943924507,0.7211489099860244,27.536215700692935,20.622476905603914,0.23835457799081672,0,0.0,0.4769913542343967,0.6183224100933443,11,6,6
2025-06-15 12:00:00,63.870163046264054,56.51627039039051,222.5265736944617,3.931960916085227,0.7464193545545746,26.411367095638354,20.615958503604286,0.1990628607906515,0,0.0,0.7911949703585166,0.6916364929429945,12,6,6
2025-06-15 13:00:00,49.85646268791308,47.383247015948136,247.19578051013568,3.6515218762830126,0.731874710126773,27.581676361892505,16.043919755207703,0.18246632422774503,0,0.0,0.5459097285171981,0.8369877167559104,13,6,6
2025-06-15 14:00:00,38.25694928168275,41.254361489859015,248.71317056748987,3.406605064684266,0.648283667212052,25.97485008862987,19.383041533507207,0.19779634473630292,0,0.0,0.3428805942890404,0.8459281947974602,14,6,6
2025-06-15 15:00:00,68.30354661895473,58.56070358697201,209.6133848438272,3.324255505674363,0.5270092098505441,25.859995879880692,16.811410252306743,0.18251298217362388,0,0.0,0.868793572725859,0.6155518495739796,15,6,6
2025-06-15 16:00:00,46.74126625212802,49.70406765059483,168.10389370541236,3.6372706964504293,0.3671687562526328,26.063961995398454,17.32555155669369,0.17862634204326847,0,0.0,0.4913836796082527,0.37097749491793414,16,6,6
2025-06-15 17:00:00,47.5341429134884,43.962044253140874,228.4357904010537,2.566437601538869,0.19060799045050122,25.451405578521136,25.257669912131224,0.19480184392570346,0,0.0,0.5052615946955568,0.7264536594006187,17,6,6
2025-06-15 18:00:00,38.18842513190135,34.07596285333493,201.09860073924182,2.8285846352068327,8.97810381611881e-17,23.191534789732447,18.05829839772875,0.19819046723850683,1,10.000114631731886,0.3416811992526619,0.5653826528360489,18,6,6
2025-06-15 19:00:00,31.46647808890591,36.001874157441115,174.46386988709205,2.627511256576159,0.0,24.661351577333328,20.349053583855202,0.19333453933722777,1,12.79373514829952,0.22402530795175143,0.40845054090337646,19,6,6
2025-06-15 20:00:00,60.53654512532886,42.56053843709275,156.13864044776912,2.224283905455336,0.0,23.45887750650657,24.554848795059993,0.20479309532061976,1,8.02105814564836,0.7328458365085216,0.3004780979480682,20,6,6
2025-06-15 21:00:00,32.64506958621344,29.330171657272405,137.39375369965845,1.284078333281956,0.0,21.563863334316352,19.753398847987636,0.2283379002284852,1,9.102596639874761,0.2446544846186355,0.1900330297531199,21,6,6
2025-06-15 22:00:00,33.09023208476337,29.65705759243086,143.61139977668842,1.3506216372649442,0.0,20.257284587932777,21.04691319854887,0.15572681916646813,1,10.300095537403386,0.2524462732485699,0.22666746527772194,22,6,6
2025-06-15 23:00:00,29.506637026718195,18.48877093454021,148.5668403650845,2.096158031064203,0.0,21.353289615441994,17.41429262893568,0.2311518686612491,1,6.295524881114807,0.18972172812511476,0.2558649729007852,23,6,6
2025-06-16 00:00:00,35.33544999754974,20.283563212061573,143.7316295681278,1.326188814937115,0.0,20.953046631035008,18.743333621304018,0.17285343923561813,1,12.054678154869258,0.29174487423485984,0.22737586046266087,0,0,6
2025-06-16 01:00:00,27.384481858822944,19.483434741649504,147.211077361906,0.8425668632159983,0.0,21.61736458688471,21.19400381659412,0.17520929165570676,1,9.566082705176251,0.15257712461061212,0.247876803147915,1,0,6
2025-06-16 02:00:00,40.471259083291415,25.311241871859817,130.37279985478355,1.5981874426843286,0.0,21.443812590741103,19.814578289026915,0.2099466489066818,1,7.915608489134066,0.38163820300839046,0.1486654964833364,2,0,6
2025-06-16 03:00:00,44.57240004175117,24.291039052864377,171.04197125389888,1.6013530487734344,0.0,20.279224702698908,16.423612616129283,0.2475671302775833,1,7.53300130043858,0.45342148123594855,0.3882886784724225,3,0,6
2025-06-16 04:00:00,28.702700836382512,23.85071747555381,145.05878942601632,1.331666091537118,0.0,22.522644000117097,20.370246408284185,0.15173993335524988,1,5.376430918920626,0.17565023538380137,0.23519550018520383,4,0,6
2025-06-16 05:00:00,38.94028483702621,31.623673614917664,145.92967319053855,2.138562910894799,0.0,23.331896309581154,24.867665634030196,0.21731335896142856,1,5.903656191225888,0.35484118447329605,0.24032675640750273,5,0,6
2025-06-16 06:00:00,59.36545159710843,33.62757203191167,123.85343746811864,2.2003567775894766,0.0,25.05060778285875,17.37263901210418,1.647672904437,1,6.164946697255774,0.7123478986375174,0.11025334531601289,6,0,6
2025-06-16 07:00:00,48.75075329892921,33.39508196917324,178.0460558076911,3.059315925084419,0.19614089570210838,24.498171003968253,16.313425110226476,1.5552388470057519,1,9.32474448273731,0.5265562253062133,0.4295568177032308,7,0,6
2025-06-16 08:00:00,51.97048025484758,44.99357576889686,189.25820424600465,3.4208704588647043,0.38302067783340876,27.601547583364496,17.346838373060034,1.1322675857971651,0,0.0,0.5829118976019195,0.49561891322409257,8,0,6
2025-06-16 09:00:00,68.21827866732593,48.86148222406886,198.27996735709385,3.0753563047828165,0.5450785403809899,24.635504649630693,23.348724729859434,0.21063517967866072,0,0.0,0.8673011068102368,0.5487752355552128,9,0,6
2025-06-16 10:00:00,58.363051696202994,38.65525354952845,238.75969176082202,4.152471694896578,0.6563132447918083,28.0,24.380599287021433,0.16150213090526436,0,0.0,0.6948026467891156,0.78728219387189,10,0,6
2025-06-16 11:00:00,44.597256679579885,53.55342638535331,235.66332541056752,3.5313973197545936,0.7289360729579348,27.105164992135155,16.361838815814902,0.15780676892574,0,0.0,0.4538565530774515,0.7690383710467206,11,0,6
2025-06-16 12:00:00,52.94624731859633,57.0906847829884,254.0711739159,4.189732399946589,0.7455490733517037,28.0,25.069284487127725,0.2196061584904948,0,0.0,0.5999909883554033,0.8774976064005238,12,0,6
2025-06-16 13:00:00,52.83162655972791,37.11700623026691,170.4737605582345,3.4583815145609846,0.7009994102683114,27.415137376363337,22.19926821692948,0.22002345556182024,0,0.0,0.5979847530399521,0.38494077512816366,13,0,6
2025-06-16 14:00:00,45.15620026011586,38.96494941464491,199.99390754803264,2.9751472297638664,0.6229906822594116,28.0,20.93811274024807,0.23899118681936704,0,0.0,0.46363987995197814,0.5588737890335035,14,0,6
2025-06-16 15:00:00,67.80227734538134,39.22451706774339,198.8188916724255,3.2848651947203873,0.5112713875999841,26.177339011561827,18.102720645281767,0.15033804689093164,0,0.0,0.860019733422038,0.5519505832411475,15,0,6
2025-06-16 16:00:00,48.15057625590848,50.53599674803891,231.49517154188177,3.365086377403181,0.364855406989773,24.847660171874264,19.247618299516226,0.18787598541202086,0,0.0,0.5160511790029206,0.7444795649861592,16,0,6
2025-06-16 17:00:00,52.91493423616399,46.45085046108198,202.9329326806282,2.955747156129435,0.18877082810873852,26.646134552095454,25.102320693055187,0.1512271998955289,0,0.0,0.5994429077770544,0.5761905557634438,17,0,6
2025-06-16 18:00:00,48.81190197556307,37.2593182916931,227.74726032520417,1.930785525215139,9.07459162561346e-17,24.338577582580285,24.71835094487376,0.18646625461942445,1,13.099944520893594,0.5276265256232509,0.7223968330135966,18,0,6
2025-06-16 19:00:00,38.398480485189424,35.32022518428041,179.35328139548915,2.0753634643340075,0.0,23.900037230720624,21.80411753549637,0.19916579383346228,1,11.008514935347838,0.3453578497313933,0.43725900449852256,19,0,6
2025-06-16 20:00:00,45.59118238904743,29.534016401421717,154.94468195811677,2.2819706487727256,0.0,24.192558033905215,21.378470303834213,0.20297291615500274,1,10.261169112063707,0.471253479070219,0.2934432820762208,20,0,6
2025-06-16 21:00:00,28.67204149249997,21.663709695930958,151.91495124005976,1.7646358741701909,0.0,21.307393323702325,17.658334540762013,0.18559327135665943,1,9.41586003221651,0.17511359735197393,0.2755920770908472,21,0,6
2025-06-16 22:00:00,36.40586708566809,21.82517268673291,134.59757809206513,1.3093606696783704,0.0,22.460938945704388,25.452764830210885,0.22253013681064882,1,9.119317861136986,0.31048064762919597,0.17355793391415353,22,0,6
2025-06-16 23:00:00,29.459653915190447,13.72673442248937,128.79851353720846,1.864876934404817,0.0,20.978699933247484,23.535678405265227,0.1915594922751218,1,5.572258552070179,0.1888993711759258,0.13938978508324062,23,0,6
2025-06-17 00:00:00,36.05926984474259,26.38378343545159,124.77898008938526,1.076288422152365,0.0,21.33704327972428,19.763726828321317,0.20171265423132403,1,12.101911768408312,0.3044140709301099,0.11570665209224217,0,1,6
2025-06-17 01:00:00,27.57206616890125,22.853423484810115,107.15982329674816,0.727061814778207,0.0,21.64654714484745,24.46607625445556,0.23000876009861676,1,7.0504093547163,0.15586045889681835,0.011894396534260438,1,1,6
2025-06-17 02:00:00,27.46751541250566,21.041633098872637,155.12616243337817,1.5181006619052206,0.0,20.376573163205336,18.188668286585408,0.16743027663344004,1,7.7885522439161665,0.15403048130978486,0.29451256692897226,2,1,6
2025-06-17 03:00:00,45.89218189371552,26.390887630802332,134.2667115628243,1.7170951508196004,0.0,21.57753198056009,18.291759764940863,0.182089523256182,1,9.67300778720969,0.4765219473839882,0.17160846487353032,3,1,6
2025-06-17 04:00:00,40.56065291546184,20.26001836738078,110.66697876888563,1.3101163742674882,0.0,24.331572942097605,24.55110061990176,0.20214296006680305,1,5.8387298773411995,0.3832028852252453,0.03255859314934803,4,1,6
2025-06-17 05:00:00,34.299832347544054,34.39152705501011,141.8547786906896,2.7065889552921454,0.0,24.593037336070427,22.12001848985581,0.22676182249649332,1,6.426087143090684,0.2736182039592673,0.21631743552065358,5,1,6
2025-06-17 06:00:00,54.6170871978926,44.3220312398873,192.42945016923298,2.3916240601782865,0.0,24.4234594874957,22.100229351665295,1.444016570616755,1,5.10292334840808,0.6292361094434308,0.5143039272740818,6,1,6
2025-06-17 07:00:00,46.658142954961605,44.51290675911183,170.60102185536232,3.4909391795553755,0.19972751650705223,25.50846798815645,22.274296739235176,1.1795750792025261,1,10.41152428037463,0.4899287521068264,0.38569060001794475,7,1,6
2025-06-17 08:00:00,46.5876596488413,35.102387947454446,223.80768102117156,3.026919905715912,0.38445892728081954,25.697425764261453,17.422969079967153,1.8666228989040519,0,0.0,0.48869506547550123,0.6991847906715887,8,1,6
2025-06-17 09:00:00,64.5017018084428,44.60989069946194,194.15595591315622,2.994612783168956,0.5497676359824472,27.972345419465686,19.747329222095107,0.2207910722682893,0,0.0,0.8022489485407225,0.5244765171215927,9,1,6
2025-06-17 10:00:00,42.189956235274664,36.6453882214923,246.2798999051064,4.045681647347365,0.6753803031390206,26.894931287008816,22.026471492070858,0.22227351359476222,0,0.0,0.41172098170323934,0.8315913386801086,10,1,6
2025-06-17 11:00:00,56.50599132044353,58.00819681816535,177.22916230371334,3.4307776810151296,0.7593255469232211,27.62958572959197,18.462755770970183,0.19651049115214692,0,0.0,0.6622980625798033,0.4247436726590802,11,1,6
2025-06-17 12:00:00,52.037609763312496,59.655537381057584,192.09671352340533,3.057889324069976,0.7741775615564803,28.0,21.042052075017974,0.2047040056942646,0,0.0,0.5840868818885425,0.5123434394870271,12,1,6
2025-06-17 13:00:00,46.39401744107036,42.93177185489464,240.49746884591127,2.813805915271635,0.739660718689616,26.625866782523737,21.465770027640325,0.24940484437835117,0,0.0,0.4853056983169921,0.7975211945790907,13,1,6
2025-06-17 14:00:00,54.53743363670524,43.35886621635312,273.5503778699391,3.035861598709685,0.6568632107726949,28.0,25.34419398827305,0.2095115703677451,0,0.0,0.6278419135836825,0.9922692792303952,14,1,6
2025-06-17 15:00:00,42.13542506966848,47.47800306973864,254.19806345387826,2.388304716478609,0.5366904370032474,25.101784502324815,18.022033516858603,0.17189294660849552,0,0.0,0.41076650930825687,0.8782452408815187,15,1,6
2025-06-17 16:00:00,52.91352112072173,38.031531533478955,220.4046937305646,3.2091730110645136,0.385531390935064,27.64328889239311,19.94336839097612,0.24643797397192535,0,0.0,0.5994181736701347,0.6791343540683634,16,1,6
2025-06-17 17:00:00,48.216463702126134,39.9163947032942,165.08117854887783,2.42886242878117,0.19696429923915929,24.920142038718833,25.456628769091083,0.2037762682446109,0,0.0,0.5172044231687396,0.35316762569421056,17,1,6
2025-06-17 18:00:00,48.099817070199414,37.12371121816184,186.4379109999794,2.0509767709890596,9.385786487665376e-17,24.276367997535942,17.289596231233933,0.152067334887493,1,12.270589621257372,0.5151627284992035,0.47900171600798214,18,1,6
2025-06-17 19:00:00,31.139551869669226,23.268317379682035,150.99025675278332,3.0288832054098913,0.0,21.855298227391458,23.38962217582178,0.2073351477990314,1,8.734548722340174,0.21830303798028378,0.27014376752893254,19,1,6
2025-06-17 20:00:00,54.158017715081996,30.676545184282993,163.0153225679854,2.3053074029295404,0.0,22.569662134158726,17.24701233477191,0.15704756030061953,1,7.581068263485178,0.6212009034497429,0.3409955807116714,20,1,6
2025-06-17 21:00:00,39.01965825029321,28.492061099922484,149.1871112193181,1.2656076450230076,0.0,21.36601382235476,24.260055547232234,0.2027588310353651,1,9.694677375618404,0.3562304768351357,0.2595196152422266,21,1,6
2025-06-17 22:00:00,42.91439861575639,31.784715862565644,151.0844237309375,1.7404588176212354,0.0,21.324094511988353,20.625229600015526,0.23253316838683724,1,9.638561587848072,0.4244010747516589,0.2706986003462072,22,1,6
2025-06-17 23:00:00,30.002854554331687,21.65964020017465,177.30081057328385,1.9541273426003378,0.0,21.49739752082483,25.79773497075154,0.20388663711522192,1,6.643472855930221,0.19840714547771604,0.42516582501055084,23,1,6
2025-06-18 00:00:00,29.419756662686414,18.4701030879681,119.94853795457442,1.1764349958131646,0.0,22.492939000339,17.53578715812592,0.18734533339096648,1,12.358168173893025,0.18820103975888333,0.08724563666120967,0,2,6
2025-06-18 01:00:00,22.381815194393926,17.214871441831335,127.65527915427832,0.7596282090975276,0.0,21.847627201034364,23.11479588221387,0.2382609750835914,1,10.108689350417649,0.0650142203627888,0.13265383617716062,1,2,6
2025-06-18 02:00:00,36.37136521843105,25.620357607432272,123.27820710251252,1.8802703847108482,0.0,22.250048234068455,23.324842035753047,0.24275900779296464,1,9.448654891821752,0.3098767529666295,0.10686408200325502,2,2,6
2025-06-18 03:00:00,41.6632126965804,37.57615902980872,126.9539561494632,1.7192762080290347,0.0,21.32624704265801,23.690437561255628,0.1847490982399764,1,8.288176435141525,0.40250126007561227,0.12852163371926636,3,2,6
2025-06-18 04:00:00,25.372601493798307,30.216713770000798,135.22916881142598,1.9178197215881045,0.0,22.164964186668435,17.156791924524942,0.19989507839769968,1,4.516164471159488,0.11736268807552569,0.17727927301897023,4,2,6
2025-06-18 05:00:00,29.47538172555534,33.092555445983216,132.3197641563985,2.4487182571531054,0.0,25.57061017733513,19.211794688963604,0.2482922296089737,1,7.015477838588406,0.18917465890652785,0.16013703045174862,5,2,6
2025-06-18 06:00:00,51.08955368915599,44.00092917588417,195.40650177784985,3.0418253231851633,0.0,23.815757793009404,19.758680892900433,1.2585756344157824,1,5.666609150138436,0.5674928233970584,0.5318447463972867,6,2,6
2025-06-18 07:00:00,58.89341344884061,36.29724169295888,162.86997641024718,3.1034676910263204,0.19841868424563053,26.98623326273436,19.595551513137604,1.3486149270043086,1,9.613039636355781,0.7040856989047248,0.34013919963458167,7,2,6
2025-06-18 08:00:00,55.993141399676745,30.28980341539098,145.27019386775413,3.191295793055043,0.37705399652445537,25.813108236858834,23.308623348605945,1.4463168417559027,0,0.0,0.6533215243617145,0.23644109736048688,8,2,6
2025-06-18 09:00:00,45.59155719159671,35.71286456297615,187.27462535315937,3.6346176189689032,0.5297435297079957,26.682371787248023,16.600569192365832,0.16008882974158004,0,0.0,0.47126003933136285,0.48393164570232755,9,2,6
2025-06-18 10:00:00,50.21401414730396,48.69610377168269,168.44319018613587,2.785506926484124,0.6461323362266573,28.0,23.69458531609281,0.1772042568524245,0,0.0,0.5521680395945536,0.3729766333206023,10,2,6
2025-06-18 11:00:00,42.94867235152899,35.67098194374625,178.72151011941298,4.21214587393276,0.7172670751388771,28.0,21.41026559094179,0.20446886868546132,0,0.0,0.42500097637313017,0.4335366015516563,11,2,6
2025-06-18 12:00:00,59.76611928175277,59.23636380348875,191.57155187779117,3.7870725020296065,0.7455193645262792,27.455688217965168,17.56647027625589,0.17284980603904418,0,0.0,0.7193608836031493,0.5092491815945875,12,2,6
2025-06-18 13:00:00,56.81555360780119,44.773691385010025,177.61633717139858,2.823850803560547,0.7284145071855345,27.07859930782803,18.012558146225686,0.21862849854038435,0,0.0,0.6677164073836601,0.4270249110170114,13,2,6
2025-06-18 14:00:00,58.238927466758696,32.80544621160189,244.32308258380002,3.0636115642974695,0.6511458480689858,27.113777254352033,16.574895773667734,0.18476714820955897,0,0.0,0.6926300698922886,0.8200617506169255,14,2,6
2025-06-18 15:00:00,55.15106332782062,57.00783551185727,250.55218857411435,3.5857893221654407,0.5276342300097537,27.033448475836977,20.22380200024549,0.15897949363068312,0,0.0,0.6385824248931424,0.8567637080701052,15,2,6
2025-06-18 16:00:00,40.329578521149905,43.75547250936139,203.29562026009864,4.101852538100524,0.3762984391446998,26.968015905613367,21.54311094568759,0.22645330248695977,0,0.0,0.37915833330514076,0.5783275147638556,16,2,6
2025-06-18 17:00:00,50.86383837562024,55.59375139095801,227.9663579210235,3.6714553557069984,0.19427566994753803,25.359933328610243,21.347690355651853,0.20674163041769697,0,0.0,0.5635420727850037,0.7236877583329536,17,2,6
2025-06-18 18:00:00,53.92233356651958,43.50098378380414,188.89542901706955,2.0465005900479314,9.204576067624013e-17,25.2006592474594,25.23927069216011,0.23248692827397957,1,10.111837209997558,0.6170756658679469,0.49348143779212106,18,2,6
2025-06-18 19:00:00,32.809436983071606,25.147819843523404,158.38085720487922,2.334473481200484,0.0,25.44619465979027,18.423950842684665,0.18601516171298604,1,11.396697745231798,0.2475314475661955,0.31368926246320405,19,2,6
2025-06-18 20:00:00,44.07987397831556,36.64064434691121,170.74512551981508,1.6896964675274528,0.0,23.468113285448638,23.26208372591002,0.15193794353722956,1,9.767937729666764,0.44480067648818866,0.38653966031163955,20,2,6
2025-06-18 21:00:00,40.85980872116092,22.599750554009287,174.48111532361796,1.5688383062457842,0.0,22.779640291661416,22.949325900195756,0.1546688493932795,1,9.1063615531413,0.38843908282279177,0.40855215119522564,21,2,6
2025-06-18 22:00:00,38.78729108556153,29.88229176693706,123.2795451261511,1.7834957216643301,0.0,20.47481734319186,16.19876742385181,0.22954498218751573,1,10.018865445518154,0.3521632972366203,0.10687196565248669,22,2,6
2025-06-18 23:00:00,30.014885940228258,17.980006918624646,163.4345847091719,2.1481304515854385,0.0,19.065785857459858,25.357820407190953,0.1910641212112788,1,4.937791925535659,0.19861773378229383,0.34346587761968395,23,2,6
2025-06-19 00:00:00,31.14893918332873,29.692537715081567,162.9916077726793,1.6560958077663663,0.0,21.985150787729097,25.52869114788038,0.24763857052217988,1,9.989597895446133,0.21846734643860177,0.3408558528904256,0,3,6
2025-06-19 01:00:00,29.522613146372265,18.29464423400985,166.80619876987518,0.6492608092066728,0.0,21.606647424238542,20.03422132770682,0.23303083713969377,1,7.113505698339993,0.19000136207423793,0.36333146282515083,1,3,6
2025-06-19 02:00:00,33.19931032961173,26.91534849259332,112.19393921745149,1.266395748502825,0.0,21.48885681327833,20.37532699693595,0.15161218826440648,1,6.911324709798651,0.25435549657881695,0.04155546003571869,2,3,6
2025-06-19 03:00:00,48.09955854258469,39.82836953975718,106.02884056407473,1.850564311040937,0.0,22.726384613336005,24.76581844044631,0.23699802000990144,1,7.26138807773686,0.5151582034268186,0.005230634479255436,3,3,6
2025-06-19 04:00:00,37.696566848374125,26.65800083084645,114.34420036213672,1.9886113234310585,0.0,23.04622256341338,21.379758689696466,0.17128661738751988,1,3.892302749189776,0.3330720828207741,0.05422482112351744,4,3,6
2025-06-19 05:00:00,42.349841662798454,21.992344846794893,183.8883237338414,2.32591030958936,0.0,24.96039343331516,24.696821668045303,0.19862649294290313,1,6.4970012732368705,0.4145194956399031,0.4639795212483383,5,3,6
2025-06-19 06:00:00,40.02215832773004,42.1987773726484,181.24445768330088,2.7110475324736254,0.0,24.697617695845267,16.513345567877288,1.5045910109533125,1,4.327863051326954,0.37377748209798894,0.44840183490783875,6,3,6
2025-06-19 07:00:00,55.96365745453676,35.85578307247565,198.10010372864275,3.171541513449936,0.1917974630903846,24.643469670387212,18.800499326869495,1.1697909016165227,1,10.049758014596225,0.6528054596229828,0.5477154771807284,7,3,6
2025-06-19 08:00:00,44.975500076501696,29.4785674886194,181.53124174493752,2.9858555355608978,0.36957038861060665,27.106523533389694,17.05065801853907,1.2192492348165846,0,0.0,0.4604770402233437,0.45009156958963803,8,3,6
2025-06-19 09:00:00,42.05389717968644,42.34638741294001,192.89586276324724,2.855657935313168,0.5196980558956796,26.522960517793994,20.86453622206266,0.19230474014254006,0,0.0,0.40933950661091856,0.5170520351418489,9,3,6
2025-06-19 10:00:00,41.56817447525614,40.7193471023575,179.85055898391846,3.463486446357939,0.6270217015375797,27.745790578185808,25.012944098565768,0.21426208765553484,0,0.0,0.4008377827280466,0.440188969235249,10,3,6
2025-06-19 11:00:00,60.61306434571199,53.14627721597942,243.9793060709781,4.188274333216843,0.6873713496476132,27.043943367805266,21.86669642822562,0.17644169773403406,0,0.0,0.7341851712307745,0.8180362158184148,11,3,6
2025-06-19 12:00:00,56.81435961271323,49.5659350228853,250.03205535583734,3.0339547580858666,0.7210291043365441,26.976141098360483,21.213502155284687,0.2026400965938686,0,0.0,0.6676955085941599,0.8536990777239734,12,3,6
2025-06-19 13:00:00,59.71629533841701,45.188307181011744,206.84936452693805,4.502164459670305,0.6861456034701604,27.610297557164333,19.47337638481958,0.18791353785953557,0,0.0,0.7184888028765684,0.5992662130431634,13,3,6
2025-06-19 14:00:00,56.82236750634768,31.48933643282642,201.2193777518621,2.8592375899308227,0.6119614623171326,27.24163304156165,16.222452471037553,0.21303635057524667,0,0.0,0.6678356727247275,0.5660942722538923,14,3,6
2025-06-19 15:00:00,41.982347626377084,35.882721854791725,244.69564544434107,3.068018241427495,0.5044628489763471,27.23424437722202,23.39665312839124,0.19244373012958732,0,0.0,0.4080871571929674,0.8222568948763865,15,3,6
2025-06-19 16:00:00,55.26534233147854,33.09504112055977,163.78914001535512,3.4343060272692676,0.3590794535862353,25.866812528475545,21.2947096882099,0.23516330999216772,0,0.0,0.6405826783831432,0.3455549211810825,16,3,6
2025-06-19 17:00:00,45.753795535142245,39.75380659038464,245.77011825457643,3.1394078187782823,0.18741099025546043,23.577909387456224,24.938104733259923,0.2483744068549565,0,0.0,0.4740997369354854,0.8285876998790906,17,3,6
2025-06-19 18:00:00,42.625737031156845,33.944025191565935,194.62479893141727,2.158118007438517,8.905637193279068e-17,24.207384375897526,19.802643549310194,0.24130518325239905,1,12.180772445746506,0.4193485600854234,0.5272389450743669,18,3,6
2025-06-19 19:00:00,40.30461357197754,31.235511203171395,184.77011947096742,2.5718571775081966,0.0,24.65985828311505,19.506569281489117,0.16686042354218258,1,12.695678726240784,0.37872136566356773,0.46917507092701083,19,3,6
2025-06-19 20:00:00,57.4742946420222,48.434845344613535,195.21700626486552,1.5977689139267102,0.0,22.84745203085081,25.444931561394707,0.1957177678623766,1,10.420774670239723,0.6792465136195489,0.5307282368586894,20,3,6
2025-06-19 21:00:00,35.57273404577222,25.638393790989568,182.01022641864952,1.3755086947879451,0.0,22.279447988659065,16.94203529850754,0.19588177206578855,1,13.48095953179239,0.2958981152536501,0.4529137522820883,21,3,6
2025-06-19 22:00:00,40.08813635060513,20.43389128792784,141.27792528450934,1.3528380966310944,0.0,23.037768118553345,18.180750902260897,0.23404663917476343,1,11.956238140471628,0.37493231164930624,0.21291860923590739,22,3,6
2025-06-19 23:00:00,28.406802495210282,15.205797002404596,185.34189701467025,1.4636277834652374,0.0,21.042025670578465,20.747080571271862,0.185718932381963,1,7.058624068449508,0.1704710539885303,0.4725439901771079,23,3,6
2025-06-20 00:00:00,31.584796016288337,29.314099120901645,180.70519965408062,1.7015799494857848,0.0,20.111274173414824,21.247215165992372,0.20496018693821494,1,12.270253710553273,0.22609625571644143,0.44522452097619236,0,4,6
2025-06-20 01:00:00,29.32304214160741,23.554912442546833,143.19990903292432,0.8931514821532637,0.0,21.597962269283297,21.64408622945289,0.21092790032330996,1,9.115378913051135,0.18650822172468767,0.22424295752436377,1,4,6
2025-06-20 02:00:00,37.13269526253186,28.167823159216738,144.2966558719243,1.3000132821849177,0.0,21.576406640977453,18.19116800407772,0.16115207855972044,1,7.271830352088964,0.3232024998581024,0.2307050013368266,2,4,6
2025-06-20 03:00:00,30.335700920687696,25.9870699197959,145.20224118251735,1.8810713304989968,0.0,21.573368534879354,25.910914686787653,0.2057961130594305,1,6.326164467209058,0.20423303723934386,0.23604071943044888,3,4,6
2025-06-20 04:00:00,39.7145231840453,20.128318865535203,144.32601989609086,1.455953581186877,0.0,22.987827594443413,23.613844217442256,0.17468414883546324,1,4.701113814604825,0.3683928685635178,0.23087801447342937,4,4,6
2025-06-20 05:00:00,41.23043336844471,22.601771634372145,185.4866678925014,2.059235741193958,0.0,24.380517870800713,18.88824903654238,0.17066168803414627,1,6.659946074230389,0.3949262171211346,0.47339698169898603,5,4,6
2025-06-20 06:00:00,42.87274117112121,47.629044743175456,139.58019591819297,2.294173116025388,0.0,24.658436561016956,19.287574737602082,1.3127366851142035,1,3.9716607766165537,0.4236719342591021,0.20291557010534148,6,4,6
2025-06-20 07:00:00,60.58690811013997,36.49878993132678,136.3928318681208,3.441996211974678,0.19025445852791462,25.753411548345856,25.568576314730734,1.1995139990006707,1,7.800457393680515,0.7337273522105385,0.18413558788390558,7,4,6
2025-06-20 08:00:00,39.07514260253592,41.27862052694585,218.6592555892348,2.949169677862318,0.3670727598632021,27.98562170952278,20.150840666389616,1.1772976879664654,0,0.0,0.35720163309010383,0.6688502143379026,8,4,6
2025-06-20 09:00:00,66.64424261200394,46.52816932630721,163.04078709316698,2.5366493008078645,0.526807319047106,26.452888615398738,21.955332415882676,0.2146866369400544,0,0.0,0.839750366846931,0.34114561795959,9,4,6
2025-06-20 10:00:00,48.61265126919941,47.1355132649909,224.91553535420857,2.774985453793822,0.6353860452106764,27.5530975523698,17.217034523299606,0.24409788638874802,0,0.0,0.5241389915353438,0.7057122799547487,10,4,6
2025-06-20 11:00:00,62.985333155847755,39.36876233678873,177.4450052557062,4.016305995655912,0.7027392734302589,27.06745484505593,18.506539835897843,0.21879996211440644,0,0.0,0.7757075753015891,0.42601542158307165,11,4,6
2025-06-20 12:00:00,59.374756739673096,56.48533290798508,264.0284131572959,3.825688957193483,0.7259823793773841,26.834741479616756,20.124055252630335,0.18118556086127396,0,0.0,0.7125107688349652,0.9361657638467259,12,4,6
2025-06-20 13:00:00,56.39654944792625,31.227670467906123,250.4620331131966,4.185136840299475,0.7181716878241555,26.996173942831657,22.499930113341225,0.18350465949663947,0,0.0,0.6603824745850899,0.8562325111542203,13,4,6
2025-06-20 14:00:00,42.110121378749234,51.78457209575957,266.0589989326345,3.172487041338631,0.6389745141919408,26.8048171211213,18.469789334678556,0.2041389203224132,0,0.0,0.41032361258662786,0.9481299964103377,14,4,6
2025-06-20 15:00:00,48.81974836596561,36.16571584809895,267.93802456181567,3.253549748611902,0.5284569547563018,27.168483431203953,25.29975835765451,0.23663018763116722,0,0.0,0.5277638629230541,0.9592012350122934,15,4,6
2025-06-20 16:00:00,40.43036394342003,33.54609495202248,170.04122992725942,3.734401709913179,0.374013961502864,28.0,17.689842156583953,0.17024645503485825,0,0.0,0.3809224053234836,0.3823923001399507,16,4,6
2025-06-20 17:00:00,63.94312998116882,42.188224900221705,201.34724443673167,3.3993258310758163,0.19170447926323242,24.752453936944548,23.378208589398326,0.196851136179403,0,0.0,0.7924721285549148,0.5668476640945608,17,4,6
2025-06-20 18:00:00,39.82576029449357,42.23333281349475,214.81003370283096,2.295263567830376,9.333709079382486e-17,24.27758006906734,19.112137830521096,0.19989467224428437,1,11.398454691882288,0.3703398790489942,0.646170558842827,18,4,6
2025-06-20 19:00:00,41.62754790863126,26.039240265765095,219.1394391765692,2.0320990958809007,0.0,23.856782803454262,23.93723616453752,0.243122362220911,1,10.212645480521664,0.401877010525984,0.6716794610419186,19,4,6
2025-06-20 20:00:00,56.20266954322763,38.42062589824528,156.7324569972962,2.1566557127350614,0.0,23.59431181708343,24.917992199194405,0.20361528781577576,1,7.446400049780871,0.6569889469588315,0.3039768712503084,20,4,6
2025-06-20 21:00:00,43.671133618786165,20.987003774549564,204.81552286489512,1.6538069552310894,0.0,22.84288589147495,17.415438359920746,0.22808586732681058,1,11.58977078102371,0.4376463935098367,0.5872827967611366,21,4,6
2025-06-20 22:00:00,27.894184124214835,20.73889601997484,137.67810632785077,1.3258283848751105,0.0,23.388809897483352,20.66157431142958,0.15878011798992508,1,12.113308678030526,0.16149856864300255,0.19170843840370988,22,4,6
2025-06-20 23:00:00,29.77613885834337,18.911617655736755,179.49308855840175,1.7976741223486432,0.0,19.380748093298994,17.263796327271574,0.18269236127593483,1,4.941514311049477,0.19443888492570713,0.43808274976033806,23,4,6
2025-06-21 00:00:00,28.000159000650168,20.71378699023263,146.28292767966312,1.330998732213343,0.0,19.320107535228807,23.161164923252464,0.21114234532780715,1,9.94689338559376,0.16335347295313032,0.2424081355412266,0,5,6
2025-06-21 01:00:00,32.78032094031182,23.50002870815224,142.45302893461664,0.6924958005367606,0.0,21.31549395108954,24.63940676117536,0.21776379319200087,1,7.659776331402068,0.24702182231325215,0.2198423321965337,1,5,6
2025-06-21 02:00:00,37.61133161292725,28.10866793506775,131.18039308373938,1.359594324140287,0.0,23.2104782074324,20.075596843990116,0.2385212150692102,1,10.35578516798675,0.3315801895445254,0.15342384421007285,2,5,6
2025-06-21 03:00:00,29.887043679291143,37.605895105718304,113.33812851534331,1.3344878525957848,0.0,21.02638291700184,20.251185837499122,0.20904237448225796,1,7.044266251852159,0.19638007926638187,0.04829703531071094,3,5,6
2025-06-21 04:00:00,28.581826949295362,20.11369770199057,134.24556732597202,1.628139419743996,0.0,20.20780844396954,18.259209831341924,0.17895792106181416,1,6.328161846750247,0.17353455002816268,0.17148388280950075,4,5,6
2025-06-21 05:00:00,36.18233615460427,27.413904235114824,146.1581324139186,2.2429574783715567,0.0,24.512244975568027,19.40485852254974,0.20390952386967243,1,6.700257387637938,0.30656813080045336,0.24167284053407218,5,5,6
2025-06-21 06:00:00,47.054077817310755,49.44581561324048,158.32168452423764,2.885402009090537,0.0,24.96325427777671,19.60685038465398,1.6586475069686322,1,4.176418126711059,0.4968588973205313,0.3133406164118004,6,5,6
2025-06-21 07:00:00,59.05814650608285,48.497000469766704,189.928166037762,2.4614841401215917,0.20034776825961997,24.407912559357726,17.783320393916203,1.7132589042883442,1,9.363339017054173,0.706969062095864,0.49956633508761,7,5,6
2025-06-21 08:00:00,43.27144047690801,31.14380218443498,166.68630994185528,2.963944757836027,0.382101837294232,25.2381834331996,19.39636456840417,1.8334382030170058,0,0.0,0.43065046620577696,0.36262507660023513,8,5,6
2025-06-21 09:00:00,67.27634749079323,46.21278880500808,181.46260829837377,2.4773861770374386,0.5458613996275026,25.877351286151118,25.701744382086734,0.16907526426650438,0,0.0,0.8508142539073187,0.4496871806067624,9,5,6
2025-06-21 10:00:00,52.20851731611875,55.850477144775844,240.60986023221193,3.1972009307899882,0.6761240156171606,27.436430243538922,19.394724470105963,0.21609451607407562,0,0.0,0.5870783187931863,0.7981834057992119,10,5,6
2025-06-21 11:00:00,68.58507559909891,45.04856306126637,234.58716869931266,3.9559990042776527,0.7619708545262301,27.001317393009707,18.746404979803028,0.17003087555269836,0,0.0,0.8737212436631683,0.7626976444816493,11,5,6
2025-06-21 12:00:00,67.90226280770455,61.833533935564404,163.4336549091409,3.888643630803035,0.7748554158755789,28.0,19.788743970481338,0.18178723289884682,0,0.0,0.8617698035448053,0.34346039922820515,12,5,6
2025-06-21 13:00:00,58.73836310554507,40.38981818679343,252.75411307021915,4.092154376333578,0.7575964321234903,24.777056222714187,25.67367551938282,0.16427644990314488,0,0.0,0.7013718146357377,0.8697374701632226,13,5,6
2025-06-21 14:00:00,40.81546833713001,33.37035504141451,273.8938316785395,2.4625259323687554,0.6750649946445063,26.47714349170488,23.49500849330815,0.22729937439058878,0,0.0,0.38766298218254386,0.9942929126522676,14,5,6
2025-06-21 15:00:00,57.55554004565436,39.03422653132698,266.7117901537865,3.0457027902152807,0.5599713326615686,25.733191685817097,17.56742465821568,0.24139995204779163,0,0.0,0.680668571888872,0.9519762490927907,15,5,6
2025-06-21 16:00:00,41.513047210807954,33.47076911324942,250.69597397632296,3.100393361022668,0.3964708762597144,25.983583200414035,23.164100022408775,0.15299288022511132,0,0.0,0.3998728766685156,0.8576108931593385,16,5,6
2025-06-21 17:00:00,48.59979531611747,39.197884902228836,221.73670116168515,3.5310101893762504,0.20477922615380645,24.98032424812198,23.248212152004832,0.23135080348312417,0,0.0,0.5239139706286478,0.686982555742941,17,5,6
2025-06-21 18:00:00,47.08174413168107,43.35615095999738,177.8192122165261,2.2104571730082134,9.649233277517355e-17,25.54174205959534,25.11390501547292,0.17417553831137977,1,13.334913339182824,0.4973431476211406,0.4282202528985205,18,5,6
2025-06-21 19:00:00,42.229811348745166,31.863115913785126,205.05090849574944,2.793971064074157,0.0,22.11008019598295,24.529093513359392,0.19869692094347693,1,10.23824958596484,0.41241857555042044,0.5886696913527742,19,5,6
2025-06-21 20:00:00,37.28361655814439,43.621257360528276,197.6033223788278,2.111161752303598,0.0,23.29333381637179,16.404177478030558,0.22482191796815088,1,8.897209333632992,0.3258441123906027,0.5447884362870927,20,5,6
2025-06-21 21:00:00,36.93384755236224,29.333321467399948,151.11821085210914,1.6690978251671271,0.0,23.18681906961043,20.17753010267384,0.20068543220343807,1,13.593029256196097,0.3197220195116332,0.2708976744164888,21,5,6
2025-06-21 22:00:00,35.865250618162484,24.780071414444564,140.42636995267517,1.9492408379899508,0.0,24.010327276902505,22.85605837265216,0.17312498989031921,1,10.024190607619602,0.30101810471871543,0.20790123634056698,22,5,6
2025-06-21 23:00:00,19.645260469138528,15.402819857516343,143.89659283513035,2.1704972273002205,0.0,21.374158074281894,25.81033367132708,0.24061657009200169,1,4.976933053547004,0.017115630380716482,0.22834782575210677,23,5,6
2025-06-22 00:00:00,33.006034106021346,29.65350291541774,155.61747384463627,1.4685325460985648,0.0,22.080098010956664,16.644124540621522,0.20935826429242282,1,9.397793943264334,0.25097253533137653,0.2974073788875895,0,6,6
2025-06-22 01:00:00,32.44239581136162,21.5784250864207,126.73630115452708,0.9718398700947591,0.0,20.055929426351707,19.73732741770962,0.24312555832051333,1,10.03600821534077,0.2411070357216141,0.12723920821935703,1,6,6
2025-06-22 02:00:00,26.21036506921137,24.366103849446077,143.89665655249735,1.2877525887142036,0.0,19.769459981114913,21.167377903518176,0.23466413379362253,1,6.90548305767285,0.13202626985238206,0.22834820117549756,2,6,6
2025-06-22 03:00:00,44.78129338194572,39.93824731379884,169.58165876988366,1.185010247762673,0.0,23.48486153483597,20.427281017869777,0.23765876425546023,1,8.858826739367158,0.4570777927138893,0.37968450208820126,3,6,6
2025-06-22 04:00:00,34.49217620972339,23.19305522828908,130.4669795653899,1.7250356934464375,0.0,23.257754720647,20.95911210575737,0.18617127349906398,1,4.573154128278167,0.2769848458557623,0.14922040432035208,4,6,6
2025-06-22 05:00:00,42.382273359056605,33.00203723060368,187.06350123060227,2.935740804842391,0.0,25.16727048533458,20.07692597429446,0.2487315130569836,1,6.4624737242409545,0.41508715559099263,0.4826877001705805,5,6,6
2025-06-22 06:00:00,42.10436911245991,47.733608877649296,157.86783829385726,3.1039061426255605,0.0,23.393704362311418,26.55919310186175,1.7642958477696613,1,5.257991467385327,0.4102229292558992,0.3106665496896084,6,6,6
2025-06-22 07:00:00,56.97524603950442,36.983370741409466,135.79483904320696,2.7889151292759493,0.20161980999659537,26.065351249470844,24.74026108315958,1.3782052436394059,1,10.100525919037969,0.6705115432670394,0.1806122079235356,7,6,6
2025-06-22 08:00:00,37.10137872409273,30.717742037519237,139.95354543566162,3.088584958380171,0.3916648504964062,28.0,23.9691801493187,1.7973115180910628,0,0.0,0.3226543587884172,0.2051153493556233,8,6,6
2025-06-22 09:00:00,52.557884339380806,57.131233743222836,174.99838592784414,2.5067883747994517,0.5468943103905405,27.313764578131885,20.400131731902583,0.22552928303212916,0,0.0,0.5931933756733021,0.41159991498951803,9,6,6
2025-06-22 10:00:00,45.28235866123768,44.40353411021319,175.8758956729873,3.585157650068103,0.6611435802347123,27.649258269458358,25.30368804653371,0.22251370257538344,0,0.0,0.4658480614556621,0.4167702115587324,10,6,6
2025-06-22 11:00:00,66.12671773993017,34.88222334281725,244.0793111847468,3.432621380630426,0.7337482762571761,27.682788437565513,16.833159153856187,0.15062258304598866,0,0.0,0.830692001807046,0.8186254469916115,11,6,6
2025-06-22 12:00:00,66.91788185119151,52.88158033820613,240.14449227614995,2.7546662038582035,0.7615973194187127,26.207420144215,17.255894525703592,0.15225679176835216,0,0.0,0.8445399417090338,0.7954414529491532,12,6,6
2025-06-22 13:00:00,38.464741929327516,42.88820585811679,260.67506266769504,3.152825168551701,0.7486160231814893,28.0,25.608818231898287,0.2194792533869684,0,0.0,0.3465176400747398,0.9164077877926502,13,6,6
2025-06-22 14:00:00,38.390423073885884,47.269928392059526,229.81788480330567,3.564081999092686,0.6700860783100736,26.76919081034731,21.44500364800899,0.1778683544891779,0,0.0,0.3452168188808923,0.7345969740314184,14,6,6
2025-06-22 15:00:00,49.41962062362745,57.86817427775052,211.58131510566545,3.066184835006093,0.5561678406540341,27.409599750844684,17.130953182959914,0.15585183471671077,0,0.0,0.5382635744932962,0.6271469151986645,15,6,6
2025-06-22 16:00:00,41.52777412853268,52.265394568812724,190.0182496246809,2.54699862138481,0.39373070719253844,24.7225781507639,25.18577433126238,0.17859510607711104,0,0.0,0.40013064552922434,0.5000971085211441,16,6,6
2025-06-22 17:00:00,57.594098785177785,56.419118368453326,216.93940275349817,3.072247510178079,0.20223585216941023,24.384418627963125,25.388225626245223,0.23379094744354909,0,0.0,0.6813434749842178,0.6587168234948051,17,6,6
2025-06-22 18:00:00,47.97372065777108,27.75177887744802,211.8024778236153,2.790887013408413,9.64209465904866e-17,26.224309648679597,24.4103039490009,0.19706117971613366,1,10.312685687847045,0.5129556319988581,0.62845000823915,18,6,6
2025-06-22 19:00:00,46.321954583080746,32.77559280379501,180.16389835430425,3.0565682854154996,0.0,23.66725630902458,17.83502799415088,0.21155792586722863,1,10.482013805885295,0.48404436440105564,0.4420351680731219,19,6,6
2025-06-22 20:00:00,59.39571180549262,33.62613000870516,219.2935879644651,2.3844376774111655,0.0,24.746077083781067,18.289131609068413,0.23005054142712034,1,9.104325444137332,0.7128775505026123,0.6725877073076928,20,6,6
2025-06-22 21:00:00,39.260743948261876,23.331491115676926,181.51869288906883,1.0945598021120808,0.0,22.59502886926602,19.686106592900146,0.18233744718844624,1,11.656255168426746,0.3604502590638522,0.450017631599998,21,6,6
2025-06-22 22:00:00,26.14683076300674,30.215145077233895,186.99849604812266,1.348483444042966,0.0,20.356376540500925,21.572962905776848,0.15111459082208156,1,9.813539541540312,0.1309142132745963,0.4823046889575248,22,6,6
2025-06-22 23:00:00,23.131397688311214,17.19952923492202,160.84831373861005,1.538927074784962,0.0,22.79240368647567,26.006648797318118,0.18233210858109555,1,4.960462201043356,0.07813434699593426,0.3282275420910305,23,6,6
2025-06-23 00:00:00,33.211483405022975,29.543299197247816,132.0249706197299,1.342117655200944,0.0,21.20997667561925,25.78940224174425,0.2456678389880819,1,11.294272273230137,0.2545685649097964,0.15840010385953687,0,0,6
2025-06-23 01:00:00,29.29665836775393,16.519172171291036,158.08756004572413,0.8711516360903121,0.0,22.60252814184961,25.578619341134416,0.19822849857220395,1,10.403994259028794,0.18604642004598396,0.3119611525429063,1,0,6
2025-06-23 02:00:00,35.49340544103051,28.315168610925927,121.11781716185655,1.2877364229817423,0.0,22.230491662373826,16.886060674893923,0.2069807603777954,1,9.3859240883394,0.2945096071864422,0.09413504194397172,2,0,6
2025-06-23 03:00:00,48.74939110624589,26.189732162321523,148.19146018404115,1.8551774370512384,0.0,21.14065101793843,24.099261032096503,0.22604293598010697,1,8.151065511403838,0.5265323825128597,0.2536532289595452,3,0,6
2025-06-23 04:00:00,39.621188821638476,20.640335824607487,138.2630192645601,1.9320464885436475,0.0,23.47110932144083,25.471483768266783,0.16149333785799547,1,4.307061188276352,0.36675921427738056,0.19515475152637957,4,0,6
2025-06-23 05:00:00,29.225263549788686,27.720119451977737,125.15674261422036,2.2772106015789557,0.0,26.228297912032854,19.69213807125526,0.22339359668307357,1,6.115454156748789,0.18479677899879357,0.11793243282794677,5,0,6
2025-06-23 06:00:00,43.278685782132754,38.30235838631068,153.05924604223145,2.9272812871812457,0.0,25.30322809442398,18.485420867658682,1.3483158348355542,1,5.509941249173826,0.43077728256397074,0.28233427399815664,6,0,6
2025-06-23 07:00:00,56.97123487654566,42.39430349455155,153.55457153793392,3.154550295984086,0.20579392886999737,25.53088312965852,24.151592612773484,1.416121121703096,1,10.01627072591296,0.6704413348958566,0.28525273698417974,7,0,6
2025-06-23 08:00:00,54.08071076156985,46.9966389900953,145.09998735375794,2.965339993783711,0.3998775171230317,27.38898164061016,17.048222919694442,1.327117398107494,0,0.0,0.6198477808409136,0.23543823880507692,8,0,6
2025-06-23 09:00:00,49.01159455184561,49.787239475990575,221.17356064186782,3.841989640637649,0.57364255278418,27.147313917689797,26.060497969215568,0.1653545546126846,0,0.0,0.5311217938689566,0.6836645259276458,9,0,6
2025-06-23 10:00:00,59.43347521243631,41.27742517517288,199.85825564345828,3.0930357474897683,0.7049307951115327,27.624614798926725,17.595824970222978,0.1861461373809463,0,0.0,0.7135385326963279,0.5580745265971486,10,0,6
2025-06-23 11:00:00,60.449681547855356,38.84568360593635,192.28348531661658,4.314772620763752,0.7662747447951441,26.624828289648352,20.68080946719988,0.15946389487419937,0,0.0,0.7313254419615458,0.513443900840318,11,0,6
2025-06-23 12:00:00,59.89516831494614,50.792484005471614,215.1737819517128,2.8575033726746106,0.7922792472702757,28.0,26.069377421504512,0.23447780598969545,0,0.0,0.7216196605504785,0.6483137673184717,12,0,6
2025-06-23 13:00:00,42.90524821003099,39.495289846786335,246.46768179009587,3.529838760395242,0.7513488504148571,28.0,25.965312578526387,0.18059463517515867,0,0.0,0.42424091295114175,0.8326977515046902,13,0,6
2025-06-23 14:00:00,60.748329561141304,43.639800169414514,167.01249325411746,3.4251700315915268,0.6730384098818751,26.5856591739766,23.613399224466196,0.21536173183268517,0,0.0,0.7365527515436735,0.36454695207758264,14,0,6
2025-06-23 15:00:00,60.08576362774582,41.83289954398438,223.7478661624395,2.2609375092256454,0.548801878255909,28.0,24.14796508066824,0.17966955555864517,0,0.0,0.7249556971574005,0.6988323609001791,15,0,6
2025-06-23 16:00:00,42.17749248693047,49.06993488062277,212.40346762043285,2.6884920137554214,0.3851767909201168,26.235213715667893,25.37113465845787,0.17107040417537253,0,0.0,0.4115028256524691,0.6319910463892295,16,0,6
2025-06-23 17:00:00,59.608194691487704,36.95848282532909,249.21944044187063,2.5599145025647694,0.19721777695547218,24.7172332347636,24.901830635190993,0.22136570983968326,0,0.0,0.7165966906829849,0.8489111421767855,17,0,6
2025-06-23 18:00:00,49.695012250040946,37.32152441913671,205.5971658787814,2.3231162331115645,9.283121898777282e-17,25.827795930405316,21.75161348090944,0.21240038205401301,1,13.502587063112847,0.5430838218197387,0.5918882455500697,18,0,6
2025-06-23 19:00:00,45.277306761921714,31.467954936321465,155.8344625211262,2.6424072666244536,0.0,23.768523095405534,22.923859736315876,0.17181049312189495,1,10.040227004516602,0.4657596368202134,0.29868587843226546,19,0,6
2025-06-23 20:00:00,41.7322992448798,33.255425350621586,169.98148937566262,2.5065614097836777,0.0,24.092892336550943,21.531337895067626,0.21120961483863826,1,7.970400284315118,0.4037104989114848,0.382040308186957,20,0,6
2025-06-23 21:00:00,45.259385239649085,32.15858892619693,179.91678049531563,1.278667320929933,0.0,22.421893824682595,20.713498773040516,0.1505001677739519,1,9.126663178701715,0.46544595201089123,0.44057914707097107,21,0,6
2025-06-23 22:00:00,28.712035972735734,27.786624616569217,123.67470456446279,1.2835641938840838,0.0,22.178658165055207,24.70110104648783,0.16769146066002125,1,12.855401657473198,0.17581363056990276,0.10920024918381344,22,0,6
2025-06-23 23:00:00,26.138743752165023,19.25034710446834,180.89438781538053,1.725488339908277,0.0,22.433923332027874,23.35445279682902,0.2227753978397809,1,5.139896932057348,0.13077266433610327,0.4463392195954599,23,0,6
2025-06-24 00:00:00,35.58767788312751,24.42271466494979,113.94562397092491,1.1547221206612832,0.0,22.130610117145498,24.77806978886433,0.19101506665261755,1,9.667298816423513,0.29615968091197,0.05187640487007056,0,1,6
2025-06-24 01:00:00,28.12098672637702,25.806273452939244,108.18445150865912,0.6189475229476884,0.0,19.94796861879429,16.860328153661115,0.17036288869489274,1,9.015512456170754,0.16546835033513357,0.01793151664384875,1,1,6
2025-06-24 02:00:00,33.328322182080996,26.98373150984029,105.14109018701542,1.6078186439382434,0.0,21.123515109981618,22.062654906010113,0.2005916377020255,1,8.26114023899491,0.2566136227427936,0.0,2,1,6
2025-06-24 03:00:00,47.369629215040526,30.10980773524448,154.3503001972636,1.8274488438047392,0.0,23.652474249933306,19.533342636561596,0.1965217001020134,1,7.902710281477408,0.5023820709953123,0.28994117854295304,3,1,6
2025-06-24 04:00:00,35.635827501255996,21.403970754825068,142.15527818389802,2.003090893527532,0.0,23.21378993023312,21.576549355474146,0.21339362925019292,1,5.9614116899926906,0.29700245551291077,0.21808798166830073,4,1,6
2025-06-24 05:00:00,36.2748386484362,22.024416268796916,121.58632726871541,1.8992716361425406,0.0,23.547272353854726,22.696379141941474,0.15725383199402632,1,7.191847111981209,0.30818722468645676,0.09689550837929252,5,1,6
2025-06-24 06:00:00,39.90578230624035,33.65034085316918,188.49668181244488,2.3141283310716423,0.0,23.49041341105248,25.21690357542206,1.7395122228941964,1,5.134442640214593,0.37174052398944635,0.4911320151042643,6,1,6
2025-06-24 07:00:00,36.80705467290829,53.20563440555965,144.4308959599706,3.076248971280161,0.20426558451127033,24.54722723550976,16.45463617208248,1.1687075841968613,1,8.88203513386034,0.3175027325777518,0.23149594533547543,7,1,6
2025-06-24 08:00:00,37.80888724352741,36.7256809055468,164.36917430739624,2.659847541397695,0.3915947004754344,24.33021913669519,17.83208838121105,1.4653914559048555,0,0.0,0.3350380543047061,0.3489724892784916,8,1,6
2025-06-24 09:00:00,67.80641391122133,55.355811575655,159.679458042533,3.5863458606187386,0.5509494126560025,26.873561115926545,25.853235459426962,0.22104730236683354,0,0.0,0.8600921367506741,0.32134063214070535,9,1,6
2025-06-24 10:00:00,60.3260413149124,38.51669567738086,242.67562977226066,3.629405651582371,0.6885291874787659,26.854656194711282,26.214751292934576,0.18448110346649074,0,0.0,0.7291613365744447,0.8103549414713986,10,1,6
2025-06-24 11:00:00,68.66198427374364,44.707734907860555,235.15989718054405,3.0035821503227735,0.7631986109934078,26.787695582381296,16.43258142591572,0.24101185300440597,0,0.0,0.8750673950990868,0.7660721666655813,11,1,6
2025-06-24 12:00:00,46.607760170827085,65.09001710046884,238.6758084645171,3.1731761528149924,0.7813219641791054,27.78986335681539,19.23376920062733,0.22552318563556684,0,0.0,0.4890468898523855,0.7867879526153112,12,1,6
2025-06-24 13:00:00,54.97818054650273,32.199686610581736,168.78735552925346,4.326783871602548,0.7617438460703962,28.0,15.754478007012754,0.19260480648574396,0,0.0,0.6355564150783621,0.37500445911126984,13,1,6
2025-06-24 14:00:00,39.274703242188274,43.48798306080395,222.49718746633022,3.225786295144844,0.6809480173046399,28.0,23.4210231368954,0.1683826393772855,0,0.0,0.3606945920165423,0.6914633489803989,14,1,6
2025-06-24 15:00:00,62.96073237770954,57.30510768676139,226.88538150475307,3.4350497989302444,0.5531134291977859,25.471820202376534,22.524655718132383,0.1543438908570415,0,0.0,0.7752769818351373,0.71731863401567,15,1,6
2025-06-24 16:00:00,47.53391137629331,53.01226609898669,202.03309302074595,3.1804086592545757,0.38787637811007886,27.52321452928136,21.233410290735833,0.23016643274207071,0,0.0,0.5052575420431209,0.5708886911037264,16,1,6
2025-06-24 17:00:00,43.142503222449,54.2427484800701,189.72158649187713,3.5021411373357716,0.20131109194035413,26.61483474305768,22.483196786752796,0.16942742458562263,0,0.0,0.42839364574910954,0.4983491662490074,17,1,6
2025-06-24 18:00:00,45.850833018021355,42.67364940187787,235.19428602187867,2.068226252857519,9.598396565419537e-17,24.08761822052515,20.887359928717657,0.17696741743788347,1,11.348453681355167,0.4757982078494501,0.7662747860773378,18,1,6
2025-06-24 19:00:00,33.767528567326615,31.89252965051155,144.95520721890142,2.7850173479227367,0.0,24.2949170440209,17.83793444376789,0.15103783630505807,1,8.848069138128148,0.2643011600575917,0.2345851927407088,19,1,6
2025-06-24 20:00:00,52.311314424388044,33.52023883166813,191.28193634493604,2.2962885061822904,0.0,22.911924591184277,23.182426646262705,0.15182268849675418,1,11.190493126433504,0.5888776018460309,0.5075427638548419,20,1,6
2025-06-24 21:00:00,39.247614958367464,30.840552142262425,160.67687870702008,1.1591613136774694,0.0,22.93533804337074,23.570786297368745,0.17304184341680007,1,12.075751065039883,0.3602204591267168,0.32721744509714684,21,1,6
2025-06-24 22:00:00,38.29110062646046,32.554076280131525,173.2760544914632,1.3207156750348545,0.0,23.78342892403474,24.424844640635143,0.23728684862716404,1,10.763152452143968,0.34347835367084534,0.4014519202055769,22,1,6
2025-06-24 23:00:00,31.01359095002369,18.175662768363257,128.80039891100748,1.7688576476890165,0.0,22.58159953997951,25.60901467821648,0.22808230484565095,1,7.349895793770224,0.21609831304341878,0.13940089372532544,23,1,6
2025-06-25 00:00:00,31.12549677798871,21.524789888195855,126.36487852386388,1.4995032319787382,0.0,22.383768171722792,23.599186923275727,0.2269873115012443,1,12.872166361838138,0.2180570282559569,0.12505078220622684,0,2,6
2025-06-25 01:00:00,28.800399690625017,22.206461565219467,147.50192284973656,0.8677968599082974,0.0,21.54845435926856,16.423359584251603,0.23270347743480665,1,8.073483920552073,0.1773602824433,0.2495904677952021,1,2,6
2025-06-25 02:00:00,38.88981001997462,26.942932024853537,173.59569824000607,1.689024382935606,0.0,20.795781988030623,16.158909822681554,0.1686613568927977,1,8.02294872548894,0.35395771134408655,0.40333526450529444,2,2,6
2025-06-25 03:00:00,41.177465224299326,27.332883188187665,174.91430677476754,1.7006124252743062,0.0,22.54949236233566,23.914598977456514,0.24790652893434417,1,9.006241524543588,0.3939991026749603,0.41110451974279805,3,2,6
2025-06-25 04:00:00,25.535864845435214,27.320431979090515,127.11504928864265,1.7018161711518847,0.0,24.58724746863404,16.675430048038283,0.1732192632346622,1,5.060409101538379,0.12022032664821138,0.12947079617522023,4,2,6
2025-06-25 05:00:00,42.56121906830574,29.263326165982637,121.55092714162272,2.461733077523907,0.0,22.578365063715495,19.505935228761494,0.16499298509392427,1,4.563240214120421,0.41821928632357847,0.09668693046130346,5,2,6
2025-06-25 06:00:00,38.0224062929767,42.682218085746165,167.22745903439974,2.11878256781332,0.0,23.828243773091884,17.588718790882645,1.3459835202742643,1,4.840026937558509,0.33877533070869936,0.365813532696708,6,2,6
2025-06-25 07:00:00,40.79906656834464,38.54831736634199,162.8598734219253,2.574870499060653,0.19778835241968812,25.78739344158844,26.51964254126888,1.5228400066176089,1,10.913911543498806,0.3873758979920541,0.3400796727220334,7,2,6
2025-06-25 08:00:00,37.276326539360504,31.881611123771485,203.55180416736718,2.8461897704358137,0.3782194608493287,25.40134155641373,19.46539950179488,1.2183229653072138,0,0.0,0.32571651339999297,0.5798369530170141,8,2,6
2025-06-25 09:00:00,43.56088777310805,49.00400975924747,193.0161515002656,3.6555609953739974,0.5367338987756702,26.216113350671204,16.603956266915507,0.22386210233842016,0,0.0,0.4357167333752782,0.5177607776347539,9,2,6
2025-06-25 10:00:00,40.65150219178738,48.10024847164787,201.0586805995641,4.200638054124906,0.6609038563034688,27.063106537890828,26.02708013923126,0.18715266890447768,0,0.0,0.3847930424388852,0.5651474429567734,10,2,6
2025-06-25 11:00:00,43.27776815848693,42.67945966331958,223.53691470714818,4.4041414552314135,0.744124717523714,26.422093777379786,22.278261776915695,0.2068416535617164,0,0.0,0.4307612211717524,0.6975894327257627,11,2,6
2025-06-25 12:00:00,58.95176559418327,47.50817809228676,174.54805384486454,3.5320700864300383,0.7568112188995262,26.91710899064973,16.129145221864224,0.22342360236500802,0,0.0,0.7051070508472049,0.40894655366045757,12,2,6
2025-06-25 13:00:00,44.201324049575135,37.38262027282846,238.0040905238534,3.209339602157952,0.7360186682868219,28.0,24.3493113497515,0.2401893747595618,0,0.0,0.44692644693701933,0.7828301835041241,13,2,6
2025-06-25 14:00:00,41.366328561594955,41.32600878935785,218.7371670720999,3.118673233664971,0.6686607047937629,26.184508550829886,17.144985294230967,0.23193469667232647,0,0.0,0.3973048240889272,0.669309269607419,14,2,6
2025-06-25 15:00:00,59.55754549108645,58.62328815287905,253.6350353368019,2.256143933744438,0.5548252475137411,25.418524480127555,23.76856379269247,0.2037468674452237,0,0.0,0.7157101652791441,0.8749278733443455,15,2,6
2025-06-25 16:00:00,43.62095911681774,48.98457139397275,175.86684998030435,3.5075340918373703,0.3868024504639428,25.766317777965074,21.623634227653135,0.24911728954846166,0,0.0,0.43676817686934316,0.41671691424311436,16,2,6
2025-06-25 17:00:00,41.065729628838625,54.37528584486323,187.53364341311385,2.5330489711330304,0.19965811619663845,26.406014218181344,17.204717528812616,0.2029739188008214,0,0.0,0.39204336708378723,0.4854577828126667,17,2,6
2025-06-25 18:00:00,42.53344358227588,36.328849118553464,245.0246374015524,2.0389649074753002,9.431633084202199e-17,24.70193093101442,23.089130040719226,0.20359721582608037,1,12.610701540714153,0.4177331251645785,0.8241953189190634,18,2,6
2025-06-25 19:00:00,34.34253928053565,30.02449547359873,195.4040463789765,2.6473479540918587,0.0,23.659058019373617,20.050325535451435,0.1658488195001543,1,10.571170411299406,0.2743657139044832,0.5318302791615196,19,2,6
2025-06-25 20:00:00,44.05201710263943,33.20658123531593,218.6370899778591,1.5197734484851966,0.0,23.445690858595658,21.987147435018173,0.16487205361148022,1,7.470120079681338,0.444313090746205,0.66871961432453,20,2,6
2025-06-25 21:00:00,35.375823352378845,30.707373814192948,185.6818797784028,1.5115554180489668,0.0,21.035532446807256,24.461023852203777,0.16687011263154938,1,12.217107090243386,0.2924515389879207,0.47454717216642195,21,2,6
2025-06-25 22:00:00,37.66431742866338,25.240390746578985,194.11450919481007,1.6777603969802979,0.0,22.800410161025486,18.263092947576066,0.20918213609592567,1,9.462747025945964,0.3325076133008961,0.5242323126248832,22,2,6
2025-06-25 23:00:00,26.335220598281122,20.118112261166004,137.8964197386344,2.062079003709252,0.0,22.390651099120234,19.47196184726031,0.1915171913485425,1,4.968716660919464,0.13421164686630185,0.19299474329665883,23,2,6
2025-06-26 00:00:00,40.20833755329781,23.338489011665022,115.59918544673553,1.1000404383777833,0.0,21.49689023244695,26.221353744752026,0.1885884501664429,1,8.680190615327811,0.3770362228446474,0.06161920632918583,0,3,6
2025-06-26 01:00:00,29.568304532468396,17.22689824332236,162.72586325930095,0.610172942952151,0.0,23.015543230789593,21.215136504047273,0.16275582925303064,1,7.556873098954285,0.1908011096357002,0.3392900834463684,1,3,6
2025-06-26 02:00:00,33.286678621911165,20.577357198887604,161.31281267236358,1.7658762993126005,0.0,21.183013709614873,21.87159091546447,0.1881090211778779,1,8.366622551285232,0.25588472527344647,0.3309643746525855,2,3,6
2025-06-26 03:00:00,33.94682493465376,36.985660126594574,149.7618210702424,1.3747141025158296,0.0,23.916356821806488,19.062728592955747,0.18779898724567523,1,9.436778155177992,0.26743942844470625,0.26290581167705124,3,3,6
2025-06-26 04:00:00,37.46485062261097,21.650321200423264,151.14210578673865,2.025452200393216,0.0,23.56543631942166,20.533118221108822,0.21208143764899098,1,5.272437802467649,0.3290162967670211,0.2710384636205066,4,3,6
2025-06-26 05:00:00,29.804130185820984,24.7341507154236,183.18977649230555,1.9991478655906376,0.0,23.799099739273494,21.499630976632936,0.18884096991648075,1,5.674572400852822,0.19492882401061948,0.45986367361663183,5,3,6
2025-06-26 06:00:00,48.79647311430112,49.08789882726032,134.11987736172247,2.929405509874997,0.0,24.893394968040496,18.903280808670555,1.439071510613931,1,4.414186496604766,0.5273564704722773,0.17074331622942465,6,3,6
2025-06-26 07:00:00,46.91597291605485,46.05414099482825,179.53241068990087,2.486511287535804,0.20538240745135516,25.583612439577433,18.67025777677776,1.3294072194434456,1,11.626008188087072,0.4944416132886346,0.4383144361691892,7,3,6
2025-06-26 08:00:00,50.21817260816383,31.09270683899612,139.47935497399897,2.7096540929562227,0.3927664416751567,27.63584676030053,22.50966597215938,1.2236279339481206,0,0.0,0.5522408261571045,0.20232141421056274,8,3,6
2025-06-26 09:00:00,66.74182561164743,37.929912448490875,156.17158622966298,3.8777202572046603,0.5564248956410646,25.961341200313747,17.97597050371422,0.1800010885554412,0,0.0,0.8414583860749069,0.3006722148385514,9,3,6
2025-06-26 10:00:00,65.18894409983818,40.863755074418215,193.72723484432996,3.8357266514205666,0.6757633772929232,26.753385402730633,21.817988432266905,0.1542765340338888,0,0.0,0.8142779192863431,0.5219504881132873,10,3,6
2025-06-26 11:00:00,46.41629816024242,48.62351027439308,241.73549267365217,4.326436415851642,0.7607390070311085,28.0,23.307999799726005,0.17037099686849322,0,0.0,0.4856956832211049,0.8048156438824772,11,3,6
2025-06-26 12:00:00,53.47000629398944,59.595752003164534,239.6609349717263,3.0689890336054284,0.793167610210777,27.324527363488958,17.83170502816769,0.18249524529811995,0,0.0,0.6091584704379859,0.7925923282688658,12,3,6
2025-06-26 13:00:00,58.292044122586994,35.91042122351373,270.46104901840874,4.3650864427614655,0.7776099178965761,28.0,23.436400644598198,0.1645646291925983,0,0.0,0.693559783774952,0.9740669214210965,13,3,6
2025-06-26 14:00:00,51.329191876181696,49.23362680575062,169.9333513316889,3.405354459566942,0.6921146051968028,28.0,19.294225388684264,0.21649696553528439,0,0.0,0.5716872694859523,0.3817566783298716,14,3,6
2025-06-26 15:00:00,53.88319196308588,38.11810289786203,205.6666336245712,2.4005307366344946,0.5705628438122265,26.642880847802218,25.73068093226574,0.1780765028229036,0,0.0,0.6163905607623156,0.5922975502326855,15,3,6
2025-06-26 16:00:00,55.86520890494434,36.95322525602328,178.02227161632533,2.53381978462993,0.4030718929328927,27.105800247743947,25.493570632187364,0.21155275737308915,0,0.0,0.6510822904615048,0.42941668099967784,16,3,6
2025-06-26 17:00:00,56.82684078011348,57.12036668841556,160.06243049190687,2.4387061361126334,0.20766965686626349,24.548277487095696,23.580175671773524,0.21438856123439717,0,0.0,0.6679139695349495,0.3235971098061223,17,3,6
2025-06-26 18:00:00,54.77840550377234,29.610556310428166,176.43975562944746,1.9222592978066706,9.807731132554468e-17,25.681312964578435,18.88788795942757,0.19472882784231402,1,8.667217793230467,0.63205970340215,0.4200924803022296,18,3,6
2025-06-26 19:00:00,39.53141688919689,35.38867852502589,166.03251671526488,3.00303693729335,0.0,24.350605871446177,25.002165388153568,0.19491064433167546,1,12.304315708381651,0.3651879140785451,0.3587729200912901,19,3,6
2025-06-26 20:00:00,47.62174287536974,42.94084969530456,172.80249466159725,1.8662682977109348,0.0,23.90172897751164,25.696178030448277,0.20814632624956017,1,7.485937479953561,0.5067948783598211,0.3986617007496388,20,3,6
2025-06-26 21:00:00,37.14977617251661,21.748931312045187,139.11762366866498,1.310853911771194,0.0,22.162842274129165,20.257039811926838,0.17624563521718362,1,12.255511915910722,0.32350147122393313,0.2001900895873352,21,3,6
2025-06-26 22:00:00,40.08899355617039,26.05638646929233,159.0854063380894,1.5037104641485903,0.0,20.671611376427034,21.93886482680237,0.1521244967191731,1,11.267757537065407,0.37494731552900995,0.3178404733032446,22,3,6
2025-06-26 23:00:00,26.287886871251587,18.113273507385884,183.58349069063934,1.720810408864702,0.0,22.53727422157053,15.715419001816791,0.21450245979351995,1,4.927977832041786,0.13338315300780632,0.46218344177893755,23,3,6
2025-06-27 00:00:00,35.42058597850687,29.73327260082151,163.3972292984256,1.2196273420710335,0.0,19.869417433737674,16.207098708473424,0.21085253838154072,1,10.557603984105553,0.2932350302353786,0.3432457791500177,0,4,6
2025-06-27 01:00:00,36.21730377645999,20.574647012036255,165.54856820826788,0.6462638355007221,0.0,21.718705883299233,21.13572521892055,0.19763810644716703,1,6.542996863212252,0.30718017768058986,0.35592149044136095,1,4,6
2025-06-27 02:00:00,35.74745277038419,23.943792473402706,161.33100153250732,1.253115857843482,0.0,23.277945094809493,22.41145991044113,0.23757656105084643,1,6.773126954317461,0.29895626003516856,0.33107154360622915,2,4,6
2025-06-27 03:00:00,37.25293358132853,25.80011598171294,133.561592671577,1.6121214790393794,0.0,23.006414734014253,19.35051537242607,0.20086248327392645,1,6.199121125744521,0.3253070607057345,0.1674538970131934,3,4,6
2025-06-27 04:00:00,36.400808445742676,26.33534564046643,160.5461657987267,1.6093918924468102,0.0,25.385170204559678,17.137084876122277,0.18034946637057783,1,4.544779333912762,0.31039210501120323,0.32644728327838424,4,4,6
2025-06-27 05:00:00,39.22584056366564,23.98474088819007,171.00306407950805,2.8504172586220946,0.0,25.186462110715315,24.51498396379415,0.22135324537630496,1,6.623617308824333,0.35983933654425754,0.38805943699518064,5,4,6
2025-06-27 06:00:00,37.099696269793164,31.875693640254138,136.45184845593886,2.7583626297326775,0.0,24.284886553882256,20.62667041294253,1.8468026402973379,1,4.861010858020661,0.32262491037727636,0.1844833142347653,6,4,6
2025-06-27 07:00:00,48.03940124276479,53.2960516888084,200.2059959573807,3.0953613165255436,0.1956372997432545,25.743522620728157,23.081815161396737,1.6776591658632811,1,10.114531068704377,0.5141052554218293,0.5601234161530787,7,4,6
2025-06-27 08:00:00,52.18666285133042,34.08431999432427,176.19726586700372,3.458105860162008,0.3814785316860531,26.393340880483102,23.042644766010344,1.8066359130518816,0,0.0,0.5866957947243222,0.41866372809318386,8,4,6
2025-06-27 09:00:00,55.18633831625795,37.87147768223661,144.3216321520791,3.2584353552996563,0.5519876668353227,25.480806954302906,21.853639550461754,0.16127142782866746,0,0.0,0.6391998516861053,0.23085216183995594,9,4,6
2025-06-27 10:00:00,60.739950368462715,50.71151404431411,214.33841086138506,3.6422153351551825,0.6810212181846418,26.600284773134035,17.83395168881814,0.16209863320770893,0,0.0,0.7364060884746735,0.6433917521428592,10,4,6
2025-06-27 11:00:00,54.294783018681684,53.91049122909656,226.69275713925265,3.6814000050862172,0.7639983344383846,27.280560466956423,22.3557746430495,0.16546057062744102,0,0.0,0.623594740174599,0.7161836892454196,11,4,6
2025-06-27 12:00:00,75.36719477986533,41.37576374169451,220.19617212989982,3.9303860789308027,0.7908524806897977,25.90825212116318,19.131882097252856,0.22028544368219583,0,0.0,0.9924303426813729,0.6779057426227456,12,4,6
2025-06-27 13:00:00,45.210987530024354,32.488287093132456,187.19870036466074,3.409239171648832,0.7612776112360496,27.8906646117566,24.200756226396113,0.18897070629575335,0,0.0,0.46459883500351257,0.4834842948783341,13,4,6
2025-06-27 14:00:00,40.49109958114337,33.02481916328552,218.05058300916718,3.3489691653955633,0.6857220746645536,27.295311383151077,17.566917312456788,0.1977711129082605,0,0.0,0.3819854761189482,0.6652639091487962,14,4,6
2025-06-27 15:00:00,53.24800597879911,36.64422087509302,207.71911407075427,2.91103097010013,0.5642424261991983,25.395639121236968,18.490425049407616,0.176192011521758,0,0.0,0.6052727443550914,0.6043907864252347,15,4,6
2025-06-27 16:00:00,51.596484187249196,46.731623661422205,265.5845667727616,3.3918156724847695,0.39787772837766866,26.85232351706386,19.953124081654632,0.22361058067770012,0,0.0,0.5763657525051389,0.9453346371769019,16,4,6
2025-06-27 17:00:00,49.99139238891425,48.284520916404645,242.09697683391548,3.7435526496550753,0.2075293963788516,26.441330814378425,22.979216233708833,0.23453479825677415,0,0.0,0.5482714362385942,0.8069455123243712,17,4,6
2025-06-27 18:00:00,38.62825959958256,39.17547607368099,226.18996050872147,2.3714950545474958,1.0026654737333021e-16,25.176918005177672,22.76269341584456,0.16602141351955244,1,11.743564091007872,0.3493797300487085,0.7132212062550755,18,4,6
2025-06-27 19:00:00,41.202304232770466,29.72135772723343,159.9985110811639,2.1543595052383675,0.0,23.85023311661393,18.8460265266026,0.1692734126461852,1,9.247259155656394,0.3944338659454844,0.3232204959714616,19,4,6
2025-06-27 20:00:00,45.46956203193507,45.15366641118857,164.7936015679095,2.0791097715606934,0.0,24.043067788134096,20.677555739393377,0.1839400766458666,1,7.596648079839486,0.4691247280662519,0.3514732191234402,20,4,6
2025-06-27 21:00:00,38.76012866695251,28.29649330567171,159.44396075423117,1.77686585067155,0.0,23.511385170540276,17.9028910436281,0.17801665949052925,1,10.591039730321935,0.35168786674737507,0.3199530796622225,21,4,6
2025-06-27 22:00:00,39.57726003082459,31.770725384609793,159.41020258403836,1.7207812084236471,0.0,22.66266433677693,23.55503975399851,0.20315365919340478,1,8.245538424072603,0.3659903178543769,0.3197541761714101,22,4,6
2025-06-27 23:00:00,28.13351778981152,17.81424604603404,116.079563501505,1.6296065176888317,0.0,21.23179138100402,17.705668582713972,0.22525792113728738,1,7.583972168714987,0.165687684618475,0.06444959883735708,23,4,6
2025-06-28 00:00:00,30.937618463294047,28.003646472217017,152.1188472893605,1.7278954498438468,0.0,22.231618314386406,24.35314259150997,0.22932736944557736,1,10.144843083323678,0.2147685479346863,0.27679343473959217,0,5,6
2025-06-28 01:00:00,30.303682175455304,20.427448949531,131.3160566102334,0.7481218354741225,0.0,23.253549465646252,25.744749767834694,0.1708449687749218,1,6.39779494318562,0.20367260527155864,0.15422317512289951,1,5,6
2025-06-28 02:00:00,32.90004902722898,23.801862207624335,144.31740017981403,1.9344483117256286,0.0,21.76196207435317,26.47342076520632,0.16755818541420148,1,7.466993133807716,0.24911745244688593,0.23082722701523836,2,5,6
2025-06-28 03:00:00,46.97130432294068,37.584420325083016,106.65683072979357,1.2994034248491941,0.0,24.93409969591584,25.164758633331957,0.1863694275450069,1,9.822407428623917,0.4954100925034285,0.008930759084466246,3,5,6
2025-06-28 04:00:00,39.51430809222081,19.791894380134327,132.3808351164434,2.1208568931960583,0.0,22.93265542735884,18.450598154756086,0.16477239628053417,1,5.1685900500909305,0.36488845459985064,0.16049686118519224,4,5,6
2025-06-28 05:00:00,33.490934570105516,28.94769118576418,172.09616199207852,1.8697490430220605,0.0,24.215034204940515,20.58619563479833,0.1591797065702463,1,5.349178080042725,0.2594598673393694,0.39449998129506925,5,5,6
2025-06-28 06:00:00,39.00853327145001,44.98543458091616,160.08652420216322,3.1088272413412863,0.0,24.28738900061608,17.079996094553984,1.3069361663165333,1,4.737444937453133,0.35603575359600154,0.3237390701982063,6,5,6
2025-06-28 07:00:00,40.720007653365194,48.034611229850356,194.1517068977139,3.4614451597711215,0.2049233563918323,25.960385141309533,17.87974756586955,1.4204578326699693,1,9.062356912056835,0.38599211037104286,0.524451481878297,7,5,6
2025-06-28 08:00:00,43.44038251765187,40.28364665672162,197.9064353265648,3.1039701742244263,0.3934532356527576,24.71921035424797,16.607338631708366,1.565881249336636,0,0.0,0.4336075002696835,0.5465743809360759,8,5,6
2025-06-28 09:00:00,56.98651017609984,44.956545103530644,224.132817654645,3.7076755437434628,0.5495185447507244,26.537477771371332,22.859917516540293,0.22232787995118206,0,0.0,0.6707087022185149,0.701100499106598,9,5,6
2025-06-28 10:00:00,57.4670650031372,40.596651234486124,150.74435885521734,3.587365050711662,0.6838162927329273,26.468913719927283,21.60261330423669,0.17228115064219685,0,0.0,0.6791199714731502,0.2686949345522059,10,5,6
2025-06-28 11:00:00,50.96864245002102,55.94794773991576,183.42819824919349,3.070753955152357,0.7605513087336494,27.996826320134588,25.535026813569342,0.23186638030341405,0,0.0,0.565376484259346,0.46126845709452086,11,5,6
2025-06-28 12:00:00,65.78218805382087,49.462961204736665,219.87844224517647,3.303315463836209,0.7918460919565327,28.0,20.611580606340546,0.15336707615567335,0,0.0,0.8246616140280985,0.6760336748286107,12,5,6
2025-06-28 13:00:00,61.47200012927412,46.52462088236105,266.84847495223266,3.8598222744413118,0.7571262215920608,28.0,22.355602963210213,0.1944045996737238,0,0.0,0.7492193353708441,0.9527815973506093,13,5,6
2025-06-28 14:00:00,54.730344181652775,31.809717363332062,239.77691981457932,3.441861262889127,0.6771780212145619,25.19233650632745,19.729073765890817,0.2133076545916265,0,0.0,0.631218474267956,0.793275712172467,14,5,6
2025-06-28 15:00:00,45.75893846911759,41.03145516477716,213.89138356731075,2.5340318092471827,0.5587789875957834,28.0,24.04750519598408,0.1791264027598535,0,0.0,0.4741897549729529,0.6407578626644916,15,5,6
2025-06-28 16:00:00,52.55577698677713,39.939297147053594,174.94759582526385,2.9308123693180503,0.394285147347438,26.76263387523191,24.951619083853778,0.2183691946941683,0,0.0,0.5931564901627076,0.41130065917546654,16,5,6
2025-06-28 17:00:00,55.203907864088976,50.20962075832592,207.57770380245358,3.1960557922177686,0.2037333771580613,24.968017518843663,19.81670584269651,0.2367053475304684,0,0.0,0.6395073758002632,0.6035575956497551,17,5,6
2025-06-28 18:00:00,52.5609880958268,32.954009222186045,194.1086972456066,2.7616907761859166,9.480829849304847e-17,25.125885331972118,16.222688534882323,0.15893663204919972,1,11.13202538573596,0.593247701485258,0.5241980685595684,18,5,6
2025-06-28 19:00:00,35.09884410861872,22.840990644316708,216.85398497548698,2.9297947985193367,0.0,24.36918028830333,17.0654131513514,0.20125604220620794,1,11.697292712200262,0.2876035032048349,0.658213541056011,19,5,6
2025-06-28 20:00:00,46.57947129213985,32.61316280088217,172.20137764468933,1.5932201167754496,0.0,22.803281371102916,22.8349535197065,0.1518770503129605,1,8.946294847065182,0.48855174265551515,0.39511991301746,20,5,6
2025-06-28 21:00:00,38.16528859654599,24.321581839186614,154.28042806051056,1.768199221303924,0.0,23.047401197252604,18.84264356581867,0.17795742861949748,1,12.877106366962558,0.3412762347875392,0.2895294911845648,21,5,6
2025-06-28 22:00:00,35.15519753672382,22.01521930652886,127.17757459750567,1.904783935310145,0.0,21.76592345803382,23.710869089979134,0.16369402781363443,1,9.71752281449466,0.2885898711082352,0.12983919594706636,22,5,6
2025-06-28 23:00:00,27.611088112783875,15.284965094377412,117.31426796500628,1.358874475400557,0.0,21.669991866765688,23.47690533445146,0.21242750048273132,1,4.873286412587581,0.1565434695719156,0.07172449041202877,23,5,6
2025-06-29 00:00:00,25.41232351145045,27.738339676367126,140.93530496526645,1.407582078174046,0.0,21.286503881322794,23.040167512913037,0.17486836670637934,1,7.840678358641901,0.11805795231388402,0.21089988674202148,0,6,6
2025-06-29 01:00:00,30.23946378722641,20.477498956163238,130.5389444833464,0.8473565292235155,0.0,20.642978224329696,24.449018137771198,0.17823981697526436,1,9.976401939729232,0.20254857503795962,0.14964442236741504,1,6,6
2025-06-29 02:00:00,27.365352612587408,23.432334617618096,143.87269186590012,1.5998373253922682,0.0,22.52182352443023,23.975906121648038,0.17056302920171207,1,10.756640672180248,0.1522423007119172,0.22820700099215863,2,6,6
2025-06-29 03:00:00,35.96361780451313,39.46627640628458,156.34238327410293,1.6248567538137748,0.0,23.438670927601546,22.76916478239624,0.1743802504953581,1,6.525306824322383,0.3027398497593741,0.3016785528054941,3,6,6
2025-06-29 04:00:00,35.90746623179362,23.965839239638203,111.9269127705215,1.6997668342146675,0.0,23.990196295919826,16.1200604340161,0.17251102153806608,1,4.044071905490367,0.30175701498040247,0.039982137425806946,4,6,6
2025-06-29 05:00:00,30.106361467775805,34.03287988374541,151.42876677342397,2.128280180083194,0.0,25.0193939781729,21.65135935317018,0.21978713209118528,1,6.947747697379151,0.20021885242500062,0.2727274731434093,5,6,6
2025-06-29 06:00:00,44.329086443940206,36.3519335388295,188.95775153455838,2.2414060517273526,0.0,25.30087152734835,22.523968600447606,1.8418577998693828,1,4.177977644286388,0.44916270352869014,0.4938486427150758,6,6,6
2025-06-29 07:00:00,53.794305072486566,40.568346584766026,165.84430577580565,2.639417907016934,0.2021339849628866,25.220860706087997,26.430982315572592,1.4926735686801158,1,8.170920937798012,0.6148347516683825,0.3576639792732985,7,6,6
2025-06-29 08:00:00,50.04376822364354,36.52376050152401,181.91179898556967,3.1903862241743655,0.38402781047464907,27.3173829799605,23.045654670155418,1.5752908467844557,0,0.0,0.5491881833474732,0.45233381681996265,8,6,6
2025-06-29 09:00:00,43.92287769743921,47.21847559888096,189.09565700513622,2.8342463325250686,0.5389787478894691,25.74210426034358,22.159369821446408,0.23181061433877923,0,0.0,0.442052731995427,0.49466118318582364,9,6,6
2025-06-29 10:00:00,55.34831345776361,48.05446615392499,188.97929184834103,4.238453095995791,0.6595914496388973,26.676280920828283,21.687684587041005,0.1976106147846961,0,0.0,0.6420349424002307,0.4939755584685095,10,6,6
2025-06-29 11:00:00,45.84451843551827,40.592239900351615,167.68128583084496,3.761078423138746,0.7077136810545551,26.91302042876256,16.9383171247111,0.18020243677318215,0,0.0,0.47568768215981855,0.3684874849139514,11,6,6
2025-06-29 12:00:00,53.18029627431695,60.67397586371653,174.54137537910321,3.404175205264928,0.7278511839977979,28.0,20.24000871253949,0.24509748214929564,0,0.0,0.6040876047549705,0.4089072040705476,12,6,6
2025-06-29 13:00:00,49.40503777276191,40.40362452155713,183.5555450211637,4.267339930784273,0.6942355510930356,28.0,17.054984176304846,0.24061565523978423,0,0.0,0.5380083272702343,0.46201878560296467,13,6,6
2025-06-29 14:00:00,40.92914838929607,31.29836505171595,252.18211049874205,2.7491449872317255,0.6335486911394265,28.0,16.10923916244828,0.17203597628273748,0,0.0,0.3896527520773646,0.866367225047133,14,6,6
2025-06-29 15:00:00,68.7984024643487,49.53947264657699,194.07669343770908,2.5256987193438336,0.5243640579295437,28.0,18.886018999576795,0.22030764472428946,0,0.0,0.87745515621988,0.5240095017896946,15,6,6
2025-06-29 16:00:00,42.08592565150421,49.73105502966014,262.7338880923137,4.155298461113435,0.37293512303287624,25.602879285031378,22.06264091619839,0.21471395365270762,0,0.0,0.4099001088255184,0.9285384086643084,16,6,6
2025-06-29 17:00:00,61.67669751699987,40.47307091235191,240.58605479735476,3.282776339571924,0.19371668821265034,26.107735009772682,24.279834350141385,0.21496328496513675,0,0.0,0.7528022040613876,0.7980431439287863,17,6,6
2025-06-29 18:00:00,51.65504959294605,27.855855144949377,218.45406681986813,2.0948906898570807,9.23383454914127e-17,24.858021305392693,23.681250139252153,0.23306030189433802,1,11.069631999097243,0.5773908371960162,0.6676412399690486,18,6,6
2025-06-29 19:00:00,47.31808757883091,34.189362732194546,211.32902982385514,2.074324320555038,0.0,25.054125973271937,18.41085911243971,0.2174105621170416,1,10.359749530369815,0.5014799250681633,0.6256604476873614,19,6,6
2025-06-29 20:00:00,46.717726556392265,48.24707744397761,139.2868987810516,2.3716911906599005,0.0,23.368974334547566,15.898246406329273,0.20180038430270295,1,11.003446304435947,0.49097165852789787,0.2011874603147488,20,6,6
2025-06-29 21:00:00,43.17423655820658,21.796996471714326,175.44827181151575,1.5307204479815186,0.0,22.478425188766956,19.641771687185077,0.23460659327135872,1,12.07707264048306,0.42894908212470545,0.4142506473076028,21,6,6
2025-06-29 22:00:00,42.67644942582909,32.024101723371544,195.28455279373838,1.2671494832510106,0.0,22.92800287256032,18.828335140639563,0.17648409980340027,1,12.115888506138452,0.42023619159412207,0.5311262217111958,22,6,6
2025-06-29 23:00:00,20.815719808557837,16.680480608654854,116.75361155192353,2.1509621982154035,0.0,22.964036689023445,19.527197889593115,0.21792255218807519,1,6.9157348645506955,0.037602467889255774,0.06842109697951838,23,6,6
2025-06-30 00:00:00,32.65543350554793,29.84696621975364,130.17017059361282,1.3637324506627353,0.0,21.31776653168665,21.620538879188608,0.22015202786914434,1,10.878535306627864,0.24483588684612573,0.14747160276346377,0,0,6
2025-06-30 01:00:00,22.860927768619753,23.01364055671539,109.66313389132506,1.0106503773847222,0.0,22.027717592394698,16.168367035498243,0.2370320210643537,1,6.9022907531640465,0.07340024551196841,0.02664392866248464,1,0,6
2025-06-30 02:00:00,35.78674615586043,29.398286121320915,144.8819104506316,1.387986579194593,0.0,21.330505203710796,19.877310948963753,0.24983076368662593,1,10.100654931458372,0.2996440218191972,0.23415332741771105,2,0,6
2025-06-30 03:00:00,41.237618274049396,36.57386127835389,114.23545792037554,1.5580780511180725,0.0,20.36808428352315,21.979568142882886,0.20575512931970144,1,8.42151508372994,0.3950519762899328,0.05358410952267465,3,0,6
2025-06-30 04:00:00,28.307779714523488,18.81117464893401,143.85089574550298,1.4195615083841002,0.0,23.68836116140973,20.693261602204736,0.19844139288694876,1,5.698760555808093,0.16873783391906547,0.22807857802348477,4,0,6
2025-06-30 05:00:00,41.74061683093337,21.94564215306682,168.4006232980044,2.3013835870251,0.0,24.820777925690074,23.27924950120868,0.21006832308821932,1,6.557370761494513,0.4038560836645847,0.3727258287718365,5,0,6
2025-06-30 06:00:00,37.673674260159565,40.93226820388181,133.1550827948374,2.354948348132943,0.0,25.250816977681932,18.125916763123954,1.6190082109828778,1,4.728540515185564,0.3326713882224173,0.165058736580285,6,0,6
2025-06-30 07:00:00,56.31481214751221,34.78377132468344,191.30817393778872,2.792142109832694,0.20111029748677206,23.8160583388901,17.764563968014965,1.6597381685403683,1,9.158530761350336,0.6589518065254886,0.5076973560255402,7,0,6
2025-06-30 08:00:00,35.5211534731826,37.77090837036069,140.4184015754909,2.5204965424814687,0.3889128197785283,26.13871853267991,19.374097747385434,1.335915421329368,0,0.0,0.2949952878134716,0.20785428657910152,8,0,6
2025-06-30 09:00:00,59.5422791543796,56.64684030083187,157.00528787828685,2.9026668952426085,0.5552417962355257,24.892937876152562,17.101305441590664,0.19870323891442096,0,0.0,0.715442954835406,0.3055843936462353,9,0,6
2025-06-30 10:00:00,42.06592946818116,41.37997621863799,178.01103631822235,4.493366757231573,0.6669772270578848,28.0,18.447782361971207,0.18709205795912942,0,0.0,0.4095501107138937,0.42935048250609137,10,0,6
2025-06-30 11:00:00,48.73812301673959,46.183436927448625,239.12066048395175,3.039796818909484,0.7436527762082437,26.802459713761152,16.765177078752384,0.15387732827593814,0,0.0,0.5263351543726138,0.789409025352818,11,0,6
2025-06-30 12:00:00,67.43362452164787,49.84579192804183,252.217884988142,3.5506671320153003,0.7641631344996431,28.0,19.97076641279761,0.2109523436431167,0,0.0,0.8535671124359568,0.8665780087117404,12,0,6
2025-06-30 13:00:00,44.89611066221865,43.10123229692987,188.06936916741614,3.836276323481526,0.7345916275838884,28.0,23.0771970234651,0.237481452257297,0,0.0,0.4590874677917873,0.4886142845436612,13,0,6
2025-06-30 14:00:00,51.148473218558635,35.17786652996646,175.53622080780457,3.465137381271509,0.6624820739324869,26.689322120916053,18.535332587391036,0.24214727020489826,0,0.0,0.5685241064021993,0.4147688437108846,14,0,6
2025-06-30 15:00:00,66.63542379315375,41.68926999948999,256.67482435729886,3.370169463944888,0.5335975742771956,25.980722710937442,15.523350023440324,0.20174236528175254,0,0.0,0.8395960088929925,0.8928383419525849,15,0,6
2025-06-30 16:00:00,39.16115541929582,51.04481272265192,230.6712054362138,3.7800602994094836,0.3783017990732689,26.84290087869991,21.153839908013463,0.22658845768531855,0,0.0,0.3587071365631984,0.7396247480990955,16,0,6
2025-06-30 17:00:00,62.481471237052105,53.44110394655741,172.65260570197114,3.950235005599434,0.19609416050037975,24.924999391050708,22.486073008245487,0.22124127404121216,0,0.0,0.7668883562911888,0.3977785534364525,17,0,6
2025-06-30 18:00:00,34.703774849156616,41.4646846089841,205.77167851507525,2.795220304706256,9.194834710650814e-17,25.095678852468986,19.38599086928833,0.1728897976573022,1,13.438880290146493,0.2806885088512211,0.5929164758229625,18,0,6
2025-06-30 19:00:00,30.85906304765058,33.652051204818775,225.7937271374568,2.8935473328183505,0.0,23.734229688184055,18.434556810247734,0.15629105436104804,1,9.837827873453236,0.2133935731863094,0.7108865950995906,19,0,6
2025-06-30 20:00:00,39.22473278388663,38.17712773533076,141.2563447846587,2.040943414752238,0.0,21.712668490258494,20.470711168524367,0.22478564049424934,1,10.688237467433908,0.359819946802501,0.21279145670574204,20,0,6
2025-06-30 21:00:00,45.35664484385527,30.81583505594697,134.33696668031655,1.5728747532646017,0.0,20.642343318743958,16.529954623958638,0.17826943906387133,1,10.021796233990452,0.4671483107690396,0.17202240875842778,21,0,6
2025-06-30 22:00:00,29.177308548752222,24.788813228240702,141.88862085300545,1.5520246651919427,0.0,22.62303678139414,22.24323453240234,0.20493824503540903,1,9.767813752337451,0.18395741082865,0.21651683389393067,22,0,6
2025-06-30 23:00:00,29.822761465073793,14.360766189462542,163.26602359741634,1.6008182025362128,0.0,21.535382867847677,23.30511510337242,0.2024064376359136,1,7.10169884148188,0.19525493187081894,0.3424727137914343,23,0,6
2025-07-01 00:00:00,41.09375900718231,23.14678961209853,121.95680591299387,1.2721657410500018,0.0,21.44190991074354,23.148622110311663,0.23178739055763553,1,11.325073674974988,0.39253397218236097,0.09907837241479975,0,1,7
2025-07-01 01:00:00,27.605621094089525,17.76395036994653,163.72427027216568,0.7553548621766308,0.0,22.793360008170687,19.319326329984968,0.214464566088777,1,7.22287573534565,0.1564477789999536,0.3451727079777369,1,1,7
2025-07-01 02:00:00,35.960970329319224,23.256115883515875,157.5301123756472,1.4338562960749288,0.0,23.57090591904304,24.891300809731774,0.23471473133312834,1,10.074989452708962,0.30269351035032444,0.30867666505764757,2,1,7
2025-07-01 03:00:00,45.15423134731562,28.759222464825033,145.6748805019905,1.5614139987086522,0.0,22.601933280058674,26.124457930576124,0.2252235981577742,1,9.130202329913578,0.4636054175872906,0.23882551522955314,3,1,7
2025-07-01 04:00:00,31.439324970557877,25.842759329928572,117.45497966892455,1.4827985845473672,0.0,23.155450414549943,19.258357323834947,0.24998313187333343,1,5.94793949157594,0.2235500402472601,0.0725535652388824,4,1,7
2025-07-01 05:00:00,30.1862848696557,26.09658275620073,188.75104227445016,2.3926652348207984,0.0,24.719978080880935,18.934215463396598,0.23638749688439842,1,5.669921948471437,0.20161777137271517,0.4926307095989164,5,1,7
2025-07-01 06:00:00,47.39050930217834,44.56622390652393,159.202690365026,3.3939731846572982,0.0,23.639591959998675,23.694136917085896,1.2833074504620123,1,4.772753347678257,0.5027475402926641,0.3185315120130142,6,1,7
2025-07-01 07:00:00,55.476285711337944,42.94871940801415,165.58190914602955,2.9446825622252293,0.19928478622460458,25.996365351265514,23.720219712032115,1.846041689357486,1,11.108444131690797,0.6442748722092232,0.356117935594338,7,1,7
2025-07-01 08:00:00,53.06754922077702,46.60113491637865,224.6012171700584,2.4532501853743756,0.3858661703021339,27.048861049316287,21.544651072404335,1.3801007314731821,0,0.0,0.6021141653644273,0.7038603139359688,8,1,7
2025-07-01 09:00:00,47.773946300755114,36.71696051481286,224.98442624641632,3.006463861251406,0.548939577798346,27.79873783041276,25.873246539659597,0.21078400236668662,0,0.0,0.509458932324874,0.7061181858100435,9,1,7
2025-07-01 10:00:00,44.62905183325508,50.439886678284886,195.63677340314814,4.324282361700005,0.6796940874953324,25.65871527277669,17.49209713569152,0.24413507232198672,0,0.0,0.45441307146725385,0.5332015092148585,10,1,7
2025-07-01 11:00:00,67.36630089468925,50.444020735410234,199.82824079659517,4.8245198314772315,0.7632231547488288,27.13401074291826,20.890299523935244,0.17141652846181266,0,0.0,0.8523887304456255,0.5578976788064309,11,1,7
2025-07-01 12:00:00,46.85936601474776,64.82833842343487,171.2738057798477,4.243824921410134,0.7918805798970547,27.119514335313276,16.11967215075078,0.23572989620831472,0,0.0,0.493450808781478,0.3896546499169254,12,1,7
2025-07-01 13:00:00,56.352951828807555,37.87452836839894,265.2626644476372,3.220276075941391,0.7535542027991625,27.995623359935237,16.202423159118734,0.24531526051089117,0,0.0,0.6596193747416669,0.943437985320413,13,1,7
2025-07-01 14:00:00,39.32881927067599,37.495437024590906,257.81523324911177,3.027471768450687,0.6817033632455091,28.0,16.11947704165876,0.2353750147780053,0,0.0,0.3616417981645025,0.8995576430355374,14,1,7
2025-07-01 15:00:00,64.5014273030039,39.61549255251891,197.86678742959802,3.6996129395964013,0.5592093281349572,28.0,20.56167408643158,0.23191713289324092,0,0.0,0.8022441438045537,0.5463407751136922,15,1,7
2025-07-01 16:00:00,60.78777429498572,38.2016490582792,241.8275854396464,3.04926014633252,0.39320773616029825,26.003491166415152,21.48185371401895,0.1764614366262335,0,0.0,0.7372431624153906,0.8053582554200754,16,1,7
2025-07-01 17:00:00,48.59433742437567,46.28632207294387,235.64547479082594,2.6348701250506132,0.20304044341846433,25.277491758390834,15.423554362787856,0.19070996598985893,0,0.0,0.5238184398079795,0.7689331950090537,17,1,7
2025-07-01 18:00:00,34.89585723734896,42.343599198118724,172.7910717226615,2.208368432340828,9.589126435684057e-17,26.14842189869962,21.858600641199235,0.22603340337260827,1,10.73387248435886,0.2840505741042534,0.39859439667430896,18,1,7
2025-07-01 19:00:00,37.57208181316452,26.44078808339591,201.1700781025865,3.0682396965936927,0.0,24.519004725217723,20.41138206169695,0.16181654199718595,1,8.841253979615075,0.33089319065195333,0.5658037982062548,19,1,7
2025-07-01 20:00:00,43.564132522495726,32.29898006496819,157.95259230709902,1.9240091153196872,0.0,24.766663759031307,17.726705747542233,0.23883725313109966,1,10.439677090300439,0.43577352702134736,0.3111659212194591,20,1,7
2025-07-01 21:00:00,34.86419291306272,24.50080521466197,194.23642224711938,1.7742219723394976,0.0,23.16653951675256,15.64071688917914,0.17102569671838075,1,13.310950857825338,0.28349634565340287,0.5249506256004212,21,1,7
2025-07-01 22:00:00,37.59609744062861,21.02849643038726,132.3047761986331,1.2585534390409903,0.0,21.244050920243293,17.182070698385946,0.20648066805537418,1,9.263325859735835,0.33131354208232977,0.16004872124829786,22,1,7
2025-07-01 23:00:00,21.275261076322682,21.771098216651147,164.52857709329587,2.042055954419002,0.0,20.768442093163095,21.917586977807197,0.16050595062550244,1,6.298597138077732,0.04564593165095917,0.3499116921552934,23,1,7
2025-07-02 00:00:00,30.634764535439544,29.005686918683658,132.7136034506919,1.117798498163091,0.0,20.44793213768505,22.667822139269823,0.1685189946649961,1,10.803356568385356,0.20946762119608103,0.16245753568075297,0,2,7
2025-07-02 01:00:00,33.449445085390415,19.36858557063802,108.57962671307027,0.6891637106412872,0.0,22.763807485958804,22.683067702134657,0.2085500061595599,1,7.993525240401144,0.25873366669057707,0.020259893069197957,1,2,7
2025-07-02 02:00:00,36.17550623587624,21.4866938060479,113.65932509476252,1.6484380449784115,0.0,23.590134768466815,17.564849651144797,0.21346421614802835,1,10.484206499746621,0.30644858505421063,0.05018952890614512,2,2,7
2025-07-02 03:00:00,36.18287152618272,38.486917775613335,152.31146782413168,1.4856281372724227,0.0,24.7277292645258,25.74399679510464,0.17697515189309,1,7.838990698262433,0.30657750154078156,0.27792835693914586,3,2,7
2025-07-02 04:00:00,35.95189716122326,18.488309025260932,126.45608755001568,1.8383401198146716,0.0,24.342858392250914,20.478730032591383,0.16190973149320925,1,6.427835969301299,0.30253470045901976,0.12558818673945754,4,2,7
2025-07-02 05:00:00,41.14863361846543,29.447598794337406,161.65579227455999,2.934597669490699,0.0,25.386192378613316,24.36175966558582,0.2049555928670929,1,5.165918227042241,0.39349445599144345,0.33298521404538023,5,2,7
2025-07-02 06:00:00,51.28031228605294,48.81785871463706,153.18577328010295,2.1810192250280904,0.0,24.419844763388987,17.91467010182768,1.7554783795937294,1,4.106178834647845,0.5708317180056687,0.2830797738031445,6,2,7
2025-07-02 07:00:00,42.47605443255458,42.87210908550141,185.9938916507844,2.6135352031699157,0.1975283670115788,24.61994485743655,21.166827283418296,1.2760841936751595,1,9.809275859375285,0.4167286287711567,0.47638554937221084,7,2,7
2025-07-02 08:00:00,34.90689259655655,28.948208134864746,179.36537599669322,3.047930067023157,0.3859155958636213,27.350017597272743,21.66364453602701,1.6436739822383646,0,0.0,0.2842437287088776,0.4373302660149416,8,2,7
2025-07-02 09:00:00,63.573373838091044,39.66733214976905,172.13096739870917,3.9012627796534836,0.5413851457231343,27.53896636976961,24.240076032088286,0.1885881069866765,0,0.0,0.786000195899162,0.39470505511389414,9,2,7
2025-07-02 10:00:00,61.88600581479624,55.85188384044641,164.58191798576019,4.180121772610681,0.6644218508871462,27.705505151899985,22.54113868432534,0.24430880632296456,0,0.0,0.7564657786442267,0.3502259772499417,10,2,7
2025-07-02 11:00:00,61.16123671676408,35.22593473205837,191.735903900271,3.8837694011944586,0.7305996599972184,28.0,20.065570049703705,0.1582573148363251,0,0.0,0.7437799669782171,0.5102175454249316,11,2,7
2025-07-02 12:00:00,47.8482055057462,50.12408930357341,229.11791713087823,3.992732106501037,0.7546121827605273,28.0,18.716403815643247,0.153996835438845,0,0.0,0.5107587094422239,0.730472757206086,12,2,7
2025-07-02 13:00:00,52.58263210421816,46.337482343398776,244.92523990350116,3.0774907333218913,0.7300979324923765,28.0,25.80603380683021,0.16243082619112972,0,0.0,0.5936265418840772,0.8236096678240103,13,2,7
2025-07-02 14:00:00,59.028543812832005,48.557604903731985,182.63736423239897,2.427516763339034,0.6448727574522085,28.0,18.514498681436887,0.22824448401466482,0,0.0,0.7064509188797603,0.4566088548206069,14,2,7
2025-07-02 15:00:00,52.13495064998985,46.84538354172392,236.59504909732826,3.094329354913785,0.5309956394728409,27.665505969870587,16.821423149745815,0.2422769732827338,0,0.0,0.5857906633537624,0.7745280967252985,15,2,7
2025-07-02 16:00:00,42.910555307234866,37.49173900309932,180.2211301768938,3.8674648943433234,0.37890981528999174,27.345741137418152,18.514573604644752,0.2322476645229501,0,0.0,0.4243338043779484,0.44237237856864337,16,2,7
2025-07-02 17:00:00,56.44029482661664,48.54790787968168,179.31394358929725,3.110383658762027,0.19820788339885623,26.290423226605224,18.741660933192357,0.22178320109318844,0,0.0,0.6611481607006146,0.43702722573421815,17,2,7
2025-07-02 18:00:00,51.57673650188797,31.9477674368081,203.1317240280015,2.5642099347299467,9.583347362188299e-17,24.5386913640081,16.685559967635406,0.15575846580743014,1,13.353140869223838,0.576020103914419,0.5773618364551997,18,2,7
2025-07-02 19:00:00,29.380887131986405,26.010714974542328,170.28979980370033,2.3935740421937193,0.0,24.97991847599151,22.652297479424888,0.17138115905748075,1,9.406953118126678,0.1875206968091835,0.3838568764440723,19,2,7
2025-07-02 20:00:00,50.794405473526204,44.96062325192729,194.5435897112838,2.022588303939184,0.0,22.105257991069042,21.792419965109723,0.243537906259541,1,10.191668586138956,0.5623267716335322,0.526760459502476,20,2,7
2025-07-02 21:00:00,38.97481403558415,22.87127917949695,208.3078609643127,1.7381120511516868,0.0,23.93225867543582,18.75332723284233,0.2122793060363833,1,9.677801434019146,0.35544555752269014,0.6078596892616404,21,2,7
2025-07-02 22:00:00,36.50869613924502,19.775326125593157,131.91137610699155,1.5520370558750443,0.0,21.207015005614135,25.864875975561176,0.19683242074591695,1,8.577968227341836,0.3122804898286119,0.15773080380589827,22,2,7
2025-07-02 23:00:00,26.752737993985658,16.478629078297853,157.06452990692367,1.3584616084600702,0.0,22.387558937995074,22.488176791204992,0.21523121069451118,1,6.823155026539989,0.14151955646616113,0.30593344829675,23,2,7
2025-07-03 00:00:00,35.16202670928516,24.339955889186157,176.1241533772863,1.613442126031084,0.0,21.15429042831782,23.133446560410587,0.167859376003515,1,10.890035642274352,0.28870940379413895,0.4182329485413384,0,3,7
2025-07-03 01:00:00,23.892491640246252,23.615971176113074,118.49955515724962,0.8597688464584953,0.0,22.654959431015314,21.73352733836567,0.23928689621554,1,8.040013588250424,0.0914559615081999,0.07870821490911642,1,3,7
2025-07-03 02:00:00,29.276672344495964,28.056077225875153,130.67956323694008,1.7374705059307007,0.0,22.367242313028633,21.797981618728546,0.2156303628217053,1,6.653166163479802,0.18569659976847566,0.1504729495299869,2,3,7
2025-07-03 03:00:00,41.982323165160544,34.61681174165171,114.75964649079381,1.8439715598971507,0.0,21.28305555557936,16.228938312134943,0.1971244474729143,1,7.893993353805693,0.4080867290422819,0.056672634045912655,3,3,7
2025-07-03 04:00:00,25.21088024188865,26.179443083671302,155.68221304976868,1.5155343673543307,0.0,23.919711878861182,24.33618153954207,0.19573755902317866,1,4.268446642119704,0.11453204125340333,0.29778882295934184,4,3,7
2025-07-03 05:00:00,38.776903262366325,30.361221432848875,164.54655002180783,2.3765623713655706,0.0,23.64450700985401,25.894927161180224,0.23223775367373536,1,5.3508527734299935,0.35198147661398077,0.3500175888375109,5,3,7
2025-07-03 06:00:00,53.06689006534363,35.79552840209832,173.134585554851,2.953253366997027,0.0,25.879896600634197,17.439337759886808,1.3559014048033322,1,5.444981203419428,0.602102628004861,0.40061838375579395,6,3,7
2025-07-03 07:00:00,42.46818987384734,40.178486511932896,173.22060689999248,2.8510987985639713,0.19998567404466205,25.776389945434413,24.65847221924918,1.2278488509306715,1,11.53188328614401,0.4165909734670506,0.40112522241841375,7,3,7
2025-07-03 08:00:00,48.81821513101203,40.764065998816655,202.1634781017995,3.3410749864115674,0.3852995702683482,26.893877632171225,21.800663969544463,1.2642521582716229,0,0.0,0.5277370263348033,0.5716569213609732,8,3,7
2025-07-03 09:00:00,56.153904074008985,36.129526808417744,146.17924257907234,3.5773788946863,0.5423475841487093,26.162049844613634,19.061347249576524,0.15811359929206117,0,0.0,0.6561353929648877,0.24179722184729865,9,3,7
2025-07-03 10:00:00,46.913197795523075,41.393073484467195,245.7513487445306,4.063249041508967,0.668498580832792,27.006876529258513,25.721893219252163,0.20078629269924753,0,0.0,0.4943930396718619,0.8284771097301687,10,3,7
2025-07-03 11:00:00,54.63126696953531,44.26789495633191,179.3427768432915,4.560362168747608,0.7436987327955061,27.43709776942475,16.030575593759124,0.2177258192995617,0,0.0,0.6294843014717812,0.4371971115674306,11,3,7
2025-07-03 12:00:00,73.13053670831012,53.792194853684244,174.02685435621203,3.1260914382792535,0.7608101471500265,28.0,18.627614862338966,0.2433985201234007,0,0.0,0.9532815667001006,0.40587564083815414,12,3,7
2025-07-03 13:00:00,48.58275581590479,40.200367541726685,266.8613708520281,4.04598774432666,0.7448268786929834,28.0,24.90122149489701,0.2250814974010194,0,0.0,0.5236157240682358,0.9528575801266846,13,3,7
2025-07-03 14:00:00,54.166514699999745,46.0662872637049,256.34806079977415,3.646424468711505,0.6604807221906988,26.7902962235363,20.55302537221914,0.20831107146439118,0,0.0,0.6213496282652573,0.8909130476640996,14,3,7
2025-07-03 15:00:00,42.35951803478197,46.74633832929287,247.5922743600909,3.501485853601282,0.5389547440953106,28.0,21.667638486906,0.23639539354680342,0,0.0,0.4146888635571149,0.8393238626545564,15,3,7
2025-07-03 16:00:00,39.872938604799906,52.02646997002867,172.2221248156129,3.3245943876911745,0.38238936776965177,24.32729765976847,23.135474883639585,0.23922130602010316,0,0.0,0.3711656526103832,0.3952421555648969,16,3,7
2025-07-03 17:00:00,42.75164153432946,43.47540913271202,240.3110203263845,3.2241948120658623,0.19878906081280182,24.57902289542557,16.905767901106778,0.22123856414990994,0,0.0,0.42155229755089607,0.79642263795772,17,3,7
2025-07-03 18:00:00,50.511064265744174,36.68608128930815,210.90235230097827,1.9804600239359842,9.41704288659889e-17,24.03774907351152,17.580544814468595,0.15562845942202685,1,13.796908507090953,0.557367380830445,0.6231464592731003,18,3,7
2025-07-03 19:00:00,35.09796848069754,22.275607113057283,212.42498410022964,2.9289515925059257,0.0,22.867326358326373,25.63223042014898,0.17917623138748262,1,8.965353642776416,0.2875881768741073,0.63211782171257,19,3,7
2025-07-03 20:00:00,41.84790179261945,35.2748421094771,223.0263251836553,2.042121167109136,0.0,21.912460731672855,17.867083870317412,0.18361859583687223,1,8.472955300441091,0.4057339187188661,0.6945810339288224,20,3,7
2025-07-03 21:00:00,40.868854090825984,32.71937926052654,143.72863299173858,1.526775823349426,0.0,23.287476913558795,21.05114283658605,0.24973814137308767,1,8.349171092830824,0.38859740615132776,0.22735820460332673,21,3,7
2025-07-03 22:00:00,28.999724285744936,24.084393148491003,160.35055686548242,1.272172770237128,0.0,22.18339594468309,18.661587925387092,0.19641625762680817,1,12.520116787844879,0.18084910982426913,0.32529475340386355,22,3,7
2025-07-03 23:00:00,21.731499964029506,15.728711398458891,170.93446634649743,1.8940573519202581,0.0,22.47690156668202,24.537758415835892,0.22618852459781746,1,7.715783642587187,0.05363159304280522,0.3876552584369325,23,3,7
2025-07-04 00:00:00,31.855235790631,24.982546556662165,140.53716113030475,1.081770737470945,0.0,22.685472413779184,25.848436201681288,0.2313797273923934,1,9.250243949650995,0.23082982955895776,0.208554019114511,0,4,7
2025-07-04 01:00:00,26.838514773342673,16.907884463851328,109.8851861884264,0.9837948461256716,0.0,22.362557607350823,17.33976978087464,0.21532601189774284,1,7.968435158942476,0.14302092851857676,0.027952263112607394,1,4,7
2025-07-04 02:00:00,35.19052987028905,24.98728210951084,112.80072292128649,1.8411894347338174,0.0,23.054115709049896,22.318593037815575,0.15182764641413105,1,8.351542383756042,0.2892083016270668,0.04513063594636511,2,4,7
2025-07-04 03:00:00,36.412004282917046,28.859073245709833,148.5789790187711,1.3011910331135839,0.0,22.803279051626117,24.68018645697538,0.1519349483884287,1,7.632120065274664,0.31058806850112436,0.25593649397489077,3,4,7
2025-07-04 04:00:00,31.44441723620909,23.18287282149332,129.73319444246906,1.7765096724874498,0.0,22.306833516418344,24.894742847241808,0.23187779165950886,1,4.900591704128431,0.2236391714245964,0.1448969347240581,4,4,7
2025-07-04 05:00:00,42.9210262044991,32.12221231540443,124.24309369302085,2.4947684327114246,0.0,25.274871459811063,20.84328283448805,0.2239239973431368,1,5.685816317545828,0.42451707906643726,0.11254920385654253,5,4,7
2025-07-04 06:00:00,58.43744778607119,43.68472256248544,147.1913598019666,3.2355161763263802,0.0,24.404082077528926,18.54779567465122,1.527087396495317,1,4.316378726254862,0.6961048198361149,0.24776062707913368,6,4,7
2025-07-04 07:00:00,56.839417811471876,41.539101159506004,144.28335867264215,3.4869045969753336,0.19945985311534578,24.83372712947065,20.27067852229396,1.3116492873561405,1,7.363833201309278,0.6681341084061616,0.23062665409999064,7,4,7
2025-07-04 08:00:00,55.02360173966189,40.014435613927326,137.15455199172968,3.5506709747188654,0.38948074415024697,26.314612786509137,24.124492303207965,1.190035274670163,0,0.0,0.6363514333864371,0.18862365079556476,8,4,7
2025-07-04 09:00:00,57.1377577627712,52.31353412864873,157.21367735520374,3.012950616172034,0.5452109550609439,26.200696742908647,26.62550968354824,0.1664268366648087,0,0.0,0.673356025903618,0.3068122266173529,9,4,7
2025-07-04 10:00:00,57.185861671551045,51.778855343191296,238.30779609176727,2.9557015479380166,0.6640982885901461,27.172482091462655,21.82682283372519,0.2080323774405035,0,0.0,0.6741980004425943,0.7846196198773694,10,4,7
2025-07-04 11:00:00,57.25291103436063,39.13391894025118,157.46679174253546,4.0969463654622365,0.7293422050072181,28.0,17.90848891100992,0.20458266359108077,0,0.0,0.6753715819201128,0.30830357922703416,11,4,7
2025-07-04 12:00:00,69.36611129273444,47.641123010070764,244.0307698697775,4.025657624287073,0.7538932664670998,28.0,16.19031505109355,0.24412669281281582,0,0.0,0.8873919033819576,0.8183394410576146,12,4,7
2025-07-04 13:00:00,51.71966779486603,37.40270483872333,246.34502514242826,3.2174757570781445,0.7331865714157801,26.9906842294538,25.50062495120317,0.24572767180753458,0,0.0,0.5785218654669219,0.8319750572575468,13,4,7
2025-07-04 14:00:00,40.97314959962352,35.04697293549465,227.06614571948882,2.7842933766572284,0.6555674265957177,27.10072574920062,20.5739694735749,0.20760068464239334,0,0.0,0.3904229160769144,0.718383698653935,14,4,7
2025-07-04 15:00:00,63.72009538442369,35.819932819432736,186.76497530902475,3.4417852829396605,0.5447620600810213,28.0,22.88238109267668,0.23414326002055263,0,0.0,0.7885682991877476,0.48092878232756325,15,4,7
2025-07-04 16:00:00,57.127752089941545,36.225415608306776,255.2145241859792,3.7679506859539207,0.38533113061050034,26.985968080490366,22.214207955732014,0.2312249516111082,0,0.0,0.6731808941527563,0.8842342381148943,16,4,7
2025-07-04 17:00:00,62.730761308385894,53.36961526592115,205.68858775245639,2.740293384835188,0.1991135386433656,27.840685095993052,24.526797403407212,0.22523765669345344,0,0.0,0.7712517416834924,0.5924269041831266,17,4,7
2025-07-04 18:00:00,37.47865134590666,37.05828602343187,167.32062290477353,2.9359965353566033,9.384517077007048e-17,26.168878342336775,18.102428368616824,0.1937338015432556,1,10.653403501674118,0.32925785421898646,0.3663624551924801,18,4,7
2025-07-04 19:00:00,33.60623038384159,27.29095736002447,183.5973890314154,2.0356280199140535,0.0,25.356165637995424,19.919171583088474,0.18894063133128663,1,10.80115539399966,0.26147791830609296,0.4622653309477245,19,4,7
2025-07-04 20:00:00,43.49845580293481,41.078388812839904,152.54255049698273,1.6160716980721492,0.0,22.100032979540828,24.82045449693641,0.1764133973958233,1,9.971270688075865,0.4346239712559963,0.27928989845735624,20,4,7
2025-07-04 21:00:00,36.51806756713383,30.967133881106587,159.12977454077145,1.3493978808913654,0.0,23.630005652650027,21.529868746799703,0.24370950085740015,1,13.017139825739937,0.31244452023438096,0.3181018912161269,21,4,7
2025-07-04 22:00:00,28.373124615333943,24.358280311299858,159.7350216808096,1.8724593884459355,0.0,22.3358390356559,16.30287697766019,0.23344253499153053,1,11.241259981303632,0.16988158177926843,0.32166801367685877,22,4,7
2025-07-04 23:00:00,23.459690159181132,17.63864067517245,141.08810944432025,1.9784208842687092,0.0,21.537811460208836,17.6824426595731,0.1677115775426642,1,5.93175035364544,0.08388053080555351,0.2118002123260793,23,4,7
2025-07-05 00:00:00,27.75113795213771,19.12274171116801,156.77288189784863,1.329226072440778,0.0,22.15412706706598,18.240757678802854,0.17524630909441805,1,11.409114984498057,0.15899479633339245,0.30421505518592157,0,5,7
2025-07-05 01:00:00,25.86143148736496,22.459421361198334,172.17428401423192,0.6728247849190541,0.0,23.033079056443686,26.346107474441396,0.20813276010750645,1,8.522258022411835,0.1259187996039012,0.3949602770642677,1,5,7
2025-07-05 02:00:00,37.23230073865486,22.832472257528405,129.37045433528743,1.7242923446453016,0.0,22.887925945003516,18.31897676935391,0.19135997735444074,1,8.782099122192442,0.3249459189890095,0.14275966622982433,2,5,7
2025-07-05 03:00:00,46.65442314168033,30.93682910814426,131.16642177968808,1.6120896244634284,0.0,21.984894275834947,25.300587671038837,0.1713897645810037,1,7.333991787292356,0.48986364330066035,0.15334152514090732,3,5,7
2025-07-05 04:00:00,25.297470137965064,23.669129207996257,162.67868633630326,2.1107036716724945,0.0,24.226657480692346,16.91167205508276,0.22911565517268462,1,3.887612226907739,0.11604764548761698,0.33901211652409646,4,5,7
2025-07-05 05:00:00,37.52631099198003,29.893842223597982,154.0362914870083,2.6879957159129435,0.0,23.569656327310362,18.064171643725228,0.15015531287244643,1,5.340422283303739,0.33009205271861486,0.288091035947589,5,5,7
2025-07-05 06:00:00,37.644046394205716,41.876309230843106,154.3071551696593,2.250423300616058,0.0,25.19987885273942,25.499593525452482,1.3824574001034478,1,4.705097671177871,0.33215280440230577,0.2896869675903843,6,5,7
2025-07-05 07:00:00,38.709546325223116,41.02682676961757,196.26558444335114,3.4425553785307845,0.19867495291827625,25.455789822433868,25.768131680317985,1.8220124344245126,1,7.565501065664277,0.3508025115873012,0.5369064704210903,7,5,7
2025-07-05 08:00:00,51.306697677676176,29.21762811408681,215.193246047227,2.5028108670405085,0.3867293256744587,26.263295815707703,17.962967779484263,1.6955759986098857,0,0.0,0.5712935480005941,0.6484284499722164,8,5,7
2025-07-05 09:00:00,61.717091874942874,48.94660942844345,198.97446712587154,4.007676216984269,0.5513841136209361,27.869196991161562,18.469245486557313,0.19012849780286079,0,0.0,0.7535092364371134,0.5528672354352205,9,5,7
2025-07-05 10:00:00,61.6554518759653,54.86360744639568,168.5103272755506,2.764021719426864,0.677059339994645,26.538980061767617,21.574777895404203,0.24287284185823507,0,0.0,0.7524303363843303,0.3733722057515516,10,5,7
2025-07-05 11:00:00,54.944851250911064,52.69999589836657,204.77321172747236,3.434784793239482,0.7559426640353383,28.0,16.403636976852635,0.24008032057318118,0,0.0,0.6349730442255145,0.5870334990982135,11,5,7
2025-07-05 12:00:00,71.61862173200423,65.64811689249264,215.11007783374248,3.5544667180190226,0.7947498789592483,26.158916175032644,25.67548375828129,0.1552583723913349,0,0.0,0.9268181472517387,0.6479384219910723,12,5,7
2025-07-05 13:00:00,42.03232681315605,33.16990914383279,211.22604189955982,2.84501803675597,0.7701649207134641,27.27955281693096,19.431320383488703,0.16279410972872524,0,0.0,0.40896195518369255,0.6250536417634366,13,5,7
2025-07-05 14:00:00,44.499048742077655,35.77339307492181,193.8675066751923,2.9572590181753844,0.6823752523941613,27.947164193282866,20.638862645010576,0.18872302979047714,0,0.0,0.4521375954085288,0.5227769712035082,14,5,7
2025-07-05 15:00:00,45.09505075348539,48.305968527089334,215.61129413181916,2.985532896703302,0.5459996838901529,27.68393596662134,16.569272584828507,0.24293976515571536,0,0.0,0.46256956510730585,0.6508915936461147,15,5,7
2025-07-05 16:00:00,58.06157659637573,37.56527220496853,208.90432203590103,3.2550365730407043,0.3848125051818855,26.377243394958235,15.759913016225363,0.23442051697664837,0,0.0,0.6895258540163774,0.611374044115443,16,5,7
2025-07-05 17:00:00,46.73580071984078,35.48078965148302,178.03030641929254,3.1540472330598264,0.20021469766091862,25.696195501303404,20.186886225092007,0.15477617142009242,0,0.0,0.4912880150532397,0.4294640221425491,17,5,7
2025-07-05 18:00:00,36.70447659031414,34.45663930341221,240.3430652336065,2.948081754042307,9.54639922493053e-17,25.387081402661142,16.62209054337904,0.20123309377442605,1,9.693615447582522,0.3157072831851342,0.7966114468852422,18,5,7
2025-07-05 19:00:00,40.27379776466845,26.490551177125894,227.02811891911776,2.497065414747077,0.0,23.96839924808003,21.853913766552868,0.22202532954131515,1,10.943465394476725,0.3781819890139278,0.7181596443495984,19,5,7
2025-07-05 20:00:00,38.20162493834212,34.36461909297159,203.3654785605531,2.4514100802977605,0.0,24.868493957778394,23.595283910730917,0.17759226861437272,1,10.866967087646218,0.3419122387092144,0.5787391205986283,20,5,7
2025-07-05 21:00:00,28.09487552484975,33.91667722113988,161.24516842493503,1.2011436152961443,0.0,23.692720605316843,15.811783122143115,0.22225244997881363,1,9.015302446749478,0.1650113195568519,0.33056581404133,21,5,7
2025-07-05 22:00:00,27.901486902471593,22.834942972729664,149.62735263137085,1.3967784201749147,0.0,23.24881140522084,21.914308462826092,0.18697254883885572,1,12.164151249928997,0.16162639096580217,0.2621135222329588,22,5,7
2025-07-05 23:00:00,18.667405813884475,14.618454506623925,168.13632999319907,1.9433441675179968,0.0,21.109492790699118,24.16424880646753,0.1774056500680716,1,5.580685749240092,0.0,0.37116860986382494,23,5,7
2025-07-06 00:00:00,36.244497253568824,19.86977225094872,153.2170349158907,1.2509367079891072,0.0,21.893394592672177,20.363993785085725,0.18925648270307402,1,9.2575237598751,0.3076561517943914,0.28326396768720796,0,6,7
2025-07-06 01:00:00,30.22069601169871,24.700270812106666,148.47340572001414,0.7499728052652489,0.0,21.773887910734995,25.986053573433946,0.24508010002842706,1,10.340673992205422,0.2022200780499109,0.2553144549976773,1,6,7
2025-07-06 02:00:00,28.853762271004495,27.24103852944492,113.68780692463997,1.8703946110589504,0.0,21.367794369964642,17.11894588360546,0.2405294375932114,1,7.8532812712174955,0.17829430080382938,0.05035734414479675,2,6,7
2025-07-06 03:00:00,34.334959698432236,26.07215899784364,149.72344001065812,1.5655596063238475,0.0,23.209648713856268,19.463598035269452,0.24139512865151339,1,8.329432979200167,0.2742330466159192,0.262679670073736,3,6,7
2025-07-06 04:00:00,38.388228971892325,21.171874385246973,174.56618332024254,1.5566393838403279,0.0,22.932484330274626,18.54036008878385,0.24173791084574622,1,5.022836523573118,0.34517841497440416,0.4090533727184422,4,6,7
2025-07-06 05:00:00,36.36237699666267,31.505076286894813,120.29665075777139,2.701227493026299,0.0,24.84839429565017,26.81279100930308,0.16782740911272342,1,4.541342834573747,0.30971942991177565,0.08929672092782968,5,6,7
2025-07-06 06:00:00,53.87909085115855,35.857962633410196,147.13370392566299,2.206234134276801,0.0,23.89856585008612,19.287395807709974,1.7970460492916924,1,6.3957647529963815,0.6163187779922271,0.24742091805470687,6,6,7
2025-07-06 07:00:00,47.68352853081318,52.96783544111334,170.41186302004354,3.188324568687447,0.20145281490904204,27.46355727217778,20.279130159241078,1.2842073268227503,1,8.10152714659002,0.5078763278735277,0.3845760741876638,7,6,7
2025-07-06 08:00:00,40.43227922862335,39.302824739442315,196.74085453483386,2.278117439998073,0.38567600775195204,25.571021276018943,25.15824702155212,1.7536017132986021,0,0.0,0.38095592903116093,0.5397067667563091,8,6,7
2025-07-06 09:00:00,68.19892814595981,39.04738947596658,151.29569955064986,2.7297155933945776,0.5468461746371044,27.30726332585007,25.9441777524906,0.2041898885986517,0,0.0,0.8669624098785432,0.27194343967917506,9,6,7
2025-07-06 10:00:00,55.03867660302026,54.38475632828208,237.28061932888443,2.8425644475125416,0.6567795972587526,28.0,25.901064311578605,0.17399622775469348,0,0.0,0.6366152924250941,0.7785674836788781,10,6,7
2025-07-06 11:00:00,45.39163904779747,42.24903060414792,160.43571093509044,4.745454910758605,0.7418744380275112,27.29232801587824,21.7439376774213,0.18985204129926908,0,0.0,0.46776082292196935,0.3257964820699961,11,6,7
2025-07-06 12:00:00,57.84859263251236,47.320718332573264,253.02845292655462,2.752899294986684,0.7748402324149495,28.0,22.714673373503658,0.19333781834356809,0,0.0,0.6857979433469146,0.871353883457617,12,6,7
2025-07-06 13:00:00,46.13003453067845,36.98186304997893,167.0006237191948,3.6329909219590304,0.7492170209348002,26.632304374441894,19.296652915878003,0.22331712512848984,0,0.0,0.48068514055125766,0.3644770166540407,13,6,7
2025-07-06 14:00:00,43.592928098813864,47.10604767753731,181.88756347600912,2.766285878745751,0.6687590987004325,28.0,21.861771817009167,0.21060214715477954,0,0.0,0.4362775430713941,0.4521910209448996,14,6,7
2025-07-06 15:00:00,67.13732372964309,39.63490491881053,251.46798831334746,2.8156505895327104,0.5490738318638664,27.097668835154327,18.61017087274307,0.23167821588156812,0,0.0,0.8483808868448439,0.8621596096837922,15,6,7
2025-07-06 16:00:00,60.16876028866586,40.72270303413827,253.29404654288155,3.333151655907976,0.3887902161816538,25.86502063891499,23.09701833821604,0.18968049873974488,0,0.0,0.72640840811348,0.8729187638146738,16,6,7
2025-07-06 17:00:00,45.93749293128655,35.39484757372612,258.5084646476791,3.137115242059881,0.20266152593584424,25.43793253296188,18.539298492517894,0.22435905356855468,0,0.0,0.47731503761172867,0.9036421696650389,17,6,7
2025-07-06 18:00:00,41.06412392728362,42.14278937227932,161.57148283436752,2.785826232559836,9.554651259636829e-17,25.768793866015184,24.388959759481157,0.22928045008504389,1,13.55286207034437,0.39201526209479975,0.3324884619445721,18,6,7
2025-07-06 19:00:00,42.914405309482234,27.27703874821001,192.87028330442715,3.003369993746266,0.0,23.598171899749982,16.859709953923215,0.1563144283332226,1,13.215053422527774,0.4244011919135876,0.5169013207037337,19,6,7
2025-07-06 20:00:00,41.38510626904771,34.060908340110366,141.94402438857216,1.807915096506258,0.0,22.708928671921484,21.3053948876754,0.18756381660883215,1,7.392986643098825,0.3976334949179014,0.21684327210324786,20,6,7
2025-07-06 21:00:00,38.03627673156355,28.75584926856076,140.50248953569653,1.1113411884939044,0.0,22.614623759199702,20.859884374388574,0.23859894925012048,1,10.573954959513294,0.3390181084045414,0.20834973371751764,21,6,7
2025-07-06 22:00:00,38.20056493412442,28.96300998093538,133.95950863250906,1.8782754611455847,0.0,21.181629020194954,18.29856879684062,0.2204975918423453,1,10.633774623558418,0.3418936851948504,0.169798422004545,22,6,7
2025-07-06 23:00:00,26.80174626960996,20.7501470732667,118.5952939466357,2.233756234025352,0.0,23.87861272276277,15.945153134654252,0.19184463474201785,1,5.466694195319106,0.14237736036030318,0.07927230885456073,23,6,7
2025-07-07 00:00:00,36.399877236155646,22.589448723482587,173.9205564800084,1.356328486893339,0.0,21.388622957660502,17.309603707167838,0.16829742525218688,1,12.590671718464582,0.3103758058209167,0.40524933264306884,0,0,7
2025-07-07 01:00:00,32.33772439400194,24.7642808980247,114.95322066973627,0.794027755319448,0.0,22.888020417618996,26.073175439823967,0.1596610836938718,1,6.715058771484893,0.2392749461760685,0.05781317512686826,1,0,7
2025-07-07 02:00:00,41.59305184313112,24.166623278813496,149.05385901086268,1.2807932582153916,0.0,22.564730850704994,25.938860606168312,0.1729350808983139,1,8.349592302479651,0.4012732174126446,0.2587344918404291,2,0,7
2025-07-07 03:00:00,36.58354526273383,25.618649541906453,150.25095601428845,1.5171498345696017,0.0,21.846630759581586,17.288912224704102,0.17446924421893661,1,6.734685353252777,0.3135905924344253,0.2657877998681585,3,0,7
2025-07-07 04:00:00,39.51151647051427,28.88538287759009,123.45667048568362,1.5300727583713556,0.0,23.44567092716947,20.09195122831934,0.18706619458512289,1,5.649485247604389,0.36483959215896017,0.10791559011794763,4,0,7
2025-07-07 05:00:00,27.643104235455606,28.705404460080267,189.5241426109672,2.9594822154990625,0.0,24.958304071133604,21.10837113920776,0.16769216425632916,1,6.345130019757158,0.15710385563637694,0.49718582484370544,5,0,7
2025-07-07 06:00:00,43.823291890168704,42.48257563762087,147.7894218556709,2.3666215722446036,0.0,24.76162219122643,21.26427325598628,1.2345356505379748,1,6.192266681061318,0.44030965713327946,0.251284414936259,6,0,7
2025-07-07 07:00:00,37.815985671504436,52.02758307217278,204.00880881722165,2.902385400822411,0.19832613629202633,26.918571015537793,19.321989745245276,1.7580050671705765,1,9.024537011559081,0.33516229983433177,0.582529629179684,7,0,7
2025-07-07 08:00:00,50.053045364227636,39.66071601674876,220.34562590283704,3.0141472394135342,0.386550671149277,27.46962604456776,25.858424355842196,1.3121536816268822,0,0.0,0.5493505634193726,0.6787863258114227,8,0,7
2025-07-07 09:00:00,44.19205946499537,34.7451711452256,233.0858922146487,3.0036438095706686,0.544501295376679,27.98744787720684,25.714916314081925,0.20616053692068298,0,0.0,0.4467642866359498,0.7538521077784258,9,0,7
2025-07-07 10:00:00,62.5007884999825,54.65698777459732,225.28375876017228,3.5920781368930044,0.6546514480438079,27.0847264555311,16.138614468192124,0.16992995480346407,0,0.0,0.7672264710923069,0.7078818561025874,10,0,7
2025-07-07 11:00:00,59.74150581837268,41.44271308476864,182.64499872077872,4.887324810715261,0.7367404156389543,26.76332869572346,22.7141297686781,0.19917535061400674,0,0.0,0.7189300681037911,0.4566538373057542,11,0,7
2025-07-07 12:00:00,46.39855273811248,52.954304082942045,173.929555771861,3.5705996350202645,0.7596138798222205,27.330885018656318,16.530805288901476,0.17767120135506967,0,0.0,0.48538508073586445,0.40530235656451064,12,0,7
2025-07-07 13:00:00,55.84959651403541,34.50172935661938,226.27675508150034,4.342690360878984,0.7380690237679985,28.0,21.888007366873996,0.1586799678119562,0,0.0,0.6508090229460098,0.7137326007829982,13,0,7
2025-07-07 14:00:00,60.07162499557162,37.3198555450621,204.60430442067116,2.4745879827960193,0.6683777803259235,28.0,24.556513800168666,0.24821758295739269,0,0.0,0.7247082252032788,0.5860382954851447,14,0,7
2025-07-07 15:00:00,59.624186892582934,51.79712432818341,254.82572673580094,2.421358036117892,0.5460674813801383,24.891412312889095,22.190087993334753,0.19578061165360583,0,0.0,0.7168766061095254,0.8819434394839938,15,0,7
2025-07-07 16:00:00,38.67821885666125,41.75684787351728,240.93347307169705,4.086927290949171,0.37835089649234976,26.43259838141642,20.247454623720998,0.18930473982884288,0,0.0,0.35025417920499125,0.8000901360241517,16,0,7
2025-07-07 17:00:00,63.74781296853051,49.18203070730526,185.00520223134967,2.620184417661154,0.19235863741049983,25.874298466199946,25.214368915518627,0.16991221304301776,0,0.0,0.7890534468751569,0.4705601810026687,17,0,7
2025-07-07 18:00:00,49.49614192561049,42.087527160287735,151.70152336897286,2.771530845713685,9.066700629005662e-17,24.661240685892327,23.02763547592978,0.19953658803915675,1,11.419263174390055,0.5396029456503038,0.2743345578487386,18,0,7
2025-07-07 19:00:00,35.63279517739148,27.278568864962928,165.35142642104682,2.423238623862023,0.0,25.452626797149463,17.94532263857657,0.21352189854646603,1,13.242144132557625,0.2969493800029862,0.3547599289752241,19,0,7
2025-07-07 20:00:00,44.29487249960991,40.29895421862842,186.04040258180396,1.9148432457206708,0.0,23.858607634020778,19.40430363813385,0.18046500781187488,1,9.212118332347899,0.4485638484515298,0.4766595922628025,20,0,7
2025-07-07 21:00:00,36.00413721092262,31.489103778679713,133.93628013958633,1.5740024087238544,0.0,24.124708906222146,23.32919771408565,0.19804184004116587,1,11.604133439628107,0.30344907088914497,0.16966155948201336,21,0,7
2025-07-07 22:00:00,41.10595197613789,29.09608675385712,172.66180797732918,1.7477624614356584,0.0,22.12080270803931,15.762885324204076,0.17370810450137136,1,11.922971813065573,0.39274738871493664,0.39783277333882505,22,0,7
2025-07-07 23:00:00,21.800767650350338,18.30045562904527,164.7402422367045,2.191569090655573,0.0,22.973533868048882,16.320418804621625,0.20277130817235697,1,5.614848623615079,0.05484400238198942,0.3511588253875395,23,0,7
2025-07-08 00:00:00,26.411647019942396,23.02464653468499,121.33070209864907,1.2325302657671182,0.0,23.56788698074465,24.77394337382755,0.22872144801536948,1,8.488216423008778,0.13554935730971668,0.095389362211556,0,1,7
2025-07-08 01:00:00,34.652183605337186,20.42896575233614,148.17088261921256,0.8923953134715418,0.0,23.3457156060935,16.30076884307607,0.15602134461705985,1,9.137870611139567,0.27978549462988433,0.2535319857329886,1,1,7
2025-07-08 02:00:00,25.755801826389497,23.7761729114848,147.48799995728635,1.435135775691701,0.0,21.240553198565454,23.146709562741,0.20178389675652314,1,8.705399042698089,0.12406993768481905,0.249508433967695,2,1,7
2025-07-08 03:00:00,47.767599099122876,29.58195946935383,139.80642966388967,1.7030657152795008,0.0,22.55473826862215,19.420052733229962,0.18993630823117297,1,9.298813202010829,0.5093478356946074,0.20424854169419301,3,1,7
2025-07-08 04:00:00,29.995803504049668,27.07281213502531,178.30065885664519,1.3932726397204545,0.0,23.08352598990159,24.925433364824137,0.15740413415283105,1,4.000132029471223,0.19828372921153123,0.4310569415227151,4,1,7
2025-07-08 05:00:00,36.478677776031134,22.786388783692036,121.99182442599309,2.3225459653919653,0.0,24.640436420535696,25.213974235055097,0.24405090649104022,1,5.88407134430592,0.3117550710389765,0.09928470185857054,5,1,7
2025-07-08 06:00:00,40.002485567574155,49.857466530961155,152.5300534962336,2.3649103763895463,0.0,25.612933221525115,26.373395411878583,1.319882238323066,1,4.399826509231485,0.3734331449415543,0.2792162659986213,6,1,7
2025-07-08 07:00:00,58.65967154042498,48.644320904152856,202.127963926194,2.8372790225009585,0.20390073685541388,24.863077094409775,17.138565936994286,1.548458651238617,1,10.00948364189522,0.699994456829607,0.5714476714679574,7,1,7
2025-07-08 08:00:00,52.34796729988069,34.63389395360605,169.76826157136483,3.1553163280103464,0.3887751244654864,26.492276435084953,20.60620218630406,1.4044651883090193,0,0.0,0.589519146134798,0.3807839677404562,8,1,7
2025-07-08 09:00:00,66.92220905028393,35.59821039608794,183.18023252586514,2.821689387714168,0.5488089730572413,25.024748542587197,22.1431927402455,0.17711327070255667,0,0.0,0.8446156817383434,0.45980744046683864,9,1,7
2025-07-08 10:00:00,58.17160672775129,50.983870253520784,216.8273880436953,3.974969679665895,0.6678146061364947,28.0,25.67060434564174,0.2027180650622219,0,0.0,0.691451738450477,0.6580568316565368,10,1,7
2025-07-08 11:00:00,46.886486994916496,51.88280979343095,225.52641288212504,3.9437528108042903,0.7435609943802702,27.306570957564006,18.66270040311789,0.21890285964634726,0,0.0,0.49392551396351775,0.7093115767195742,11,1,7
2025-07-08 12:00:00,54.879727038872375,65.1721334331939,163.43861192910975,2.8308381949773183,0.7629211385620636,27.975926238517314,16.50208865263477,0.22855352008641813,0,0.0,0.6338331591351276,0.3434896060415543,12,1,7
2025-07-08 13:00:00,50.10196193342428,35.48967680768542,213.793941395957,3.3992703595035767,0.7379323423798229,27.50707696707801,17.758416242715207,0.21339244750441214,0,0.0,0.5502067621533705,0.6401837323747307,13,1,7
2025-07-08 14:00:00,53.592104904393906,32.870123450684765,201.68630291682504,3.799413056395621,0.6633568208013599,28.0,20.704125108960096,0.2026295989828472,0,0.0,0.6112955924268759,0.5688454001950343,14,1,7
2025-07-08 15:00:00,66.94473399040083,57.20947623823677,232.5964880370424,3.7210743678100986,0.5449305960234883,24.200513886387416,22.515476535471038,0.22772616495150758,0,0.0,0.8450099413016818,0.7509685332603739,15,1,7
2025-07-08 16:00:00,47.60975772252216,38.057967665096946,220.61901697278648,3.1246096985807217,0.38600843616501906,26.398953521557534,22.527782385312303,0.20174558997864375,0,0.0,0.5065850992836636,0.6803971488465366,16,1,7
2025-07-08 17:00:00,59.56141434106158,51.36470054482017,223.99532327875335,2.5013696324200243,0.2025906875924382,25.585058447891377,16.153712735482255,0.24742268368983705,0,0.0,0.715777882711195,0.700290380810028,17,1,7
2025-07-08 18:00:00,54.56323059026871,28.268631463398506,215.37673865060037,2.0201262149086516,9.753165742099776e-17,24.45963221581785,23.17945521176481,0.2026740704261969,1,13.104469556238532,0.6282934440026138,0.6495095903047864,18,1,7
2025-07-08 19:00:00,31.344281412467492,33.498902954448035,167.02235270610555,2.8492905161984865,0.0,25.861878874787344,22.160855976169817,0.1817247144557882,1,8.099043178897857,0.22188646948896518,0.3646050440715126,19,1,7
2025-07-08 20:00:00,57.2318649506559,31.700513903080363,157.18182881122664,2.164939259729803,0.0,22.52361319497068,19.616208251004522,0.19463619902006413,1,8.02578915619903,0.6750032071440493,0.3066245746641174,20,1,7
2025-07-08 21:00:00,34.929114042633955,30.355380167630596,158.64412148104483,1.30121657010205,0.0,23.560244005788608,21.380286032235123,0.19899900782891217,1,12.58689395674527,0.2846326761414457,0.3152404183237395,21,1,7
2025-07-08 22:00:00,38.76716422328579,26.695232945492275,139.3566768429355,1.4839016909069234,0.0,22.66676259727402,23.52780713027424,0.17834860877042755,1,8.533439632852946,0.35181101181916674,0.20159859338302707,22,1,7
2025-07-08 23:00:00,22.316888153977086,22.02941205516286,165.58315912659296,2.0826930059183297,0.0,23.27113797152888,18.38795806340167,0.1658742825269227,1,4.864209817137742,0.06387778641576243,0.3561253004928527,23,1,7
2025-07-09 00:00:00,30.25586429429221,18.789049220841196,152.8352306642349,1.3421284006821252,0.0,21.239009621765167,25.620351785743217,0.19313834141955857,1,10.99830615206424,0.20283563714426173,0.28101437305492794,0,2,7
2025-07-09 01:00:00,22.379128352691787,19.19248462892901,121.31677984533366,0.9158179395782126,0.0,21.274247168592645,17.30253121384684,0.2397032819637767,1,6.4872109319209725,0.06496719191206944,0.09530733214983779,1,2,7
2025-07-09 02:00:00,41.70439556324308,19.303830985583627,166.88733661597837,1.398460489717043,0.0,23.401774414727832,25.52361737435033,0.17555311724645276,1,7.287150611242043,0.40322209391326846,0.363809527860511,2,2,7
2025-07-09 03:00:00,45.83501104684103,38.06771680669365,138.58254222566873,1.708596702318501,0.0,23.20656118799699,23.92514000338383,0.1861818664907282,1,6.3142295744798,0.4755212719989515,0.19703738414527494,3,2,7
2025-07-09 04:00:00,26.47707440585374,25.77800947952538,118.25340160265124,1.6684129173626447,0.0,21.856394714403255,23.15321150537863,0.22577230152049182,1,5.2666618789677875,0.1366945489269148,0.07725787559848883,4,2,7
2025-07-09 05:00:00,45.402721460484706,28.52785384250316,129.9419112626672,2.4267310742857093,0.0,23.584334083025922,17.002776900014034,0.1582273292140488,1,6.26438950652567,0.46795480111521326,0.14612669640520237,5,2,7
2025-07-09 06:00:00,51.58760456797873,32.96529672827964,163.18804505042763,2.947985315939914,0.0,25.285235392859327,26.00429953122365,1.7438029132486146,1,4.39344061608915,0.5762103303465,0.3420132633794024,6,2,7
2025-07-09 07:00:00,57.47472710363772,42.455348368712805,155.941778512352,3.0136056110993743,0.20035248758666252,26.511822937218046,19.284507668751036,1.6652091138121201,1,9.307176521024914,0.6792540831015014,0.2993181853716784,7,2,7
2025-07-09 08:00:00,36.45221174486514,36.57037717655451,211.60997429350215,2.800007890768338,0.3874205048478482,25.717112104305382,24.065117470706486,1.5373231055672396,0,0.0,0.31129182959031354,0.6273157754322615,8,2,7
2025-07-09 09:00:00,52.160945219803324,41.90309480028891,189.85169693371566,2.8743656557907595,0.5477016065925486,24.10214062480494,25.4619921459187,0.1709478794322697,0,0.0,0.5862456526984904,0.4991157783291353,9,2,7
2025-07-09 10:00:00,57.8098261189906,52.38765463986418,241.52948004344034,4.522362957830962,0.6750997618785889,28.0,18.533012117396567,0.15926785611667987,0,0.0,0.6851194035322067,0.803601815316932,10,2,7
2025-07-09 11:00:00,44.70844179507473,36.25352335027847,166.81763062356583,4.753619330811451,0.7557814754114537,26.569977099012053,25.509544260723732,0.17317191086639044,0,0.0,0.455802653482478,0.3633988194263096,11,2,7
2025-07-09 12:00:00,60.36190712539369,56.787954480098854,232.7345168424471,3.604937787908024,0.7848258431645871,25.87389203874369,22.17538731023729,0.22614952393082077,0,0.0,0.7297891046708629,0.7517818004212079,12,2,7
2025-07-09 13:00:00,48.988118238576476,47.01032710295124,260.81046080887626,2.764952016774278,0.7571978862301499,24.955385256585807,22.530134078063703,0.24334946190299817,0,0.0,0.5307108821874941,0.9172055550524463,13,2,7
2025-07-09 14:00:00,43.64259087766958,49.995092679766124,197.22235231129423,2.675599535490684,0.6665166498297546,28.0,25.050571196859515,0.2237888191841617,0,0.0,0.4371468028964679,0.5425437566763599,14,2,7
2025-07-09 15:00:00,49.66849369810391,53.20105292265474,178.81094152880843,3.5187402106968046,0.5443195697908547,27.13725424819141,20.922437178760404,0.2027617021727855,0,0.0,0.542619661087111,0.4340635323484212,15,2,7
2025-07-09 16:00:00,62.34709824708416,38.57315431068421,209.98810740344314,4.064023350088366,0.3846582401492143,26.160339960548775,19.956636833791734,0.2450682737337329,0,0.0,0.764536392819843,0.6177597188029116,16,2,7
2025-07-09 17:00:00,48.357217796958814,48.56646833963585,256.32860281354164,2.672566180109322,0.20032300009615137,27.05015006831783,21.88379764510227,0.23285673393728554,0,0.0,0.5196680766869637,0.8907984010063063,17,2,7
2025-07-09 18:00:00,37.98851242996844,29.73116792090243,213.34619255033206,2.7690121264283287,9.425671874821617e-17,25.52065782429238,21.05374104984968,0.2155837320875462,1,12.854969579268966,0.3381820780935924,0.6375455915071023,18,2,7
2025-07-09 19:00:00,38.625341976555816,23.96271831388186,204.05596883999837,2.643670377663793,0.0,25.721832963027765,16.018427551252948,0.1537904697216353,1,8.584754537918279,0.3493286621757401,0.5828074965256778,19,2,7
2025-07-09 20:00:00,52.58707105160253,41.668349883438204,195.435112907753,1.8110410672781319,0.0,21.987903841603163,17.281329291905816,0.1787733508121847,1,8.463664681256184,0.5937042378712076,0.5320133234730381,20,2,7
2025-07-09 21:00:00,40.464562605415935,32.505561320140544,130.6081324251026,1.4113486165524296,0.0,22.723409948922132,15.624884748435866,0.1808210091365009,1,10.702732441440267,0.3815209929101887,0.15005207844174703,21,2,7
2025-07-09 22:00:00,39.146173784696934,20.586117999679015,155.6519841059514,1.7082727436843637,0.0,20.66312527800697,16.68468945979263,0.18472452627957223,1,9.620109058882472,0.35844490933043366,0.2976107137071376,22,2,7
2025-07-09 23:00:00,19.122712954484747,14.408262674257532,119.67124361188532,1.4430077954237117,0.0,21.74938134736775,23.26913953774818,0.18893856571022205,1,6.3637482101337515,0.007969352793223175,0.08561181550240976,23,2,7
2025-07-10 00:00:00,31.24201239526594,25.252359841812517,131.97569712502815,1.184935615811347,0.0,21.626543944722673,15.799467198956169,0.24393692721146226,1,8.478151313016086,0.22009642974388047,0.15810978391492114,0,3,7
2025-07-10 01:00:00,33.32335313476191,18.401706320290277,164.09406307242912,0.6225082163667154,0.0,22.602606944611082,19.063011531448677,0.2241872408099361,1,8.222953927686337,0.2565266482862107,0.3473515310131555,1,3,7
2025-07-10 02:00:00,40.58134449440397,25.973844215955232,150.93889648089205,1.8713087858018411,0.0,22.319861791771725,20.71153992152268,0.2191934987057164,1,9.669131755186426,0.38356505501731425,0.26984115227135497,2,3,7
2025-07-10 03:00:00,41.649596325101506,27.43310090164464,176.39078046437137,1.5926975003588628,0.0,23.373056601231404,26.027977008686655,0.1926514958811735,1,7.83666099211672,0.40226292937880864,0.4198039181188794,3,3,7
2025-07-10 04:00:00,25.785859213586406,19.900503700609562,121.53133398239528,1.7168006819200474,0.0,24.07299797366075,19.57913230936875,0.18375496083014473,1,4.428259440333268,0.12459603952082117,0.09657148736281436,4,3,7
2025-07-10 05:00:00,34.45192166630034,28.676528514577104,143.9064829629805,2.6176163063495212,0.0,26.24660976681797,24.52420675485757,0.16195781907752904,1,6.624605071883209,0.2762802606879447,0.22840609848853594,5,3,7
2025-07-10 06:00:00,38.57940950501022,47.73059974862853,184.77121730583477,3.4952609634701957,0.0,24.551414304615683,20.519229980190396,1.465121605196937,1,4.944376548264725,0.34852469483639864,0.46918153938149765,6,3,7
2025-07-10 07:00:00,54.90611702450166,46.64082958669612,145.53117097097058,2.5835789266283284,0.20087697992530076,24.700710481376188,17.170165517635116,1.279006781606754,1,9.10075196376218,0.63429506954007,0.23797877717415478,7,3,7
2025-07-10 08:00:00,36.37879607788547,44.660288411672376,148.83496616962125,2.325734649093733,0.3898252564621764,26.60991710129662,17.134019179579575,1.418257802807257,0,0.0,0.31000681712611317,0.2574447729371803,8,3,7
2025-07-10 09:00:00,46.536966304403535,40.762678844114006,183.46318695601974,2.9217081238469294,0.5445087595394733,26.181423594799693,20.632164374392403,0.16563912605277537,0,0.0,0.48780776740773907,0.4614746109200097,9,3,7
2025-07-10 10:00:00,51.07689067036576,55.011193175529385,188.37264901575014,4.373507045386801,0.6779311144640728,28.0,16.55250827235942,0.18439959102135134,0,0.0,0.5672711794666919,0.4904012125727024,10,3,7
2025-07-10 11:00:00,54.62220399381238,43.58568363871623,258.29394347234006,3.7768306793927087,0.7558532206487686,27.474019365551328,21.886045661703406,0.15429793699239497,0,0.0,0.6293256699800871,0.9023782086628755,11,3,7
2025-07-10 12:00:00,57.86047920196926,62.231135827800394,209.94590801898318,4.078121318391682,0.7855137985133496,27.29241041410935,20.93332222135222,0.15060232009554922,0,0.0,0.6860059968937541,0.6175110795896107,12,3,7
2025-07-10 13:00:00,49.51057935723343,39.89061009894102,258.0951518249614,3.068176988869031,0.7510340911785801,27.282967752215505,22.984104936418227,0.2369909222881396,0,0.0,0.5398556475646195,0.9012069262034853,13,3,7
2025-07-10 14:00:00,56.28742814329354,36.714966782057246,262.67620711572783,3.1970752640864575,0.6707008759828127,28.0,17.488323367626975,0.21412641068917573,0,0.0,0.6584724975688535,0.9281985517487568,14,3,7
2025-07-10 15:00:00,51.572139300495564,41.69683925294003,181.23607637485514,2.432796790666678,0.5485175771402259,26.817094851396618,21.605776047168284,0.20876666541328817,0,0.0,0.5759396379684881,0.44835245215107467,15,3,7
2025-07-10 16:00:00,51.749158620446316,44.7452765938804,237.74763681249692,3.1981344218938568,0.3806194987953158,25.710350956526792,17.21994125069647,0.20137940163279677,0,0.0,0.5790380506356912,0.7813191555624659,16,3,7
2025-07-10 17:00:00,48.75520295728602,36.50877406397826,185.12380377746635,2.8350313418588726,0.19532208159189246,27.29231547440984,22.796825757489444,0.22267291772963663,0,0.0,0.5266341087701274,0.47125898254918663,17,3,7
2025-07-10 18:00:00,41.096928394973496,44.01623604220878,159.47389682626297,2.5396525220496353,9.184921883523523e-17,23.99281758564893,18.523376247059492,0.22361656050283193,1,11.538149671006565,0.3925894467558834,0.3201294633108126,18,3,7
2025-07-10 19:00:00,40.09716134411228,26.250766438456246,226.01581914897443,2.839649629542355,0.0,24.10656973065984,21.69077782391224,0.24352513679431237,1,9.433713004539221,0.3750902783289418,0.7121951635474683,19,3,7
2025-07-10 20:00:00,48.21571031348703,35.76479646780761,161.3189736867016,2.4487222380838607,0.0,23.998232670744937,24.50224647166938,0.17444105000008525,1,9.087241451408058,0.5171912364222117,0.33100067541331335,20,3,7
2025-07-10 21:00:00,40.42715825235996,23.963998344173948,156.53059470469773,1.3003642476637078,0.0,21.09172915472545,20.52498486660467,0.22851988098683332,1,10.420018337822105,0.3808662953249228,0.30278749651726167,21,3,7
2025-07-10 22:00:00,35.78232334620808,19.742310565372552,145.9191229215472,1.7599478907365624,0.0,22.725019351481958,17.55753064051607,0.24911577402258037,1,10.362570380273578,0.2995666082947566,0.24026459411258555,22,3,7
2025-07-10 23:00:00,28.66323184042512,19.67046471086573,128.98077959398773,2.149776508968848,0.0,20.88839272376559,24.899896946980892,0.15290218595300378,1,6.3014677323114325,0.1749593998463572,0.1404636985904876,23,3,7
2025-07-11 00:00:00,32.06106932390886,25.557323473530907,140.59872293170213,1.1399030435018354,0.0,22.6624958403895,19.515085277432362,0.1873985425730984,1,11.059194723140617,0.23443258448435664,0.20891674189032194,0,4,7
2025-07-11 01:00:00,29.177282117853977,24.735832348261734,136.2945971470021,0.8468644565949899,0.0,20.977712115774597,23.561963171028175,0.1936035867609939,1,6.358553429817127,0.18395694820214148,0.1835567878826647,1,4,7
2025-07-11 02:00:00,36.61778401541565,18.95332430999256,133.61261379978282,1.6451226846336386,0.0,22.931253340433614,19.338516584372787,0.23218323316682082,1,7.604536009671706,0.31418988173826007,0.16775451403263977,2,4,7
2025-07-11 03:00:00,34.10194617824153,38.859056488331944,170.7875092844395,1.361144948505382,0.0,23.819485523235333,19.199144731217405,0.15137434153648555,1,6.674993181756181,0.270154553698935,0.3867893858947922,3,4,7
2025-07-11 04:00:00,31.327770934015437,22.540042453433774,133.71221364053565,1.2917952914508926,0.0,24.19481397469701,22.955059444841908,0.20986195321350687,1,5.722773332476265,0.22159748252645925,0.16834135733300065,4,4,7
2025-07-11 05:00:00,38.597013668036986,33.828369687324525,116.09127567347372,2.0842578064571633,0.0,24.306633979381864,17.7912385675735,0.23925788100152925,1,6.711551320869045,0.34883282482883576,0.06451860707673339,5,4,7
2025-07-11 06:00:00,37.46800133216855,32.47375641365266,134.2749604992621,2.9283223167410517,0.0,24.59886291055533,25.444969111615098,1.2357202938393914,1,5.809229139258975,0.3290714444108297,0.17165706769304329,6,4,7
2025-07-11 07:00:00,47.29810512563315,47.89586978680375,188.43542185047687,2.6209759059491584,0.19330395217408866,25.028583169967256,20.27587804932261,1.2116802126472348,1,11.698815882215793,0.5011301672782963,0.4907710707695188,7,4,7
2025-07-11 08:00:00,48.83490037680708,40.04991226585705,188.17727456830602,2.5453893191764076,0.3761898915201237,27.79795443063008,16.28134629140556,1.8748398290300021,0,0.0,0.5280290722930702,0.4892500642909614,8,4,7
2025-07-11 09:00:00,68.11535615486028,42.88249072798499,233.3472455516849,3.5942376989958666,0.5373094214407399,26.247111364167544,19.27624206628385,0.23259589346989895,0,0.0,0.8654996287769199,0.7553920043656831,9,4,7
2025-07-11 10:00:00,63.33502778233732,36.408753006702945,219.44351071908832,3.4536145859962537,0.6618947283790042,26.384655252506267,24.277767198869707,0.21974185154141043,0,0.0,0.7818283663015185,0.6734710537413544,10,4,7
2025-07-11 11:00:00,49.55959093016722,48.87291693405636,176.44194613046548,3.093104086069877,0.7444103361015901,28.0,24.925929732513232,0.18989812325954525,0,0.0,0.5407135091723798,0.4201053867570707,11,4,7
2025-07-11 12:00:00,60.917520718377936,40.3801066414707,173.9283609530098,3.3769521810403713,0.7771371229247467,27.024203181768968,21.712742907957967,0.2353962974168884,0,0.0,0.739514145954784,0.40529531667937946,12,4,7
2025-07-11 13:00:00,39.24778900052271,40.49987444751192,220.90646089234986,4.503850365658987,0.7496272349539471,26.76638996434134,18.72206042432039,0.24227730055410107,0,0.0,0.3602235054293384,0.6820907714181212,13,4,7
2025-07-11 14:00:00,44.27112585178235,43.700321730163736,238.17890097565765,2.824136709278026,0.6736986823892686,25.97147630649419,21.038986325800504,0.22324085480653988,0,0.0,0.4481482050378448,0.7838601685091099,14,4,7
2025-07-11 15:00:00,62.76207160565669,52.883804460005685,182.08493726556202,2.638763844763234,0.5537779125934648,26.453735613026197,24.118923931367945,0.1898094779746492,0,0.0,0.7717997735124742,0.45335394937119494,15,4,7
2025-07-11 16:00:00,41.023130497489525,53.913618400354686,225.55476169339718,2.7918478175784776,0.3917569979548662,26.230923214756814,18.675213488452098,0.20835371078352136,0,0.0,0.3912977440172167,0.7094786082112162,16,4,7
2025-07-11 17:00:00,47.520250174284,40.69565912922513,246.29913795581632,2.850081655951467,0.20436528664425915,25.831492610324723,19.341790156098728,0.15985172629730898,0,0.0,0.5050184266665245,0.8317046894755094,17,4,7
2025-07-11 18:00:00,54.18706830479195,33.00941793738094,222.75689280930445,2.57103114362393,9.708575126365872e-17,25.761547880209733,20.906864863147952,0.16580204751076244,1,9.549472699869941,0.6217093830618671,0.6929935355694575,18,4,7
2025-07-11 19:00:00,44.08178014006784,27.283360111959276,205.97987465882716,3.0690174807567194,0.0,24.558972693546547,24.488501446012098,0.22830373428921408,1,12.580414996172275,0.44483404050586,0.5941431696730559,19,4,7
2025-07-11 20:00:00,55.27266495686599,43.47952844981175,206.0397949058932,2.116643289700371,0.0,23.115942336517122,21.4117653374402,0.15293154721531121,1,8.996545455384016,0.6407108480951496,0.5944962203936281,20,4,7
2025-07-11 21:00:00,43.00080033704507,33.62145080412242,136.06410071438077,1.3922177187182512,0.0,22.485573569501614,17.628092567552155,0.1549195997302385,1,11.76882134049114,0.4259133853163108,0.18219870049800124,21,4,7
2025-07-11 22:00:00,39.065571761443074,32.5007379769914,136.30651646489557,1.4825953938034855,0.0,22.715438263748947,16.48695439405713,0.2008023491585953,1,11.965883454384194,0.35703411230601023,0.18362701662798986,22,4,7
2025-07-11 23:00:00,20.16485544125815,21.942596966598693,116.67694304258994,1.373556139450508,0.0,23.176409491261143,16.644441550428276,0.16705292762587076,1,6.1112716316243185,0.026210228890520226,0.06796936532301176,23,4,7
2025-07-12 00:00:00,33.2679012325098,29.08831494554266,119.55616130031403,1.0540976488128635,0.0,21.92618319285806,25.727620524759793,0.1793704077650797,1,12.755714229013167,0.25555606001140396,0.08493374932253252,0,5,7
2025-07-12 01:00:00,28.491609994494688,26.677870828072013,170.56730787367235,0.9326341185223829,0.0,21.43120523253353,24.535602135569903,0.1898831424787042,1,10.309292186828689,0.17195546049359278,0.38549195688625193,1,5,7
2025-07-12 02:00:00,30.562780170288562,23.072783371277286,120.55014495421192,1.5503298884194676,0.0,21.205408312372874,24.074706082584395,0.20222554006522372,1,9.438963687438413,0.20820766115959213,0.09079031137674075,2,5,7
2025-07-12 03:00:00,46.242905131780944,39.17371187707593,152.82023866680424,1.1774643359615906,0.0,21.228054263911805,21.31473881419843,0.17835347212772978,1,9.97183244660941,0.4826607424251554,0.2809260400497272,3,5,7
2025-07-12 04:00:00,32.62693637781576,27.835408525435646,159.28199418511971,1.5153755425868407,0.0,23.95907127978142,23.282034606237296,0.19835464690924895,1,3.8903072874841333,0.24433709461503572,0.318998770948001,4,5,7
2025-07-12 05:00:00,28.342271694661655,23.389822985880695,162.73980774360822,2.2028788181419756,0.0,24.592537121621938,17.479938289961083,0.1870684579155132,1,4.343055756241878,0.16934155552531022,0.3393722444933225,5,5,7
2025-07-12 06:00:00,43.49888489493266,31.22772505976901,164.31368389886904,3.207221575773905,0.0,25.366585774563976,22.799628943559423,1.1857733321835124,1,4.091269238228874,0.4346314817587025,0.34864553921278535,6,5,7
2025-07-12 07:00:00,42.21048338935462,36.595190166640876,168.47076407070665,2.988595432533749,0.20357840600997618,25.435218846118808,24.82120838919944,1.7753455372764422,1,11.55158467814574,0.4120802735265311,0.37313909893603886,7,5,7
2025-07-12 08:00:00,55.550561988574934,43.89036060447228,172.79287576027576,3.2602321475859823,0.3854032694746494,27.692547203226866,16.74066973080075,1.3360244274039383,0,0.0,0.6455749481462894,0.39860502608274495,8,5,7
2025-07-12 09:00:00,59.283035415475894,49.194329945003965,230.03167095101102,3.4734677072612077,0.5500774532314419,26.420997999876818,19.177096970158903,0.21093732661473086,0,0.0,0.7109053479530846,0.7358566042430991,9,5,7
2025-07-12 10:00:00,54.89822416420287,39.75680801869947,150.95143608771454,2.7892419934329173,0.6829236155318993,28.0,17.109210904481113,0.20698002152718847,0,0.0,0.6341569188662507,0.26991503576551834,10,5,7
2025-07-12 11:00:00,55.846786444037484,52.058412302182184,161.78372732375408,4.877850571230019,0.7588027039343017,27.63917530584225,18.596278948874296,0.16991667823496637,0,0.0,0.6507598376001406,0.33373900868936174,11,5,7
2025-07-12 12:00:00,65.25453147092371,43.419179357437486,213.83745014488753,2.9897962087738374,0.7830090225598924,27.169950836661574,23.861500654956355,0.15299581704304008,0,0.0,0.8154259111633682,0.6404400863771466,12,5,7
2025-07-12 13:00:00,56.86074430878718,46.987021459113514,200.10864662832108,3.199145570910221,0.7503164412971481,28.0,19.11797394207384,0.23569314148119844,0,0.0,0.6685073913305746,0.559549832891083,13,5,7
2025-07-12 14:00:00,52.247418180101384,47.64526383174421,209.90532344135784,3.703333999403499,0.6609693374491314,27.782312882551324,22.7179699218375,0.1997689855477267,0,0.0,0.5877592101770334,0.6172719548350188,14,5,7
2025-07-12 15:00:00,67.27100647075194,58.570138080814424,273.06109466430263,2.526028520460133,0.5364410127594956,27.25103172904158,23.46780956285945,0.19144675147527146,0,0.0,0.8507207687207509,0.9893864174804511,15,5,7
2025-07-12 16:00:00,62.59262880433847,35.71280288045747,244.16861185836768,3.178388501981333,0.3851817940387597,26.35214752199102,23.8231392626818,0.2262910515031349,0,0.0,0.768833974513151,0.8191516074918292,16,5,7
2025-07-12 17:00:00,67.46312247824768,55.64402697710578,247.5883417854627,3.8046262475382893,0.2010415495667092,25.507556028225302,24.347315996720603,0.15331589217172842,0,0.0,0.8540834224207138,0.8393006918838374,17,5,7
2025-07-12 18:00:00,48.09774960079187,33.348368488261386,186.8574564245614,2.648504559783158,9.421341169324739e-17,27.155479244151653,21.50076707319786,0.22652152837183756,1,11.672851693366209,0.5151265410739938,0.4814736820247151,18,5,7
2025-07-12 19:00:00,46.14496327914899,28.39349504800713,165.56506704016633,2.24402015631946,0.0,25.173014440733027,18.266726735734192,0.19089144633737234,1,11.625789477344831,0.48094644210511894,0.3560187017309594,19,5,7
2025-07-12 20:00:00,46.1321718254139,38.35262867867693,204.11914214902012,2.15315207826905,0.0,23.986141909281212,16.97350818075695,0.20516237053203332,1,8.657666845538213,0.48072255014634424,0.5831797143212166,20,5,7
2025-07-12 21:00:00,42.91050723400844,29.40580368092843,195.73695565879953,1.6858291649046626,0.0,22.751886317258176,20.684731875010264,0.22524392405465418,1,13.591376953731432,0.42433296294045025,0.5337917841098753,21,5,7
2025-07-12 22:00:00,41.836563631834466,32.769216486126574,163.991875677935,1.4937802954295296,0.0,23.16857338602463,16.636906276690528,0.20468105920233542,1,10.09659814575205,0.4055354641038062,0.3467494418191675,22,5,7
2025-07-12 23:00:00,29.914573259286243,18.839780651909418,181.75100647158786,1.8668896195342477,0.0,22.377786995305534,25.156616459746417,0.1561772223461511,1,5.984518535920799,0.1968619362716135,0.4513864256508083,23,5,7
2025-07-13 00:00:00,38.45276754519101,29.66696624156451,179.32394607590498,1.7453876134996724,0.0,21.78184415937818,20.396042498401226,0.22286008912297187,1,11.475030952684161,0.346308049485979,0.4370861604896186,0,6,7
2025-07-13 01:00:00,27.939950922874022,18.796001989784084,139.31466550988586,1.0005841247886647,0.0,21.552359720109443,25.069876902620244,0.22863416339967857,1,9.032680804904796,0.16229963616909188,0.2013510621705967,1,6,7
2025-07-13 02:00:00,27.99369489716734,23.349098215372738,120.58666674465127,1.5650347483557392,0.0,22.072762502677843,23.473497826163985,0.1961893158038573,1,10.805648477368447,0.16324033016103917,0.09100549814686527,2,6,7
2025-07-13 03:00:00,36.33504777770793,32.07245976357496,142.57254674167723,1.2257943296736964,0.0,19.45805691052016,25.167485540587077,0.1939059406317155,1,9.392447281881118,0.3092410798750808,0.22054653236208807,3,6,7
2025-07-13 04:00:00,37.66264621734441,22.44173975968486,180.93800982543797,1.8671944661332587,0.0,23.458443179338047,25.547702003885902,0.1751925559635538,1,4.6202465530150505,0.3324783616784082,0.44659624093361666,4,6,7
2025-07-13 05:00:00,31.477271986526723,34.72273112658323,136.00760255840905,2.098397847805113,0.0,23.480940887532608,16.68467330981089,0.21441627574311362,1,4.608659820719941,0.22421423619487277,0.18186581277384284,5,6,7
2025-07-13 06:00:00,48.48129430113361,44.97224177958946,169.40794589862406,3.0473528024249714,0.0,26.336568277982412,23.92152186421726,1.786491385491847,1,4.193300394275287,0.5218398182366681,0.3786609840392304,6,6,7
2025-07-13 07:00:00,50.43413745384792,42.23868008091193,186.10163462819298,2.8609317433016033,0.19093451334894182,25.53771607742383,18.545680064953697,1.616976555648738,1,8.800637158501111,0.5560209119337548,0.4770203721186655,7,6,7
2025-07-13 08:00:00,48.95143836932291,43.36172305676046,154.25359149107493,3.15977243544122,0.3690487667485941,25.05096045925153,26.676566098380317,1.7034936667571035,0,0.0,0.5300688654202946,0.28937136983759343,8,6,7
2025-07-13 09:00:00,67.24161404417309,45.40374210804089,198.77198097208452,3.039781177320781,0.5185588234444436,26.8093654926,24.325999776642657,0.23374556446713296,0,0.0,0.8502063058538892,0.5516741849055451,9,6,7
2025-07-13 10:00:00,57.592455479613214,34.98119127313703,181.45070059691153,4.441278180856655,0.6375650318847399,26.287874271770146,15.977503154784253,0.1726144193263986,0,0.0,0.6813147118030081,0.4496170203055712,10,6,7
2025-07-13 11:00:00,63.62967631647939,47.443858759972436,245.1724163962021,3.2338810854013698,0.7152668440887521,28.0,25.644936772541918,0.19021043341170896,0,0.0,0.7869856720171469,0.8250660342966055,11,6,7
2025-07-13 12:00:00,63.183653338665856,56.21918473044721,237.68847847061855,2.788818069806976,0.7520613917520904,28.0,18.81921197311236,0.1935959615193688,0,0.0,0.7791788222071618,0.7809705939952049,12,6,7
2025-07-13 13:00:00,58.84542675735679,50.21210601904531,254.30399489573242,4.110051581832783,0.7227839364232559,28.0,20.000846182570168,0.20589003648810797,0,0.0,0.7032457760488919,0.8788693900415958,13,6,7
2025-07-13 14:00:00,44.85375599785147,31.999272297960275,186.96506340511507,3.049089888561989,0.6586868797900975,26.535013134370438,21.914962881376624,0.1549182121335931,0,0.0,0.45834612369088956,0.48210770347628246,14,6,7
2025-07-13 15:00:00,47.17462164199757,47.66235619303614,167.75743032353378,2.938207403525355,0.5334309332405155,26.88110310201397,24.94410557726026,0.20884071710226526,0,0.0,0.49896880551284983,0.36893612905892254,15,6,7
2025-07-13 16:00:00,61.31607516241306,34.58479824999296,252.25961073875206,4.069047658977097,0.37642509614484065,24.858701238493932,24.961397914412558,0.1588521483383433,0,0.0,0.7464901423506134,0.8668238572694587,16,6,7
2025-07-13 17:00:00,59.3021117906163,38.12693301544766,196.4906118284119,3.362112788298637,0.19818335770694168,26.199615748081914,21.1681633418128,0.23065698912805918,0,0.0,0.711239246436006,0.5382323341204945,17,6,7
2025-07-13 18:00:00,48.145073044386905,38.22736803096637,167.9722411912149,2.676880187688849,9.618383641753488e-17,25.23846823451416,18.621426082067348,0.2463021987728105,1,13.744759988400387,0.5159548549390076,0.37020179693138633,18,6,7
2025-07-13 19:00:00,37.31809700130449,25.65956323540029,151.5108396408897,1.8920974825824373,0.0,24.436870590376433,18.25185300926708,0.17897590058957943,1,11.592428201434378,0.3264476320622846,0.27321104733438817,19,6,7
2025-07-13 20:00:00,45.459198458932484,43.82227431721485,181.4850725451382,2.1797291171383923,0.0,23.21705981502087,19.172515724602988,0.20066151248109418,1,10.277026930409338,0.4689433319006942,0.44981954018295967,20,6,7
2025-07-13 21:00:00,37.383894014394144,27.847580260922378,139.96982491523508,1.3765488027571413,0.0,23.006803839396742,17.34831802178281,0.23231875450067685,1,12.847298129285594,0.32759929335483645,0.2052112682190355,21,6,7
2025-07-13 22:00:00,28.14197678958186,22.569070348577412,165.33536195530053,1.5379726991994893,0.0,23.71751712819765,22.512017565070995,0.1814654006047303,1,8.416310364191107,0.16583574457061798,0.3546652769755238,22,6,7
2025-07-13 23:00:00,24.322369171981535,17.887302273243023,168.9587176263085,2.0798993398024423,0.0,21.526277866057686,21.160713090028484,0.1657777693348814,1,6.039499096460413,0.09898021360703994,0.37601412637411313,23,6,7
2025-07-14 00:00:00,32.258369141085204,18.348504728641913,147.906993942219,1.41977770915673,0.0,21.845682589134565,23.8713793528329,0.22390625237018746,1,9.07988635532977,0.2378859716793032,0.25197715089626355,0,0,7
2025-07-14 01:00:00,29.870474760379103,25.3044745999993,169.8970664670788,1.0096409022194308,0.0,20.721013864652782,16.841315419545154,0.21983616211557877,1,9.1365053778779,0.1960900694061406,0.3815428875292036,1,0,7
2025-07-14 02:00:00,36.02234509100952,18.604856209308704,115.88987370349464,1.789209789999121,0.0,21.236453141936877,20.186499383614283,0.20699454606721712,1,7.424921931290127,0.3037677678896749,0.0633319445693604,2,0,7
2025-07-14 03:00:00,48.685335353938946,24.112509596748158,140.935589467916,1.711499450227898,0.0,22.677148372613438,18.57612732421924,0.24444367954338944,1,8.76059374614926,0.5254111989357774,0.21090156303459945,3,0,7
2025-07-14 04:00:00,35.7503608191529,25.99471735720223,120.87983756158224,1.7721706318088584,0.0,24.30244651507555,21.810085904736834,0.24551223034663017,1,4.887711898747301,0.29900716032754526,0.092732863657461,4,0,7
2025-07-14 05:00:00,43.299551215922484,34.67582170209928,180.23084610769848,2.2689822457278135,0.0,23.663624992313242,21.14185625269375,0.23615494303810378,1,5.580872154026221,0.4311424953801694,0.442429624934264,5,0,7
2025-07-14 06:00:00,50.39361089558422,47.60407654963971,194.57914210809105,2.1812420122301113,0.0,24.458288845369957,20.957828600282063,1.344765064063945,1,6.050018383214007,0.555311565623322,0.5269699345952111,6,0,7
2025-07-14 07:00:00,51.93657316794851,37.39636348735776,161.16452695214582,2.346051038172535,0.1981669281793819,25.06161212871597,19.502809819083947,1.2940244480642442,1,8.737092137529567,0.5823184135258015,0.33009067364271205,7,0,7
2025-07-14 08:00:00,36.52611360479606,32.6790044657429,162.51734320638073,2.2027660289497866,0.38201189240114525,25.65511087183465,23.86400474142822,1.7518055207203673,0,0.0,0.3125853520092424,0.3380614811200775,8,0,7
2025-07-14 09:00:00,45.08853181740477,49.065448767756095,169.34886644372324,4.002696012409237,0.5436385349661573,27.103979089365616,21.156755885014384,0.2151360891348646,0,0.0,0.4624554625667781,0.37831288727486345,9,0,7
2025-07-14 10:00:00,55.412312609931,53.55080344442775,235.97273459907342,3.316978473554352,0.6650374119388234,25.78631804746432,18.086340160515174,0.18961260303876895,0,0.0,0.6431551352911585,0.7708614132119723,10,0,7
2025-07-14 11:00:00,52.759331132127556,43.23829409611082,227.2841629053845,4.348156251032979,0.7430954013916448,28.0,21.6306780654062,0.19097564765672523,0,0.0,0.596719348400955,0.7196682581867552,11,0,7
2025-07-14 12:00:00,69.76740361681333,51.118085483344025,255.48645614690543,3.7239507773266616,0.7683946609098173,27.01567890137427,22.015057638413634,0.23533321828885137,0,0.0,0.8944158215651444,0.8858364640644275,12,0,7
2025-07-14 13:00:00,51.52240658542861,32.692603657995164,176.82454025465242,3.732537487179935,0.7422672307796253,28.0,15.876046102458941,0.16632472632239398,0,0.0,0.5750691540327192,0.4223596353265411,13,0,7
2025-07-14 14:00:00,60.586780940048044,34.32599182603908,217.3630720650477,3.334406914593412,0.6576479016518246,26.004750320331276,17.676703606303327,0.24439734097962448,0,0.0,0.7337251263211619,0.6612130874965554,14,0,7
2025-07-14 15:00:00,68.21032488900492,48.99491055304319,237.89667030134248,2.6941314078886056,0.5372308816103359,27.464607607502554,17.987224651232225,0.21332152935116366,0,0.0,0.8671618898733012,0.7821972624328924,15,0,7
2025-07-14 16:00:00,41.63775628151805,34.68221036302034,257.2569983475293,3.989993343402497,0.3846820923540446,26.84415861882189,17.97631982817341,0.22913577333744245,0,0.0,0.4020556901857679,0.8962685171740387,16,0,7
2025-07-14 17:00:00,51.22783989767339,39.35352327284304,195.99750022179398,3.8918434190591147,0.19904625572171178,25.83063254766556,17.83798260525111,0.18708665544213604,0,0.0,0.5699132808945171,0.5353269153920446,17,0,7
2025-07-14 18:00:00,47.99997324507775,31.42065336428679,181.30900727102778,2.657493097191678,9.327486214692941e-17,23.67329660078502,18.15932200856089,0.20868963602587237,1,10.847727722433321,0.5134151374871881,0.4487821617518605,18,0,7
2025-07-14 19:00:00,34.24875086657996,28.806412900568283,229.6573434410583,2.94368060003589,0.0,24.13856041315205,18.082969937540085,0.22499904939613868,1,11.03832398706241,0.27272411224248355,0.7336510626509024,19,0,7
2025-07-14 20:00:00,42.80278735744122,30.114267783740626,139.27799428471462,1.5666037661899008,0.0,21.980149865608343,24.51655674752459,0.19351299722078408,1,7.835701460606873,0.4224475154641052,0.2011349949294736,20,0,7
2025-07-14 21:00:00,42.07662968051113,27.648107826903345,167.91645379952865,1.1666339582247853,0.0,22.286851599536938,18.78463132111301,0.19879363416062412,1,8.760701030727837,0.4097373991603422,0.36987309703781,21,0,7
2025-07-14 22:00:00,43.07306105087292,31.90112471215132,156.69012484852664,1.6155312083513884,0.0,23.089993693181885,19.191288161549792,0.20820798288641307,1,10.881391592230216,0.4271781823516155,0.30372744978831084,22,0,7
2025-07-14 23:00:00,28.29279616254091,13.676725917434437,124.86632420061702,2.1145547944648477,0.0,22.555295315879544,18.43058117897723,0.1563406990931504,1,4.951768603996225,0.1684755731258626,0.11622128450645992,23,0,7
2025-07-15 00:00:00,33.38528470707499,26.051610313406883,137.7240113025796,1.2736013226174392,0.0,21.66926033419816,25.909530775196856,0.2363186521357985,1,11.233030955393218,0.25761065181875187,0.1919789109935176,0,1,7
2025-07-15 01:00:00,28.466218584174477,25.016405828155964,157.0966467914452,0.8314871102448221,0.0,20.779192321914536,21.50435934877589,0.23666779357525397,1,9.72607581642632,0.17151102839772786,0.30612268131527165,1,1,7
2025-07-15 02:00:00,34.418601764370706,22.291964949127372,130.68079111879777,1.1762552573697862,0.0,22.69697932482158,22.42455246345486,0.17814176728069842,1,10.773548116216947,0.27569705425467245,0.15048018422269696,2,1,7
2025-07-15 03:00:00,38.88853413127699,26.104677062863228,127.9094872834852,1.9096661754898407,0.0,22.545212628871607,23.867798302227822,0.23798225367722,1,9.068791585495818,0.3539353791506075,0.1341516331253761,3,1,7
2025-07-15 04:00:00,33.27060583162377,19.000050506471638,165.84700541220644,1.923446441291636,0.0,20.824512511863457,19.65100846400055,0.22451948076587508,1,6.405428371683666,0.25560339927446724,0.3576798855591243,4,1,7
2025-07-15 05:00:00,30.942641413531238,30.054971219552193,188.78863612084734,2.208499390852443,0.0,24.64866964228705,26.518359206667313,0.1983191407853736,1,4.3802639366723515,0.21485646586729373,0.4928522129339241,5,1,7
2025-07-15 06:00:00,58.908237618316555,41.467521550599244,182.3481899144224,3.4877637947338114,0.0,24.615925425615497,17.76250635517413,1.3858230185460658,1,5.373596719540764,0.7043451699867389,0.45490503672352667,6,1,7
2025-07-15 07:00:00,55.052558679922946,36.91132755364676,199.02532934783653,2.460274880706695,0.19505320344003202,26.616720419208985,21.029829226616442,1.4245341901900685,1,7.869937053544254,0.6368582738292389,0.5531669161774387,7,1,7
2025-07-15 08:00:00,50.74579812444234,44.90860073873926,219.55506748312618,2.79721682817623,0.3786735358028783,25.04018776294244,17.633360305095938,1.5258141865734518,0,0.0,0.5614759852551724,0.6741283473583997,8,1,7
2025-07-15 09:00:00,67.63360898566555,51.58999764482989,219.0743729811043,2.5376262785287103,0.52787149805281,23.57771352865916,24.4538303911455,0.19125207018915913,0,0.0,0.8570674896644346,0.6712960903397173,9,1,7
2025-07-15 10:00:00,47.5447527001802,40.95739373039071,248.0354289816708,3.3383605924943405,0.6586800694662259,27.507888256363124,17.077750477733037,0.19202383241091525,0,0.0,0.5054473003998343,0.8419349343062018,10,1,7
2025-07-15 11:00:00,44.00503591762969,52.32409060398565,234.03698164398506,3.39726978655284,0.7390731225812326,27.817693003660597,21.69884291936561,0.17031233736235468,0,0.0,0.4434907675173343,0.7594559366142088,11,1,7
2025-07-15 12:00:00,70.59679490033785,46.16169507312233,231.97569840832736,3.230052422798043,0.7505128742654379,25.93529635625147,16.850465887506992,0.22078120051561909,0,0.0,0.9089328610592253,0.747310834294278,12,1,7
2025-07-15 13:00:00,63.00207936080754,44.02081002620219,239.77360962794367,4.409513638214347,0.7307723299337379,26.54285452813147,20.37660330461244,0.21095915729505707,0,0.0,0.7760006882430998,0.7932562085182905,13,1,7
2025-07-15 14:00:00,52.85900369102301,33.61403419953826,264.00900094524826,3.0905623277244327,0.6597131360569123,28.0,18.470695405303495,0.24919014870216227,0,0.0,0.5984639416981168,0.936051386890907,14,1,7
2025-07-15 15:00:00,43.00672750174311,51.9295542765352,238.64321261590095,2.7278622981254994,0.5451037612470414,26.43448097858691,24.80976909988376,0.16412442042024702,0,0.0,0.42601712993687596,0.7865958975353494,15,1,7
2025-07-15 16:00:00,57.630216519539395,37.6278719131103,242.67368780947905,3.579112114878941,0.3823194337695075,26.847316270806658,15.971250744984506,0.1613738348735021,0,0.0,0.6819756525662344,0.8103434994064384,16,1,7
2025-07-15 17:00:00,42.54727863413873,47.91819080354555,178.7089392467488,3.512445910427081,0.19911804785093992,24.73973312808904,22.055175042518883,0.20159322991358006,0,0.0,0.4179752834778925,0.4334625338388276,17,1,7
2025-07-15 18:00:00,45.22931869542087,30.293770366031943,241.264961293481,3.07788260818615,9.380368553391227e-17,22.52120392873318,22.501325137817346,0.16519907635100742,1,10.329687357377663,0.4649196898971195,0.8020432680837221,18,1,7
2025-07-15 19:00:00,33.718441438308844,32.98591169517036,185.32870923516512,2.5478299268791713,0.0,23.6623549358854,24.507417197194602,0.2110621151066682,1,9.451916387246644,0.2634419759731222,0.4724662876427391,19,1,7
2025-07-15 20:00:00,58.49914319367393,30.41173759812037,149.49605978215243,2.2621266859728846,0.0,22.841021732324226,24.451365763144175,0.16961151086690082,1,7.669646052921373,0.6971846897196835,0.2613399433962182,20,1,7
2025-07-15 21:00:00,35.48604939273127,23.02546201447439,195.07627273198625,1.3720380097132363,0.0,22.0829761704818,25.571205184969532,0.1982998497871039,1,8.414553661485439,0.29438085246499557,0.52989903341537,21,1,7
2025-07-15 22:00:00,41.65056241457446,22.12146994063782,148.51144141063793,1.3110823527365525,0.0,21.888998652687043,18.19680955135122,0.21113114498424204,1,8.821347504689928,0.4022798390803118,0.2555385616834757,22,1,7
2025-07-15 23:00:00,22.385856210820318,13.828164164205784,127.75368154026113,1.739071176394134,0.0,21.96573992716506,18.52082679728206,0.19580407890349238,1,7.0090177188369935,0.06508495126655339,0.13323362406152928,23,1,7
2025-07-16 00:00:00,31.136465429464867,27.44561548729431,127.6434419400015,1.3461032659129513,0.0,21.44665810724512,19.92157364481496,0.1819985304597185,1,12.839212288781631,0.21824901525876153,0.13258409118720096,0,2,7
2025-07-16 01:00:00,35.86091476259226,26.570506479758805,108.49247099123777,0.7797469539310645,0.0,20.432509826341544,21.52639922879578,0.22823160826127933,1,9.487484015328457,0.30094221317294695,0.019746370647285173,1,2,7
2025-07-16 02:00:00,28.709303068942983,28.022654309048598,111.34360880253696,1.710226960994,0.0,22.47991295984384,19.838382885138586,0.2354658024325841,1,10.1884519578849,0.1757657958830897,0.03654530436364246,2,2,7
2025-07-16 03:00:00,41.18006319507039,37.77066170875317,147.90982065193555,1.4637133576457344,0.0,20.51861568033419,23.91914450666216,0.1778049834246573,1,9.138735640674001,0.39404457559592915,0.25199380589939085,3,2,7
2025-07-16 04:00:00,31.370641278529266,18.54045482355237,171.9755095281523,2.0822630813382412,0.0,21.036446215899613,16.166332629478127,0.23133937346704775,1,4.649919923654127,0.22234785270371432,0.39378909571943005,4,2,7
2025-07-16 05:00:00,41.30946280987717,22.680612812325432,147.8113558326436,2.9456832285426158,0.0,24.54701542222019,16.30185568826996,0.1891634019838316,1,6.42063257533521,0.3963094888594085,0.25141365015731376,5,2,7
2025-07-16 06:00:00,39.92898564307248,41.6046388830605,170.0846513839778,2.8421144869043795,0.0,25.088793221570874,23.82261016818235,1.4907177288693936,1,5.874037038997698,0.3721466576972363,0.38264813981574225,6,2,7
2025-07-16 07:00:00,47.30405191522769,52.88943219957705,195.91992079659863,3.180261916547735,0.18554384356965992,25.298308104541356,25.59825242079263,1.298812265875749,1,8.313498597035453,0.5012342553982485,0.5348698166097813,7,2,7
2025-07-16 08:00:00,51.163570062703656,41.61686140082484,167.10920194122625,2.71668385436293,0.3613946285339613,24.6812637139885,24.39663524615114,1.594292831821217,0,0.0,0.5687883501759678,0.36511676067052334,8,2,7
2025-07-16 09:00:00,52.64585319787191,43.25047321961168,205.03981654240522,3.0206877849331635,0.5102968919649697,25.987580006930752,17.265326052406014,0.1600926716776954,0,0.0,0.5947331162255992,0.5886043374480012,9,2,7
2025-07-16 10:00:00,41.52669888824163,37.95366626200833,185.04324257909542,4.521566389515015,0.6195876327076826,26.906950955187725,25.871599036150815,0.20916375259707395,0,0.0,0.4001118253341237,0.47078431512827834,10,2,7
2025-07-16 11:00:00,61.37018417872626,38.37957921064841,223.14695307972363,3.0441642863271343,0.6859649835463286,25.870948392775443,21.360909867623135,0.2489718081833754,0,0.0,0.7474372257627595,0.6952917747503866,11,2,7
2025-07-16 12:00:00,60.79576591649694,49.276865594483795,184.33453320006953,3.3963699133492566,0.7028477276355672,26.827472120221024,23.544099096897433,0.22534663072226221,0,0.0,0.737383041730986,0.4666085920765078,12,2,7
2025-07-16 13:00:00,38.110367965891115,44.800797989105796,270.8737551935973,2.9752309558014143,0.6792235950102621,28.0,17.750919287324763,0.23950393086344254,0,0.0,0.34031494549008173,0.9764985905090823,13,2,7
2025-07-16 14:00:00,53.72937975800241,31.8129089579494,173.37955454121976,3.570207737983046,0.6195817396926222,28.0,21.256254670941846,0.1964195540194599,0,0.0,0.6136983479307802,0.4020617435780598,14,2,7
2025-07-16 15:00:00,66.76323900120407,55.718153033399396,219.20908039857136,2.5329134414145678,0.5202012850719215,26.260649098446486,18.89212633926259,0.16421053403023314,0,0.0,0.8418331898955775,0.6720897878481866,15,2,7
2025-07-16 16:00:00,40.71259608958512,52.83628726559029,191.70623862252933,3.98683881375377,0.36871798690448343,26.812657790056427,25.449186697510374,0.17884618938246916,0,0.0,0.38586238394848993,0.5100427572991226,16,2,7
2025-07-16 17:00:00,56.52258956632893,55.23254793422447,218.785738716882,3.015524139964227,0.19261018141822617,23.415964940089637,20.25232770863209,0.154902967421813,0,0.0,0.6625885857572678,0.669595454244989,17,2,7
2025-07-16 18:00:00,49.41200197585197,43.70778019732197,192.8306979910911,2.995327040000753,9.040002851168897e-17,25.21041006888631,23.119664102448084,0.20018109724269487,1,12.106602128200347,0.5381302234286719,0.516668083624755,18,2,7
2025-07-16 19:00:00,29.796383907408938,22.455341357932735,171.9518921289892,3.096363414072864,0.0,22.967936744256377,21.576043820274975,0.2149666871893354,1,11.141985035533748,0.19479323899559262,0.3936499417572746,19,2,7
2025-07-16 20:00:00,36.88228239613942,48.27660696668966,157.5033874454642,2.280813453519725,0.0,23.353063892979172,16.394961057186997,0.19244833059788924,1,7.787579612979982,0.31881946190791216,0.30851920149031686,20,2,7
2025-07-16 21:00:00,35.72000030908766,25.80357625269094,142.7156215835265,1.5477142090421951,0.0,22.174014013263896,21.089599414449363,0.20632048989835985,1,13.567577369095439,0.2984757528574732,0.22138953082227447,21,2,7
2025-07-16 22:00:00,39.7876474454495,31.12098197935577,182.630345295101,1.294503109322377,0.0,23.262785590451198,21.167239624980596,0.18207022483221408,1,10.807557097166095,0.3696727804843053,0.45656749916885253,22,2,7
2025-07-16 23:00:00,20.664230326084198,15.1332059845366,130.6424092568689,2.1925522956026957,0.0,20.76558820129401,23.12158122185938,0.15858580939655142,1,6.482123027180425,0.03495091024246909,0.15025403789195896,23,2,7
2025-07-17 00:00:00,38.548303474477294,23.796569811824806,165.23872882921336,1.5973192809191865,0.0,22.162753683427923,19.130034174379354,0.19319989924421888,1,10.626846863398047,0.3479802383383371,0.3540959135889104,0,3,7
2025-07-17 01:00:00,31.6032147134969,16.537692606109395,140.30547364862875,0.7259259895269151,0.0,21.355201023317168,24.93959263130419,0.2047797795361043,1,8.559794665395296,0.2264186427008693,0.20718891405639686,1,3,7
2025-07-17 02:00:00,30.917516844189194,18.94182722994811,110.05596149493387,1.533457796516483,0.0,21.77343537935214,22.552662194896296,0.24826347930886228,1,10.557331998649472,0.2144167043546573,0.028958472999425264,2,3,7
2025-07-17 03:00:00,39.93831502389514,39.0929871932602,117.71595909784097,1.2039253212905041,0.0,22.2219664602224,16.435203467996896,0.18472734045923964,1,8.400516005667253,0.37230995214287166,0.07409125875559876,3,3,7
2025-07-17 04:00:00,40.95644438084557,28.445869594696102,173.9150937581262,1.831829083752517,0.0,22.178783747042264,23.649569742575473,0.2177769657476997,1,5.139423560384884,0.3901305205266185,0.4052171462287727,4,3,7
2025-07-17 05:00:00,31.17848987660904,28.455747137003804,159.51511743393786,1.9283115452628268,0.0,23.731209432667686,25.854390430797412,0.2322624441162247,1,6.521967957789014,0.21898457948643987,0.320372335561089,5,3,7
2025-07-17 06:00:00,49.002392444990036,40.92648055762027,134.74665429773475,3.022148265221895,0.0,24.456418523238675,23.468831274533756,1.3765430457817873,1,4.571320887674673,0.5309607271308503,0.1744362924725526,6,3,7
2025-07-17 07:00:00,51.87695942436008,47.999050981772086,186.93131574841792,3.3550144565618676,0.1983775395576259,25.534057871076833,20.193956183560683,1.822448429352868,1,7.998869861946834,0.5812749795191338,0.4819088619310961,7,3,7
2025-07-17 08:00:00,38.112434190956016,35.47184511533576,209.0935569985641,2.5984859293315683,0.3826504054037584,26.098151906973133,22.404451470789255,1.3791234653774622,0,0.0,0.3403511111352563,0.6124890184888304,8,3,7
2025-07-17 09:00:00,42.611088355560284,52.198389193697594,174.2349412715629,3.9861344192907904,0.5431564204187864,27.430240461680395,17.84514610857979,0.24698043097478198,0,0.0,0.41909216071591526,0.4071016911133695,9,3,7
2025-07-17 10:00:00,40.325772110370075,45.76641093896391,205.65952128107128,4.146127327918881,0.6536280419211266,28.0,22.325839406565226,0.15021569178726477,0,0.0,0.37909170876167236,0.5922556442306152,10,3,7
2025-07-17 11:00:00,50.782782646783104,49.64339201393615,186.7737100396027,3.9453206002591252,0.7379031505784743,26.352614945541834,21.139897575466115,0.21341733233886787,0,0.0,0.5621233344402387,0.48098024745121587,11,3,7
2025-07-17 12:00:00,47.76827633986193,65.20405890323768,169.57302633671884,4.300515589431144,0.7657998673874301,28.0,16.02465572880601,0.22899262477501528,0,0.0,0.509359689605724,0.37963363970197356,12,3,7
2025-07-17 13:00:00,58.09370473015056,39.89344261364565,207.65151450545693,4.244538473318258,0.7605738789931573,26.211407210347282,19.01195885510515,0.17800604189583125,0,0.0,0.6900882006387079,0.6039924890815622,13,3,7
2025-07-17 14:00:00,63.51220260479001,39.841535579686884,247.65752210263747,3.515583632612292,0.6912831078605026,27.683139752941077,17.54669020942939,0.16170502737035952,0,0.0,0.7849295007672346,0.839708303034056,14,3,7
2025-07-17 15:00:00,43.07554761308987,56.987151446479075,214.12002243637014,2.470907223900672,0.5608752995574636,27.235500818341087,19.517622031434716,0.15243684408842237,0,0.0,0.4272217052612782,0.6421050052652771,15,3,7
2025-07-17 16:00:00,48.842356829293465,51.99293832293934,204.47443796158683,3.3388657046136014,0.40066810005155995,24.080351378236035,17.91212272478205,0.1574406936362441,0,0.0,0.528159584413683,0.5852731209539489,16,3,7
2025-07-17 17:00:00,41.249111353048086,57.627966693317795,194.32997373497193,3.80371193439475,0.2075813584555429,25.35832377617301,23.945933552076813,0.20430340427630345,0,0.0,0.39525314247656496,0.5255018319424203,17,3,7
2025-07-17 18:00:00,36.22734708745365,37.14781167152097,195.89168226695497,2.613335203057385,9.776411052023161e-17,24.017602951462663,22.526255762264174,0.2339167403545615,1,9.961648080156133,0.30735596822148714,0.5347034348986442,18,3,7
2025-07-17 19:00:00,34.57945692043578,27.329538024618497,173.05245131531458,2.5471496188296863,0.0,22.948080889550297,22.980258616497988,0.15631308652654888,1,9.900223658751658,0.2785125415883468,0.4001344479599347,19,3,7
2025-07-17 20:00:00,45.871012206369876,33.90926935559243,190.09657754206873,2.4656476183428855,0.0,24.331352380383507,19.13621716579691,0.16131803779317688,1,7.1709107055017345,0.476151409143017,0.500558617427211,20,3,7
2025-07-17 21:00:00,44.36881732645001,21.20985957604543,132.62732508171518,1.1055149617483988,0.0,21.702689882743133,15.52041255420582,0.15051030021140932,1,13.6357547963158,0.449858122930831,0.16194918263101574,21,3,7
2025-07-17 22:00:00,32.92219136100876,29.24852642003025,184.59105387578515,1.1863426703612276,0.0,21.070418095534247,17.83621955657913,0.17822773987635784,1,10.596869264636382,0.24950501515746343,0.4681200145728684,22,3,7
2025-07-17 23:00:00,24.839561150857545,15.551881699284966,126.92287135601401,2.156290185872025,0.0,21.64996311946844,23.534702614612712,0.24212463861110517,1,4.802870824903602,0.10803275193546187,0.12833848179210594,23,3,7
2025-07-18 00:00:00,28.797485266695695,25.754001498666803,155.05767890062617,1.0793496187060556,0.0,22.154802381667068,22.079786476658366,0.17762879978632987,1,9.103381018194163,0.17730927056492013,0.29410906123983876,0,4,7
2025-07-18 01:00:00,21.98334269639987,25.88122222419618,137.8205893297847,0.7439916385506111,0.0,21.426946103700057,21.536976453012755,0.1940814447010155,1,10.060199230985763,0.058039658288658105,0.19254794973694317,1,4,7
2025-07-18 02:00:00,40.4882354607574,30.135865322801713,159.14454828151648,1.8883094342570963,0.0,23.03181859373436,18.91802431441927,0.16789573957516518,1,8.120971879127257,0.38193534471585194,0.3181889382506599,2,4,7
2025-07-18 03:00:00,31.33754032302922,24.0709128544978,164.41502503721165,1.6827473220133482,0.0,22.87032422776082,16.823848953856096,0.1616284536426769,1,8.749724540309535,0.2217684785436147,0.34924264225670376,3,4,7
2025-07-18 04:00:00,40.93441547238984,22.370004095909493,123.86041718767639,1.8226305570408743,0.0,20.77959480012895,24.48578603931943,0.16823944466079888,1,5.472689599264829,0.3897449431273669,0.11029446989643292,4,4,7
2025-07-18 05:00:00,29.62372476239851,32.767260205915385,165.15616048917434,2.559192256082321,0.0,23.149011793589363,16.527440251666533,0.17104328340810757,1,5.674489266239664,0.19177114354207017,0.3536094200683629,5,4,7
2025-07-18 06:00:00,51.584023708266905,41.1484849162811,135.1926005414005,2.5531520800506016,0.0,23.890216129110684,16.760717040272873,1.2227166193351993,1,6.08970607770906,0.5761476536788137,0.17706381239063962,6,4,7
2025-07-18 07:00:00,61.03207444560851,49.25314146296087,137.75340989279084,3.1371407824865534,0.19364802441428108,25.70499121825377,19.28026354927901,1.7186647586274544,1,7.281927036358814,0.7415192079990022,0.192152127793616,7,4,7
2025-07-18 08:00:00,38.122904327695586,45.32667319470754,218.7266491324126,3.0333316413715883,0.3717928397981544,23.321463540677335,22.2146069189216,1.482934228792797,0,0.0,0.34053437251209506,0.6692472977970985,8,4,7
2025-07-18 09:00:00,53.11314258972505,44.83104331824683,158.41052813753487,2.9394918592327164,0.5309959877463872,28.0,26.60894599172276,0.20397694275614892,0,0.0,0.6029121973076546,0.313864083907825,9,4,7
2025-07-18 10:00:00,60.76133366589427,42.86076468375068,172.81319325827334,4.175966491025435,0.6540085318127905,27.56957554376534,16.90056673854171,0.18746505752925577,0,0.0,0.7367803655854822,0.3987247369928213,10,4,7
2025-07-18 11:00:00,42.642178968330974,45.40602927476977,169.78542392967924,3.5995693818312255,0.7261315515059616,27.484212696222283,20.845966937860894,0.17107428408530498,0,0.0,0.41963634735309485,0.3808850885346169,11,4,7
2025-07-18 12:00:00,66.45848177206963,56.94957320176694,211.4527266247534,2.794222350790474,0.7398250049621771,28.0,22.068409682131993,0.15939016645423193,0,0.0,0.8364989492068514,0.6263892705281867,12,4,7
2025-07-18 13:00:00,39.85195742029806,37.785633168710945,264.5078830732842,3.0655220190242733,0.7102943745536043,28.0,24.242289054719897,0.15759257030645887,0,0.0,0.3707984137810197,0.938990805591728,13,4,7
2025-07-18 14:00:00,44.163439201031274,47.247084387035414,194.0461312583469,3.06045098633231,0.6496504263870202,27.897592237887476,22.71724436931872,0.1685142025745691,0,0.0,0.4462633391211265,0.5238294291101847,14,4,7
2025-07-18 15:00:00,45.8006243137218,56.94554648252456,223.2122458985181,3.5996415882867954,0.5349951771186672,27.495958296754583,23.823331655881137,0.23501761932985962,0,0.0,0.47491939255714816,0.695676480719609,15,4,7
2025-07-18 16:00:00,60.836335939951276,38.570027768975606,205.13872283050995,3.20292149903237,0.382801312620437,26.053562934456945,20.79804719010978,0.17165451895784176,0,0.0,0.738093148823334,0.589187094328927,16,4,7
2025-07-18 17:00:00,45.43218641749526,56.99377115350525,191.2059410701953,2.5575609860521222,0.1981219442904984,25.0548449252124,19.83967535019327,0.1854819591701042,0,0.0,0.4684705335000484,0.5070949989035769,17,4,7
2025-07-18 18:00:00,34.153091647721766,38.44947113597049,207.21526912635747,2.1022466495898113,9.320781010263598e-17,23.941151314079832,21.71696525207238,0.20727516437501642,1,13.277774467946305,0.2710497654224446,0.6014221267586621,18,4,7
2025-07-18 19:00:00,39.60067408338871,35.241343169706454,195.9579749981704,2.5458496415381275,0.0,22.811403428934973,24.629377719438565,0.20114131050087122,1,11.103630830842357,0.36640013977141633,0.5350940323622783,19,4,7
2025-07-18 20:00:00,44.720001941543565,31.250255662916967,167.34299407956004,1.684778331808909,0.0,22.223976838718798,21.089873767263754,0.21658206297315183,1,10.05149696598586,0.45600499356752483,0.36649426638761295,20,4,7
2025-07-18 21:00:00,34.65633338624916,24.2155915279956,199.38328573353863,1.1400728158233624,0.0,20.936125599100965,21.736507958263125,0.16943148295510546,1,9.552063887777882,0.27985812926517356,0.5552759989348297,21,4,7
2025-07-18 22:00:00,28.11586591506039,23.9194502989957,124.25376861996202,1.73774134324876,0.0,21.731057801211666,19.069002589579835,0.20240489287058555,1,12.804193397609174,0.16537871951599914,0.11261210063739993,22,4,7
2025-07-18 23:00:00,27.97464464827543,16.174019144145074,120.25279918465604,2.0585396305914836,0.0,19.81955655260549,21.873646140534486,0.22677491594402843,1,6.775527574741467,0.1629068889722667,0.0890383470017419,23,4,7
2025-07-19 00:00:00,34.670048628284604,20.438753958764664,181.02871646897827,1.6490696886396108,0.0,21.58990686903988,22.341523289572727,0.18875069547543638,1,9.969152045495482,0.28009819051763013,0.44713068542326145,0,5,7
2025-07-19 01:00:00,27.318869003915367,25.362959791193415,158.86956260342905,0.9516102695517251,0.0,21.4618635864809,23.80677496152812,0.2471894398388062,1,10.070386907945627,0.15142868668398599,0.3165687197677682,1,5,7
2025-07-19 02:00:00,28.207455498110964,23.59754958592238,161.27502324010692,1.4639382387319813,0.0,21.941804682768616,22.016877384512895,0.20779494328927345,1,10.234320240416224,0.16698183450020943,0.3307417189236542,2,5,7
2025-07-19 03:00:00,41.47626997771463,39.41065760884105,148.62203129364465,1.7160139321643872,0.0,21.74646019990721,18.124365425174535,0.2174826557818649,1,5.996745258472616,0.39922915571809764,0.25619015842740267,3,5,7
2025-07-19 04:00:00,37.85049877283919,25.649620722324723,139.53448032919482,1.7678029226379675,0.0,25.963731598386563,22.310974104127613,0.19590877396549544,1,6.277824222127801,0.3357663911300718,0.20264621337823394,4,5,7
2025-07-19 05:00:00,32.921576110440846,22.96834430262614,161.51860379318205,1.8074108343300115,0.0,24.967481706330723,19.311802401895093,0.2357850843952735,1,5.362235352015034,0.24949424627554903,0.3321768980824751,5,5,7
2025-07-19 06:00:00,37.39409135481218,41.339624003396004,127.40677644869704,2.6710796485980355,0.0,23.136224754724815,17.063738321698704,1.4636151929975156,1,5.016807507899368,0.327777779910608,0.13118965564444446,6,5,7
2025-07-19 07:00:00,41.8618574359767,53.22403773519311,191.5121519431571,2.3991722839967644,0.19727115892987998,25.387029392567868,24.978596860074877,1.8317102351884653,1,7.494468623148211,0.40597818777474715,0.5088991965602904,7,5,7
2025-07-19 08:00:00,50.778847131759925,39.776669374225506,183.66687424294648,2.254884863848537,0.3782226191367798,25.266627545168127,16.78282174313001,1.355617907241397,0,0.0,0.5620544501534659,0.46267473853867,8,5,7
2025-07-19 09:00:00,68.71499050585096,34.65945686241388,233.8228501880679,2.532988706053265,0.5308591144942673,25.478396428057554,22.759719421015475,0.23658194057520887,0,0.0,0.8759951762082208,0.758194271842943,9,5,7
2025-07-19 10:00:00,40.323541583931494,56.09716101824779,213.74752577076498,4.477211743803157,0.6459004392944246,25.626474680945886,26.440255263119443,0.21393531736763782,0,0.0,0.37905266730917014,0.6399102510270688,10,5,7
2025-07-19 11:00:00,50.26681802403387,40.285018957663304,172.01078821554253,4.631876883952753,0.7125378989746735,27.695372047852874,16.772727819953378,0.22990546694056513,0,0.0,0.5530922788277791,0.39399695811342594,11,5,7
2025-07-19 12:00:00,47.40631712998524,57.89486866192042,212.23168308458068,3.447967946859053,0.7446834700032127,26.680897590256013,18.061384361505592,0.15377012845929217,0,0.0,0.5030242285882214,0.6309788901125883,12,5,7
2025-07-19 13:00:00,45.80251560870279,40.779105210701346,170.29881729551224,3.1493786605853225,0.7159297046988691,28.0,23.592159435792244,0.17772796517532524,0,0.0,0.47495249635806747,0.38391000759986404,13,5,7
2025-07-19 14:00:00,48.4714977765214,37.91071065327266,246.99725152210584,2.521684353504206,0.6489185310863006,27.94791398055936,16.567776616215,0.23470788538082632,0,0.0,0.5216683472584638,0.8358179818881422,14,5,7
2025-07-19 15:00:00,66.79030618813823,42.22699091434955,218.83725227239617,2.886816031242502,0.5321131615914211,27.84816806889883,24.08124134661036,0.1818333693422449,0,0.0,0.8423069535214105,0.6698989726512712,15,5,7
2025-07-19 16:00:00,39.942704518593665,52.55947178450703,200.65214957154075,3.511535608439152,0.3757665467999832,24.99741697549757,15.428018275120714,0.22126553533602725,0,0.0,0.37238678254748686,0.5627521579002804,16,5,7
2025-07-19 17:00:00,61.563727148320915,55.76686817981274,257.08000449996666,3.695413128528561,0.19578895449757944,25.59848950661701,24.517319110867234,0.24921888145814233,0,0.0,0.7508248559310768,0.8952256675784757,17,5,7
2025-07-19 18:00:00,42.026049760017344,36.46443176990242,244.05985189673797,1.9226920184339629,9.167854007363854e-17,24.97597661552117,16.059937311256885,0.1677168749668703,1,9.523097207455093,0.4088520863797503,0.8185107926637386,18,5,7
2025-07-19 19:00:00,43.842901424147485,26.058593232787743,233.4516724186597,2.3882055984259907,0.0,23.089735347562048,24.84592518858885,0.19175459405037418,1,12.591627721469974,0.44065288762639576,0.7560072885548809,19,5,7
2025-07-19 20:00:00,48.770599022892846,31.219580436756253,154.8873217995219,2.4873727055391193,0.0,22.065439582129503,24.315847587939537,0.16651267107661483,1,11.544438789967577,0.5269035898906883,0.29310531542361773,20,5,7
2025-07-19 21:00:00,27.992704717975347,22.903223971701003,189.03533852053928,1.1814533555533089,0.0,23.82224536736812,21.054865520205524,0.165428645451091,1,8.998268139735881,0.16322299881126262,0.4943057860455664,21,5,7
2025-07-19 22:00:00,42.47963636586118,26.562681408578396,195.63057097619648,1.4909636906377879,0.0,21.9602908408689,23.633717019624925,0.21330428265035917,1,9.222257916701993,0.41679132423023624,0.5331649644505794,22,5,7
2025-07-19 23:00:00,19.69386341416577,16.2189467068144,157.0917950741013,1.5995910856993925,0.0,22.06588020701466,16.43430487231005,0.1691376036767479,1,6.700824578434712,0.017966339673790733,0.30609409494608675,23,5,7
2025-07-20 00:00:00,34.60620148904225,18.85201484758764,124.58430287386547,1.1463484522729415,0.0,20.502425311000902,17.16905244539806,0.1982653948937154,1,11.56774766077712,0.2789806583462929,0.11455961190827024,0,6,7
2025-07-20 01:00:00,34.843150014854594,20.93945272276276,163.8264233622321,0.9495850069283684,0.0,20.20424339571676,19.748468898623184,0.24779414736219693,1,8.508628390504342,0.28312802663386943,0.3457745950496792,1,6,7
2025-07-20 02:00:00,26.658264072192708,27.62651297133394,166.59427731286985,1.7115469333984188,0.0,21.15057600580142,21.647997498402404,0.1833129482038759,1,8.09209739908863,0.13986595619199285,0.36208281939052,2,6,7
2025-07-20 03:00:00,40.692524737703124,38.267679411653276,155.72794555269212,1.468024894205531,0.0,22.06954954514872,25.28489481821762,0.23736298466854625,1,7.217586424124718,0.3855110701431021,0.2980582793434736,3,6,7
2025-07-20 04:00:00,38.60951291062752,25.67192429458002,130.35451187867355,1.585832004044474,0.0,21.747453189295356,21.890397988709797,0.18963650614180963,1,5.6076198487655695,0.34905160214412395,0.14855774353738593,4,6,7
2025-07-20 05:00:00,45.16323703393397,31.167911487717472,128.25242846591505,2.761780831018901,0.0,23.522145809388178,23.257511317396453,0.1762864910612442,1,6.45899501773376,0.463763046333706,0.1361722461485056,5,6,7
2025-07-20 06:00:00,54.51134515738442,37.66547484395973,169.9415840957374,2.234494414853857,0.0,22.616709761388208,23.433757517439986,1.3771887773368072,1,4.6688660941312365,0.6273852805177652,0.3818051858614981,6,6,7
2025-07-20 07:00:00,43.424412347366555,42.609156796717194,168.1883164630574,2.5443301548553205,0.19561693241849137,23.958384498945925,25.5386039542028,1.2207648580078432,1,8.632279091320658,0.433327970453824,0.3714749146863545,7,6,7
2025-07-20 08:00:00,51.17840778975762,42.94419241426967,195.1904451971945,3.4272096719494316,0.3778029227006362,26.46963851324454,24.398856672267982,1.634238866965322,0,0.0,0.5690480585596024,0.5305717387709882,8,6,7
2025-07-20 09:00:00,60.8932799805656,51.40888219484281,153.39574125975335,3.7721394944317375,0.5282578097985794,27.020583251543275,26.446699364361415,0.20090199446862136,0,0.0,0.7390898543626516,0.2843169073288288,9,6,7
2025-07-20 10:00:00,58.61755897990877,44.37193352675701,163.59135510480638,4.138695934996588,0.6491402983315178,26.49840960196344,16.150134280749,0.21138304631448765,0,0.0,0.6992573503319203,0.34438957042559243,10,6,7
2025-07-20 11:00:00,65.52110709393058,47.45486371217868,194.0052967905753,4.196736979662489,0.7284186896297752,26.168953741310137,18.04270575066222,0.18030927777301217,0,0.0,0.8200918498152728,0.5235888320002452,11,6,7
2025-07-20 12:00:00,48.17595211003266,64.12013874890806,188.75104765167538,3.187198212310002,0.7579826487783997,26.258260084429953,25.519680222034324,0.21534649654097027,0,0.0,0.5164953388148628,0.4926307412815835,12,6,7
2025-07-20 13:00:00,40.55920057409075,43.14515947523975,231.682955166831,4.386771216260645,0.7224398483045655,26.806888583917313,23.919994755208496,0.16645988882916476,0,0.0,0.38317746453725193,0.7455859880626018,13,6,7
2025-07-20 14:00:00,54.440493903322235,44.49711000634704,205.4294582298407,3.1942903063777948,0.6532663786685016,27.52168242131416,18.336388490112597,0.2152472716001199,0,0.0,0.6261451536031744,0.5909001103336252,14,6,7
2025-07-20 15:00:00,67.70128306892454,54.117862331660255,238.74844647733119,2.6617289693532973,0.5275779233005446,27.32535477452625,25.542200731723955,0.1581138158184274,0,0.0,0.8582520057775309,0.7872159365442942,15,6,7
2025-07-20 16:00:00,49.67914674028732,34.95416058011406,243.48859723529344,3.119014771471474,0.37274737745070985,25.275950681126652,24.370656492581514,0.19002731555530106,0,0.0,0.5428061239028902,0.8151449542413601,16,6,7
2025-07-20 17:00:00,66.5228340818472,46.77171957323594,175.70523391772664,2.440183750138138,0.18992334645960307,23.892133460298282,16.051065171432736,0.21097530487071472,0,0.0,0.8376253235022337,0.41576467071704487,17,6,7
2025-07-20 18:00:00,54.05498979517711,44.548322822523936,241.98238354150607,2.174990444669798,8.980771076176406e-17,24.533691382293988,23.69092591075333,0.23553175446092106,1,10.112065057915874,0.6193975804441086,0.8062703274504951,18,6,7
2025-07-20 19:00:00,45.58137331706483,27.587366187000576,217.6835961429874,2.1019079456754293,0.0,22.662527292740158,23.435458543788833,0.23124150260948384,1,11.212501956010472,0.47108178847230653,0.6631016187062593,19,6,7
2025-07-20 20:00:00,58.37376975977404,34.9718350271962,191.4102721938848,1.642500240384467,0.0,22.24093107656373,17.699466473915628,0.20269500770175883,1,10.18207582534158,0.6949902476902243,0.5082989200151574,20,6,7
2025-07-20 21:00:00,43.61476851353743,29.050538897765765,204.33406360921595,1.1168809776691524,0.0,23.459796443276478,22.393616136911184,0.23833706973681432,1,9.75500010340898,0.43665982121852115,0.5844460338059304,21,6,7
2025-07-20 22:00:00,40.286084682219766,22.60724832567563,141.26949996953596,1.3548962818459223,0.0,22.481529560527644,25.628593909950016,0.20059029652524407,1,9.75699530751197,0.37839704995186646,0.21286896719222353,22,6,7
2025-07-20 23:00:00,27.311989301561855,18.444912216805214,145.77705944527906,1.4450108754654576,0.0,21.50932949128093,22.705833291670952,0.20171667156215617,1,7.447573273350075,0.15130826956270996,0.23942755462895002,23,6,7
2025-07-21 00:00:00,25.148682590199655,20.240594715473275,115.25419203570341,1.0839820199248693,0.0,19.973848640758753,24.29453448974633,0.22205536466773476,1,12.010934018917679,0.11344338046814503,0.059586501553730686,0,0,7
2025-07-21 01:00:00,23.919597876706757,22.274173132478598,138.26583306468302,0.6647339767513779,0.0,21.556014385573846,16.89704638043831,0.23777823227711387,1,7.119504398552163,0.0919304086274906,0.19517133046604654,1,0,7
2025-07-21 02:00:00,27.577302545589536,25.857752052550453,140.44805107184047,1.3261677141614727,0.0,22.703596704362578,23.66674963684867,0.21027164962920858,1,10.535372016730577,0.155952112485058,0.20802898172078355,2,0,7
2025-07-21 03:00:00,30.184965323223057,30.694854885187432,149.56674929501932,1.471408463637872,0.0,21.73867461815894,18.201285398513146,0.24441917559196535,1,8.50445677240327,0.20159467502716935,0.261756446743193,3,0,7
2025-07-21 04:00:00,26.8555434749731,23.1784843891232,113.67357535667136,1.7679359841348474,0.0,24.083348396366855,16.8447852218601,0.17325860660526138,1,5.169532124378278,0.14331898606874935,0.05027349159791634,4,0,7
2025-07-21 05:00:00,43.953865463023156,24.469249246773366,116.24959944827113,2.1620455847810898,0.0,24.74512081757401,22.04235160227726,0.24243094290323952,1,4.894441828503916,0.44259511847301786,0.06545145240886878,5,0,7
2025-07-21 06:00:00,53.02811191088862,36.99568187191559,153.59121322248774,2.3053949203961563,0.0,25.889156532326005,24.19406946042184,1.2912397164309144,1,5.820814196383664,0.601423884436037,0.28546863017167695,6,0,7
2025-07-21 07:00:00,44.248262326649105,42.654146953318495,143.278400686151,3.7702599163462516,0.1896930207357373,25.303707680430954,21.985072018512362,1.5198116228587395,1,11.44415505573448,0.44774801913774376,0.22470543116370056,7,0,7
2025-07-21 08:00:00,53.36065517996935,33.661148232570724,203.29095079372166,2.8693881726385877,0.3661326702441529,26.305975520156064,26.058223342909297,1.722023847167975,0,0.0,0.6072444710115564,0.5783000022192684,8,0,7
2025-07-21 09:00:00,54.89172362133291,52.682214244437596,206.41247065495207,3.649517115777379,0.5058924619017039,27.750660539106843,23.44263926898694,0.23015841672968082,0,0.0,0.6340431382666099,0.5966920297934135,9,0,7
2025-07-21 10:00:00,43.75407524902334,50.9315807692012,182.58269743830516,3.992346291397163,0.6187220363252653,27.257184829379383,17.186732504952143,0.17781592621694645,0,0.0,0.43909814125034796,0.45628675749973097,10,0,7
2025-07-21 11:00:00,66.3627582437952,41.084068372178955,160.98117044553345,3.5267547714660457,0.6845786020352989,26.604812514418402,25.719965955656356,0.24858952202966417,0,0.0,0.8348234767632933,0.32901033519367706,11,0,7
2025-07-21 12:00:00,55.80219379083962,42.25820024367918,180.5607045195893,3.6626896467318217,0.7261578071359773,26.75627345961327,17.3553238157751,0.15806034221194848,0,0.0,0.6499793214306574,0.4443731541369481,12,0,7
2025-07-21 13:00:00,55.448192099506095,30.359089932119243,239.591134434665,3.787483065395548,0.7031149499090792,27.33768857377389,23.565562278395273,0.15347827470655748,0,0.0,0.6437831428161179,0.7921810627766082,13,0,7
2025-07-21 14:00:00,45.538657695859705,43.54477473423053,273.91813826706743,2.96965244554372,0.6358729857365145,25.505403469503708,17.103640672769558,0.23415294590437338,0,0.0,0.47033412645515354,0.9944361273253475,14,0,7
2025-07-21 15:00:00,55.180909179010506,40.53861726548603,199.665941978564,3.24493366040638,0.5226821359817896,26.172475343011975,25.79340213180512,0.23190189105753803,0,0.0,0.6391048241624194,0.5569414124781098,15,0,7
2025-07-21 16:00:00,58.53453893192849,32.732974917074266,247.0514111054751,3.8297337320501876,0.37067815502083845,26.787478965310378,18.841288603695553,0.22128174464133532,0,0.0,0.6978042300263767,0.8361370907181398,16,0,7
2025-07-21 17:00:00,44.791999998184984,42.98447286275274,246.51448386253549,2.9990066507304083,0.19107022146210498,22.77264576282104,20.475277961738087,0.23507740241149275,0,0.0,0.45726519324953613,0.8329735098035649,17,0,7
2025-07-21 18:00:00,54.923345427354704,44.594814594923236,154.8180872158477,1.8772808284146874,8.995445256155483e-17,25.71842791320207,20.160084446593714,0.1637559256227354,1,9.264191003285209,0.6345966225098273,0.2926973845346184,18,0,7
2025-07-21 19:00:00,29.785803864986804,32.452081172577884,229.96722714760563,2.3028643230677526,0.0,24.526358930460958,16.43309218088208,0.15956875449297594,1,11.139250543789894,0.1946080539125779,0.7354769006814028,19,0,7
2025-07-21 20:00:00,49.26975527738503,45.93800330786725,176.9582433932959,1.6236796385041765,0.0,22.217165971623743,20.505440588562543,0.24694026331109298,1,7.631073550778688,0.5356404445021657,0.4231474156137091,20,0,7
2025-07-21 21:00:00,43.93677522874817,22.73956597006694,209.02594229239955,1.2068851189438805,0.0,22.595482518693963,17.028218721611548,0.21242379927925456,1,10.25351997202135,0.4422959839018432,0.6120906319350105,21,0,7
2025-07-21 22:00:00,42.4707452227109,20.665454989161347,163.08446619624928,1.464012947814091,0.0,21.574957705210572,23.88305098490533,0.24198467471931326,1,10.9350771647025,0.4166357003662964,0.3414029756904445,22,0,7
2025-07-21 23:00:00,21.552526177002857,13.560689453490527,131.62428104725507,1.5388227342036813,0.0,22.498565944666716,25.653226466950766,0.24064432242122313,1,7.855419478632932,0.05049897085797823,0.15603923672005152,23,0,7
2025-07-22 00:00:00,27.121381960700955,30.020840638250025,179.85763526358159,1.7081786763192854,0.0,22.145495775282935,24.234613634337443,0.21531398393695,1,11.576441437606936,0.14797202242567625,0.44023066274881684,0,1,7
2025-07-22 01:00:00,32.597156188863266,19.279812230667847,123.21937747761186,0.8740131881645643,0.0,19.86141672168168,20.401120986592304,0.21284745129296567,1,7.6248769863366554,0.243815844648039,0.10651745723985429,1,1,7
2025-07-22 02:00:00,26.02046110388374,24.10050163117886,166.77347593182526,1.572300337876771,0.0,22.14489613268796,15.962696092640403,0.1859945803973479,1,10.28943767090552,0.12870233407019196,0.363138659522121,2,1,7
2025-07-22 03:00:00,39.33231700980361,30.31281963240388,118.25920404969351,1.159428422186486,0.0,21.825199457674625,16.40639908974822,0.16491100559519922,1,6.898363018225578,0.36170301995217286,0.07729206367697086,3,1,7
2025-07-22 04:00:00,38.14548164146387,27.45914721127087,158.0610022414193,1.360608236510883,0.0,22.73141066898392,21.379806801090687,0.21866049526758757,1,4.877592525889496,0.34092954878432635,0.31180467368299253,4,1,7
2025-07-22 05:00:00,37.42382165534427,25.37355511298425,144.98649965038996,2.7151874632338444,0.0,22.640372226901718,23.41092243218166,0.23178605699463964,1,6.178311466426894,0.32829815666832013,0.2347695680733624,5,1,7
2025-07-22 06:00:00,41.36795407329698,41.12843400742868,197.7614538521156,2.6544284413994017,0.0,25.889554219977043,24.93477620044233,1.5334678125281278,1,4.986569436646161,0.39733327581978706,0.5457201485767281,6,1,7
2025-07-22 07:00:00,48.52081374752058,53.267519444150615,142.90851193040646,2.387761402253515,0.18589434632133955,25.9543447185518,22.552078791611518,1.16315185508651,1,10.540183485735716,0.5225315368203816,0.22252604275758667,7,1,7
2025-07-22 08:00:00,56.33690504370477,37.44404090340655,171.7915205707273,3.3118691039584207,0.3589449346763581,24.89445593851074,26.558858357021617,1.2336882792703268,0,0.0,0.6593385039178257,0.3927050308636118,8,1,7
2025-07-22 09:00:00,58.44862858778345,47.338310558464165,203.65616646237635,2.934495380019265,0.5118700031182368,24.91733090678185,21.287122830778483,0.1601960338415209,0,0.0,0.6963005201566471,0.5804518567475171,9,1,7
2025-07-22 10:00:00,59.191077120444696,46.170345244001204,247.76204232754404,3.4317465981305095,0.6200548651376573,26.339411548519113,22.312805999546118,0.21578316486290033,0,0.0,0.7092957793124505,0.8403241372891614,10,1,7
2025-07-22 11:00:00,51.10481424078994,53.48100594237669,187.85815317318165,4.8890743351980355,0.6932216878107657,27.455667623334715,18.278020251091984,0.2064789087136868,0,0.0,0.5677599325832438,0.48736979770303285,11,1,7
2025-07-22 12:00:00,51.244384008409774,46.73958957661766,203.57316495219126,2.694769371519289,0.7144082265903807,27.35996560663893,19.31643505675777,0.19665002939436807,0,0.0,0.5702028565311621,0.5799628109839517,12,1,7
2025-07-22 13:00:00,44.271677909103424,33.80459454217026,214.46018978624485,4.002174929324506,0.6833127566194916,28.0,22.781624241890245,0.2043408555900965,0,0.0,0.4481578678328274,0.6441092748380659,13,1,7
2025-07-22 14:00:00,51.70807574358895,46.81313314616726,192.79705404257936,3.927189833225232,0.6264109431740434,27.50047843458039,21.804528836748872,0.17759548423542582,0,0.0,0.5783189669441744,0.5164698531292785,14,1,7
2025-07-22 15:00:00,49.11533355721325,45.37697648727575,253.32977811217268,2.337709028513057,0.518567528500123,27.19972234813982,19.300802889495692,0.23047271715216602,0,0.0,0.532937563178225,0.8731292945935523,15,1,7
2025-07-22 16:00:00,51.6029476197553,52.2341323334389,170.85377726360107,3.9557941897765234,0.3647692532278712,25.932031598790385,16.576806178425645,0.18285452513725056,0,0.0,0.5764788835529596,0.38717983751906676,16,1,7
2025-07-22 17:00:00,59.689019903883,49.575755395154964,229.61153208959428,3.0827105774825165,0.1884782727152989,23.488670566081417,18.90250234987384,0.21443011938862278,0,0.0,0.7180113942418093,0.7333811416903473,17,1,7
2025-07-22 18:00:00,49.53897564219747,37.39198043220491,203.39289699575355,2.946809672041981,8.756304518442663e-17,23.90214233798201,15.8275947966382,0.18908742466319775,1,10.193986739088064,0.5403526747199523,0.5789006703047538,18,1,7
2025-07-22 19:00:00,31.577809387773407,23.272114524495787,165.7903034664454,2.2517331554221767,0.0,24.37779492909997,21.34558917224828,0.15721665249729957,1,13.083092908846071,0.22597396704028042,0.3573457971034021,19,1,7
2025-07-22 20:00:00,54.512139381369764,43.456716781722534,179.3547426180644,2.4932026261412625,0.0,22.538953600462573,18.74696807229578,0.1756951424421196,1,11.660458684865725,0.6273991820153955,0.4372676140371738,20,1,7
2025-07-22 21:00:00,39.51154889168639,30.223400877000987,197.6347143138947,1.5651302455726732,0.0,22.468553509555537,19.40609593258754,0.24650983273954685,1,11.493863377750312,0.3648401596347046,0.5449733978958676,21,1,7
2025-07-22 22:00:00,26.25675485868006,28.110273314652233,155.63532831377012,1.6689025438936524,0.0,21.166258666311297,21.529040293505425,0.16905371204414907,1,10.756701986482202,0.13283824173973693,0.29751257760591576,22,1,7
2025-07-22 23:00:00,19.396951392921814,15.860800501436053,123.03370068309425,2.077964808571559,0.0,20.151786328739572,21.718852650102136,0.16049286935611073,1,4.881987697224014,0.012769415587068787,0.10542344763028524,23,1,7
2025-07-23 00:00:00,35.40741137422454,29.91175600890364,111.98470376370068,1.3585979041951972,0.0,20.95231681206685,21.92760476978659,0.17911521922269835,1,11.975703933995565,0.29300443189839975,0.04032264256027365,0,2,7
2025-07-23 01:00:00,27.604435985239114,19.50956306670014,160.99802112002382,0.713999612383593,0.0,21.483208818879977,21.040573131437835,0.23779259079646564,1,7.06356835684047,0.15642703574845343,0.3291096195434962,1,2,7
2025-07-23 02:00:00,27.777638978460658,20.321252581666485,128.13032020838284,1.3733179538962135,0.0,20.814445663053394,21.12380085518279,0.1806026424326359,1,7.1116714841535655,0.15945865031088907,0.13545278302175878,2,2,7
2025-07-23 03:00:00,30.59817785250334,39.79579829979433,171.84398184268647,1.4058553329722534,0.0,21.707441507076105,24.783141667211098,0.19173801396292134,1,7.68934466664118,0.20882723549189902,0.39301413322507095,3,2,7
2025-07-23 04:00:00,27.564789716088956,27.653529764458344,153.87318144410577,1.7964926157331442,0.0,21.62126611952362,21.085309792914977,0.1810076921302368,1,4.783222072459581,0.15573309735474378,0.2871299898738661,4,2,7
2025-07-23 05:00:00,44.63989972786437,26.843034896845676,146.882360810189,2.774405917814723,0.0,24.399766176102947,21.869980214195156,0.248897356270468,1,4.594513397202516,0.45460294483293645,0.2459400017972825,5,2,7
2025-07-23 06:00:00,54.5907043648195,49.220214838259096,165.157193612057,2.8087069237126165,0.0,23.758764436843272,26.748471172401512,1.8749063243559703,1,4.301112048948005,0.6287743242314372,0.35361550723916113,6,2,7
2025-07-23 07:00:00,49.513700872313095,33.9619642546585,166.01107399623177,2.9407960041712706,0.18714959407197584,26.27866744563208,18.056967957830825,1.4870795649377389,1,11.78236532159146,0.5399102842103052,0.35864657936713845,7,2,7
2025-07-23 08:00:00,56.80843828975666,30.579479506995636,216.52299741449576,3.2667084122840104,0.36243537268729625,27.074429958626197,23.859454601857614,1.71361928217639,0,0.0,0.6675918662230312,0.6562633588950524,8,2,7
2025-07-23 09:00:00,58.501010617722116,50.36561081680723,186.35743525344606,2.9133685514669287,0.49967701825856514,26.082176603869684,21.06727886410155,0.17200598375663936,0,0.0,0.6972173757017986,0.47852755207019193,9,2,7
2025-07-23 10:00:00,59.30177437949808,38.687372347748706,160.40645085887473,3.9825222781619636,0.6268064804470347,25.627742596789062,24.76200534864365,0.1874295146694164,0,0.0,0.7112333406462704,0.3256240813958038,10,2,7
2025-07-23 11:00:00,49.61274414301093,56.12705352494153,218.3952269889442,3.172890085449949,0.696939307882477,24.84620039002143,20.115541879885775,0.21793396714287383,0,0.0,0.5416438629214696,0.6672945550716523,11,2,7
2025-07-23 12:00:00,63.39923981138268,61.911349464495515,227.83940450790948,2.868537460056015,0.7396828409161603,25.558482166670437,18.93138898371436,0.17863284005651903,0,0.0,0.7829522852287649,0.7229397474989925,12,2,7
2025-07-23 13:00:00,41.44323596878597,36.55538907454211,247.64252299897487,3.8629590088989896,0.7164677759466986,25.550653126336364,17.82125314574331,0.1724698742853178,0,0.0,0.39865095334029194,0.8396199281588625,13,2,7
2025-07-23 14:00:00,48.435099337360306,49.61155443801334,267.66125557061093,2.5382015974134666,0.6404860564669455,27.99944032767328,24.61196048453853,0.24222378819955204,0,0.0,0.5210312564313465,0.9575705092299178,14,2,7
2025-07-23 15:00:00,42.30129056361371,36.547772825521356,212.41480697815547,2.474025220855517,0.5234535269686453,26.256216221919416,22.900300088439145,0.17442980759016513,0,0.0,0.41366969381735347,0.6320578580031802,15,2,7
2025-07-23 16:00:00,43.381291309038104,44.33345802515065,198.76580241619362,3.5516877458842626,0.36736117908456156,25.904845405249603,16.216045781096124,0.1559277818940874,0,0.0,0.4325732123211128,0.5516377807898049,16,2,7
2025-07-23 17:00:00,42.57754718730534,56.31338358066778,207.32314511776872,3.1180414550653386,0.19024321221027618,22.567439387275165,22.70713063412566,0.2251088013974817,0,0.0,0.41850508140376547,0.6020577332250077,17,2,7
2025-07-23 18:00:00,41.854100231205955,42.663660783445515,240.01989019112972,2.554355434871348,9.170130511452401e-17,22.80959200312648,15.733910219273408,0.17432682879288014,1,14.030948829998763,0.40584241151297834,0.7947072961648409,18,2,7
2025-07-23 19:00:00,44.44559811592182,27.504573158893212,236.0357478040469,3.0843846959378083,0.0,24.114329038596757,17.250995769200895,0.1950184147378704,1,10.40396611977883,0.4512020359611348,0.7712326876727894,19,2,7
2025-07-23 20:00:00,45.48915857919214,32.788573140174066,222.4111505952368,2.1410120733324827,0.0,22.786621270609885,21.52127192094303,0.1611557033965918,1,10.065640152346552,0.4694677312495861,0.6909564188387083,20,2,7
2025-07-23 21:00:00,42.402170565337364,23.64931349635733,146.71903333362326,1.524163262369664,0.0,21.727455094391694,20.269755620738103,0.15685155784066973,1,9.955377395921234,0.4154354212831183,0.24497767460214862,21,2,7
2025-07-23 22:00:00,37.448713828363346,26.46096441869563,159.7516289249501,1.4751452431309324,0.0,21.95887322192285,24.282517157389236,0.1960445671734503,1,12.281926565003232,0.3287338504909943,0.32176586373251786,22,2,7
2025-07-23 23:00:00,25.004452335355253,18.811198715548592,133.46994202687756,1.920240321712688,0.0,22.72624656160589,21.99645842795355,0.18370883422037584,1,6.637878191912364,0.11091888286682004,0.16691389045887484,23,2,7
2025-07-24 00:00:00,28.654095734195785,18.73888543811989,135.7640395457982,1.0614338380749557,0.0,20.76329573408065,25.88223290448327,0.2005925226932003,1,9.782364596979768,0.17479948833343442,0.18043073696362041,0,3,7
2025-07-24 01:00:00,35.49509709390072,20.493755526099005,108.26170479355822,0.8352483228009889,0.0,21.152035290308064,24.881818836237343,0.24657832552602021,1,8.636784012435879,0.2945392166024258,0.018386693804085523,1,3,7
2025-07-24 02:00:00,26.226793069681175,28.662085646367522,116.24208254901085,1.2221668911838142,0.0,21.571061250418055,19.55228753551237,0.1907388286247944,1,9.502343711438355,0.13231381318249216,0.0654071627600396,2,3,7
2025-07-24 03:00:00,43.36758549579982,31.109716469256114,134.08814274054868,1.32104685456758,0.0,24.24342022090728,24.921208426591303,0.21026571037428612,1,6.847871015595964,0.4323333161032105,0.17055633551053426,3,3,7
2025-07-24 04:00:00,35.23658554399612,20.54921216106668,135.52578525888194,1.7504791527262236,0.0,20.36935786256915,25.397426609419043,0.15975953823017325,1,4.767440451902084,0.29001442540412276,0.17902694022055088,4,3,7
2025-07-24 05:00:00,35.25835465397701,34.41422182312984,134.93843841181373,2.5721866430452547,0.0,23.871556017922448,26.528505188980787,0.23859176049948427,1,5.037303947278415,0.2903954554868125,0.17556628647266553,5,3,7
2025-07-24 06:00:00,42.64985282466345,35.689426959128205,138.42476616690425,2.6474793254741655,0.0,23.846056716810395,16.260051469278817,1.7293958275832968,1,6.421021617881286,0.4197706647466621,0.19610776596171725,6,3,7
2025-07-24 07:00:00,47.14486636244217,49.05932136556213,190.7645628904425,2.964792201354745,0.19436391660386343,25.30014947188775,25.508271915968283,1.516805254195079,1,7.294283856307997,0.4984479915411531,0.5044943940657017,7,3,7
2025-07-24 08:00:00,55.2083870622688,32.62367529214389,161.5094729830252,2.84541841679895,0.37594150189940384,24.795602520952876,16.823793120657783,1.262532655707473,0,0.0,0.6395857763069601,0.3321230992538132,8,3,7
2025-07-24 09:00:00,64.50970020076788,44.38210451767108,210.0108371450916,3.6775073702833425,0.538606993491391,26.021377673953975,21.653740305194226,0.19259499193876958,0,0.0,0.8023889463675369,0.6178936426777343,9,3,7
2025-07-24 10:00:00,65.05000923903661,45.89123996434665,186.8625109081664,2.761027424180766,0.659577297840264,27.254549262164563,20.3433001098699,0.1797383995908648,0,0.0,0.8118461082685204,0.4815034630948248,10,3,7
2025-07-24 11:00:00,50.31245075044714,46.45564049313687,239.73303411881972,3.8471868625210615,0.7476078471863796,28.0,25.565334883773964,0.24945167553931824,0,0.0,0.5538909996543943,0.7930171371954032,11,3,7
2025-07-24 12:00:00,57.27238341139618,53.343358448989505,178.92833006700891,2.692566021552692,0.7706534139145248,27.745157360449685,20.004094321097305,0.1990838288533422,0,0.0,0.6757124117215396,0.4347551868396475,12,3,7
2025-07-24 13:00:00,38.29741271747275,34.90770184587705,181.20679718938104,3.277559986274522,0.7358685482562767,25.982851645578695,21.872824134691783,0.19222331049850025,0,0.0,0.34358883575130106,0.44817993888493257,13,3,7
2025-07-24 14:00:00,62.129468548370774,41.86664663567954,239.7639493745105,3.2391605315617653,0.643053432137263,26.103467719725412,22.74074122556914,0.16690583161099665,0,0.0,0.7607271667114113,0.7931992902043232,14,3,7
2025-07-24 15:00:00,50.47190617611369,46.942618146526485,263.99495177004263,2.3617156012141787,0.5256992578674575,25.593061685234275,15.681283383813156,0.17391089493695258,0,0.0,0.5566819871628593,0.9359686090040881,15,3,7
2025-07-24 16:00:00,48.120548673054024,36.977469688641214,176.32616792426546,3.31903655653044,0.3633926521191256,23.62550937315851,21.50207826751831,0.2211587714187803,0,0.0,0.5155255988396501,0.41942322035878404,16,3,7
2025-07-24 17:00:00,65.09648649188897,57.53022965576963,163.88895974318248,3.900478548090764,0.18878772069983812,24.363509423249685,20.70160666321743,0.20349093325747236,0,0.0,0.8126596110489774,0.3461430600583796,17,3,7
2025-07-24 18:00:00,44.93188129250621,42.84806125124718,243.46372068218236,2.708072907015188,9.057407820429008e-17,24.64595433550962,21.46358855611981,0.18580313127047043,1,14.08225335150575,0.4597135699258801,0.8149983813310124,18,3,7
2025-07-24 19:00:00,39.19376230718323,35.380751168094555,153.93132525252236,2.841948911144863,0.0,21.858411615603195,16.16479963926035,0.17970136858774596,1,10.764620907107323,0.35927786293643577,0.2874725737993909,19,3,7
2025-07-24 20:00:00,40.60335297850225,42.583050208814875,157.53302277891146,2.0892464165550324,0.0,23.453551981663534,15.996574618856695,0.17007402462436413,1,11.177511208723764,0.38395027492401723,0.3086938131840308,20,3,7
2025-07-24 21:00:00,36.346750226772826,22.94913404372047,206.07848785793107,1.746868936516752,0.0,22.267485115162785,17.31766479902116,0.15338978928563618,1,9.820181142796082,0.3094459107174435,0.5947241996705325,21,3,7
2025-07-24 22:00:00,41.99344898370137,27.164803430621383,184.23343143681774,1.2921239276155352,0.0,20.56467525981636,24.58356950994317,0.2477149968607385,1,11.22270706760813,0.40828146697885,0.46601289943312074,22,3,7
2025-07-24 23:00:00,25.616503601046876,20.82679593184335,139.78767230672506,1.757049662757765,0.0,20.853624682997008,19.372823700604766,0.22531103509106298,1,7.1360001209891095,0.12163176660812194,0.20413802315017396,23,3,7
2025-07-25 00:00:00,28.954754365029103,18.811284881854082,178.39382757877942,1.4711584483236233,0.0,22.48719346554878,20.30734178360291,0.24278708151139985,1,9.989148185597402,0.18006199024868932,0.43160589260511034,0,4,7
2025-07-25 01:00:00,22.438443831655732,21.375081549190956,146.17273680953897,0.9636036484327433,0.0,21.720574705984877,19.969048707471128,0.19125508663942883,1,8.983892085356269,0.06600540531970342,0.24175888978536475,1,4,7
2025-07-25 02:00:00,30.9871841218192,23.320947844939884,110.05737838393853,1.4084351956623788,0.0,21.291437385155113,23.527682631951343,0.2369382750315201,1,10.231712115503584,0.21563610783874274,0.02896682132421629,2,4,7
2025-07-25 03:00:00,41.062967297806,27.394394808164115,155.7160350782035,1.1528266409717767,0.0,21.517644710274904,18.785527561471394,0.17562499219098138,1,6.557222838737882,0.39199501732476155,0.29798810270358206,3,4,7
2025-07-25 04:00:00,25.62483634276475,23.123128958272304,148.06828327550082,2.099445603046083,0.0,22.449168731453632,16.8076973178142,0.2009834813907556,1,4.801865097833858,0.12177761663453923,0.2529274693299144,4,4,7
2025-07-25 05:00:00,38.32365978960688,34.81568156008595,157.22210324415798,1.8105110570809162,0.0,22.58024312108324,20.174380789741242,0.17024794398540555,1,6.6873118350235945,0.3440482447062106,0.30686187204293797,5,4,7
2025-07-25 06:00:00,49.587578467942386,44.9229344544177,199.5283395460372,2.3209968050655223,0.0,21.759611327177083,23.949232003265013,1.7027528740018556,1,4.5176430209153375,0.5412033819251987,0.5561306575107187,6,4,7
2025-07-25 07:00:00,55.758267258292825,38.41062574704442,140.17224212052147,2.9695297593840397,0.18862324288921187,26.6788857646441,25.94033432707789,1.4982015051997923,1,9.72014972070487,0.6492104645346578,0.20640391250342627,7,4,7
2025-07-25 08:00:00,35.573339612637426,40.55062943252661,194.11163102591027,2.843064930661607,0.35997985826643875,25.511458473364744,16.619389140635512,1.5272047037960863,0,0.0,0.2959087146393359,0.5242153544237116,8,4,7
2025-07-25 09:00:00,62.96598438853633,40.30853736376452,186.4258887584333,3.8002356073988066,0.5119853260365519,26.371476709785764,24.6686511379831,0.23594546297035657,0,0.0,0.7753689090715461,0.4789308808354224,9,4,7
2025-07-25 10:00:00,53.84577705704866,48.667678555967235,177.18931248879957,3.5436744620149314,0.6223912262638395,26.388046063215455,16.640664146344648,0.22392174174664894,0,0.0,0.6157356784656249,0.42450887713404717,10,4,7
2025-07-25 11:00:00,52.058451479873824,55.64005519335874,228.44043919009295,4.045489156774466,0.6958944992232804,26.006399656340033,19.340388946392753,0.24662659567326528,0,0.0,0.5844516795762631,0.7264810501141162,11,4,7
2025-07-25 12:00:00,74.82276929536157,54.41216876670502,232.6937000902854,3.0228103397085233,0.7237991186644311,26.653668751658543,15.984166045107456,0.19053359991826443,0,0.0,0.982901129610144,0.7515413076918266,12,4,7
2025-07-25 13:00:00,41.86290158333912,45.19602141199387,257.6085494203251,3.7280169866432264,0.7059839097282841,25.133823083774992,25.165149609117126,0.19614547224711895,0,0.0,0.40599646374267556,0.89833985976099,13,4,7
2025-07-25 14:00:00,51.9152848227276,40.567053890929905,261.67561587051546,2.9641883081150078,0.6453211504279703,28.0,22.895435825201318,0.21153386857597828,0,0.0,0.5819457983868742,0.9223030576976183,14,4,7
2025-07-25 15:00:00,50.23991684152032,47.94724965170888,225.3950439513406,2.3898378922809456,0.5268361941783344,24.713921630032075,19.295500387270152,0.19533124514941863,0,0.0,0.5526214208181228,0.7085375496094533,15,4,7
2025-07-25 16:00:00,51.23706052572143,47.50242642251097,195.92137531942635,4.090189622502888,0.370207657562815,24.290972788629865,19.30681284687898,0.1919615379668294,0,0.0,0.5700746718136076,0.5348783866734501,16,4,7
2025-07-25 17:00:00,55.484535847046196,53.465815559752365,211.36484252880226,2.5444988977234715,0.19424855007053893,24.154955679632305,21.951617695251258,0.18405717419299505,0,0.0,0.6444192763623501,0.6258714565183713,17,4,7
2025-07-25 18:00:00,35.23978848287603,39.114701200181344,185.9255126702863,2.698824263992478,9.251093816245989e-17,25.10264504060189,16.293895124898604,0.23318842193270928,1,9.175310961597324,0.29007048723059764,0.47598265970604764,18,4,7
2025-07-25 19:00:00,40.995092887966436,36.7131831068913,169.16231965217904,2.998774847818043,0.0,23.0484256397014,16.875761889616044,0.2033489363642699,1,12.136577442923072,0.3908069948462866,0.3772137516337412,19,4,7
2025-07-25 20:00:00,51.70350063090592,45.198769316811166,184.641783999945,1.6863335559710977,0.0,21.070035334829488,24.137665272779657,0.21074031291775674,1,8.262855132281393,0.5782388876223528,0.4684189169934412,20,4,7
2025-07-25 21:00:00,41.27153158604063,31.483190709000393,183.0437864276566,1.2663031354240017,0.0,22.9349794004502,17.573358122606837,0.17040755339175453,1,10.4913382489372,0.3956455693253692,0.45900349863330936,21,4,7
2025-07-25 22:00:00,27.622611332564507,30.80337888717292,167.24570295283155,1.5116827575778846,0.0,21.930668950521845,23.101663876193243,0.17517764804111513,1,8.221769326027292,0.15674516332006247,0.3659210260543591,22,4,7
2025-07-25 23:00:00,22.363178477284077,15.98013411946658,186.18702317404586,1.6171226384438313,0.0,21.434178066889956,18.009262814796145,0.18397932084208005,1,6.77958263206757,0.06468801732244096,0.47752348232127795,23,4,7
2025-07-26 00:00:00,35.47110922502894,23.619566888331608,130.72395925321737,1.5848083063624283,0.0,21.505023786949995,16.67553633054551,0.19653689763081647,1,11.371200506978846,0.2941193510375134,0.1507345313208624,0,5,7
2025-07-26 01:00:00,23.98520877910773,22.109986082210522,132.33988787028264,0.7462690966238327,0.0,23.281635830696636,25.355633335506106,0.15439273036109694,1,10.154899560424193,0.09307881237891373,0.16025559958380778,1,5,7
2025-07-26 02:00:00,36.7464856139199,24.135940485116723,151.73499762564876,1.9364593063238427,0.0,23.367824864010903,25.517773321215984,0.2388391361587388,1,10.352078955263757,0.31644257745082877,0.27453178851814863,2,5,7
2025-07-26 03:00:00,30.888036036634915,37.55987233519985,148.45646361982872,1.8114862971702583,0.0,20.968518175439847,22.477945004901507,0.24037122544530354,1,8.812590186384451,0.21390069453385935,0.2552146319667095,3,5,7
2025-07-26 04:00:00,30.48062732198019,18.799734961601295,109.15466778604565,2.0323577557257604,0.0,23.896179449004418,21.026148154343257,0.2161679920052346,1,4.717431896509893,0.2067697196630577,0.02364804106780155,4,5,7
2025-07-26 05:00:00,42.627204041180406,23.960606683222448,137.47610528258474,1.8552251533308477,0.0,23.3747390195422,22.049682641417036,0.18160528341559218,1,5.394461942447828,0.41937423752244657,0.19051824613849888,5,5,7
2025-07-26 06:00:00,55.73580466303229,48.12484785737471,140.30094819749098,2.3546265574704517,0.0,24.26285020702829,20.512369837286872,1.413988728496695,1,4.911245576867111,0.6488172962086645,0.20716225005110092,6,5,7
2025-07-26 07:00:00,52.37202573907973,33.278565112966824,198.4800490664835,2.579146552176998,0.19194557502525592,22.84366003945515,24.245399282100884,1.6755382491533146,1,7.703982883136452,0.5899402469094941,0.5499541190734251,7,5,7
2025-07-26 08:00:00,55.15453897908733,33.2630178860764,212.96238577964363,3.0931325857868837,0.36564176260999076,25.084800236606636,24.161014134247765,1.339718254110205,0,0.0,0.6386432600715541,0.6352841980117995,8,5,7
2025-07-26 09:00:00,60.9899789849683,42.7223121473846,169.78449307933664,2.461213632645582,0.5069298773649707,25.059387944929966,24.759227454131466,0.21089180226130352,0,0.0,0.7407824008046482,0.3808796039546912,9,5,7
2025-07-26 10:00:00,53.80575821669771,51.893139828181,160.20711536275365,4.196092157242408,0.6267292834437285,27.172724333383893,21.493589593298605,0.24062710781399255,0,0.0,0.6150352188666126,0.32444959457395167,10,5,7
2025-07-26 11:00:00,69.01268582930594,47.838311143393646,177.58337243643717,4.044732158351759,0.6903392289163764,27.711138329769337,24.3129973226422,0.19104478320577828,0,0.0,0.8812058106260724,0.42683068245485656,11,5,7
2025-07-26 12:00:00,66.61245399574618,64.93357567500469,179.93017239563744,3.6741605126275765,0.7214062966087247,24.663477972993,17.38504526266029,0.20870487639628532,0,0.0,0.839193962883153,0.4406580522873203,12,5,7
2025-07-26 13:00:00,52.98975453896847,34.966945040536615,189.93385603648397,3.6706825787594646,0.6929657677639977,26.609383844750926,15.967407661445787,0.24285897870687978,0,0.0,0.6007525059273462,0.4995998606194162,13,5,7
2025-07-26 14:00:00,48.546680749094925,49.264329626446326,190.81093925271568,3.2640129584472066,0.6260613735651803,27.449248786507,22.286050379210796,0.1840581565908969,0,0.0,0.5229842933068647,0.5047676440758364,14,5,7
2025-07-26 15:00:00,66.2812916539598,42.23348059592334,216.4330240582617,2.538056262113646,0.51345577438691,25.659615228897508,16.573687442974624,0.22596397455130504,0,0.0,0.8333975470174888,0.6557332349418629,15,5,7
2025-07-26 16:00:00,45.37976510242643,37.77337888224436,195.28483749630325,2.9812605043116482,0.3611615796213106,25.94969320899729,21.088051006933206,0.22551218558958241,0,0.0,0.4675529903376078,0.531127899181677,16,5,7
2025-07-26 17:00:00,40.80268492748944,46.20503740796421,214.5142361382986,3.1975347274411714,0.18545410345544447,24.843900824559206,22.78545153814845,0.24284951938053967,0,0.0,0.3874392310215327,0.6444277165079717,17,5,7
2025-07-26 18:00:00,37.61857435754576,28.4596333730721,184.41346243408415,2.69878159484561,8.83286014932489e-17,24.053580054732695,19.5476256188296,0.23585893191831486,1,11.30892715659954,0.33170696108379893,0.4670736439464103,18,5,7
2025-07-26 19:00:00,30.53132479061786,27.922959415501037,220.30257315156328,2.2065050557010637,0.0,22.659782256327183,15.837846846977575,0.22488281835850277,1,8.041662450393888,0.20765708991770446,0.6785326585519558,19,5,7
2025-07-26 20:00:00,44.061448145784176,36.155467426906405,220.5713230005364,2.315925398872575,0.0,20.986601060503013,24.54805059443059,0.21365154281042587,1,11.214633511115181,0.44447816461245165,0.6801161354646776,20,5,7
2025-07-26 21:00:00,42.29740449440332,22.951961732295956,161.4972536809439,1.6843484066168473,0.0,20.455951818853663,15.931263180082931,0.1741188290998158,1,9.225918208917458,0.41360167499279543,0.33205110299852514,21,5,7
2025-07-26 22:00:00,37.36243103483318,31.00951308279181,123.95748278292439,1.3917753144039144,0.0,21.80569201065519,24.949307289707054,0.21706486726679597,1,10.630208928033916,0.3272236215481313,0.11086638139585175,22,5,7
2025-07-26 23:00:00,20.767023674171664,16.919259163322685,131.96069076073738,1.8564272646253273,0.0,20.811702836692096,16.20215858167757,0.17764434661518355,1,7.658078288023583,0.03675012747992685,0.15802136626003083,23,5,7
2025-07-27 00:00:00,37.75947398973421,30.34184728448385,116.42223750908698,1.2970984117699955,0.0,20.547109124953685,23.46917473391927,0.1940019605356189,1,12.065361136132644,0.3341731619781331,0.06646863766349682,0,6,7
2025-07-27 01:00:00,29.370517843541943,25.700393493071214,130.39064980527593,0.6863989334469626,0.0,20.35954611718875,25.61779013422772,0.22096986368343746,1,9.624102472097293,0.18733920060484183,0.14877066857778,1,6,7
2025-07-27 02:00:00,33.96411175104266,20.844952797480214,150.15799639261186,1.7963678619025936,0.0,20.77353381192648,25.574165833073994,0.2174894247656956,1,9.115663544780162,0.26774200384093916,0.26524008080784023,2,6,7
2025-07-27 03:00:00,36.892881790412865,32.08242219511632,142.69940600203074,1.9133917737110997,0.0,22.597968513906842,25.553636207203212,0.19011990928864997,1,7.738110897625554,0.31900498571113683,0.22129398844700235,3,6,7
2025-07-27 04:00:00,39.27938895559525,25.875303095461984,126.67131876628822,1.7526836055568877,0.0,21.832704141438704,25.538277200429327,0.16826756859760567,1,5.038226424637703,0.3607766072100201,0.12685633131020552,4,6,7
2025-07-27 05:00:00,33.0292928931401,32.509068387443946,171.9894297212349,2.8640512467097516,0.0,21.54599050341505,21.59477884470324,0.19841424540871092,1,4.5666839497525205,0.2513796395991626,0.39387111364223515,5,6,7
2025-07-27 06:00:00,39.06740648484297,48.20438303063511,130.51845835037832,3.0089972620836645,0.0,24.402721226952988,22.120176489797167,1.3274796903541906,1,4.084094707445717,0.35706622592064075,0.14952371785833402,6,6,7
2025-07-27 07:00:00,44.020094457431156,45.336582500375044,146.5918371205872,3.191508920736359,0.18323837573043963,24.226199995201192,22.768905932196077,1.3165758590199999,1,11.078456648066993,0.44375434084076265,0.24422823318851497,7,6,7
2025-07-27 08:00:00,51.54564309719162,29.567772028300958,195.84424355334073,2.81995872179522,0.35233893630775925,25.18155843688348,25.67619623194535,1.3700951890849238,0,0.0,0.5754758684094784,0.5344239255033296,8,6,7
2025-07-27 09:00:00,59.56306883494814,45.722995716825245,161.5366264675575,2.825539519962415,0.5063417710231358,27.374597246440704,24.964016677460922,0.2206237758485625,0,0.0,0.7158068417243545,0.332283087867839,9,6,7
2025-07-27 10:00:00,44.97680623841347,54.98409968736146,217.87627158785892,2.882243151316672,0.6155908103847029,26.218743255450903,24.2566472732947,0.19972858319678408,0,0.0,0.46049990229633087,0.6642368644366968,10,6,7
2025-07-27 11:00:00,44.85735308212813,51.41214433420118,257.9539620345689,3.8378368044542763,0.6804025967873141,26.82371074053661,22.98588388480291,0.18731709768241434,0,0.0,0.45840908434112193,0.9003750344861399,11,6,7
2025-07-27 12:00:00,65.58086985654936,62.69921626838284,250.2020192858183,3.6652643490472294,0.6933344278120827,25.45334106879422,22.2430290808652,0.2400594814195176,0,0.0,0.8211378921386565,0.8547005069718359,12,6,7
2025-07-27 13:00:00,54.88125805817388,43.996775147399596,181.46988968963555,3.6204388033936175,0.6764498389676903,26.30588054489764,25.279156856848253,0.22067806742984267,0,0.0,0.6338599569422755,0.4497300826400085,13,6,7
2025-07-27 14:00:00,47.46019584609473,32.06660569097862,222.2548263653579,3.5209597746236296,0.6088449758357232,26.830875722290113,17.561183443069915,0.19946528273312766,0,0.0,0.5039672809992957,0.6900353548460845,14,6,7
2025-07-27 15:00:00,64.6366524819684,58.461900605267694,210.14534159995995,2.5294052280129447,0.5010611330356216,24.184714014165927,17.474378211662195,0.19212883628292118,0,0.0,0.8046110233493684,0.6186861443284554,15,6,7
2025-07-27 16:00:00,62.62727648888029,52.3270246759997,267.4072273848615,3.100002787364484,0.35538980128272674,25.31509942997327,25.52845963632112,0.23188968312176395,0,0.0,0.769440421451844,0.9560737725104302,16,6,7
2025-07-27 17:00:00,46.11317327010374,37.60863753722164,256.6479521118855,3.0816256159154327,0.184217676349953,24.486982473231752,21.06237001252411,0.167292449392747,0,0.0,0.480390013763039,0.8926800104023808,17,6,7
2025-07-27 18:00:00,46.050862164538295,29.21109199904724,162.7112052770905,2.089937119730476,8.751679979511929e-17,23.6464946476271,20.329584869748242,0.21641539254371533,1,9.026899297298224,0.4792993671666951,0.33920371846232833,18,6,7
2025-07-27 19:00:00,28.55527692197924,30.216469938937447,229.2542869655546,2.9966219060795307,0.0,23.861374882817458,24.113626240749603,0.15210152988980694,1,8.111368483411775,0.1730698383742384,0.7312762496940886,19,6,7
2025-07-27 20:00:00,53.60677034677643,43.9757421727128,152.4076504234613,2.190772854350473,0.0,22.430570564741224,24.16382351069777,0.1506960713063092,1,9.242955169586947,0.6115522852695598,0.2784950658174055,20,6,7
2025-07-27 21:00:00,34.81229079509253,26.02224387151884,154.3324611484746,1.160416660103801,0.0,22.948335540451712,17.307895715204037,0.24317836931581416,1,9.451522643026825,0.2825878901253946,0.28983607068145945,21,6,7
2025-07-27 22:00:00,29.404500037303425,21.494207432044924,148.27263837847545,1.7361482833751936,0.0,19.995363202145153,17.36331268443146,0.20139885782411715,1,12.955330995226715,0.18793399929483354,0.25413153172769304,22,6,7
2025-07-27 23:00:00,28.02426000067733,18.037704279860183,135.54450436337882,1.8453637790420023,0.0,20.820613970900002,23.95176547449887,0.18151174255636326,1,6.748724595963872,0.16377531868046225,0.17913723337945273,23,6,7
2025-07-28 00:00:00,38.11956272814905,22.464522243910356,171.03256326141135,1.4198807476237278,0.0,20.662364634760905,23.99914053756967,0.22946962043050464,1,10.841274387303784,0.3404758836738903,0.38823324648257773,0,0,7
2025-07-28 01:00:00,23.610580491750273,19.83210829308874,129.34233710488814,1.0108243446574612,0.0,19.606289856287113,18.22608801351526,0.24848280059757824,1,8.061443812181855,0.08652160138429492,0.14259399921510013,1,0,7
2025-07-28 02:00:00,26.003960837656198,26.381779556891903,162.1716893359634,1.650072833111692,0.0,21.926957617256715,24.8785451975837,0.15344137914195344,1,7.921048351705639,0.12841352585476176,0.3360248849110374,2,0,7
2025-07-28 03:00:00,36.337466579054826,38.17028572494918,176.30625373426923,1.8406239527736232,0.0,23.76750180584926,21.14056376351888,0.15379606942465288,1,6.713173744068912,0.30928341674957993,0.4193058857436575,3,0,7
2025-07-28 04:00:00,35.31549881107254,25.343315303917166,170.1253592852391,2.0478038366448734,0.0,22.042545807899316,21.111400858692523,0.23547820523637306,1,4.039158874117435,0.2913956637140879,0.38288799119448325,4,0,7
2025-07-28 05:00:00,41.659180462027436,30.66758555776649,140.044459732661,1.9000191758617109,0.0,23.28351189833172,26.70003163558848,0.2056714799764511,1,6.142273093374817,0.40243068288313677,0.20565101734161448,5,0,7
2025-07-28 06:00:00,50.14262690222016,43.64396644064683,176.900191473029,2.1187209353862,0.0,23.63485551068578,21.7065569132567,1.7870563063065612,1,5.948718077496234,0.5509185310973684,0.42280537309412053,6,0,7
2025-07-28 07:00:00,50.80894465085805,43.781153292003964,172.52474774195946,2.9899553365398326,0.18742418341053643,23.60859161867045,17.584292577418,1.6459823077303515,1,11.146173144782484,0.5625812544279993,0.3970252130027377,7,0,7
2025-07-28 08:00:00,53.51185198964232,34.876484373419316,205.7866005495068,3.2317281624222476,0.3573929758987123,23.220334025140037,19.077051154802934,1.477939238662892,0,0.0,0.609890905934376,0.5930043966054429,8,0,7
2025-07-28 09:00:00,56.009061947105494,43.334879135424046,157.33582730103785,3.783517253661774,0.5030392255811333,24.95200934672806,19.57781447286519,0.1661345924815148,0,0.0,0.6536001856165187,0.3075319353720093,9,0,7
2025-07-28 10:00:00,56.251197593799255,41.86291958396253,213.8134592645904,4.161648800607226,0.6215307132515322,24.737941536020394,26.12121121525191,0.18898611469718907,0,0.0,0.6578383453558404,0.6402987318602545,10,0,7
2025-07-28 11:00:00,56.113074907022074,56.135379941791435,236.78451347252567,3.847621478207984,0.6793690117902211,28.0,18.63653415152059,0.22871450925587022,0,0.0,0.6554207500195933,0.7756444227997306,11,0,7
2025-07-28 12:00:00,72.24535859964999,61.547861184061624,242.67649579250883,4.000714893040722,0.7069640987105545,26.407415568055022,20.269230863214062,0.17339175496161646,0,0.0,0.9377880766936617,0.8103600440717319,12,0,7
2025-07-28 13:00:00,43.76417440601728,42.07967860661619,269.3163326958964,3.997584417491583,0.6780803777955089,26.069723753586207,23.475611138333807,0.22123664939909263,0,0.0,0.43927490927751484,0.9673222409115443,13,0,7
2025-07-28 14:00:00,44.86214788149949,50.09760771139299,171.42525188627522,2.908758442151107,0.6169809472696236,27.000429027295866,18.40624920243455,0.1747344579126668,0,0.0,0.45849300889304684,0.39054697195530386,14,0,7
2025-07-28 15:00:00,44.914596682151235,56.52901602656146,201.77786246306187,2.494458686544191,0.5060535916113448,24.508094667248496,22.72804255236519,0.1963534378163035,0,0.0,0.4594110331424011,0.5693848699962613,15,0,7
2025-07-28 16:00:00,58.61576165277642,52.53641468426113,212.12473463667968,3.54675513487208,0.35280356059320217,24.236980874335956,17.559246357781287,0.15854320043109024,0,0.0,0.6992258912733523,0.6303487487422778,16,0,7
2025-07-28 17:00:00,51.68608116245048,39.80965415137905,188.47263882068998,3.502338599515889,0.1822114059213334,24.343686855505464,17.875647838248273,0.19549984587378952,0,0.0,0.5779339903843942,0.49099035354611975,17,0,7
2025-07-28 18:00:00,40.969809290725266,40.166205765895334,180.97895136724708,2.5626261404537907,8.675951250450667e-17,24.523232036207318,25.484902358149867,0.2112702544309042,1,10.880969148075913,0.39036444982924384,0.4468374689249017,18,0,7
2025-07-28 19:00:00,47.0693011908466,31.255941682234965,159.5278547111435,2.1333171417615446,0.0,23.21498960611987,19.172600879190647,0.2063318041610197,1,11.978822577849705,0.4971253557693275,0.32044738373121134,19,0,7
2025-07-28 20:00:00,58.78440718633661,43.523326405808305,208.1656262722687,1.784216015944912,0.0,22.23337855030762,22.928963009340908,0.19064665143963075,1,11.277195890017625,0.7021777354991438,0.6070216409728679,20,0,7
2025-07-28 21:00:00,44.954478455543246,24.379843233785646,204.2611313824379,1.6099157498765033,0.0,21.437135573482987,24.156993896811798,0.1869695275737296,1,10.975700965852912,0.4601090936247412,0.5840163163652037,21,0,7
2025-07-28 22:00:00,28.5193755040208,28.82925670191836,126.58618876574003,1.93215897379464,0.0,21.277775664901835,19.16109277770823,0.17753987574758803,1,9.531410592625141,0.17244144703139552,0.12635474445922448,22,0,7
2025-07-28 23:00:00,29.75420045918818,17.13402675224202,125.53709720459625,2.2031635759291923,0.0,20.774762353248413,19.38011205572223,0.22671040657074074,1,7.183797524872086,0.19405489173298945,0.12017348604084818,23,0,7
2025-07-29 00:00:00,30.168847104392718,28.534623077753142,125.62308584573786,1.416876516838978,0.0,19.436178628236572,23.86742883423614,0.22826380976922467,1,10.416359607235238,0.20131255388123698,0.12068013201115971,0,1,7
2025-07-29 01:00:00,22.166985475064926,24.58290908725815,141.99821563995053,0.9689156557903941,0.0,20.609709694012246,22.25984713370535,0.19830275499337793,1,6.706184475425126,0.06125400298173749,0.2171625675214854,1,1,7
2025-07-29 02:00:00,31.91523888590502,21.048467906778647,160.38204233106768,1.191438436792442,0.0,19.784893203854086,19.78111411411723,0.18825617648945292,1,10.337917325509359,0.2318800784838782,0.3254802660954281,2,1,7
2025-07-29 03:00:00,39.806969906080234,26.942076965842006,111.0728077041434,1.8133024695310638,0.0,21.411663473434345,24.018114521438385,0.21374229723027086,1,8.615453406917469,0.3700109862620501,0.0349497414679446,3,1,7
2025-07-29 04:00:00,26.714657177969265,27.30248714671563,155.30248213492513,1.6766882870171351,0.0,21.46648961210947,25.33065971490229,0.20577323220951715,1,3.9787557734483334,0.14085301858342916,0.29555144444918074,4,1,7
2025-07-29 05:00:00,37.01371622524631,28.745219461409395,125.11506535273334,2.706940958883493,0.0,25.205291402565535,18.63688156431465,0.21672554664096588,1,4.34249184507146,0.3211199805242819,0.11768686996864718,5,1,7
2025-07-29 06:00:00,56.84283706201278,41.5679764733822,197.71656543010124,2.1148169261136958,0.0,23.397694977272046,16.386828439398315,1.3545116491580047,1,4.14395672048315,0.6681939563888069,0.5454556655261148,6,1,7
2025-07-29 07:00:00,45.84958276613431,48.07932219888551,203.47264380084985,3.659387200158021,0.19142513417605014,22.805022462902734,19.056967815932964,1.716262169465322,1,10.976896529774436,0.47577632438336803,0.5793705393119953,7,1,7
2025-07-29 08:00:00,43.106333137823775,45.35840540771584,220.46245640511768,2.9834968732058984,0.3720068538133274,24.793833305373767,23.30293202855015,1.3625571081390675,0,0.0,0.4277605518675615,0.6794746923491899,8,1,7
2025-07-29 09:00:00,50.76293618542199,40.13101705144885,152.8688650039261,2.8328901106781244,0.5249229046505612,26.063894319268076,25.787108953432895,0.19187232718746602,0,0.0,0.5617759569489144,0.2812125469351334,9,1,7
2025-07-29 10:00:00,64.56276179448643,47.39257957189419,198.8036382854192,3.361134709376659,0.6348462273748054,27.689850195890717,25.10755896519894,0.16324227282050666,0,0.0,0.8033176964845598,0.5518607101258413,10,1,7
2025-07-29 11:00:00,43.10327933757474,54.07936315433318,173.42233382729717,3.360324462915749,0.718186764630047,25.72192302239443,18.19422392621705,0.23553693222929192,0,0.0,0.4277071004512,0.402313799577738,11,1,7
2025-07-29 12:00:00,59.031795396428016,62.76937777475171,225.4112248496425,3.421831802666751,0.7452553170367557,24.826350973765212,25.000501749142572,0.21442737463709866,0,0.0,0.7065078321466577,0.7086328876309855,12,1,7
2025-07-29 13:00:00,44.49755043609504,36.17174002850692,189.42046932239373,3.297134034769402,0.7183534153476759,27.118567544131317,24.113167717272663,0.17352870587904135,0,0.0,0.452111370190642,0.4965749807463067,13,1,7
2025-07-29 14:00:00,60.87965722430889,33.31515727311087,249.7694081705868,3.2626615296344763,0.6373226103224129,24.616597769534824,23.18190985716325,0.23517180538023116,0,0.0,0.7388514119115127,0.8521515577695445,14,1,7
2025-07-29 15:00:00,44.03423876629482,41.04694798125316,234.3791837304389,3.460216345468044,0.5191330993705545,25.07944548307189,22.589554711286283,0.22047930079820122,0,0.0,0.4440019121553751,0.7614721948761402,15,1,7
2025-07-29 16:00:00,48.304496519501825,52.92172548223516,222.32565759084082,4.1500635737179845,0.35998047091387225,24.63181352162809,23.724970986182377,0.19421802555022494,0,0.0,0.5187452832091144,0.6904526931652707,16,1,7
2025-07-29 17:00:00,51.55195371462938,45.37508702654139,242.15412204080783,2.8176179514803383,0.18748256897650553,24.09140422693823,24.22784595807304,0.2489842831291187,0,0.0,0.575586324697597,0.8072822124793015,17,1,7
2025-07-29 18:00:00,52.95329003095795,34.75162303553611,200.02730308349487,1.9907826000685798,8.939631807355585e-17,24.068884653967807,23.77089251462497,0.18372097500610352,1,9.58893283849912,0.6001142586809181,0.5590705558767016,18,1,7
2025-07-29 19:00:00,32.54160815830233,22.421926241637234,168.4480833792977,2.3605578572171857,0.0,21.914761547933065,16.637761294722555,0.15995495667365467,1,10.518487607282887,0.24284357381581526,0.37300546406573903,19,1,7
2025-07-29 20:00:00,51.95575666117856,30.219532833708644,190.86349471200793,1.650531827650091,0.0,21.596249601168,22.851514456894737,0.22334590483822617,1,10.182307324599535,0.5826541869229748,0.5050773013900441,20,1,7
2025-07-29 21:00:00,29.722589457092912,29.983602997858863,208.41694481335213,1.7015863371644693,0.0,21.22950716631649,24.169806295151908,0.22570490397772203,1,12.294197259803013,0.19350159659355373,0.6085024124377268,21,1,7
2025-07-29 22:00:00,42.61456349041038,27.45029707181263,168.09274906753646,1.570070770957015,0.0,20.911731742675162,17.489199820017443,0.1558965106035547,1,12.30585827555853,0.41915298685536023,0.37091183059535104,22,1,7
2025-07-29 23:00:00,26.04325747704449,18.620602377338976,161.54838333829792,1.910404078004442,0.0,20.55536495274257,17.883983354422206,0.2319419122003888,1,4.884678865225877,0.12910134459281297,0.3323523594728443,23,1,7
2025-07-30 00:00:00,35.0775837908966,19.68643922812183,176.956442476323,1.1579752596757587,0.0,20.786419421742732,24.00275823173015,0.2275941513873493,1,7.893660486862078,0.2872313786381079,0.42313680459212444,0,2,7
2025-07-30 01:00:00,28.338171454897058,19.835205717492922,142.44263369840618,0.9133152658105619,0.0,21.29156719866081,19.480567598736297,0.24295963718255847,1,8.881536017620167,0.16926978802090034,0.21978108335637828,1,2,7
2025-07-30 02:00:00,31.088111141152694,28.44034219459115,174.74502232003547,1.9269136842690078,0.0,21.135147727823448,20.1843231784151,0.16185491225528886,1,9.628203100556215,0.2174026582652892,0.41010709397018774,2,2,7
2025-07-30 03:00:00,33.93220328181176,26.798970041001652,117.30737530277099,1.5224195168164554,0.0,21.667932795916503,20.042010427659854,0.21008095582809005,1,9.138537667130468,0.26718350206111313,0.07168387877426052,3,2,7
2025-07-30 04:00:00,34.95000481687302,29.33325407227429,148.05102081971418,2.089300710887076,0.0,20.248515380995684,18.355580372303717,0.1719422541623369,1,4.286592916467519,0.2849983324977576,0.25282575876040353,4,2,7
2025-07-30 05:00:00,44.58627368103021,22.731197399820672,129.93699968766614,1.8208792816605905,0.0,22.599573185246097,26.19626366691104,0.18994419530510337,1,7.104084124088697,0.45366431495429255,0.14609775735407743,5,2,7
2025-07-30 06:00:00,45.57769084803391,33.72689127757377,156.26610946725543,2.157152799962262,0.0,23.80036738744407,24.787994667644742,1.3238181218268235,1,4.513813638293767,0.4710173333117333,0.3012291467401516,6,2,7
2025-07-30 07:00:00,58.193323398344354,42.21453084949867,141.7041249745505,3.8006792214347187,0.18557927411021558,24.821308534327088,18.803383358019317,1.4619732765030369,1,8.274575619209065,0.6918318506736726,0.2154297822541176,7,2,7
2025-07-30 08:00:00,38.36283175310883,47.098208070387436,155.02758943732255,3.133436459251886,0.3621803513701903,24.118602944720458,17.21164339601337,1.2096572463157083,0,0.0,0.34473388121157866,0.2939317738082754,8,2,7
2025-07-30 09:00:00,67.2526696483236,42.22146822161848,162.82775717104707,2.7489879687739514,0.5127221855363568,24.768271454178926,19.99344084340837,0.1803515507859288,0,0.0,0.8503998148107255,0.33989044343694474,9,2,7
2025-07-30 10:00:00,49.30575667582153,49.75993682675465,182.0031339024008,3.390956288406485,0.629060733555675,25.32499574273328,20.35015202332625,0.15709187286798632,0,0.0,0.5362705858278907,0.4528719631023888,10,2,7
2025-07-30 11:00:00,52.31443641394902,48.49987460137628,170.23125919609407,3.9670937178663195,0.6984486135128152,26.73023456373684,15.921983448026587,0.19918319880511615,0,0.0,0.5889322467966795,0.3835119545735841,11,2,7
2025-07-30 12:00:00,59.57098542887433,43.638756244978886,247.83977553893487,3.916562722073614,0.7160465743135896,27.32494037793628,25.06509764165502,0.17966832096481694,0,0.0,0.7159454078136877,0.8407821421812921,12,2,7
2025-07-30 13:00:00,55.93702074963901,35.37759122013421,188.10170371809755,4.219644826243717,0.6883920656483733,25.77638599490484,24.5363415657748,0.20903085518147624,0,0.0,0.6523392308300424,0.4888048000534666,13,2,7
2025-07-30 14:00:00,56.45055711116665,50.46954909302613,210.82258946577127,2.53805067720243,0.6253447162625619,26.787109613477327,24.3829441124782,0.19564461814201684,0,0.0,0.6613277839894909,0.6226764958162794,14,2,7
2025-07-30 15:00:00,54.61580324622018,39.91007955635442,165.73311731962772,3.2237183286956492,0.5128029797868352,25.520866873811034,23.80332188771513,0.174385308956768,0,0.0,0.6292136361217221,0.35700885573000474,15,2,7
2025-07-30 16:00:00,51.12754819912944,47.50101570280717,172.23670262629636,3.304822051189136,0.3632454736110846,24.646769746510667,22.964336265309377,0.16029402185959307,0,0.0,0.5681578506439073,0.395328048177464,16,2,7
2025-07-30 17:00:00,41.36477959063575,56.986946633476165,249.55287324417236,3.3745024951099967,0.1844683126384199,23.831110404323503,21.897020138923715,0.22533166884070377,0,0.0,0.397277712069502,0.8508757317250452,17,2,7
2025-07-30 18:00:00,40.0032112944083,29.334530692455004,233.71602038404453,2.4889693174856244,8.751246390227592e-17,24.007624013752924,25.217964887994956,0.2133132554085774,1,11.269634294373674,0.3734458475167109,0.7575648295235969,18,2,7
2025-07-30 19:00:00,35.01754230352863,28.143387074917133,222.80052699703762,2.429078103045569,0.0,22.805101658688233,22.689072359032867,0.15329299963195603,1,12.618301467769772,0.2861804577269305,0.6932506286586065,19,2,7
2025-07-30 20:00:00,49.86850757007653,33.58860790663112,172.02180755293713,1.7127533866124764,0.0,24.026767913243397,21.906361843195498,0.24893655599706146,1,10.833980266287522,0.5461205530502524,0.3940618841642666,20,2,7
2025-07-30 21:00:00,37.43133237128849,23.801684861718616,139.2405832193465,1.4377697024376652,0.0,20.27235219034827,23.62805248773262,0.21424902745976207,1,12.163708877691176,0.32842961857557307,0.2009145685421952,21,2,7
2025-07-30 22:00:00,38.37605836820787,21.26570329092559,128.6315617195453,1.3256934499017186,0.0,21.16087054440875,18.117513119108118,0.1707180786736463,1,10.819971000198858,0.3449653899066663,0.13840610323256536,22,2,7
2025-07-30 23:00:00,27.58633542166284,19.28469870338987,159.72652592823525,1.3919266248477458,0.0,19.80880762999651,25.74539206491396,0.23404968730739759,1,6.645954040244035,0.15611021713518655,0.32161795661409537,23,2,7
2025-07-31 00:00:00,28.626364213427834,27.461887085972865,169.2119028683676,1.3145679740958722,0.0,19.361433387349162,15.951200755319224,0.2382100721806646,1,9.842405909226608,0.17431409670922,0.37750589646058696,0,3,7
2025-07-31 01:00:00,33.26809266663409,23.313028597228254,169.64365210562843,0.6191144638484245,0.0,20.317003207423237,22.697264220901626,0.20736853967913227,1,8.575371389780845,0.2555594107299346,0.38004976746888725,1,3,7
2025-07-31 02:00:00,25.642972324015666,29.82153075974934,125.21121553921586,1.606717066923399,0.0,20.759844736301932,16.75662587959308,0.2385572197876194,1,8.831003988344003,0.12209505517207084,0.11825338787007376,2,3,7
2025-07-31 03:00:00,43.90745051361336,26.33124458311079,128.7128594017963,1.2075558760629406,0.0,24.01233552321925,25.12572161025945,0.15291717634232793,1,9.450829814934524,0.44178270620502974,0.13888511002417525,3,3,7
2025-07-31 04:00:00,26.612342768128453,22.40410976629209,116.35090205417829,1.6439400570869962,0.0,21.5262435406708,26.444481014355205,0.24451667111673736,1,4.4495385455527865,0.13906218431982226,0.06604832841927574,4,3,7
2025-07-31 05:00:00,40.50079629143052,25.85871710195948,172.53186933035153,2.942590311170788,0.0,21.29865373998238,20.501306761881068,0.15572036140869355,1,5.026113331933617,0.3821552000224875,0.39706717347580894,5,3,7
2025-07-31 06:00:00,49.678358441888136,34.99851316235222,142.0552216896911,2.1208549697912105,0.0,23.473193777097414,25.33952048850765,1.6067925479703282,1,4.465550733679638,0.542792326122251,0.21749844776102634,6,3,7
2025-07-31 07:00:00,47.30501722294953,35.05241442951289,168.02960678615167,2.8842594011189586,0.17982636928051396,21.89688682122813,19.71836678268128,1.38442097770485,1,9.829133499125549,0.5012511514165698,0.3705397956149727,7,3,7
2025-07-31 08:00:00,50.971235747849995,38.26531605105469,218.60075740759493,3.094981386045706,0.3560206584016193,24.597992816392715,17.783010230421343,1.154484263584624,0,0.0,0.5654218753886607,0.668505542441651,8,3,7
2025-07-31 09:00:00,42.41366795217012,53.87313473612407,214.35774222299585,2.700521320771333,0.4974890637112254,25.322168314682102,18.96888883773102,0.242928830693518,0,0.0,0.41563666287082895,0.643505652727061,9,3,7
2025-07-31 10:00:00,45.92144738125464,56.59193929869147,155.2737896289072,3.7491025169797023,0.6118407152716612,26.572365589894012,19.144570871291243,0.16353576592554075,0,0.0,0.47703418840563666,0.29538238790451243,10,3,7
2025-07-31 11:00:00,58.902362307774155,37.83401342788315,157.06244031774688,3.473985938756237,0.6962119465620591,27.045948250237863,22.50987876151521,0.2353744187423979,0,0.0,0.7042423329822054,0.30592113641552976,11,3,7
2025-07-31 12:00:00,71.23646043676365,61.45629294326956,245.4857807818428,3.063296123214778,0.7176238658094528,25.665831651605604,24.109554396979128,0.18303450090159698,0,0.0,0.9201290841685812,0.8269123805246215,12,3,7
2025-07-31 13:00:00,47.43551390874849,47.04246525930742,224.3762810753257,4.315057788280521,0.7039998402891597,25.91141070819268,17.794438118046607,0.22411640027372567,0,0.0,0.5035352669832777,0.7025349881201294,13,3,7
2025-07-31 14:00:00,44.729084031290874,39.23040358389952,244.2367850298971,2.731491282799744,0.6253437569291597,24.991041825662904,16.47763997607641,0.17542207898081386,0,0.0,0.4561639596166859,0.819553284529403,14,3,7
2025-07-31 15:00:00,55.695871775619985,38.13822447424075,181.12059313927043,2.8051315643871404,0.5002165499012003,24.147176664815373,17.772996426894025,0.20834339377276564,0,0.0,0.6481183410650637,0.44767202372272935,15,3,7
2025-07-31 16:00:00,53.633502142597244,53.884909576544416,254.56938043869218,2.7913647954128886,0.3517513255688566,24.958639319423852,18.47468528706078,0.2299553807144939,0,0.0,0.6120201784622992,0.8804330444282031,16,3,7
2025-07-31 17:00:00,51.911172714219234,49.84011846557122,236.74891828133943,2.8697891413856462,0.1808574722216051,22.646435026232567,18.258261693418703,0.20661798303301318,0,0.0,0.5818738231409248,0.7754346955620681,17,3,7
2025-07-31 18:00:00,52.694248979117894,44.96065229240743,239.08389140546137,2.222015075646653,8.430888447005485e-17,22.72374867659216,17.629492269274277,0.18065525636429655,1,9.812758220633784,0.5955801994800908,0.7891923815589178,18,3,7
2025-07-31 19:00:00,38.38309600448005,29.395173969452795,175.22886204028038,2.27476811386791,0.0,21.361549860432593,20.16824956739805,0.17334357339112327,1,9.86053284065716,0.34508857138413984,0.4129578826474391,19,3,7
2025-07-31 20:00:00,37.20222263848985,36.925406134731546,159.81346757549218,2.1501566304446285,0.0,22.177662763909776,24.22773462189159,0.1674805596781755,1,9.124632899355142,0.32441945460883564,0.3221302177063765,20,3,7
2025-07-31 21:00:00,31.334699782160424,24.155952415058813,140.10583851221497,1.6347782752157722,0.0,22.802881201488404,16.520754926794346,0.23388125220432468,1,9.617758732437286,0.22171875985860318,0.20601266175081548,21,3,7
2025-07-31 22:00:00,33.87399935111966,32.62221562163598,194.40708063575977,1.577559596088651,0.0,19.21789236864758,24.50606152885924,0.21109426251343066,1,12.43430857537924,0.266164744356092,0.5259561466059469,22,3,7
2025-07-31 23:00:00,27.34616458523996,15.729347801955953,127.20068230565792,1.9018554074062313,0.0,18.361538969605384,20.83937257176011,0.20086779247574515,1,4.992462412295406,0.1519064479529725,0.12997534680447081,23,3,7
2025-08-01 00:00:00,28.37134038001099,18.628228751503006,117.6911538104333,1.622856903061747,0.0,19.982219668816146,22.684914066642705,0.17495806838287362,1,9.040820528892775,0.1698503518698583,0.07394510574351879,0,4,8
2025-08-01 01:00:00,36.28791658470512,21.553135306460792,119.64100685566926,1.0147928358703586,0.0,20.21979175097238,24.461170043141703,0.1933753248540671,1,7.150173575491253,0.30841613101943655,0.08543366021947038,1,4,8
2025-08-01 02:00:00,30.68776624701033,23.086371201256963,158.99672087320792,1.5241129847615003,0.0,20.71721266861424,19.17097366921433,0.2120062808354656,1,10.62211872141163,0.21039532318115287,0.31731793761933486,2,4,8
2025-08-01 03:00:00,40.268278559653425,28.18253067154485,168.8954711336048,1.8711173444934073,0.0,20.52374011605426,26.203314837676157,0.15718816535120472,1,8.50174448225234,0.378085385011968,0.37564147737955694,3,4,8
2025-08-01 04:00:00,25.232030160975228,26.27915275060272,167.95601589921404,1.6887527926687793,0.0,21.385486342670575,16.972119759438147,0.18607149365799433,1,5.737707918762809,0.11490223348567725,0.370106197341717,4,4,8
2025-08-01 05:00:00,43.32072338639722,26.134828867222048,156.51287031959956,2.7075014634569357,0.0,22.671916851090934,21.78014151430938,0.1739503651747815,1,4.628424718650305,0.4315130770839595,0.3026830642554301,5,4,8
2025-08-01 06:00:00,56.092217252205494,38.436949729456245,199.51074006221785,2.9121526018717097,0.0,24.1160256732846,18.8641362145847,1.609886179696633,1,4.4213711957606225,0.6550556733606737,0.5560269611685245,6,4,8
2025-08-01 07:00:00,41.40068848244263,32.5089909713723,133.07587958686233,3.6833011350526426,0.17770862921643224,21.891727623542085,20.494169773670514,1.5797017559714952,1,10.919850930721823,0.39790623422895127,0.16459207045295046,7,4,8
2025-08-01 08:00:00,56.615229776274276,40.23698569152751,213.0472510039463,2.77518208135245,0.34509938282797986,24.19609757328023,20.885014807678218,1.349561620983878,0,0.0,0.664210090122254,0.6357842247983807,8,4,8
2025-08-01 09:00:00,50.12879905315949,37.43341660782407,183.47282877263223,3.574528182188364,0.4910673925823026,25.39487718213337,25.779202495916955,0.1541630722106865,0,0.0,0.5506764988564714,0.46153142060403707,9,4,8
2025-08-01 10:00:00,58.41027013464519,39.51353466914168,195.51223487054665,3.5773266320481754,0.5963050782159435,24.734552464979608,20.629303688683635,0.16828127508067825,0,0.0,0.6956291227231299,0.5324677268820601,10,4,8
2025-08-01 11:00:00,64.53911949888725,51.48246090324518,169.5012081551236,4.6572204251843194,0.6632257893719133,27.67809706648475,23.22067032497915,0.16600620755949097,0,0.0,0.802903879573577,0.3792104862270814,11,4,8
2025-08-01 12:00:00,68.01029590600423,47.96712629306475,164.5688059076675,4.435296474803427,0.6955432502769798,25.40843095997043,25.74351331157405,0.2068394334962377,0,0.0,0.8636607334181213,0.35014872074908443,12,4,8
2025-08-01 13:00:00,60.963700069622504,33.65832543289119,198.59111368462388,3.1409422127317357,0.6650524247312536,25.89500980587539,20.813536348626556,0.166929145635437,0,0.0,0.740322434490178,0.5506085129617101,13,4,8
2025-08-01 14:00:00,60.128588255909186,43.14406121189764,184.2338886425322,3.1661782858695693,0.5995193260417689,26.187300788229184,19.798715511522964,0.19823343542728983,0,0.0,0.7257052671501365,0.4660155932939582,14,4,8
2025-08-01 15:00:00,68.82501378369831,40.622490169733005,216.81565058180433,2.3637147851283635,0.48785248571513123,24.557908795750002,25.529005466206655,0.21145288373231816,0,0.0,0.8779209406833317,0.6579876744086749,15,4,8
2025-08-01 16:00:00,42.521648327254326,38.32477673253995,176.79234902468247,2.7435456147939896,0.3502698639332013,22.675964251828557,23.93664501330098,0.23795655829997134,0,0.0,0.4175266699167454,0.42216996426386216,16,4,8
2025-08-01 17:00:00,48.79285123721421,49.04812783191862,170.57729247669064,3.9078405330403463,0.18236898085964992,23.364997267091866,25.0284556208773,0.17450275629733902,0,0.0,0.527293075867393,0.38555078627135697,17,4,8
2025-08-01 18:00:00,47.36244026475361,40.57119546864266,237.69789841038494,2.5324430891374234,8.698205598230996e-17,24.041285876871434,19.44655857404719,0.1685912936249263,1,11.074417629701536,0.5022562410314468,0.781026096378541,18,4,8
2025-08-01 19:00:00,42.359209667833035,33.188820114247946,230.45006676955873,2.359871441061682,0.0,21.89313702702294,22.531034487935443,0.16732538331330604,1,10.720362178184887,0.4146834661346132,0.7383217967690897,19,4,8
2025-08-01 20:00:00,49.2841956807748,38.621471820373955,221.7794587729119,2.1807013493960508,0.0,20.654692264510444,17.992109228544013,0.18604293095120825,1,10.662980553341962,0.5358931984320466,0.6872344840341732,20,4,8
2025-08-01 21:00:00,28.622767532986725,27.019399964402332,184.95810865648528,1.5017915882994337,0.0,21.80010902020898,24.42290889675041,0.21491812193185408,1,11.357062175683971,0.1742511431274205,0.47028270516846743,21,4,8
2025-08-01 22:00:00,40.66301792995318,30.048677635495324,181.68132038366957,1.403417369421894,0.0,20.061529949390383,25.243196468346117,0.21718624207197312,1,11.00814588829166,0.3849946052344887,0.4509758344940946,22,4,8
2025-08-01 23:00:00,30.62050951360664,15.189061238144033,177.18764317535215,1.5559386436628198,0.0,19.57705998372014,18.448208387296873,0.17109619006566243,1,6.474167983781107,0.20921811204515545,0.42449904152180706,23,4,8
2025-08-02 00:00:00,31.435962459812934,20.198423285224987,156.9093583610777,1.4663925286588388,0.0,20.129064905111402,16.85179027642504,0.16312334518608382,1,10.351624877467078,0.22349118539520985,0.3050191759304685,0,5,8
2025-08-02 01:00:00,25.275987244399122,23.183452391269483,129.36429775883443,0.6854163502899733,0.0,20.847185407922225,17.96776046741406,0.19486779337285698,1,9.74914305052492,0.11567162512118798,0.1427233916171613,1,5,8
2025-08-02 02:00:00,25.638081792660376,23.485562088972955,115.94708989034669,1.2769107278400995,0.0,22.752447184560562,22.661341387446495,0.16411912819562927,1,8.59510264879747,0.12200945499970095,0.06366906293895343,2,5,8
2025-08-02 03:00:00,34.420035821599726,35.36049056796326,122.79305455009994,1.3964736229510626,0.0,21.66931614335748,18.92120521947206,0.23129207449497416,1,9.594519872410125,0.2757221549108332,0.10400555810518121,3,5,8
2025-08-02 04:00:00,36.54354529264152,21.625498955859698,170.10010414863152,2.003507452606144,0.0,22.617824191577057,22.918436596128068,0.15838814474852508,1,5.976932182023899,0.3128904631261879,0.3827391876662261,4,5,8
2025-08-02 05:00:00,43.80569551726212,25.58253351215673,166.59124645906223,1.8233748188730803,0.0,21.67013807046006,19.87376762842357,0.22520933221797598,1,6.309009343100535,0.4400016634932307,0.3620649615682793,5,5,8
2025-08-02 06:00:00,39.052048158591596,48.42735460670996,156.46366108209213,3.277422276029498,0.0,21.921263814779063,25.98098100901225,1.156985936638348,1,6.2605038590069695,0.3567974053612943,0.30239312291487347,6,5,8
2025-08-02 07:00:00,50.13768773159427,41.01723186804042,129.7296737132249,3.2768694641027176,0.18213591647001418,23.780484260888457,20.973791814591248,1.7302380869962457,1,9.630229148554148,0.5508320795798901,0.1448761905506368,7,5,8
2025-08-02 08:00:00,51.08442863902034,40.27324476774083,158.95839333904948,2.193671602647838,0.35071491466883564,24.54342288845207,21.40752834560412,1.5953637566923748,0,0.0,0.5674031183848327,0.31709211138838683,8,5,8
2025-08-02 09:00:00,49.039479693351275,37.07828006426756,212.138396797363,3.4218717616228544,0.48499518847033884,23.973611117434523,19.731376930969528,0.18223731058582862,0,0.0,0.5316098743547021,0.6304292463354954,9,5,8
2025-08-02 10:00:00,55.151902851367254,38.707134219329994,201.23872350950228,3.504016265104111,0.5911530413181715,25.34812908635632,16.71352703045821,0.19055184947646142,0,0.0,0.6385971192801281,0.5662082576596493,10,5,8
2025-08-02 11:00:00,61.652282420887154,35.663995488086734,201.57048754452958,4.62580422622488,0.663947755092075,26.216979725588367,21.062178140820404,0.2173617240557312,0,0.0,0.7523748606330676,0.5681630148137258,11,5,8
2025-08-02 12:00:00,70.94825805310809,50.90688435117817,194.64499477811046,4.280297473598016,0.6902620713334576,26.274808633352997,23.880826749451774,0.1685628144001314,0,0.0,0.9150846070093367,0.5273579392136891,12,5,8
2025-08-02 13:00:00,49.23579704392151,50.368185342268,230.32666213962918,3.218736607412039,0.6673426302456859,26.31100451997094,25.59793317099684,0.23903206690894374,0,0.0,0.5350460651951585,0.7375946954026589,13,5,8
2025-08-02 14:00:00,57.16783998276652,49.30073078822017,271.3023923908858,3.6630434888240613,0.5966350903849534,25.79249743746328,16.35697202933737,0.1982887134191895,0,0.0,0.6738825623941944,0.9790241253454128,14,5,8
2025-08-02 15:00:00,49.71024031787344,50.52413804142611,262.4872746802628,2.705353128678189,0.4805145229755613,24.512278850204826,23.71654768471906,0.2260139494394666,0,0.0,0.543350362433963,0.9270853598687749,15,5,8
2025-08-02 16:00:00,43.29078644656846,51.09520556776492,164.25381632399922,3.0020849853793665,0.3439270677995648,23.87857057372262,18.171565193032283,0.2006696025774436,0,0.0,0.43098908346784726,0.3482927988373424,16,5,8
2025-08-02 17:00:00,45.61757044478085,48.4199231159921,206.30076165583347,2.722993730041756,0.17585759217904273,22.46447433948165,23.8286631577554,0.19522792284649682,0,0.0,0.47171535569571976,0.596033839205685,17,5,8
2025-08-02 18:00:00,41.213220972146594,33.849493821705806,182.94692980469475,2.6995802963848163,8.328081904496411e-17,24.666234413321966,18.880639093186694,0.19696155623576073,1,11.370231339093488,0.3946249443180426,0.4584328184007796,18,5,8
2025-08-02 19:00:00,29.134471441758947,24.799763475736132,191.36207518629138,2.193718596803156,0.0,22.112936748424232,16.561693327990064,0.18631247107734442,1,12.200597342351244,0.18320762241588673,0.5080149427438099,19,5,8
2025-08-02 20:00:00,43.189373990770434,41.949394716012144,189.55923208845434,1.9731999590104023,0.0,21.145567984135685,21.718936243989383,0.22327541956705593,1,11.156532963129944,0.4292140363275452,0.4973925724109791,20,5,8
2025-08-02 21:00:00,39.13937569049685,23.40751261455715,144.20253329564704,1.6854673139078764,0.0,19.814779514421918,24.712809588628623,0.2346152443741566,1,10.88522070697247,0.35832592061672575,0.23015043013587375,21,5,8
2025-08-02 22:00:00,37.29973042612727,25.185806258213095,182.5254455638605,1.798221290007413,0.0,23.196937911441232,17.446483970402273,0.23543966643062522,1,8.638360430082681,0.3261261573825826,0.45594942885847006,22,5,8
2025-08-02 23:00:00,19.57963403696347,20.86593150411414,149.8244442773234,2.122607081919409,0.0,18.882708374786397,15.880484535999988,0.1621145713934077,1,7.586642300505089,0.015966954807840435,0.2632747882662187,23,5,8
2025-08-03 00:00:00,29.487606168727705,19.917573134612397,181.11773394231173,1.1653077556864166,0.0,19.419417012908983,25.030338177471183,0.22613679053506286,1,12.898079272111817,0.189388626340056,0.4476551773044325,0,6,8
2025-08-03 01:00:00,30.32800010956842,17.446494476625105,107.7982661115118,0.8472544224064353,0.0,20.360768738655644,23.219421023158993,0.16999546197052778,1,6.609628714745915,0.20409824804951793,0.015656108256645294,1,6,8
2025-08-03 02:00:00,30.68766296181223,21.20890962394155,118.28034233305209,1.881153847385983,0.0,20.83928397129078,24.529896852840654,0.1512178345024573,1,6.832346989900252,0.21039351535494372,0.07741661066295348,2,6,8
2025-08-03 03:00:00,37.99991545866723,32.83115526063259,154.76628256296644,1.1842537395430655,0.0,21.668190160021723,16.65403982983955,0.17754590352792468,1,8.254928465086836,0.3383816681076917,0.29239215097961374,3,6,8
2025-08-03 04:00:00,36.757698080304586,21.565461363416194,159.54454866001592,1.946818086408408,0.0,23.133611586268554,25.61732911177888,0.1792868598231958,1,5.265701028621007,0.31663883200590537,0.32054574465205515,4,6,8
2025-08-03 05:00:00,27.41531519562853,28.082452742573828,157.95035193368508,2.0718406335463264,0.0,22.550121630322806,20.614578960092864,0.2309789054083428,1,6.010354404778114,0.15311680808333786,0.31115272091594115,5,6,8
2025-08-03 06:00:00,43.53387976145792,36.41092532012941,197.75680229525028,3.0476037671665246,0.0,21.75880174628054,25.774384544588635,1.6817972364320775,1,4.742667830463239,0.43524400550898645,0.5456927415551703,6,6,8
2025-08-03 07:00:00,40.104409230356396,42.82268998314952,162.4639507522456,3.4258540837268883,0.180552802585003,23.32874939979343,16.809609835069658,1.1885134277161002,1,7.329148337974833,0.3752171398633521,0.33774689222352716,7,6,8
2025-08-03 08:00:00,37.87032646677394,34.23844073491224,172.53331308607676,3.45431796001445,0.34506571881482234,24.611468015643975,25.55680701939523,1.3694709808407897,0,0.0,0.3361134401305196,0.39707568009959776,8,6,8
2025-08-03 09:00:00,67.88524809927839,57.23259631698683,229.42041650161315,3.2700888479096526,0.483898267442997,26.987573694760602,23.204655984025173,0.17512998466801655,0,0.0,0.8614719909211264,0.7322550866529745,9,6,8
2025-08-03 10:00:00,50.000493330115255,45.94416188278361,203.84417819968107,4.272148025440353,0.5926603891636713,23.992683125117757,21.826602877545564,0.20954551877860333,0,0.0,0.5484307322493828,0.581559623864337,10,6,8
2025-08-03 11:00:00,56.41563106957826,52.09839743445964,193.05115754230923,3.053374181226224,0.6562038404388004,26.88714487759199,16.499753311984414,0.20415119732513967,0,0.0,0.6607164648989935,0.5179670335995243,11,6,8
2025-08-03 12:00:00,67.79504089461753,58.212777131379646,238.13755202813522,3.4149629500291776,0.6856320300133519,25.961077186066056,22.978384058307736,0.21789128055772072,0,0.0,0.8598930720456502,0.7836165400791135,12,6,8
2025-08-03 13:00:00,39.021672537563184,40.2828790577304,231.71924750354643,3.4944441501753305,0.6602139265860378,26.511136178241095,21.89089283612684,0.241072983198499,0,0.0,0.3562657334003197,0.7457998228889922,13,6,8
2025-08-03 14:00:00,44.27794735793169,36.112784831989885,198.70510553152505,3.2687158441566764,0.5868103221283583,25.265968433989684,23.097747555759074,0.19210735575840987,0,0.0,0.44826760353665496,0.5512801541123795,14,6,8
2025-08-03 15:00:00,64.34272539145272,47.62969816670386,196.54690902521958,2.961773274716993,0.47475461215277837,24.04312685823935,22.883662618474165,0.2155924010899477,0,0.0,0.7994663452388585,0.5385640377911629,15,6,8
2025-08-03 16:00:00,59.69039164666934,47.19722121948124,203.43812854540275,4.126132727027478,0.33916309654296134,25.0094575630523,19.988379567533215,0.2418352491739001,0,0.0,0.7180354041929634,0.5791671750669697,16,6,8
2025-08-03 17:00:00,50.636386244054144,45.31588627555663,163.67187002696082,2.5394399090902384,0.17167331193767857,24.18381202112855,17.487503878846137,0.2041680584430553,0,0.0,0.5595609222200663,0.34486396518655055,17,6,8
2025-08-03 18:00:00,41.56771148218916,28.65381841038689,244.2616902487639,2.1872059677488833,8.080215272430583e-17,23.71931333865253,24.79442527511148,0.18082809800502458,1,9.191596236046003,0.40082967884659476,0.8197000263386821,18,6,8
2025-08-03 19:00:00,42.811620202267505,22.494521232518846,160.18375641154202,3.074031619685666,0.0,21.95182055847217,24.88295575378026,0.19029001544089566,1,11.756337408722688,0.4226021189181509,0.3243119633898213,19,6,8
2025-08-03 20:00:00,43.48194855693601,35.61383643733655,152.44418720949483,1.9535611409474887,0.0,20.63607970705124,17.604634655591152,0.22546136566579242,1,8.541809554449433,0.43433504087191427,0.2787103409417273,20,6,8
2025-08-03 21:00:00,29.40776022342881,22.815397209480743,182.11956785583783,1.5098074394941765,0.0,19.050107240889897,21.995209963885273,0.2220011158106001,1,9.336936282622812,0.187991063133917,0.4535579931702341,21,6,8
2025-08-03 22:00:00,30.52051640168193,31.605790761559984,177.93976378398492,1.2404633117300696,0.0,20.94581793617712,17.66728181037001,0.22484154016865512,1,9.469922113713906,0.20746790802953285,0.42893054399112146,22,6,8
2025-08-03 23:00:00,23.484115379196165,15.034732999413635,169.68156092635658,1.6076974312040448,0.0,20.244932636629812,24.640074905678592,0.22432968902773426,1,6.4516596503847525,0.08430805143502412,0.38027312663593754,23,6,8
2025-08-04 00:00:00,25.607251459815437,23.157890933236466,136.27950002825344,1.0801314766137722,0.0,18.747331210528504,16.781239836345105,0.24204588986899617,1,10.812933571104923,0.12146982410603675,0.18346783550156212,0,0,8
2025-08-04 01:00:00,28.9962517065321,23.690908937567617,167.75041116398754,0.6648081035042799,0.0,19.27104936118107,26.30820012174486,0.22640051458394753,1,7.059761723718608,0.18078832841677128,0.368894772097679,1,0,8
2025-08-04 02:00:00,37.799628708077684,28.478021304412195,143.0799343223631,1.6618465964682723,0.0,19.6368456225452,22.42790783557188,0.23554370861230556,1,10.549576779401768,0.3348759998830466,0.223536065278619,2,0,8
2025-08-04 03:00:00,39.897092307404144,31.643871498919253,137.02224403150362,1.7384022682171416,0.0,19.091649468307693,16.259797523239836,0.20737116506160233,1,7.309178461570892,0.3715884208038756,0.18784409091418142,3,0,8
2025-08-04 04:00:00,26.11124975539292,20.696446982836417,167.91771412452428,2.01092624368989,0.0,20.372538913684764,25.525682172155708,0.2144171386741776,1,4.578046034100838,0.13029143015276987,0.3698805228858271,4,0,8
2025-08-04 05:00:00,35.24215376096318,24.82584496680619,132.26283277534012,2.078042457429773,0.0,20.774194356007634,23.46431721459808,0.24677194740192532,1,4.853747286130608,0.29011188727432574,0.1598015901608619,5,0,8
2025-08-04 06:00:00,54.13338048377863,38.774745333229035,188.81483547484152,2.574532063827751,0.0,22.266256848407746,23.62121520749746,1.777725656988566,1,4.229579431625672,0.6207696719345815,0.49300657980086937,6,0,8
2025-08-04 07:00:00,38.04651842390181,39.79926045200152,172.9408879702786,3.19718623410863,0.17441758545808997,22.710742986746993,19.06647665738375,1.7080201804774706,1,11.73388449365636,0.339197371262874,0.39947711556757987,7,0,8
2025-08-04 08:00:00,36.29367721611374,35.606746646018905,216.00523419058226,2.2553545491899736,0.3381130712773584,22.54021939863481,19.684039822480045,1.639135981758291,0,0.0,0.3085169607669044,0.6532126925804252,8,0,8
2025-08-04 09:00:00,51.640570780605394,37.65917896331519,161.95332240346502,3.755065624628101,0.4757553611948782,26.805369346584,25.778194845134404,0.18585182377761536,0,0.0,0.5771374109848274,0.3347382646675869,9,0,8
2025-08-04 10:00:00,45.16190231538757,55.64135136016133,243.6063076002426,3.608212676891987,0.5935720179335714,26.50630365397833,22.683928555158538,0.20481255637554635,0,0.0,0.46373968442692404,0.8158385049391454,10,0,8
2025-08-04 11:00:00,67.76205829400132,35.521628101667204,227.85015639049527,4.871564974740597,0.6669055297216916,24.768666197241014,16.026172598306022,0.15551281884729365,0,0.0,0.8593157694801732,0.7230030977033106,11,0,8
2025-08-04 12:00:00,63.16742420157332,51.32039176711531,227.34009376765732,2.8757881918005817,0.6909971908316841,25.916544456975355,19.187773609283553,0.19161667496041845,0,0.0,0.7788947596316234,0.7199978034105238,12,0,8
2025-08-04 13:00:00,45.07062603853086,50.194177561826905,210.11756989227075,2.942710139538067,0.6641986261216133,25.953574044544336,21.898918174545763,0.16118964177349812,0,0.0,0.4621420533180334,0.6185225131371422,13,0,8
2025-08-04 14:00:00,56.07221054208557,44.85326790351651,270.19464999622966,2.964498683253107,0.5910881662710333,26.42169545560204,17.098067668204916,0.22286395359115407,0,0.0,0.654705490995936,0.97249729560436,14,0,8
2025-08-04 15:00:00,51.72830201188728,43.950786571961565,212.50641001236286,2.5513245869613908,0.48503987534906745,23.92944412106295,16.499515928614294,0.23923176371198865,0,0.0,0.5786729922896747,0.6325975840359832,15,0,8
2025-08-04 16:00:00,41.24555850565626,35.622302921007076,214.48464506776097,3.6724326631979056,0.3416649440865284,25.2130245068887,16.03592436340329,0.1674082995689208,0,0.0,0.39519095611540095,0.6442533656117829,16,0,8
2025-08-04 17:00:00,46.967147519211196,56.967943767815335,237.60008544957725,3.9362511024400137,0.17726825916803907,22.843651979793425,21.856591758234515,0.17456833837998473,0,0.0,0.4953373349460381,0.7804497813934509,17,0,8
2025-08-04 18:00:00,47.50702714066738,27.42322635060623,178.4842429612706,1.970207254884448,8.242841536676221e-17,21.27341368034852,18.66112361370703,0.23569809425533084,1,10.408402320069127,0.5047869806590041,0.43213862098161643,18,0,8
2025-08-04 19:00:00,29.437911463648938,32.32530377677172,170.50804027660342,2.169499771370307,0.0,22.551124957381834,19.221167234584605,0.20858321753985998,1,12.657787675328942,0.18851880770245294,0.38514275158626854,19,0,8
2025-08-04 20:00:00,42.9398095395823,46.37392750635204,204.7767918859098,1.7452762273598383,0.0,22.388366922388087,16.04266525027522,0.20883088828251492,1,7.304850133855646,0.42484584839721035,0.5870545934290614,20,0,8
2025-08-04 21:00:00,31.066599592038934,21.08631552042668,138.14203170888075,1.4645499091955565,0.0,23.058353612163348,23.103568086314844,0.2062876364645857,1,10.2939105043086,0.2170261363337634,0.19444189158663658,21,0,8
2025-08-04 22:00:00,29.541095196556636,29.2281174696816,185.8371616234419,1.5315476423364807,0.0,18.788113511717544,23.517601667741523,0.17182607607252215,1,12.542087578928593,0.19032485794137305,0.47546209441669957,22,0,8
2025-08-04 23:00:00,27.15997955698777,22.41832327293964,161.21123755620494,2.0067404576823487,0.0,20.381200725394944,24.308347759929667,0.1743303015200417,1,6.688695840585701,0.14864760564050242,0.33036589300893504,23,0,8
2025-08-05 00:00:00,38.36979637328741,26.15745081599257,148.19957213330068,1.566286231736378,0.0,19.164394334473076,22.592465138896973,0.2449643115478769,1,11.805327404344661,0.34485578467041905,0.2537010246491752,0,1,8
2025-08-05 01:00:00,32.472061000832454,20.505829633229393,122.2160162216637,0.8415144359429485,0.0,20.453907400089566,24.016622609845616,0.22234701521068023,1,7.710894241240432,0.24162627282441726,0.10060564225657447,1,1,8
2025-08-05 02:00:00,36.208679784941985,29.20342132005917,160.0457718541086,1.6289008052643816,0.0,18.493884530115096,22.070530615473864,0.1590434487065355,1,8.093276609276948,0.30702922983733366,0.3234989569384957,2,1,8
2025-08-05 03:00:00,47.87567069291724,32.86734681674525,162.91750370496183,1.798837125043117,0.0,19.172477834831547,21.264264154593107,0.17229382716586122,1,9.544302382904588,0.5112394393640287,0.3404192309506637,3,1,8
2025-08-05 04:00:00,25.88694782239198,27.692858075366235,144.11920747271,1.6094779146803235,0.0,20.27480433246296,18.859042272057458,0.21271155211808768,1,5.824083568986559,0.12636541828761505,0.2296594735181919,4,1,8
2025-08-05 05:00:00,30.28925932326775,29.268178538074334,143.3083238785734,1.794334439033044,0.0,21.847290810708824,16.68557592753312,0.17834653869239495,1,5.422186004734545,0.20342015854468415,0.22488173892549773,5,1,8
2025-08-05 06:00:00,46.91615669659451,31.082765030824024,139.69294700191517,2.406207872399726,0.0,21.897800924740867,19.262086141254503,1.3138002420049597,1,4.477088708837483,0.49444483004459233,0.20357990066642145,6,1,8
2025-08-05 07:00:00,45.7226230285478,36.56661022613331,191.21228762321294,2.3721090429844653,0.1719389820717692,23.968485510679415,23.455380477071095,1.276760994752355,1,7.593633789564001,0.47355411689057975,0.5071323928601399,7,1,8
2025-08-05 08:00:00,44.62818295295833,30.40810461175124,192.55067308140354,2.6965608637891942,0.33508021519002135,25.053954042183975,26.00719183298542,1.2642951476524886,0,0.0,0.45439786324185516,0.5150181739367253,8,1,8
2025-08-05 09:00:00,47.10907687651467,37.07840856614969,162.43096491027842,3.0243375680778266,0.4661122663656808,25.242036256528674,18.75070178314469,0.21133305817702375,0,0.0,0.49782155937215977,0.3375525392986742,9,1,8
2025-08-05 10:00:00,43.950614398846945,34.93923313258264,229.44680796849008,2.90839504455133,0.5753397054764107,26.732074728912277,23.054647187012193,0.24058488238817077,0,0.0,0.4425382142976529,0.7324105854510283,10,1,8
2025-08-05 11:00:00,55.91758832834977,44.61030442371799,248.08794882734918,4.455676346887368,0.6533503576811139,25.822881053821515,20.89957063754388,0.18611318559695592,0,0.0,0.6519991003838643,0.8422443817846254,11,1,8
2025-08-05 12:00:00,73.68981435644423,44.40668293310687,167.33920845376872,3.650596286040282,0.6783761932586183,24.286439867238386,22.339258388587208,0.1621508601376172,0,0.0,0.9630707408419089,0.36647196144097327,12,1,8
2025-08-05 13:00:00,47.70941438097268,47.672146449097895,248.41765307135776,3.1092082378200896,0.6518937191599065,26.758543769598987,15.66986726761827,0.1624299342685429,0,0.0,0.5083294142714295,0.8441870026285397,13,1,8
2025-08-05 14:00:00,39.25078907996889,46.72890578748145,258.80821267704175,3.6228814098000264,0.592402855623637,24.484356523149813,16.835026089895248,0.24336897048986456,0,0.0,0.36027601655728336,0.9054082881798705,14,1,8
2025-08-05 15:00:00,60.86699148376519,49.10921415192674,272.36794748282307,3.240695250404972,0.4854605057998428,25.517215734514146,17.725192480129582,0.2028735478117869,0,0.0,0.7386297203416263,0.9853023870589089,15,1,8
2025-08-05 16:00:00,45.26341158796818,43.0433295994163,186.4802756990366,2.828142176506729,0.3437540464496271,25.553245028413677,24.613040150734772,0.19662855106777538,0,0.0,0.4655164261751685,0.47925132925661396,16,1,8
2025-08-05 17:00:00,47.17972256968065,40.59796994000262,194.850269549858,3.99429056647164,0.17619747386305354,23.706683458277972,15.80353149778972,0.23907412439501072,0,0.0,0.499058088303859,0.5285674203094682,17,1,8
2025-08-05 18:00:00,40.445774907423896,35.77280644268386,246.61910922008792,2.078663834077767,8.37216122646687e-17,20.971400582322495,21.213747092481043,0.2007112937348656,1,13.134024444143996,0.3811921472143499,0.8335899635013161,18,1,8
2025-08-05 19:00:00,42.184092049172285,31.730210500181244,151.7126311785337,2.8288086464565785,0.0,20.766904762857898,24.914241467025022,0.19805988928486065,1,9.797531309900547,0.41161833941251363,0.2744000051785054,19,1,8
2025-08-05 20:00:00,56.1687135078142,44.4663037262364,182.13370595232786,2.4787653558192173,0.0,22.278326789768673,22.130797332749268,0.24266525336023684,1,7.814849314215178,0.6563946061248352,0.453641294982188,20,1,8
2025-08-05 21:00:00,37.97246732737493,21.867762326204655,170.2193378670439,1.622319802305015,0.0,20.159141143992006,20.485446881722957,0.19744591229539643,1,9.738487788981107,0.3379012367191247,0.3834417139785027,21,1,8
2025-08-05 22:00:00,31.64829061456505,29.008625970023285,168.5238191104931,1.699255907399193,0.0,19.925076942282683,19.567164712551833,0.18909610757740036,1,9.385887890038312,0.22720761727660493,0.37345169978372816,22,1,8
2025-08-05 23:00:00,22.527670226519337,20.120651356680515,138.88001787808486,2.165753095836313,0.0,20.29861559976696,22.166603867004614,0.2081662131966694,1,5.923851294224638,0.06756715684022213,0.19879011379144085,23,1,8
2025-08-06 00:00:00,26.796769850773824,25.17124466738524,176.31449413466197,1.2411218527982113,0.0,20.127874169697876,20.79404408096799,0.24772315315338098,1,9.135072356290667,0.14229025687824548,0.4193544382687039,0,2,8
2025-08-06 01:00:00,35.65841905109454,18.360016651177954,125.1105557648333,0.7215047634936791,0.0,19.80654989074844,23.299526053338184,0.24638290426003434,1,7.296148177229197,0.297397880962579,0.1176602994297133,1,2,8
2025-08-06 02:00:00,36.080626938206194,25.080503965780746,150.47868623090815,1.6679582754458406,0.0,19.612752831833976,22.501354916013916,0.2275601404022104,1,8.190449593420588,0.3047878893864269,0.2671295886792938,2,2,8
2025-08-06 03:00:00,30.253007698831897,32.04374498323113,141.07508287459942,1.829418900699677,0.0,19.979472092960034,22.073260798091543,0.19992808592874312,1,9.463860436402499,0.20278563745178882,0.21172345964144068,3,2,8
2025-08-06 04:00:00,35.919762486719975,24.322959803715598,128.40092892242103,1.7965108693594305,0.0,21.765316789160092,26.328424019177685,0.2381461708369763,1,4.065858274050118,0.30197223935271156,0.13704721238682857,4,2,8
2025-08-06 05:00:00,35.36937525999367,27.485839889971007,128.11284218725905,2.9389193076992357,0.0,22.178481058127005,25.088791513677254,0.1919382978379165,1,5.168896956963084,0.2923386764420071,0.1353498023390334,5,2,8
2025-08-06 06:00:00,60.59470404220377,32.54839921207928,196.52496994061272,2.420074605448085,0.0,22.13801298024046,22.670222864335326,1.6051072835552485,1,5.382629388524964,0.7338638063256365,0.5384347724758745,6,2,8
2025-08-06 07:00:00,56.628383446774805,35.92087883392386,174.8462017882567,3.5934454813130685,0.18091025574574718,24.247820370759317,21.898123624488306,1.2595701327268292,1,11.22520466142804,0.6644403220501045,0.4107032444520651,7,2,8
2025-08-06 08:00:00,38.88726722419133,30.765747351695087,189.37718210019975,3.4567083267252787,0.3432935051934352,23.7541483751574,23.832907278581803,1.6209657350714282,0,0.0,0.3539132041644904,0.49631993198173274,8,2,8
2025-08-06 09:00:00,61.28927583402133,40.21210986003657,217.27772776934057,3.1369329267521904,0.47947638257458647,23.64676585668989,24.598391755767228,0.1776105916028351,0,0.0,0.7460210671186862,0.6607102380162632,9,2,8
2025-08-06 10:00:00,52.90492293877335,40.65877198969179,158.12266585997833,4.479096522488716,0.5868636616223136,24.210132029566886,19.074394044445267,0.22717529816548945,0,0.0,0.5992676775781197,0.3121679963665818,10,2,8
2025-08-06 11:00:00,46.95192812975242,40.52143687505413,230.5461386158616,3.363251806138944,0.6553585735431623,24.283975624930154,22.893157220779365,0.1914040161313907,0,0.0,0.4950709462315221,0.7388878530893608,11,2,8
2025-08-06 12:00:00,66.7303256346932,45.26054317330846,178.70368558148368,4.361442551956263,0.6774795570646475,25.086435069759624,17.169121627645744,0.18984097845466674,0,0.0,0.8412570991516635,0.43343157918829933,12,2,8
2025-08-06 13:00:00,51.628561842143704,45.238156188958705,244.92606852463112,4.32915525765015,0.6514231437718132,26.484246589427514,20.144829509723593,0.22465776474475813,0,0.0,0.5769272155832197,0.8236145500683492,13,2,8
2025-08-06 14:00:00,38.920696687974555,48.15209627051693,180.5461538790115,2.511573314083171,0.57785218336007,24.13961925341627,25.298778881157496,0.192531863916988,0,0.0,0.35449832828581546,0.44428742161092705,14,2,8
2025-08-06 15:00:00,59.22322752401186,43.28038465601768,254.98475107591264,3.0215533434166586,0.47007725766636416,24.650321366690687,18.85329607503875,0.22140213572496475,0,0.0,0.7098585157284301,0.8828804125542665,15,2,8
2025-08-06 16:00:00,53.953734973998635,39.0638129831206,234.0677732225619,3.3919731476439043,0.3358733933641201,23.17771660679999,17.011315207513416,0.23550655605465823,0,0.0,0.617625292421298,0.7596373609162838,16,2,8
2025-08-06 17:00:00,44.44885891865063,54.19708096297558,196.4006422331459,2.504745861732307,0.17427044644011494,22.844428391220426,16.88701780326413,0.16368786346791336,0,0.0,0.45125911059277957,0.5377022323269681,17,2,8
2025-08-06 18:00:00,40.99405971309172,38.47118268276963,185.88344439025835,1.9077846762319417,8.308968384897803e-17,20.81210708755105,19.410717843732424,0.19790229959973307,1,10.02098110413788,0.3907889109325074,0.47573479296142723,18,2,8
2025-08-06 19:00:00,39.56791974939048,26.57640459435446,156.94081380831577,1.874204469168614,0.0,21.319014598173354,17.697753222818385,0.24449115298370896,1,11.632056941648864,0.3658268326126601,0.30520451175361835,19,2,8
2025-08-06 20:00:00,39.69620667397912,43.12939786677271,216.36480201895046,2.0331037008691224,0.0,20.616159909840103,19.81547785001577,0.23121814514361916,1,11.479300761902623,0.36807227018575994,0.6553312699748092,20,2,8
2025-08-06 21:00:00,42.785590383612394,25.502670873796518,137.289510539009,1.4315586705431806,0.0,20.722681884197648,22.90605260883014,0.24736122659883045,1,9.50412098478491,0.42214651260428393,0.18941882796350676,21,2,8
2025-08-06 22:00:00,26.525588956218513,27.40732586332878,157.76619108233004,1.9147706656241994,0.0,19.922761649933182,24.777157565333713,0.23603084567520752,1,8.454132652446921,0.13754371102648505,0.3100676432592944,22,2,8
2025-08-06 23:00:00,19.94400819113154,22.362666497138907,131.7285814303332,1.6601943166320874,0.0,18.195223681921092,16.80256313913744,0.18102198179190832,1,6.326770945913828,0.02234468518885155,0.15665377566481126,23,2,8
2025-08-07 00:00:00,26.661468056920846,22.02476205826289,181.43181495950475,1.5140887680182196,0.0,20.36942154406474,23.818286619024093,0.1679152610058529,1,9.829298023014807,0.13992203632420638,0.4495057459330276,0,3,8
2025-08-07 01:00:00,29.720569853442726,26.0304486795537,147.43055185721613,0.6120533806037479,0.0,19.59157255540236,16.94029579672502,0.17105418044448686,1,6.493451545671998,0.19346624697446013,0.24916994916300209,1,3,8
2025-08-07 02:00:00,35.77645254393221,22.39271539058224,115.4709152373709,1.6853907226918847,0.0,19.873181676821435,19.96898914315924,0.17168927383229554,1,10.48456806499936,0.2994638501995201,0.06086343691798442,2,3,8
2025-08-07 03:00:00,37.71764391118453,32.64506290532582,153.20663887721702,1.8534735571045085,0.0,20.136172737105692,26.655086276565036,0.15757363948544867,1,9.751802427297704,0.33344099983173864,0.2832027141189308,3,3,8
2025-08-07 04:00:00,29.712109364191353,24.129353298105773,181.08887744576748,1.5736995735324388,0.0,20.242722739169132,16.810744937097134,0.24067950929767684,1,6.085141219561967,0.1933181609515645,0.447485154525873,4,3,8
2025-08-07 05:00:00,41.94795943558211,32.00718177712324,159.6840876870975,2.1523062184871455,0.0,21.695623835648288,16.357998378990246,0.200254858928816,1,5.123658827713327,0.4074852522371073,0.3213679100547581,5,3,8
2025-08-07 06:00:00,38.433810837879854,31.543495120195367,156.59032756449557,2.9863276974150472,0.0,22.723659207616866,19.711723167786975,1.2009533983224208,1,4.2345404262835356,0.34597624557848633,0.3031394431500956,6,3,8
2025-08-07 07:00:00,43.47221138114175,45.40284256831979,152.11166173591448,2.82508266932244,0.18359722308312,21.27141805499055,26.32866893405375,1.6969812051025392,1,9.892134380809269,0.43416460869065787,0.276751097383756,7,3,8
2025-08-07 08:00:00,35.81130535304799,43.542046490530424,143.29110733458913,2.709267056408497,0.3530216244088618,23.19687531507936,16.289501108809652,1.36923054907599,0,0.0,0.3000738874840493,0.22478029886880524,8,3,8
2025-08-07 09:00:00,41.793056786893686,45.51226085316596,164.48822804522044,2.8864248772669745,0.49877069832400567,24.095782772233996,18.393006137140354,0.15710375078253053,0,0.0,0.4047739531031309,0.34967395514326577,9,3,8
2025-08-07 10:00:00,49.38285602444055,37.01167302293136,205.36207795648735,3.356415709086533,0.613256293810245,25.07742317123769,22.346100407809033,0.1689756557655033,0,0.0,0.5376200746772476,0.5905031050603737,10,3,8
2025-08-07 11:00:00,47.16841048796437,40.51514766395994,234.71405589559,4.3062696739637225,0.6896887153232673,26.308025505763077,18.316592212479815,0.21575498251634972,0,0.0,0.4988600901571488,0.7634452651653183,11,3,8
2025-08-07 12:00:00,53.66875315322178,57.660575908758666,255.2007513083209,4.307283127328776,0.7007371672318671,24.438950588026483,16.31497994505384,0.2294006295597741,0,0.0,0.6126371855657111,0.8841530881761055,12,3,8
2025-08-07 13:00:00,58.52685886051589,48.47638091653217,250.74522054775193,3.7531630038027544,0.6629570627703157,24.60425513441648,16.20021882975449,0.17536767105463116,0,0.0,0.6976698038487346,0.8579010544717501,13,3,8
2025-08-07 14:00:00,42.2931577845597,39.908075335972754,178.80117215096593,2.421587785091858,0.6010925530392239,24.283723424123423,21.363778188261897,0.20770582708250013,0,0.0,0.4135273437865912,0.4340059710722963,14,3,8
2025-08-07 15:00:00,62.910433964471906,48.806839032511306,248.53126201049974,2.6367249422993586,0.486000074802006,23.51170962244653,21.285391260089835,0.15008725578125903,0,0.0,0.7743965963452425,0.8448563876826988,15,3,8
2025-08-07 16:00:00,54.96618946011078,37.403040939929035,223.3988575050314,4.099845788491306,0.3378485439083134,23.338459647201994,22.69025948477269,0.17783874706068936,0,0.0,0.6353465321459192,0.6967759982512051,16,3,8
2025-08-07 17:00:00,49.37908412096206,44.212862424991066,205.06706631138096,3.8775507398464995,0.17201974217881613,23.72662850190599,16.73924665654821,0.16816338218415286,0,0.0,0.5375540541235563,0.5887648933709718,17,3,8
2025-08-07 18:00:00,45.37436544147576,33.27024861350569,207.27641184720804,2.002107606377505,8.295223913756808e-17,21.11925038974622,20.498479852644245,0.1576546224649375,1,12.073672502593494,0.4674584787447894,0.6017823803075211,18,3,8
2025-08-07 19:00:00,36.88446719819531,31.942062508950098,143.53315192023518,2.9990536693460212,0.0,21.8181536208918,21.552626000308873,0.19838952984103833,1,8.68258253729863,0.3188577030353053,0.22620642809151664,19,3,8
2025-08-07 20:00:00,39.44458566784049,48.41117391010214,141.09572186739243,2.474991943812923,0.0,18.958598347634876,17.712041200840137,0.21310155148322024,1,9.192491392638365,0.36366808586863986,0.21184506480220427,20,3,8
2025-08-07 21:00:00,43.77601129119921,31.98289413247303,171.83986759794234,1.330054467499859,0.0,19.471540198169183,21.135175581862917,0.15463763536567537,1,10.249550414169697,0.43948209318827736,0.3929898920521344,21,3,8
2025-08-07 22:00:00,35.939991489941356,22.226920708307077,133.8895399585246,1.726896953538492,0.0,19.22032473427007,22.910472797694,0.16378911791953704,1,12.58022249614854,0.3023263125682423,0.1693861658477826,22,3,8
2025-08-07 23:00:00,29.617181709669218,18.63989374749542,155.17036812304224,1.8563531314849933,0.0,20.918657897956432,25.992657357936167,0.24322911787614354,1,6.27252455819267,0.191656618881913,0.2947730273134579,23,3,8
2025-08-08 00:00:00,38.33695998288228,19.14961868310513,134.76330032302388,1.288768857286538,0.0,18.860452610871526,22.012438402299225,0.17231128431681061,1,10.01352260729995,0.34428104125820397,0.17453437102714398,0,4,8
2025-08-08 01:00:00,23.150572343841425,18.709116427687874,170.1594529549578,0.6712352821493447,0.0,17.02990693191896,24.945283654552934,0.22599877465540077,1,7.3736275723341365,0.07846996570467517,0.3830888714520007,1,4,8
2025-08-08 02:00:00,28.809812874157185,20.567074855874036,171.47783991131175,1.4543259130989832,0.0,17.52562949478897,24.79527296320986,0.2247734994992445,1,10.639779876943962,0.1775250437083579,0.39085682114721654,2,4,8
2025-08-08 03:00:00,32.59654516357897,29.369156507928764,175.2748198074825,1.8644836468772985,0.0,20.0289643479683,26.05418474307259,0.18215825023761464,1,9.835767793723358,0.24380514972230227,0.4132286662910499,3,4,8
2025-08-08 04:00:00,38.717314656227,26.823370840567527,174.35359469868868,1.9610057257551279,0.0,21.223680219821798,23.823389423634186,0.17041168992466268,1,4.832966705100157,0.3509384825942634,0.40780079834333416,4,4,8
2025-08-08 05:00:00,42.913034085852345,28.029116490143068,188.57437104395603,2.1720221334018017,0.0,21.70255611514041,18.40123632368679,0.17439505536157265,1,6.989854698747172,0.4243771910493565,0.4915897608664854,5,4,8
2025-08-08 06:00:00,49.69927309264346,49.1594518318905,176.49177005914893,2.8762670365360075,0.0,22.264769300615324,19.329479622346664,1.549424225237677,1,5.529553108730652,0.5431584003950957,0.4203989498644466,6,4,8
2025-08-08 07:00:00,39.1717615429007,36.55815454803485,208.71210112472724,2.9446792402752786,0.17342112334811313,24.029551506096944,24.54090117056079,1.4108692653149622,1,10.783505382232129,0.35889277815156534,0.6102414765022925,7,4,8
2025-08-08 08:00:00,38.056639133417534,35.905988503601655,192.76132189111442,2.800153475859986,0.33653055174211616,23.04487291076798,21.656159804036157,1.496674018676528,0,0.0,0.33937451652912703,0.5162593189202258,8,4,8
2025-08-08 09:00:00,63.868754187791424,42.22850453375773,219.78265093898153,3.680984654088475,0.46978138313074264,25.094318172340497,18.698331348097696,0.2311612483163691,0,0.0,0.7911703107623826,0.675469271453581,9,4,8
2025-08-08 10:00:00,64.72517998821213,40.024427847022615,163.19099927237102,3.716850899931985,0.565479944207509,23.037765526638676,22.914622359861372,0.20022963847963365,0,0.0,0.8061605420505916,0.34203066968589996,10,4,8
2025-08-08 11:00:00,47.29788030807514,57.89253302343148,227.30058226440482,3.3215543468881674,0.6292304850510747,24.058144563391505,25.42434129552926,0.24952289257384758,0,0.0,0.5011262322413199,0.719765001221327,11,4,8
2025-08-08 12:00:00,45.86204226368147,49.924251604351056,260.9072423423484,3.145564466637237,0.6547773865116294,23.251878032560505,19.50574351701853,0.21658338038175093,0,0.0,0.47599440603139287,0.9177757928569196,12,4,8
2025-08-08 13:00:00,46.17077209871387,49.38849317666732,223.01504740539053,3.725557950272567,0.6359835144264313,24.675449911889604,21.874934048472934,0.17072476581252066,0,0.0,0.4813981802175896,0.6945145851416796,13,4,8
2025-08-08 14:00:00,38.923888699296555,39.26145914435116,185.55016848833404,3.5165479711748326,0.5808303357721029,24.597924833442374,21.595568007895572,0.1999518782123268,0,0.0,0.35455419884455835,0.4737711278718276,14,4,8
2025-08-08 15:00:00,64.2275980777386,40.36635723581297,221.5764506215333,3.0018048336350813,0.4752087694886257,24.275117583564693,16.795622830883286,0.23134177219636642,0,0.0,0.7974512435694354,0.6860383578892446,15,4,8
2025-08-08 16:00:00,50.32795047523123,35.040363917642836,236.85002877552995,3.5447351960947575,0.331605638017198,23.595158815148483,16.353274245941975,0.17183015348895028,0,0.0,0.5541622951470137,0.776030439648237,16,4,8
2025-08-08 17:00:00,57.906530533821055,54.463689081516925,236.38062171018592,3.6829835026933577,0.17147437639813456,21.875752790601982,24.51197882399372,0.22294221386435478,0,0.0,0.6868120446742499,0.7732646883241682,17,4,8
2025-08-08 18:00:00,42.37968917202732,27.751280622019422,202.37020099319838,2.5346465571752415,8.024449198602387e-17,21.830175478207142,24.943753137393262,0.1533449034190879,1,13.974267248510277,0.415041923930244,0.5728749347928392,18,4,8
2025-08-08 19:00:00,35.00787695906099,36.519096728651526,163.452873222036,3.0846941843578253,0.0,19.740073671199404,24.66395896662349,0.24426338313999596,1,11.256921861955874,0.2860112828270396,0.34357363372819516,19,4,8
2025-08-08 20:00:00,41.71682458445841,37.373496810941624,218.40199097208728,1.74293684147787,0.0,21.87076142202736,19.50423753308196,0.21633617494144464,1,7.813718858457621,0.4034396421265664,0.6673344085308673,20,4,8
2025-08-08 21:00:00,41.29090416045388,24.158563733849284,192.85645770770378,1.7638752273157552,0.0,19.576134824826884,18.454001390939254,0.16625703042015808,1,11.436611894386122,0.395984652256967,0.5168198601436639,21,4,8
2025-08-08 22:00:00,38.12682472587089,27.81307900195499,141.65507204940832,1.3712035612808962,0.0,18.90766153120216,25.337537378071655,0.23742946993783962,1,8.59902618904867,0.3406029922049637,0.21514076190764708,22,4,8
2025-08-08 23:00:00,23.152937260935687,14.64967910088937,175.36919075116106,1.8308164881042654,0.0,20.679323160737948,24.86524621055834,0.15818206808890106,1,5.1888109082207965,0.07851135942985604,0.4137847008753213,23,4,8
2025-08-09 00:00:00,30.043575116255695,19.219715966641004,134.3017185128841,1.3721522018924812,0.0,17.739444059746248,24.358082077990847,0.19059289636462215,1,8.218417704135527,0.19911988748190002,0.17181472618834145,0,5,8
2025-08-09 01:00:00,21.999722435968742,24.93009540376966,128.10533613633402,0.7603690333742954,0.0,17.951850118431615,19.37762301515939,0.22369493395994336,1,10.028346749193943,0.058326356896357,0.13530557660870868,1,5,8
2025-08-09 02:00:00,26.384594535705027,23.672066418943054,165.41536391430012,1.9184637883226012,0.0,18.274436132377076,22.724140244857338,0.24374066273632652,1,8.856906597378353,0.13507585102879943,0.35513664935222433,2,5,8
2025-08-09 03:00:00,42.066754028451086,32.29254909290988,167.74378505107822,1.3610807908884304,0.0,19.77305274317506,24.027234754809896,0.1848810266839227,1,7.305023871173102,0.4095645431949693,0.368855730971319,3,5,8
2025-08-09 04:00:00,33.465278050496906,20.641798460969348,137.98066378463707,1.8452931374485784,0.0,20.88738174381221,22.249120702063813,0.23305112309634005,1,3.885205294647594,0.2590107949704676,0.19349111009421882,4,5,8
2025-08-09 05:00:00,35.145037747610054,21.889310957519776,114.46366150213679,2.733685235425113,0.0,21.91246794197227,22.57864056777088,0.16967522576652705,1,5.674738500806145,0.28841204182217217,0.0549286874061603,5,5,8
2025-08-09 06:00:00,57.03983952924072,37.740351579038574,134.92524971199936,2.3837005441360533,0.0,24.5147382742343,24.259393665957496,1.1513327768735877,1,5.253342702113054,0.6716421389945201,0.17548857851582506,6,5,8
2025-08-09 07:00:00,48.9323622884288,42.82064190273175,204.36523403940848,3.8209803280741133,0.17556836843813406,20.463254841361433,24.34909072952332,1.1465707374694116,1,8.682249977723128,0.5297349720876384,0.5846296903056757,7,5,8
2025-08-09 08:00:00,43.84737313365334,43.63379829367023,215.8874403349552,2.914656254701635,0.34070633955700175,24.038446812182933,18.646170923017085,1.6186278684107998,0,0.0,0.44073115705699156,0.6525186499546948,8,5,8
2025-08-09 09:00:00,45.8613074133324,46.17936687137384,185.91228377756167,3.930506399887041,0.48514068119103143,23.48737591949214,20.186311780187214,0.16542073059355733,0,0.0,0.47598154376511204,0.4759047149321608,9,5,8
2025-08-09 10:00:00,61.834167185769466,52.62554818173414,180.41167072758785,3.9367591053879396,0.5986992458671935,23.928316002414736,24.237584479911625,0.15503243103897268,0,0.0,0.7555584343788002,0.4434950454803241,10,5,8
2025-08-09 11:00:00,57.7837871317872,37.5110669122775,187.74205713186612,4.24702514115883,0.6685356305267506,24.188122951368456,18.609172872509465,0.24767475258316313,0,0.0,0.6846636367389853,0.48668575861693114,11,5,8
2025-08-09 12:00:00,48.33012387321514,41.37272893528484,257.26816417449515,3.281680668940909,0.6965264102510796,23.994804463474235,25.36373664280171,0.1742012268329679,0,0.0,0.5191938450801821,0.8963343063429607,12,5,8
2025-08-09 13:00:00,54.18833980825078,33.57031015385444,199.47713861102076,4.090937359186489,0.6657990542675978,26.479326857368793,24.407041855970412,0.1962554482979551,0,0.0,0.6217316384994335,0.5558289810676692,13,5,8
2025-08-09 14:00:00,48.95868625788997,47.18527529164841,221.27382857141208,2.4532647685128914,0.5818460219638434,25.33084237133928,24.852858136605818,0.21130811391199178,0,0.0,0.5301957269953641,0.6842553056141327,14,5,8
2025-08-09 15:00:00,63.769924815656985,53.5187938239949,243.89081840344056,3.0731084531402995,0.47769090275837833,24.02842332699418,18.553928407285145,0.16444560366243122,0,0.0,0.789440475970348,0.8175148455585182,15,5,8
2025-08-09 16:00:00,61.1289303390905,35.51994832462485,183.4623739312805,2.5615509308180706,0.33856239769456764,24.728354815476628,16.506210582493782,0.18571688606886352,0,0.0,0.7432145005091157,0.4614698205697677,16,5,8
2025-08-09 17:00:00,56.78739204337195,35.39845184874274,182.64854749671787,2.9067643466688637,0.17357455560029092,21.13469318069529,16.419688662143646,0.21477068447684708,0,0.0,0.6672234885995404,0.456674746730595,17,5,8
2025-08-09 18:00:00,49.47727225860421,39.58257662406758,185.8061893095127,1.9781273072826822,8.11144584688527e-17,20.53347972002101,21.073052282326376,0.21397617174746264,1,9.703877337605267,0.5392726652306613,0.4752796052200438,18,5,8
2025-08-09 19:00:00,29.527346532215788,34.902188015046676,205.03118585263326,3.0030060131392404,0.0,18.90317372086797,18.52268301783588,0.23420573087367016,1,9.878386187665258,0.19008421169009007,0.5885534853338624,19,5,8
2025-08-09 20:00:00,49.90552479426201,43.91839888123059,208.5741586031695,2.137295691095141,0.0,19.65159168500592,18.135164032269508,0.19374224327547546,1,8.472207338492698,0.5467684746237444,0.6094287177267848,20,5,8
2025-08-09 21:00:00,41.01461880253394,23.542280836155523,173.60899007436686,1.5807747781801884,0.0,19.884785948166783,17.780775503174226,0.2389827625552956,1,13.579628137059427,0.3911487617282942,0.4034135801319578,21,5,8
2025-08-09 22:00:00,34.674812348770516,27.370708640710426,130.6342989319699,1.8446814866450918,0.0,19.342585578020604,21.39426270881058,0.21821927355252346,1,10.066105187013283,0.2801815710881841,0.15020625177307825,22,5,8
2025-08-09 23:00:00,26.04991606988222,20.251956831653168,147.63802893194372,2.012297190958094,0.0,19.082756999979363,21.372478420276856,0.20621051949014577,1,7.794559754209735,0.12921789157988706,0.25039240625090564,23,5,8
2025-08-10 00:00:00,39.57626790300507,21.46526985469707,118.29973469382898,1.1394426203658463,0.0,17.413519006391805,20.184283134663566,0.16171368260604144,1,11.181803967302265,0.36597295239729377,0.07753087065487797,0,6,8
2025-08-10 01:00:00,24.884527203853036,21.71648533738316,112.26320014994475,0.8596961712144668,0.0,19.72333028760605,17.309635241301663,0.20747039121429323,1,9.875374603746337,0.10881980381338188,0.04196354617223457,1,6,8
2025-08-10 02:00:00,26.97005444176487,22.31655811668401,146.27317388960134,1.9304884396015665,0.0,19.452875437283943,25.8059448226674,0.20946720178062783,1,8.199569579748738,0.14532329966649687,0.24235066610846828,2,6,8
2025-08-10 03:00:00,43.40187271741427,27.609608946496245,173.60871578922053,1.316395733103667,0.0,20.416423098391093,20.58414175186083,0.22588043828606363,1,6.754210237589367,0.4329334537706864,0.40341196404101537,3,6,8
2025-08-10 04:00:00,38.58557650300375,30.403105210923975,169.89644036297716,1.7984960854137557,0.0,18.40528593994224,17.399772965443756,0.2219139067483522,1,4.0140836002044695,0.34863263731808425,0.3815391985173077,4,6,8
2025-08-10 05:00:00,42.695849485689,33.821529879864016,172.53653256166984,2.448395872696294,0.0,21.326434728448387,16.510504922221674,0.20299801793459551,1,6.205314448398403,0.4205757556102485,0.3970946492833655,5,6,8
2025-08-10 06:00:00,52.485044397074155,39.31423201015212,178.16447726922667,2.6571004827353835,0.0,20.59698258626322,17.765377957703926,1.5696218785422498,1,6.451402138948851,0.5919184402595626,0.43025455818951885,6,6,8
2025-08-10 07:00:00,56.97377442791769,34.93657909731952,203.33306028276255,3.7923710311002905,0.17409130421601945,22.15722246737967,19.30379809361514,1.7042570340260381,1,7.65020751865423,0.6704857852877252,0.5785481117678226,7,6,8
2025-08-10 08:00:00,51.2038594995711,42.911072601949634,202.75515757285,2.643732037644453,0.3327925923134218,23.805788182348653,22.827160765428886,1.3885801966026006,0,0.0,0.5694935460923192,0.5751431029745437,8,6,8
2025-08-10 09:00:00,43.821762264257615,40.517271212910224,202.42848834828803,2.594324044793879,0.47086809885918474,23.977165876691753,26.381628380569754,0.16349711156005275,0,0.0,0.44028288371498636,0.5732183644968586,9,6,8
2025-08-10 10:00:00,60.271598746982164,38.469395056772214,186.46800802737204,4.480116164687334,0.5774876253844896,23.50461074912142,18.8282190575629,0.23742993805026172,0,0.0,0.728208414926361,0.47917904800723676,10,6,8
2025-08-10 11:00:00,46.73803472827317,43.68993979186062,166.72571570376192,4.404687817174603,0.643078755806774,24.65544169421301,24.191106093007093,0.24650187752209052,0,0.0,0.49132711745193536,0.36285725576031946,11,6,8
2025-08-10 12:00:00,52.704963668063414,53.69720266694115,210.45909696111624,3.2761040926560967,0.6717470727040558,23.213166239912297,25.319556548621605,0.1929304838734095,0,0.0,0.5957677413142995,0.6205347941882862,12,6,8
2025-08-10 13:00:00,47.777024772047305,32.32734296815333,265.07381559051146,3.207959634033559,0.6515067223587929,25.786050883738408,19.73911828614675,0.2490309789277693,0,0.0,0.5095128155645678,0.9423252858848781,13,6,8
2025-08-10 14:00:00,46.14834021158617,43.026146959506946,229.14102919126677,3.8937413718019647,0.5855967948746623,24.124096615913587,18.190213536969555,0.18226949148337013,0,0.0,0.48100554938359313,0.730608933706912,14,6,8
2025-08-10 15:00:00,50.25840909078388,35.89542428702021,184.14749802761392,2.6511611644078044,0.47750059438726045,24.96446709166998,20.55422821875234,0.15665740940907305,0,0.0,0.5529450952022479,0.46550657888996266,15,6,8
2025-08-10 16:00:00,42.18422977795663,51.761137996041775,230.63427333266185,3.405880874682398,0.34281940262378846,22.691351464722935,24.64657364052549,0.20724595811887517,0,0.0,0.4116207501132788,0.7394071437598327,16,6,8
2025-08-10 17:00:00,48.4984129655607,55.970700804598245,204.68743454493313,2.758895266577761,0.1792266113723386,21.964044618303287,15.500435513091816,0.2368200684546948,0,0.0,0.5221394504277831,0.5865280990441922,17,6,8
2025-08-10 18:00:00,33.69256488165665,40.44818818788654,243.13800885829667,3.0920661612364198,8.513748950794451e-17,20.94025097942413,20.362972638656572,0.21174818182363941,1,10.135180452034879,0.262989052241763,0.813079283868096,18,6,8
2025-08-10 19:00:00,37.42462271945524,29.14168388991188,158.08224953547852,2.8260794850049096,0.0,21.79742283564357,23.159582857808427,0.1509427148243593,1,11.138652732012577,0.32831217789035044,0.3119298629611602,19,6,8
2025-08-10 20:00:00,54.952031344511894,34.19190421083202,199.08105736560864,2.0764128852970436,0.0,19.481537137124672,21.60696142409236,0.15118326814165287,1,7.619715470150525,0.6350987191686265,0.5534952662392939,20,6,8
2025-08-10 21:00:00,42.95878949332165,31.02627947795472,185.05141649792012,1.6371355433599746,0.0,20.20749962397033,20.618980471195588,0.22243510728644195,1,11.422822735509357,0.42517805919264956,0.4708324759432326,21,6,8
2025-08-10 22:00:00,40.295447743576545,31.942143257199373,198.68332628172038,1.8958680465337971,0.0,18.69694615568912,21.306236964732875,0.23453429957141314,1,12.784942595992568,0.3785609339161689,0.5511518305454124,22,6,8
2025-08-10 23:00:00,23.846366505193277,14.879535331172201,156.63982404993484,2.219644341191639,0.0,16.796978207957398,22.11480803014574,0.17530367091228258,1,5.288125369371421,0.09064862193213351,0.30343107695846216,23,6,8
2025-08-11 00:00:00,36.796107763835465,24.03246932761488,172.36479599254514,1.6037399597246698,0.0,18.093643136817935,22.911789121466946,0.19701310567625863,1,12.24241574489249,0.3173111261375767,0.39608277562718264,0,0,8
2025-08-11 01:00:00,26.200357940301476,19.441090053356824,107.76904297853865,0.9536937240695234,0.0,17.580303728624337,19.610052702059487,0.24610909004874731,1,8.183614035386885,0.1318511126153902,0.015483925252423397,1,0,8
2025-08-11 02:00:00,26.2497708448131,22.836588746809536,113.60243777568928,1.4783764440552358,0.0,19.0862421542775,21.43460456121382,0.19605740836098967,1,7.889899718631296,0.13271599882840193,0.04985434822893431,2,0,8
2025-08-11 03:00:00,43.11118367921194,30.492568774869582,130.4736767310748,1.4528700957825536,0.0,18.331907789136842,18.936013122750982,0.1635814099408013,1,6.222776327984162,0.42784545208570757,0.14925986409040676,3,0,8
2025-08-11 04:00:00,35.69433147660947,30.184055869381876,154.03163844666102,1.9585013019852864,0.0,21.06282520532463,26.619695173032515,0.2411653006671883,1,5.251746213846554,0.29802646497338875,0.28806362018534004,4,0,8
2025-08-11 05:00:00,41.808309908232765,24.654001603887846,147.852996609125,2.680954879007426,0.0,20.76252535849668,18.12397348548189,0.1995167669194432,1,4.89177618325599,0.40504093223503884,0.25165899804657965,5,0,8
2025-08-11 06:00:00,51.859180344156925,40.26407953059689,136.21569978772712,3.3725387780195555,0.0,21.445664625746836,17.74456518026137,1.383230206536657,1,6.368667157870052,0.580963787908365,0.18309192381906056,6,0,8
2025-08-11 07:00:00,40.45895200053207,52.32632816701246,177.2138222505628,2.5229729428907848,0.18108817000685623,23.048806180247855,18.999771674850308,1.1980745418045142,1,8.216957166375924,0.38142278911385924,0.42465328890594833,7,0,8
2025-08-11 08:00:00,54.75210447320896,38.06025526975754,186.00291534072264,3.119975020076029,0.3492480029522569,24.073554151674795,25.93452674519985,1.4687012228068421,0,0.0,0.6315993499995908,0.4764387170474276,8,0,8
2025-08-11 09:00:00,58.725791598955375,54.54607348883038,192.6795843318958,3.4961183581676147,0.488007214541546,23.704053147137575,23.04962404945945,0.2269672769060619,0,0.0,0.7011517724659103,0.5157777203689355,9,0,8
2025-08-11 10:00:00,61.48569882058768,35.9389259702742,159.05561121106982,4.1817080795708454,0.5971354687902295,23.422885835709096,20.781729960386656,0.2217184343438081,0,0.0,0.7494591069319472,0.3176649201041363,10,0,8
2025-08-11 11:00:00,63.29037086534362,56.96045624589701,252.75561802887185,3.0123436419209635,0.6675326599204561,22.71299018953611,25.623586410328546,0.19965876503096014,0,0.0,0.7810467253070212,0.8697463373952984,11,0,8
2025-08-11 12:00:00,54.56401745364669,44.641579687036845,224.54190221729263,4.1363649880784985,0.689818777969081,23.89629901045229,25.20154552127825,0.22195353460261572,0,0.0,0.6283072166657241,0.7035108296157259,12,0,8
2025-08-11 13:00:00,39.70518649318257,50.18635682968527,192.83696096747835,3.2906850456229795,0.6522075851727632,23.856074481759542,19.843679223180416,0.18507605683811731,0,0.0,0.36822944616845443,0.5167049851469401,13,0,8
2025-08-11 14:00:00,42.63711012540571,34.79847432320239,240.61600094339727,3.507411203865099,0.5747359039931883,24.273797440803463,21.41027499240312,0.2235268202530196,0,0.0,0.419547626149488,0.7982195869335525,14,0,8
2025-08-11 15:00:00,43.94623030294304,46.05795065195352,198.73100474215045,3.1639032530064477,0.46527020098892524,23.337985814183973,24.831212747081903,0.15857341582503587,0,0.0,0.4424614783894669,0.551432752531466,15,0,8
2025-08-11 16:00:00,44.058164453297316,39.139242955345736,215.2694879201138,3.2437765827217353,0.3286336429832622,23.742887951029832,18.709774589833206,0.1699234033414874,0,0.0,0.4444206893357456,0.6488776678823294,16,0,8
2025-08-11 17:00:00,52.97716664176424,44.698828435673704,191.73939460278456,3.6132461053327987,0.16889099655391276,21.711565525670697,19.56850606056432,0.2377723322132937,0,0.0,0.6005321768685639,0.510238112680543,17,0,8
2025-08-11 18:00:00,53.36159684465099,31.707707139396227,238.0394026537693,3.0499387618571325,8.046251635940806e-17,21.484181236406535,23.503399597262273,0.17936554069642585,1,12.258651632491036,0.6072609531999339,0.7830382429418299,18,0,8
2025-08-11 19:00:00,44.99539483665567,36.53277177172533,237.3680460760149,2.270661262684513,0.0,21.941877515278627,22.554777365391473,0.17059413944676272,1,9.40490489357064,0.460825263100311,0.779082602984673,19,0,8
2025-08-11 20:00:00,53.7410969169077,35.182236535675564,149.5063858795109,2.25798140131527,0.0,20.369291291514646,15.925536470702701,0.15890025881351458,1,7.731823858895296,0.6139034362430947,0.2614007848695367,20,0,8
2025-08-11 21:00:00,27.716835616360456,29.770397606740936,129.23548056766654,1.3227393826168623,0.0,19.33922113206374,16.69653812214679,0.18929549943963828,1,12.243884131862954,0.15839439411901,0.1419643993834711,21,0,8
2025-08-11 22:00:00,31.97668036402389,21.50820070313454,137.5458005585634,1.8403856111504067,0.0,18.313665376900055,24.342487735683925,0.15669820750092867,1,10.725262781541211,0.23295550377727647,0.1909288914313601,22,0,8
2025-08-11 23:00:00,27.154828360768242,20.853242597380348,158.5392940867333,1.7457736925118381,0.0,17.975778244153265,15.963275365657202,0.1996980459954951,1,5.731858944545096,0.14855744298694418,0.3146227742232968,23,0,8
2025-08-12 00:00:00,26.87464632647929,24.969966645524494,121.66191833061688,1.3674932307576613,0.0,17.64926903655044,25.409256658347854,0.2419204736966626,1,9.444361642226387,0.1436533479740089,0.09734089170429333,0,1,8
2025-08-12 01:00:00,33.72092199144875,26.55437344818421,163.3791481587136,0.9223573459721304,0.0,18.05418719839117,18.71804473840071,0.22871343451951032,1,10.102458115938697,0.26348539370443247,0.3431392448862812,1,1,8
2025-08-12 02:00:00,40.7453939647059,23.65646407037423,133.60694037561098,1.5550109123080318,0.0,19.64364451129841,22.295278812990635,0.15406737696640152,1,10.346222390506602,0.3864364532182162,0.16772108615825576,2,1,8
2025-08-12 03:00:00,36.73422948173645,27.127561245503284,149.17558503458312,1.3567364081262008,0.0,19.13592370080726,22.043069070965586,0.1799758164104931,1,7.092107565562597,0.3162280553567506,0.259451702841571,3,1,8
2025-08-12 04:00:00,36.64195549474347,22.726333181377775,142.13331112726755,2.117367509039418,0.0,18.622430772476708,20.321215420870114,0.16876442829679864,1,5.939484919646221,0.31461296108211473,0.21795855154155755,4,1,8
2025-08-12 05:00:00,29.939063737403085,31.359597447452266,182.31132352987115,2.5155626541626157,0.0,22.45698162382105,16.44990131685851,0.1566939855153609,1,4.968733354246369,0.19729059912968006,0.4546878196013014,5,1,8
2025-08-12 06:00:00,53.69009597704486,43.626983863043115,122.81082696498223,3.01318417123876,0.0,21.778294383003203,18.19406605355092,1.2064804109847436,1,6.023776227296988,0.6130107542570028,0.10411027335900162,6,1,8
2025-08-12 07:00:00,37.151791082075306,48.63070095506267,189.09745485151237,3.3164335262431544,0.16789457036780006,20.82089675759108,22.717948479223555,1.8061082794221741,1,7.688152049286069,0.3235367386811896,0.4946717761154202,7,1,8
2025-08-12 08:00:00,38.40925484261687,30.306152255594135,193.695492000678,3.394183048576178,0.3205327262713261,22.502582035218083,20.85831618004547,1.357562411297848,0,0.0,0.3455464359577072,0.5217634589474698,8,1,8
2025-08-12 09:00:00,61.00687140845713,48.00980329001598,204.58306134378336,2.741145285848163,0.44972646123134336,23.66967974080805,20.433610771530198,0.1892223876228596,0,0.0,0.7410780730450122,0.5859131310545952,9,1,8
2025-08-12 10:00:00,58.93421088362281,56.076151752315,191.3989393038205,2.836571750218429,0.5534444898999723,25.73317748691057,16.975593320890017,0.19857008683216965,0,0.0,0.7047997864334407,0.5082321465087172,10,1,8
2025-08-12 11:00:00,59.59041265988186,37.33619699249434,157.84565520546633,3.7279075139249533,0.622631765156008,23.21320449017055,19.514355904181105,0.22449290981477144,0,0.0,0.7162854474130895,0.31053584670147977,11,1,8
2025-08-12 12:00:00,60.01171161973388,42.17619605661569,234.9504265815889,3.671657179026726,0.6327489405163199,25.392604599267568,21.27752079662232,0.22983704740855818,0,0.0,0.723659546659704,0.7648379637121403,12,1,8
2025-08-12 13:00:00,54.84422102319414,44.85734345055856,254.654337273711,3.217324898145858,0.6100019053483745,25.706846322736652,16.463689485114575,0.2463729542871932,0,0.0,0.6332116886155822,0.8809336109860794,13,1,8
2025-08-12 14:00:00,57.827640961899796,37.69781105916333,174.37533420860828,3.5107546424722056,0.5489796332277701,23.372016990388747,16.254468433452924,0.17106780706141184,0,0.0,0.6854312211064095,0.407928887762484,14,1,8
2025-08-12 15:00:00,68.04892594358843,51.13221349195263,212.25474522444065,2.3527416627435747,0.44493078315936363,23.239408609844933,20.559250298205914,0.18010661784754736,0,0.0,0.8643368844609494,0.6311147724811395,15,1,8
2025-08-12 16:00:00,60.363880313906606,44.26305426966581,178.43052444962345,3.829788769708132,0.31651158982339883,21.852293576227446,21.196873638791022,0.18129607152148774,0,0.0,0.7298236418744004,0.43182211095080497,16,1,8
2025-08-12 17:00:00,62.03415094912334,57.481099173238,219.83756924761067,3.5682958249773606,0.164152454231619,21.954593897304367,18.030797967899986,0.19452587933096666,0,0.0,0.7590587993433872,0.6757928507007219,17,1,8
2025-08-12 18:00:00,48.660150298610844,43.27359647114911,228.56048763590366,2.1239177780917387,7.755325012802418e-17,21.337997152835978,18.71410505639782,0.23074043514237497,1,13.528312166584467,0.52497037872206,0.72718837680872,18,1,8
2025-08-12 19:00:00,39.34515588733013,32.27618294905318,206.21928932650405,2.2395044721088917,0.0,21.250763362286186,23.562487841980346,0.1739456085531082,1,10.642395780754917,0.36192774198122546,0.5955538033916677,19,1,8
2025-08-12 20:00:00,39.25597363145601,34.32397177927625,163.6254063437297,2.3167961999874396,0.0,20.95073149470478,24.364023605904762,0.2282921766562982,1,8.84290240383466,0.36036676303628873,0.3445902006804211,20,1,8
2025-08-12 21:00:00,30.289082634197335,24.359502931977328,139.0880622075055,1.6571904682236156,0.0,18.484103295130524,18.842243314544945,0.17040400183785143,1,13.231395347252255,0.20341706591245576,0.2000159131499112,21,1,8
2025-08-12 22:00:00,40.29286031086868,31.291249406104203,183.54145168403699,1.8153672724818644,0.0,16.781084266429616,19.25303860443677,0.22101476171973322,1,8.398938688555644,0.3785156454455104,0.46193574751364613,22,1,8
2025-08-12 23:00:00,28.659982078518013,18.708637615675258,138.35843768512936,1.6421141199875733,0.0,18.420423285250838,24.317645627866902,0.2299001319849678,1,7.870175198102252,0.17490251846492846,0.19571695785541415,23,1,8
2025-08-13 00:00:00,34.88295138144204,27.986813917515427,110.62834960894146,1.7325097431625631,0.0,18.625937241058846,25.975262264816646,0.23537837408144624,1,10.67215725813562,0.28382467973614584,0.03233098973612512,0,2,8
2025-08-13 01:00:00,28.412421050660686,20.882656735852144,146.41112433017247,0.8994018024723017,0.0,18.676988257538977,19.23402959870071,0.20102855414405926,1,8.627650594409303,0.17056939694558015,0.24316347154288562,1,2,8
2025-08-13 02:00:00,25.751461649489347,19.716652895432894,122.26741171633648,1.219287270512456,0.0,18.393541101052524,24.317719819213956,0.18287149866388733,1,7.758350635037226,0.12399397050175073,0.10090846504714808,2,2,8
2025-08-13 03:00:00,36.20073142712876,29.32341057101761,165.47991308269505,1.5188481343714004,0.0,19.314659004406558,21.136733347858954,0.22723842333347594,1,6.675418303172577,0.3068901077768782,0.3555169737255377,3,2,8
2025-08-13 04:00:00,31.904351706001837,20.450401683193235,119.43095335710198,1.8365352658323224,0.0,21.319602925869326,18.901002802494403,0.18209164571603415,1,5.644708128302013,0.23168951749804045,0.08419602281543599,4,2,8
2025-08-13 05:00:00,36.071672909989715,31.988582377202295,146.76986040302683,1.9797867343520092,0.0,20.902360204851757,23.435605231034423,0.16480887761814006,1,5.357299274969349,0.3046311648297167,0.24527714822510835,5,2,8
2025-08-13 06:00:00,59.53518876898766,44.46362424903543,140.25041628888093,3.373644550804588,0.0,20.91663398797688,21.097416550982715,1.7510148365217195,1,4.7043846867079875,0.7153188500771238,0.20686451551861457,6,2,8
2025-08-13 07:00:00,39.282410151806616,33.904238468434095,185.72993372506264,3.4825606263477,0.1633739177431816,21.55917516472149,18.992684056086166,1.4334306973177733,1,7.858617759404523,0.3608294879498964,0.4748303065212571,7,2,8
2025-08-13 08:00:00,46.97389898917336,40.85938527483038,184.36778184216797,2.252144452297017,0.31713364973684455,22.605971117755338,17.22388668622041,1.5531253247562207,0,0.0,0.4954555075842497,0.4668044934224747,8,2,8
2025-08-13 09:00:00,51.566610302287046,54.78921815473408,218.04791980912412,3.9284022752521,0.4425772998256954,25.026785608787147,25.271443724248286,0.24184440464019855,0,0.0,0.5758428625538555,0.6652482175463702,9,2,8
2025-08-13 10:00:00,66.34805836353333,50.66249510051065,195.86125752236524,3.4646288180738964,0.5508790082287827,23.676396835880848,25.273345411429133,0.16357966212342273,0,0.0,0.8345661811459424,0.5345241719862468,10,2,8
2025-08-13 11:00:00,65.73272128858068,46.69891219568185,156.7139637656303,3.8578595757196807,0.6189170413875189,24.132494705404884,16.639005961529467,0.2057183896445583,0,0.0,0.8237957850775159,0.3038679089364822,11,2,8
2025-08-13 12:00:00,58.84088925570473,47.93063485622707,184.0757577411319,4.059649104885753,0.6356809095761492,23.76508244713223,22.71565139138656,0.2058764591648096,0,0.0,0.7031663550421898,0.4650838843738898,12,2,8
2025-08-13 13:00:00,63.03432271305206,48.307591765072445,273.2041476326596,3.86285488220989,0.6151444356569669,25.237035515054,17.349486345706776,0.23618913057982566,0,0.0,0.7765650515626251,0.9902292870617927,13,2,8
2025-08-13 14:00:00,51.2219568130874,39.9329196451921,209.58794882404612,3.107146947639747,0.5534173637834389,25.79106102284856,22.26807083175961,0.18412589723236567,0,0.0,0.5698103078189877,0.6154019802801781,14,2,8
2025-08-13 15:00:00,45.99489927842861,55.79433306130657,231.78095668000216,2.630345138023391,0.45229809983657726,23.79794804874393,24.854369921366906,0.1901214089653931,0,0.0,0.47831983501583303,0.7461634140001838,15,2,8
2025-08-13 16:00:00,51.954467916579524,49.405158341590656,258.09848206414904,3.372005364048547,0.3256875529694051,22.80164888320663,18.10115658787093,0.20192931618447624,0,0.0,0.5826316297094934,0.901226548007507,16,2,8
2025-08-13 17:00:00,46.66904024588166,53.55418425825403,158.35063559611638,3.3448334943122453,0.1654020908346529,22.024971499909164,18.95701630138295,0.16671999822447756,0,0.0,0.4901194900682777,0.313511196429217,17,2,8
2025-08-13 18:00:00,47.36436854244576,45.09834611594186,215.96073963973953,2.6406481299754474,7.725503889864662e-17,18.820274526662438,23.5250820815773,0.19706613944326762,1,12.165527216072173,0.5022899921498497,0.6529505302228626,18,2,8
2025-08-13 19:00:00,46.23638948295856,33.323652855399615,170.211248071828,2.6213058193644776,0.0,21.16611906413945,22.93162350434978,0.19360817942302672,1,11.224620384745904,0.4825466974223165,0.38339404882072886,19,2,8
2025-08-13 20:00:00,55.37854030862543,29.888821128299757,160.13234298171884,2.1262923045212134,0.0,19.82443001024471,19.627644495930397,0.1697394475016628,1,7.661399810293775,0.6425640104004129,0.32400903492515454,20,2,8
2025-08-13 21:00:00,32.245973349907615,23.57871075910778,146.30813842969823,1.4402494200918294,0.0,19.490117803495643,24.244586264214977,0.23330225187976916,1,9.522932828885512,0.23766900509952346,0.24255667754333576,21,2,8
2025-08-13 22:00:00,31.20338376518758,20.165095748971414,185.8183373032928,1.6177450303623415,0.0,17.866384439848975,25.113574332499716,0.19310337617208373,1,8.019675228753062,0.21942030333697302,0.4753511813260777,22,2,8
2025-08-13 23:00:00,19.52655739401845,15.161059794156944,142.07781507176682,1.6118312808148918,0.0,17.88650948676904,20.37641286342621,0.18060659105184806,1,7.825428497960704,0.015037941280507797,0.21763156820382434,23,2,8
2025-08-14 00:00:00,29.462071889551098,19.088832738561507,113.89723378695317,1.1634208877128775,0.0,17.750534161567234,16.164241827340895,0.16303742366021928,1,8.89561136264064,0.1889416935754814,0.051591289401487404,0,3,8
2025-08-14 01:00:00,23.33886410777888,21.436919272426792,112.86780872670569,0.8553916184998925,0.0,19.278214114558978,21.22914010357209,0.1589747794370283,1,9.787229013222339,0.08176568272966522,0.045525906211477965,1,3,8
2025-08-14 02:00:00,33.74025255736597,18.7958374263619,115.40300538807615,1.2051078862809672,0.0,18.170336334204677,23.796626132589548,0.2460226893390013,1,9.876753568466954,0.2638237413509989,0.060463311377763514,2,3,8
2025-08-14 03:00:00,43.7526205930391,31.561725445053455,169.55976061412346,1.2020376096813736,0.0,21.10131039874557,18.3644375303635,0.24951534380570006,1,8.812093824155149,0.4390726800491116,0.3795554779261042,3,3,8
2025-08-14 04:00:00,37.39508098121852,29.5321216741739,140.08560895140718,1.4825307004826445,0.0,20.063625146177333,17.140305188676223,0.23979253838031928,1,5.047833567005161,0.3277951015848414,0.20589346896757843,4,3,8
2025-08-14 05:00:00,28.32831453287366,31.522361538443892,183.27634312971486,2.01025125485951,0.0,19.07340951146685,19.17584998976896,0.19586314321404485,1,5.996574558145751,0.1690972598919626,0.46037372514698005,5,3,8
2025-08-14 06:00:00,45.091595331929284,49.38266111760191,185.39835782096992,2.632472875844518,0.0,20.989783869476746,16.249559053270904,1.7309368198590644,1,4.401338774467596,0.462509084014491,0.4728766578366091,6,3,8
2025-08-14 07:00:00,43.66462753566528,36.85480213808805,198.30766496129164,2.8911102364227017,0.1678770988402965,21.23588731190371,23.797448501784107,1.7507116489434065,1,7.592742877561884,0.43753251593782233,0.5489384301279818,7,3,8
2025-08-14 08:00:00,37.327988577140076,39.120151362964435,160.81486300186495,2.302591941763948,0.3215992277998735,20.40949224873922,17.640102095358206,1.3498569079804366,0,0.0,0.32662076674541474,0.32803045000129805,8,3,8
2025-08-14 09:00:00,51.41612820105735,41.96834851998133,168.5872952413345,2.843101182969243,0.45955226588571046,24.817429709540757,23.74140405759154,0.20860290501688905,0,0.0,0.5732089373485887,0.37382570180858626,9,3,8
2025-08-14 10:00:00,47.94244640184443,45.969567195576246,206.00683798378282,2.7372698474956145,0.554553160574352,24.390615177973583,18.42957242123638,0.24568220167587765,0,0.0,0.5124082310103815,0.5943020378648731,10,3,8
2025-08-14 11:00:00,59.40496233718942,47.766214761793925,199.73680150769647,3.6572958203471653,0.6260863179701364,24.51313351465032,26.327900426051073,0.17800678001993397,0,0.0,0.7130394648326172,0.5573589175626943,11,3,8
2025-08-14 12:00:00,72.33168521060395,40.63793173750556,215.61341382328618,4.083346192096401,0.6528140662792707,24.240298970346306,21.3338515117009,0.2162886374198581,0,0.0,0.9392990725836634,0.6509040828903428,12,3,8
2025-08-14 13:00:00,49.29485151124753,35.075842576886615,169.79397920869397,3.182102194952486,0.6286755343303857,22.583396114795015,16.084326025293525,0.21625411251474502,0,0.0,0.5360797100519391,0.38093549632778767,13,3,8
2025-08-14 14:00:00,57.137523687272235,45.788844748211055,271.8749210388781,3.43721239641838,0.5677404914086487,23.174830477136773,23.579043354027707,0.1952670651838545,0,0.0,0.6733519288226254,0.9823974701098159,14,3,8
2025-08-14 15:00:00,45.4125564499989,53.8408970330096,170.33670256982754,2.3891247036780374,0.46046417434721926,24.016202034284188,19.718288132617708,0.1990328855252738,0,0.0,0.4681269453540516,0.3841332280312043,15,3,8
2025-08-14 16:00:00,60.52372957127059,44.78387198254795,180.17302783844164,2.5283567932219855,0.3223397653091708,21.49460471038282,21.67062508455997,0.19563825122900558,0,0.0,0.7326215227158668,0.4420889590888633,16,3,8
2025-08-14 17:00:00,44.67892059900887,40.94387358154637,226.8424544730754,3.214875303724723,0.16945617741243635,19.283230700812634,25.145816300378335,0.2021076923014966,0,0.0,0.45528593673163464,0.7170657074973743,17,3,8
2025-08-14 18:00:00,37.51571512632785,34.50728108620155,165.55015517285833,2.4306680891822525,7.961785796526915e-17,20.804149336678783,20.67701516141615,0.16487777959951552,1,8.922484630099683,0.32990659067771533,0.355930840853277,18,3,8
2025-08-14 19:00:00,30.473398641052608,23.651172986409954,152.93606429956674,2.1063448422468944,0.0,20.105747442690216,23.63948767217683,0.22947471119950125,1,11.095038276922327,0.20664319428402325,0.28160848588581455,19,3,8
2025-08-14 20:00:00,43.835828714138806,47.797060074903044,148.825834323383,1.7941697308542526,0.0,19.652226664619462,18.539008487170747,0.21610751127809227,1,11.284447442246616,0.4405290922446914,0.257390968003916,20,3,8
2025-08-14 21:00:00,37.32423178156774,32.74847522950972,132.48772777196547,1.1158104253339094,0.0,19.61655699670786,22.860995244424043,0.24738222732912388,1,11.45696854228957,0.3265550106291182,0.1611266738262243,21,3,8
2025-08-14 22:00:00,43.20531063772874,20.56450036564831,140.10549922066755,1.8028402228380385,0.0,19.041578082305726,16.592976170247546,0.1745643189073112,1,10.143265675759384,0.4294929793763723,0.20601066264147988,22,3,8
2025-08-14 23:00:00,28.536238573744424,14.950921205586946,134.3533254548383,1.623225882344794,0.0,18.35572493236671,24.975303997854233,0.16459682430742786,1,6.548987321604616,0.17273660548559217,0.17211879482850226,23,3,8
2025-08-15 00:00:00,31.022191957693426,25.441692380095056,145.25883787171827,1.2062721737023636,0.0,19.18294246229039,17.84734777726879,0.18425540658624917,1,11.286230180397844,0.21624885859472942,0.2363741877134212,0,4,8
2025-08-15 01:00:00,30.420152357216065,18.55398054675966,137.03178356090487,0.9356644791019629,0.0,16.56333663015468,19.036853534995867,0.20097414031485059,1,9.549577501521297,0.20571121149046973,0.18790029792089355,1,4,8
2025-08-15 02:00:00,35.8303509004896,29.941377909128388,138.15993906041916,1.199090137880189,0.0,18.879256659778502,26.118501239199485,0.17050095544343083,1,7.998017589919188,0.30040724638218147,0.194547401888642,2,4,8
2025-08-15 03:00:00,46.0187638962299,36.08997512129515,149.56481124753537,1.3704686968077688,0.0,19.470630598210594,17.672345907814645,0.19606010310719119,1,7.540768812950389,0.4787375432869644,0.26174502774720726,3,4,8
2025-08-15 04:00:00,37.15040666503705,21.830985359484718,125.80539736379544,1.4956279504549719,0.0,18.21850617286711,18.801143329650213,0.21426132477143695,1,3.9446529159003565,0.32351250688948907,0.12175431337673252,4,4,8
2025-08-15 05:00:00,37.58796481193148,21.113750627777463,124.00516427169573,2.0916965168538146,0.0,18.67139095798491,22.344207357919245,0.15561712951254025,1,6.1858118266363205,0.33117119468330086,0.11114732122492374,5,4,8
2025-08-15 06:00:00,53.15992809926513,46.46271652389696,190.31026229164348,2.123122409831354,0.0,20.197421184821415,26.66746049118804,1.6935223973885012,1,5.942274932653482,0.6037310955806843,0.5018176502000488,6,4,8
2025-08-15 07:00:00,54.8421341803379,41.06916748756979,181.00862736496504,3.7615274996723977,0.16771311825009017,21.050917983490173,23.539091649621195,1.8297834604972723,1,9.506426907138133,0.633175162092138,0.4470123202129226,7,4,8
2025-08-15 08:00:00,37.999108963987396,41.26371209309539,140.45969645413194,3.3668202466940778,0.32479734481773564,23.18205510746751,17.29847819047971,1.3261861611924117,0,0.0,0.33836755183307987,0.2080975964346851,8,4,8
2025-08-15 09:00:00,46.94345383227082,41.23899131223429,234.23398925058007,3.116569192946138,0.4649657277083598,22.428044934755672,24.00264481997689,0.22762223716519783,0,0.0,0.4949226185197789,0.7606167074866975,9,4,8
2025-08-15 10:00:00,58.31429573532764,37.878133647312815,219.30685022684088,3.539339032205806,0.5617164188487649,22.65561318032958,20.4660393106985,0.19179342612335004,0,0.0,0.6939492592220415,0.6726658486959121,10,4,8
2025-08-15 11:00:00,65.41437919818942,50.51170169456321,172.01204884657156,3.999500595075195,0.6300715496772843,23.19264572704457,26.330719428174636,0.2164432661897985,0,0.0,0.8182237652231483,0.39400438576459507,11,4,8
2025-08-15 12:00:00,57.94486806823319,51.593459872294936,264.98876171468834,3.5176906643578576,0.6486585553014572,25.0177452056827,22.351529131375475,0.2243016070080128,0,0.0,0.6874830759621623,0.941824147561571,12,4,8
2025-08-15 13:00:00,62.534896766880635,35.114567340830455,203.92356348034892,4.106330326257933,0.6215362470385922,23.80253900427324,21.204059677358163,0.179497364929103,0,0.0,0.7678234764713975,0.5820273627658761,13,4,8
2025-08-15 14:00:00,43.6433921989051,34.01035015189739,273.2961087851247,3.1887594372940864,0.551913531577408,23.303143013173862,21.34412599742016,0.22873975953966014,0,0.0,0.43716082861901223,0.9907711231311047,14,4,8
2025-08-15 15:00:00,52.880720609469584,49.28219741857623,175.26771338721272,2.5245109755382362,0.4478134390032587,22.888226748639905,22.10782079360568,0.16051113352417712,0,0.0,0.5988440582595531,0.4131867951887134,15,4,8
2025-08-15 16:00:00,47.472574851071336,48.161916331491234,178.1487397622527,2.7033811363439493,0.31831580854284436,23.66156071897703,22.951002202785187,0.24867248477582207,0,0.0,0.5041839537660737,0.4301618326343146,16,4,8
2025-08-15 17:00:00,65.70455348604477,41.24579002725412,224.67827946449677,3.8903395912651724,0.16441073005527637,20.889368682301587,16.19124381416338,0.18370249849613474,0,0.0,0.823302757106282,0.7043143657784193,17,4,8
2025-08-15 18:00:00,39.58377467368164,40.48571454557639,152.21434651660732,1.9187534404550457,7.8329941587606e-17,22.17016886537878,16.71436257804816,0.17238027652774968,1,14.319067306213443,0.36610434524955726,0.2773561171824137,18,4,8
2025-08-15 19:00:00,37.38440472998365,24.941664241798158,144.5433837645851,2.9855347130538417,0.0,20.281271454606728,18.470234134280222,0.16386540456926932,1,12.469155983182395,0.3276082325353299,0.23215872465330725,19,4,8
2025-08-15 20:00:00,40.86983000687816,35.819173055417785,206.27845490024106,2.199778660759964,0.0,19.17937904510578,20.340280736911634,0.2312182125332373,1,9.089000264733057,0.38861448784986236,0.5959024075691156,20,4,8
2025-08-15 21:00:00,36.75785693894341,31.036927929605316,141.4671635985505,1.3884687048653876,0.0,21.211939140902743,18.696053163587603,0.2085890373350067,1,11.811726137988742,0.31664161254770706,0.21403360335564947,21,4,8
2025-08-15 22:00:00,40.937548434461455,28.37391773676283,193.50319940700857,1.323750254043245,0.0,17.171198272009068,17.781070589036037,0.24516702970454465,1,9.44380426313999,0.3897997801325665,0.5206304689803074,22,4,8
2025-08-15 23:00:00,22.447552988871212,15.884252929801637,146.09436987277297,1.631516025195742,0.0,17.56600015237552,25.30590096965729,0.2147678390465619,1,4.994883942523023,0.06616484513741282,0.24129715097671484,23,4,8
2025-08-16 00:00:00,38.121926378291406,19.83084423826922,172.5158471154165,1.4240431634491835,0.0,16.577576004143914,16.09230561040613,0.18405929847184363,1,10.530909105808215,0.34051725522330056,0.39697277041832923,0,5,8
2025-08-16 01:00:00,35.336177955595645,16.51958272240792,135.55037507607025,0.8756566382036313,0.0,18.857230026160046,25.764126174920527,0.23364125340085606,1,8.138056159197088,0.2917576158634643,0.17917182367985152,1,5,8
2025-08-16 02:00:00,26.54331463873225,28.75467542321784,142.1161003480498,1.7071512185182027,0.0,19.886190990496683,25.57694959120714,0.1781235041236815,1,10.693670594413536,0.13785396800437125,0.21785714545092943,2,5,8
2025-08-16 03:00:00,44.705149634735335,25.20263839302744,128.3939156992155,1.4954701410736608,0.0,20.336207886115712,23.31575009501987,0.1790840685380347,1,8.382248465639854,0.45574502999086774,0.13700589040256647,3,5,8
2025-08-16 04:00:00,29.1585639873535,19.88035278969963,156.847897576339,1.5899952449534633,0.0,20.504075831698938,16.423416580294017,0.152828008935538,1,5.817790304134294,0.18362932016320663,0.3046570483458639,4,5,8
2025-08-16 05:00:00,30.43175337056402,24.360636434083574,137.92485745488338,2.6912680072582145,0.0,19.798565559788788,18.53287477073626,0.1752022689127063,1,4.705610649724026,0.20591426687854658,0.19316229861735154,5,5,8
2025-08-16 06:00:00,51.491973658046184,39.31427188248756,137.85360782800393,3.406856810971245,0.0,20.399912727649223,26.650331704511597,1.321075663728294,1,5.803772501788739,0.5745364790245447,0.19274249507277377,6,5,8
2025-08-16 07:00:00,53.857698981156794,48.874877631669236,134.1101549657612,3.730308469823447,0.1664506170737139,19.86294607195974,25.84347123201654,1.3481411306992246,1,7.357460403901014,0.6159443508336149,0.170686031771034,7,5,8
2025-08-16 08:00:00,44.086269521054696,33.657708749898156,140.1902413045062,2.921748780022997,0.32622198440600836,24.28603171395212,26.411601072323787,1.4014714495144232,0,0.0,0.4449126192447312,0.20650996388316303,8,5,8
2025-08-16 09:00:00,42.49104519490971,47.15915283289953,171.8861029397152,2.5704590879118796,0.45700705304941724,23.332950539576895,26.650549581398252,0.2076673982820132,0,0.0,0.41699101576928266,0.3932623111680106,9,5,8
2025-08-16 10:00:00,64.17934583325932,36.667675121061905,223.64733452492555,2.8622936383302857,0.5632462381437021,22.8412598367877,16.616304329383592,0.17163910201315155,0,0.0,0.7966066726742518,0.6982400274435848,10,5,8
2025-08-16 11:00:00,62.08361884494423,45.616818409762914,177.62691627171387,3.7596307453342135,0.6366812280954044,24.95345778779434,21.87805129905291,0.2136761017048091,0,0.0,0.7599246480828016,0.42708724318638985,11,5,8
2025-08-16 12:00:00,53.76893489403229,44.37989481907753,193.09400409269674,3.970290120368496,0.6605277944342074,22.74733627388441,24.508444917812696,0.16333150593227236,0,0.0,0.6143906911990856,0.5182194859212191,12,5,8
2025-08-16 13:00:00,50.354515256173165,34.629322532931894,262.9297714630478,3.5986280284120675,0.6411393302288203,24.01697215937693,18.989200306513847,0.24309108979514896,0,0.0,0.5546272650372769,0.9296925555273811,13,5,8
2025-08-16 14:00:00,38.855054052617355,38.77039763266228,235.3073245392453,3.411576461365818,0.5639227840377578,23.130486067803492,20.081421743381128,0.15261102354863063,0,0.0,0.35334936910465975,0.7669408102004482,14,5,8
2025-08-16 15:00:00,50.7448402666453,53.56658340565388,264.52046201582954,3.5028708438045197,0.45508949444356356,23.457497311321966,18.413932387300356,0.24081978890348,0,0.0,0.5614592196347161,0.9390649208523807,15,5,8
2025-08-16 16:00:00,51.111939081263614,48.56089038189671,258.77400305459804,2.575254520249336,0.32542692759367176,22.126381622402565,15.816755040279848,0.2047200259647189,0,0.0,0.5678846404172903,0.905206724727688,16,5,8
2025-08-16 17:00:00,54.53688774754775,44.276669415182496,162.81692733101448,3.8992602263206084,0.16941342955493693,20.007934239938066,16.133708986216153,0.22100453452462074,0,0.0,0.6278323587515834,0.3398266339065372,17,5,8
2025-08-16 18:00:00,37.872308110895155,29.319409055769707,245.50093249283645,2.268845266413362,8.022786323605537e-17,20.750425706896714,15.594778138661002,0.17983427308884004,1,9.504724228395405,0.33614812533464744,0.8270016545638006,18,5,8
2025-08-16 19:00:00,43.188168908470324,26.387515141954573,147.63550427847926,1.9261191806379343,0.0,20.93969518749779,20.796524771472065,0.16737987849044764,1,12.47875834534323,0.4291929434758456,0.2503775309663655,19,5,8
2025-08-16 20:00:00,43.57380044105291,39.07178661776263,218.30570259736385,2.345343373226377,0.0,19.130505133886977,21.784790322281815,0.2447294708846533,1,10.879970111172982,0.4359427469761602,0.6667670764228844,20,5,8
2025-08-16 21:00:00,37.83341973826641,32.75862749834761,173.6113374260066,1.7744203143378785,0.0,19.30594419258352,18.6613081368077,0.1941003817746717,1,10.975280040368245,0.3354674525900377,0.4034274107522978,21,5,8
2025-08-16 22:00:00,30.763404022988368,32.42101867636124,162.6551666301913,1.7799474423676076,0.0,17.00096611223573,24.13379107284788,0.1980512901356271,1,10.109720104930323,0.21171922976533045,0.3388735381704171,22,5,8
2025-08-16 23:00:00,23.95474642004506,19.176320748337602,167.8934850910845,2.076714066770218,0.0,17.712950455629738,24.91962435484187,0.24856784043163307,1,7.669845453154094,0.09254562222080594,0.36973776516813517,23,5,8
2025-08-17 00:00:00,28.1694522055026,22.624920547256448,172.91986633955742,1.6635741679099287,0.0,17.004889718878317,17.21735720496025,0.18360687989823596,1,12.057227515595518,0.16631665352874292,0.39935325590015325,0,6,8
2025-08-17 01:00:00,31.25781980841274,23.491448987067642,149.63302251581672,0.8210562979941968,0.0,18.47100951300457,16.395623760669945,0.16001916020005025,1,10.522788350792002,0.22037311078154,0.2621469292512404,1,6,8
2025-08-17 02:00:00,32.493807920012856,22.584310162901378,134.7779897646925,1.6985748120171835,0.0,18.047622015983148,19.33091901342953,0.20869142228630497,1,9.272861537002301,0.24200691449607178,0.17462092137063964,2,6,8
2025-08-17 03:00:00,30.037898396327073,34.00807074888344,113.93072995844742,1.371947633342337,0.0,19.17535505057519,23.627573713404708,0.2054807581019607,1,6.120581939695806,0.19902052645769144,0.05178864919323568,3,6,8
2025-08-17 04:00:00,25.384831163860845,21.467503915672324,166.37856926084498,1.4845538733090067,0.0,20.186701740008814,21.512570880274932,0.22731043679123186,1,4.281853654425067,0.11757674699659729,0.3608118652985468,4,6,8
2025-08-17 05:00:00,35.80497999367668,24.77108016943581,123.51886691661181,2.502176126828749,0.0,20.506536896961755,21.355031840528916,0.24550780955043772,1,6.676980990855885,0.29996317316424437,0.10828205213757224,5,6,8
2025-08-17 06:00:00,41.25062981966436,31.829064793918487,178.10926889593944,3.138841638930151,0.0,20.85687258590089,17.76341178333685,1.3557557825422013,1,5.582774039305723,0.39527972057097804,0.4299292698783876,6,6,8
2025-08-17 07:00:00,50.913780281982675,40.98488661236508,172.01593316024466,2.9310507544613595,0.16458901224759728,20.35437227794593,19.88736008090022,1.6663473356404044,1,8.027410880836388,0.5644162182474352,0.39402727218126327,7,6,8
2025-08-17 08:00:00,44.39876998861697,40.797541477578854,169.72523322822616,2.706237538579788,0.32068788380025864,22.065709099032897,26.350723786219003,1.450877304654742,0,0.0,0.4503823917388933,0.38053044429397576,8,6,8
2025-08-17 09:00:00,59.47577598259997,52.819767497865634,201.10639713889753,3.995203170195371,0.45145177793184377,22.149087522726308,19.65125280159788,0.2283772789610027,0,0.0,0.7142789334737346,0.5654285893041228,9,6,8
2025-08-17 10:00:00,65.34347256583946,53.267463241458714,227.23560860745428,3.6721945961683673,0.5506813976216572,22.807226774176915,22.22146938334473,0.16642769626212411,0,0.0,0.8169826690087749,0.7193821757570174,10,6,8
2025-08-17 11:00:00,56.46148380991109,57.87566755915848,254.22549322114742,4.912617437354722,0.6181125325118022,23.068809356784957,16.463496033859478,0.2000856417164145,0,0.0,0.6615190366833206,0.8784068573563111,11,6,8
2025-08-17 12:00:00,69.42045239573301,42.002142528398366,189.3881660657369,4.201426933239921,0.6286232510626762,22.55798653775511,16.420469707505134,0.15771869278692138,0,0.0,0.8883430490644029,0.4963846496212204,12,6,8
2025-08-17 13:00:00,56.814482817839604,40.33503768070554,267.5166388598405,3.855035416258312,0.6067504715407908,21.47069166480707,20.080158525852735,0.20611745292023495,0,0.0,0.6676976650837697,0.9567184260619691,13,6,8
2025-08-17 14:00:00,61.59135249268939,41.980020563760384,270.7042850586571,2.420147924850003,0.5437448785331614,22.45252118324348,21.830165698217417,0.16689736092247864,0,0.0,0.7513083891236738,0.9755000707067494,14,6,8
2025-08-17 15:00:00,47.28884745050881,54.58956270462446,252.92265563169894,2.684608332065515,0.4426157872895497,22.829617647396574,19.328594692760618,0.2460045069716461,0,0.0,0.5009681279151235,0.8707305246930539,15,6,8
2025-08-17 16:00:00,58.814399007752414,38.224804351625835,255.57704756514585,3.2060681298440548,0.3113268450762504,20.659065228676866,17.266125444239464,0.20543303316016043,0,0.0,0.7027026897211637,0.8863702296454038,16,6,8
2025-08-17 17:00:00,65.0347308418697,36.28593210063529,228.32408347873294,3.463292399904101,0.1601352219710005,21.291700662519958,22.93760957994113,0.20293745882884104,0,0.0,0.8115786867275854,0.7257954810494046,17,6,8
2025-08-17 18:00:00,41.96460448643815,32.85308220204731,153.90972199312847,2.348929314318462,7.605139423907698e-17,22.39214333008579,16.81044912354833,0.24723307236853584,1,9.050287944028538,0.40777659465347704,0.2873452871697594,18,6,8
2025-08-17 19:00:00,34.406716065541744,36.80855374614168,197.49846597255288,2.8986959406171047,0.0,20.730782543104926,22.240639977817505,0.19984152867767555,1,13.222825661235047,0.2754890159466478,0.5441706212478592,19,6,8
2025-08-17 20:00:00,59.395614553439856,46.75003586918985,202.2484106664695,2.172087677703031,0.0,20.620027455974057,25.26381350760658,0.21767264640446135,1,11.109065830957563,0.712875848276029,0.5721573449177011,20,6,8
2025-08-17 21:00:00,38.692192746663174,26.202996781428343,207.11409664859966,1.3465205341065105,0.0,18.738590914188908,20.342292018896686,0.1546681528980273,1,8.709168810766169,0.3504987676363788,0.6008260174646682,21,6,8
2025-08-17 22:00:00,32.65892446505848,31.212808593190594,165.63614776150987,1.7923534720849732,0.0,19.030509040642244,17.641999415601635,0.22083388155935585,1,8.732597227930286,0.24489698996849224,0.35643751008235824,22,6,8
2025-08-17 23:00:00,28.517072544002648,13.751107036945484,174.03316390319307,1.624854817314606,0.0,16.83161988606381,24.43927150954249,0.16043103737852657,1,5.556577153724839,0.1724011377561464,0.40591281675476354,23,6,8
2025-08-18 00:00:00,29.769022517269264,22.178917563776235,160.26109366456862,1.0963616038446533,0.0,16.8013031169311,21.057500066483254,0.2280234629480199,1,11.826400295027407,0.19431432585874042,0.32476763529114094,0,0,8
2025-08-18 01:00:00,24.566645482632875,23.848710736346405,125.86978993771672,0.679038585971177,0.0,14.801001613638258,25.600625161267196,0.23768458325453162,1,9.36183630600554,0.10325584191377146,0.12213371509377416,1,0,8
2025-08-18 02:00:00,34.491533123520945,21.17262472125523,115.8309652605951,1.1706308663241345,0.0,19.018259106131406,23.593727050840336,0.18154678685644213,1,9.22414180358226,0.27697358975989483,0.06298485540948831,2,0,8
2025-08-18 03:00:00,40.93658669192558,27.17465115576894,159.0973277909777,1.7911834160507767,0.0,19.841458658587772,20.612687647557877,0.2378130014050619,1,9.64007791962503,0.38978294651657147,0.3179107146279815,3,0,8
2025-08-18 04:00:00,38.6337090650906,29.076204099812966,126.00940360497233,1.8047700904262622,0.0,18.361537593930436,22.69096209534551,0.19826367415561338,1,3.9773966785061354,0.34947511338293596,0.1229563202771609,4,0,8
2025-08-18 05:00:00,35.548731832706096,29.66315809950608,132.34857532955525,2.456647698113281,0.0,19.37656045657085,17.937891852038938,0.20715760811861253,1,4.780558770766136,0.2954779986187784,0.16030678618443636,5,0,8
2025-08-18 06:00:00,56.72331586862513,50.293282388152406,171.51569909605178,3.036920925901486,0.0,19.64535628961322,20.287726872551197,1.4332371533147161,1,4.410424953191811,0.666101947563473,0.3910798878585072,6,0,8
2025-08-18 07:00:00,44.22994010992315,34.89157620196373,194.16707148196923,3.3272737591541195,0.1570416400244754,21.55057284513788,22.491279458367135,1.4824065955966594,1,7.373135278948664,0.4474273208749172,0.5245420101689541,7,0,8
2025-08-18 08:00:00,48.288540140662896,35.750347746788364,187.40988835751125,2.9415143466391127,0.30344341312574097,23.008633112715064,22.397946761963,1.8062031727627925,0,0.0,0.5184659947883308,0.484728616734516,8,0,8
2025-08-18 09:00:00,47.16478310960831,41.798357448491295,226.994065098568,3.8131676473370755,0.43048123457517734,20.754482004151537,22.28473238633681,0.2447294403173409,0,0.0,0.4987965992621985,0.7179589988837998,9,0,8
2025-08-18 10:00:00,50.23724849528633,54.87639809404156,171.14432692506745,3.53117412840751,0.5318447479031805,23.375676105528196,23.83757081365767,0.19458689420915573,0,0.0,0.5525747160981286,0.3888917591543312,10,0,8
2025-08-18 11:00:00,65.6123717606312,40.75876510782194,182.50018119021482,4.554043634407449,0.5973909935373756,22.981489465737653,16.963253960314137,0.2014361472766201,0,0.0,0.8216892777087478,0.45580057090548826,11,0,8
2025-08-18 12:00:00,52.079125207815395,49.03105164624791,229.33915044131658,4.0659179236988034,0.625341002720329,23.46599521561127,16.52339942446268,0.16161749835467176,0,0.0,0.5848135369178815,0.7317762661782499,12,0,8
2025-08-18 13:00:00,58.256845074992995,33.24597053627073,254.64307438482464,3.0620091632318878,0.5985337081652595,23.701584043243436,17.197582772878043,0.18256211439023975,0,0.0,0.6929436861932357,0.8808672499273096,13,0,8
2025-08-18 14:00:00,45.3422578568611,47.2556552381674,224.32869818460568,3.133181942686625,0.5368327844580714,22.74689275234892,23.78359096927093,0.2013237178917894,0,0.0,0.46689649179946036,0.702254629231804,14,0,8
2025-08-18 15:00:00,42.335760703140636,41.16254565714797,165.11267298131003,3.490333916494589,0.434185250125762,22.346953569007358,16.154334667278754,0.17025827500978544,0,0.0,0.41427303314201136,0.35335319121853076,15,0,8
2025-08-18 16:00:00,40.68501562879339,33.9391663910201,233.63064267836873,3.8969075521343255,0.3085116604461432,21.607540696414713,17.741448085663954,0.20765332640354384,0,0.0,0.3853796363641687,0.7570617831914209,16,0,8
2025-08-18 17:00:00,60.71874220578904,44.742234324915756,240.9414155160352,2.4517111621767897,0.16249246695827052,22.06037967622611,18.001402192240125,0.21852832338430006,0,0.0,0.7360348767905788,0.8001369329890172,17,0,8
2025-08-18 18:00:00,39.06702014570004,34.260469956886,177.6543627895974,2.1352010957162095,7.592344370368427e-17,20.724551468482673,22.009329129221392,0.21499600454817133,1,8.985751295579705,0.35705946373166264,0.42724895835597687,18,0,8
2025-08-18 19:00:00,40.86250634258499,24.859968892477383,147.92296262939084,2.395682482542315,0.0,19.742097778093704,19.5079017570687,0.19425124929882942,1,11.292835531045345,0.38848629995363376,0.2520712385676043,19,0,8
2025-08-18 20:00:00,53.27114902312113,31.828554327649293,181.61567802967934,1.5537226482386375,0.0,17.519194223986677,17.47158602284356,0.22693191205602292,1,8.00781716914522,0.6056778227482575,0.4505890690598538,20,0,8
2025-08-18 21:00:00,33.55451115600169,33.13393042847787,130.8111870009638,1.2834389539336248,0.0,17.782415133854677,20.12552082005696,0.18195224107913407,1,10.20460762911313,0.26057266394898826,0.1512484781202111,21,0,8
2025-08-18 22:00:00,34.295494485143806,20.593951318896533,153.28133951321956,1.3795516770778873,0.0,18.575072155323216,22.67405781460744,0.196927693441615,1,9.710294658495801,0.2735422772874596,0.2836428510452496,22,0,8
2025-08-18 23:00:00,23.68845778832988,14.34821843862695,115.1384201937087,1.545083278904606,0.0,17.40655700049663,23.855626194539823,0.17701548882638085,1,4.957845866304667,0.0878847068480202,0.05890437265340805,23,0,8
2025-08-19 00:00:00,40.37475261618378,21.333465332829558,125.36970500729295,1.33058734326557,0.0,17.9183227939583,17.05077346698888,0.2103628590065658,1,12.740964291442065,0.3799490265939938,0.11918720946874092,0,1,8
2025-08-19 01:00:00,26.670148041222973,26.269418482642916,133.50477291877775,0.9390557304593883,0.0,19.11967378622229,23.39781642687237,0.194070703324862,1,8.655572553862294,0.14007396422292567,0.1671191144371736,1,1,8
2025-08-19 02:00:00,28.405702047442052,19.499086154870298,112.81941228216805,1.3586599100992602,0.0,18.68361218931333,15.98555324398796,0.1717112746549553,1,7.170841354102835,0.17045179258076062,0.04524075385557526,2,1,8
2025-08-19 03:00:00,36.96184200083698,37.05677714145361,114.09093385258856,1.5989727065992798,0.0,18.207057922638818,23.748607100255533,0.18081849548609097,1,8.215609260837319,0.3202120132241254,0.0527325722081506,3,1,8
2025-08-19 04:00:00,36.03851034439868,29.448545350843105,169.12966496336998,1.7457761788159554,0.0,18.2163630897339,23.158411647094628,0.17794680768472568,1,5.052564245785729,0.30405071229305114,0.37702134986674923,4,1,8
2025-08-19 05:00:00,39.914340910190234,26.325472448499887,116.92912263082704,2.7501242451026258,0.0,16.889472598435372,21.14639554730136,0.24109127196543328,1,5.308831019929321,0.3718903273380259,0.06945521008667925,5,1,8
2025-08-19 06:00:00,59.40610404318814,36.247494633738214,175.11729989389167,2.6604061293228582,0.0,20.04321621968252,17.59638775608924,1.5164657065843763,1,5.148154554104294,0.713059448393336,0.4123005573175265,6,1,8
2025-08-19 07:00:00,58.15907867972919,46.47553082337746,196.32274376305116,2.6628849812168855,0.1568765399236764,20.654162340543603,24.32461113259289,1.6144918788466183,1,10.25673746630761,0.6912324569466402,0.5372432537288305,7,1,8
2025-08-19 08:00:00,41.60967058468159,42.42430244807555,146.7650118722075,3.405806100559905,0.3011734047190661,22.086195204942488,16.843701957733963,1.8260503302763902,0,0.0,0.40156409933077236,0.24524858063095956,8,1,8
2025-08-19 09:00:00,53.97501892934325,52.61627476348517,161.35925079824327,3.797763026316393,0.43199612578801616,22.15535019128145,25.57695114729927,0.1682217795269003,0,0.0,0.6179978307231416,0.33123798857453385,9,1,8
2025-08-19 10:00:00,59.87793526525539,53.73361549000591,214.14933015950294,3.859661736262575,0.5287365193631406,22.45772704947868,24.155516398966586,0.24368937571976793,0,0.0,0.721318026245979,0.6422776866756019,10,1,8
2025-08-19 11:00:00,67.25432558952666,41.06292822114208,189.085315789072,3.1480613931267927,0.5874890595028883,21.2905100315681,23.67511770067247,0.20396372099186766,0,0.0,0.8504287991566213,0.4946002526329333,11,1,8
2025-08-19 12:00:00,55.75676283671,57.85340365134337,212.1107281774427,2.6958452932499477,0.6098844556346802,22.224254006550265,23.671139522133554,0.23562142092532526,0,0.0,0.6491841322739174,0.6302662225383916,12,1,8
2025-08-19 13:00:00,49.03258956804757,33.08552881940167,255.36835066934788,3.031595968142257,0.5936917691015733,23.530735478776123,16.35808955946127,0.16679955549004194,0,0.0,0.5314892747979669,0.8851405853590331,13,1,8
2025-08-19 14:00:00,61.023889174503054,41.75898107831721,180.17814885227187,2.7208398673165424,0.538943622560641,24.462370699989737,25.833221750959243,0.17729358792121278,0,0.0,0.7413759391869613,0.4421191321557539,14,1,8
2025-08-19 15:00:00,51.274588233225074,50.049858898350145,231.71726924475374,2.4459167587078654,0.4376142374756775,22.16425649477604,24.348350562730946,0.16941710295774126,0,0.0,0.5707315285020906,0.745788166967556,15,1,8
2025-08-19 16:00:00,50.0499854434419,35.96063743782729,262.1193644780805,2.946153805706337,0.30794824280999533,21.96034206913358,20.64857068176828,0.21534217837378403,0,0.0,0.5492970048737528,0.9249176291208827,16,1,8
2025-08-19 17:00:00,65.00725623845474,36.4508845540727,162.19790097831648,2.9566617442522296,0.15901224174421325,21.853530535635993,22.767759244346912,0.16407614025459005,0,0.0,0.8110977919909488,0.33617932418112145,17,1,8
2025-08-19 18:00:00,51.04322466522521,30.69737758925421,156.00067649847614,2.7936966421440044,7.595747252954891e-17,19.30576034629418,22.95238590719655,0.2292522551393253,1,14.307570331440303,0.5666819151038494,0.2996652129201208,18,1,8
2025-08-19 19:00:00,33.07156094168617,28.460607157088987,195.56294271183907,2.751382050473713,0.0,19.69906502497841,23.900145542041546,0.1750436291164199,1,8.894093661680472,0.25211946764205384,0.5327664980117457,19,1,8
2025-08-19 20:00:00,44.201972702123506,46.52402045276172,221.40682164848965,1.6111905596942009,0.0,17.86026664464916,18.05137823861629,0.17554754619794966,1,10.46956347970787,0.44693780046200765,0.6850389022111497,20,1,8
2025-08-19 21:00:00,33.697090723762585,28.09251154246803,145.93680090818245,1.8057316372565757,0.0,18.836304283460073,19.32561831545674,0.1781121296390972,1,8.358214832426683,0.26306826916856335,0.2403687529941897,21,1,8
2025-08-19 22:00:00,41.89845737748369,29.534404432618217,146.46335757729605,1.767015167947413,0.0,17.638165270333758,23.859235009656963,0.2246388095450015,1,8.637077594790952,0.4066188055469524,0.24347123037963553,22,1,8
2025-08-19 23:00:00,31.094080071035005,15.01958783511223,121.27002123864982,1.4990028637553685,0.0,17.477545825811447,23.677516734768282,0.24242159516096687,1,7.00536319598096,0.21750713391214033,0.09503182995164938,23,1,8
2025-08-20 00:00:00,37.515025966637076,19.633324886842345,135.34718254560596,1.1396537810713931,0.0,16.28630076609439,21.237460894886777,0.24075100141604772,1,11.744958433254686,0.32989452814625714,0.17797461117142732,0,2,8
2025-08-20 01:00:00,29.078990813627932,18.630954919515325,109.15571066523836,0.6445257487455944,0.0,17.870176937027566,20.032849633982398,0.1601254221010725,1,6.509011783503669,0.18223653134496093,0.02365418572288033,1,2,8
2025-08-20 02:00:00,25.483847389846343,22.309424642223274,132.23657984213202,1.7385574640919432,0.0,19.539576282992304,26.227202315886576,0.17624369033086779,1,7.939808590867954,0.1193098523375142,0.15964690760462943,2,2,8
2025-08-20 03:00:00,43.53747746025043,32.77010975840409,145.28492519602358,1.333422221770148,0.0,16.91571987912311,20.446255754716734,0.21721819659232786,1,6.466926566712026,0.43530697691524084,0.23652789450027142,3,2,8
2025-08-20 04:00:00,31.38477478290252,29.315477847693014,179.8820933136301,1.334603099166558,0.0,18.19720008773507,24.262017342441926,0.21185506407577828,1,6.188003871770608,0.2225952349046755,0.44037476983475565,4,2,8
2025-08-20 05:00:00,38.7449689134036,27.001527848311333,175.86796093125147,2.2801716167399024,0.0,19.4841114479027,20.54461249510926,0.18500290649055665,1,5.622531551996312,0.3514225218548476,0.41672345997768,5,2,8
2025-08-20 06:00:00,51.62851554193504,40.791908647114596,185.76523286202791,3.102448093467215,0.0,20.807364175198888,19.455738759711966,1.772132492560989,1,5.070020141938865,0.5769264051792872,0.47503828940436227,6,2,8
2025-08-20 07:00:00,48.36911955501012,32.11556353380286,146.5874559337954,2.7880097879226153,0.1600027727449745,20.229860512001306,22.997476924870064,1.2228497063389019,1,10.985938842393447,0.5198763960835042,0.24420241919024993,7,2,8
2025-08-20 08:00:00,56.874678358556736,29.532676316517083,142.85112319519607,2.823520001240929,0.3062364623068029,18.671905919359823,24.72958018013997,1.6042739085639095,0,0.0,0.6687512824285827,0.22218790773126687,8,2,8
2025-08-20 09:00:00,42.048587434387215,36.54950441789138,200.16303910329245,2.755475471980006,0.4362645462320264,23.477427447607436,26.493113546450676,0.1773084475691371,0,0.0,0.4092465688338482,0.5598703139208288,9,2,8
2025-08-20 10:00:00,58.94173167516087,50.70007158797256,202.11381950557677,3.50970908094431,0.5255241088419874,23.34747619818954,17.51960597558675,0.20271746220517312,0,0.0,0.7049314246962889,0.57136433239418,10,2,8
2025-08-20 11:00:00,53.152497731993286,46.120246086384455,210.0030202003269,3.673060281149505,0.59237802655985,21.13569493411613,25.102947861260315,0.18874865704491844,0,0.0,0.603601040035993,0.617847585157664,11,2,8
2025-08-20 12:00:00,67.18709982740631,44.78522508133277,172.67955457690098,3.438746485699018,0.6168218278500727,22.36526217768474,21.253490299999964,0.2479735099427626,0,0.0,0.8492521301186088,0.3979373364885669,12,2,8
2025-08-20 13:00:00,54.85207747761626,42.34786019024321,217.9685387640312,3.5416356581990476,0.5823504375501238,24.43075173096626,16.77726742248952,0.19866922737745973,0,0.0,0.633349202068394,0.6647805036008827,13,2,8
2025-08-20 14:00:00,38.40859808198968,42.46261985420984,181.53913146595252,2.5535139158902496,0.5226832949867397,24.00262017900455,23.80417817383744,0.24760933927893963,0,0.0,0.34553494051502237,0.4501380559081339,14,2,8
2025-08-20 15:00:00,49.2565458969703,37.635322672468035,210.1227159771331,2.381819713791277,0.41906209382560194,23.008658519706763,18.907442071932724,0.17550209167103673,0,0.0,0.5354092374699939,0.6185528339228156,15,2,8
2025-08-20 16:00:00,42.68540858013391,46.319509174817085,167.6520874322972,2.943527639359508,0.2936306327869028,21.2645312055772,24.353881851167657,0.22679409322815422,0,0.0,0.4203930058740165,0.3683154476452219,16,2,8
2025-08-20 17:00:00,45.06800680195268,52.41957356114722,245.451828738175,2.599314786694519,0.15177870258476592,20.79202856566379,17.00659125085306,0.22170581251923097,0,0.0,0.4620962081764155,0.8267123347292726,17,2,8
2025-08-20 18:00:00,49.40774074605729,32.36032182592721,151.31800863059178,2.172047660329809,7.11845144329234e-17,19.79359346850836,22.66368976408636,0.23476452874621012,1,9.438063913020564,0.5380556380761953,0.272074885010836,18,2,8
2025-08-20 19:00:00,32.997968332127755,32.415716915630526,232.16594826303418,1.8984208749225093,0.0,20.268232077919578,18.47350182860972,0.21936074637590652,1,10.25418628131336,0.2508313581084064,0.7484317884221706,19,2,8
2025-08-20 20:00:00,47.83402794429451,33.11685589951759,212.66026404560452,1.858596546800176,0.0,17.532532078171073,18.071684558449142,0.21823590981205424,1,8.453081168553126,0.51051055609939,0.6335040936042607,20,2,8
2025-08-20 21:00:00,31.76997188074077,31.200713712111295,191.07436912458493,1.249021151678322,0.0,16.973174443469762,16.00368184559909,0.2160707757278617,1,11.398532327195957,0.22933743438687898,0.5063197756279845,21,2,8
2025-08-20 22:00:00,36.124341343328574,31.67913671102641,198.604046582858,1.8768639089954857,0.0,18.304407681339462,20.56230252509199,0.2485051572076422,1,13.0775249875935,0.30555303336397766,0.5506847137329721,22,2,8
2025-08-20 23:00:00,27.630463954478234,17.421461132642523,117.86946660723895,2.1250536910735476,0.0,16.94198014627616,19.738386200765152,0.17280977760778649,1,6.029865688244521,0.15688260969153772,0.07499572660177582,23,2,8
2025-08-21 00:00:00,30.207865615735223,21.328267163131752,155.6501895744598,1.2630707722996437,0.0,18.254491125924538,16.397748748944156,0.1530113684859412,1,10.93316479410443,0.2019955044757408,0.2976001403088753,0,3,8
2025-08-21 01:00:00,30.818380954464704,20.339803674412,166.0521568836239,0.8020242007273559,0.0,16.29863369362061,18.241465603325985,0.21779708644339177,1,6.939222392909871,0.21268150450990428,0.35888864016807265,1,3,8
2025-08-21 02:00:00,39.23140738231768,21.524694361853577,113.86319675715386,1.9130555499742776,0.0,17.20696334012351,21.11476337467399,0.16723377699855596,1,8.499015918153054,0.35993677393940904,0.051390742866965565,2,3,8
2025-08-21 03:00:00,31.585383899372694,24.020179983901944,147.35498820208267,1.5544525570019887,0.0,16.807974043278456,24.64489833441546,0.2179383930160972,1,9.654425834983602,0.22610654557856447,0.2487247273189642,3,3,8
2025-08-21 04:00:00,36.7221472388721,26.474263518828426,137.6492820682505,1.9925556848052137,0.0,18.350954444663845,26.035193673131886,0.18196854108297006,1,6.2974370395351205,0.31601657689016543,0.19153860556556046,4,3,8
2025-08-21 05:00:00,33.11680368474492,21.624389043862244,146.84771062018822,2.7601506555351745,0.0,17.580467018359826,21.6476531645577,0.1543351717406488,1,5.888846904897584,0.2529113624941596,0.2457358425164595,5,3,8
2025-08-21 06:00:00,39.76610269575225,34.56021669025288,193.0019268308181,3.4291563797982483,0.0,19.339711937181313,20.460547433241455,1.7023259941680604,1,5.921023579237774,0.3692956774348062,0.5176769657340318,6,3,8
2025-08-21 07:00:00,49.95198487822541,47.43757663580834,172.92579409158643,2.789777600178193,0.15653219346589425,19.159417840210974,26.367699148942815,1.1637361311291183,1,7.106366145650342,0.5475816768929181,0.39938818227692385,7,3,8
2025-08-21 08:00:00,40.16573406579184,41.713397666717555,143.3935840361692,2.198047799535594,0.30337911250308963,22.005001963126194,26.393280493109035,1.2931037367262672,0,0.0,0.3762905235311924,0.22538409266316056,8,3,8
2025-08-21 09:00:00,64.08444244608881,36.30856820820749,231.96541490245528,2.6110477525731164,0.423901683879225,22.640847525951376,18.048155069982183,0.18364086337951774,0,0.0,0.7949455553620206,0.7472502437704415,9,3,8
2025-08-21 10:00:00,41.1100860100456,49.80228493101745,168.52111705628957,3.76832142927985,0.519587294067849,20.662605392980115,21.58421261431303,0.16327494505810006,0,0.0,0.39281974772653977,0.37343577925218346,10,3,8
2025-08-21 11:00:00,44.49189476756489,56.4390288877016,249.17430783936553,4.011600389281256,0.5719286748922082,24.01830416693086,24.51972978258057,0.24135691608931265,0,0.0,0.45201237763423513,0.8486452204121747,11,3,8
2025-08-21 12:00:00,61.335917515254,41.651543772677066,265.18046720162806,3.197872257151226,0.6007607318994864,25.275900064600542,24.383719467588048,0.21218364909168053,0,0.0,0.7468374479294992,0.9429536782897595,12,3,8
2025-08-21 13:00:00,52.676425903022064,38.76771432402644,259.94166401215455,3.1506683755979967,0.5787699068186081,22.714107768763807,22.800896952379,0.23753959468064378,0,0.0,0.5952682377983987,0.9120865952661913,13,3,8
2025-08-21 14:00:00,56.710810163666885,46.30100808203933,239.48471555898124,3.543107661857784,0.5157787867160547,21.71911979282864,20.453990011934817,0.21820520629575768,0,0.0,0.6658830571357744,0.7915540416513238,14,3,8
2025-08-21 15:00:00,48.5370740843257,51.3488107630656,245.26175669177735,2.7512445678857014,0.4169952493455035,24.699637692564135,19.6518710821353,0.24919454060036617,0,0.0,0.5228161454921583,0.8255924282497917,15,3,8
2025-08-21 16:00:00,59.179149624498876,37.36247602877787,236.09087029989863,3.5175525414672655,0.29194394749309643,19.926842157965684,23.71797489712759,0.20251527988606594,0,0.0,0.7090870094192162,0.7715574699931751,16,3,8
2025-08-21 17:00:00,66.3222200109379,38.45228155442522,204.17319669363403,3.558977378809204,0.15222682138075827,20.53419314288313,17.703363199758197,0.15537632412953248,0,0.0,0.834113926109579,0.5834982042617723,17,3,8
2025-08-21 18:00:00,44.320865619532434,41.37515648093867,177.4419718745187,2.392229764645866,7.289092619390804e-17,19.909065688157018,19.766406359368105,0.16608586443576817,1,11.959362826459653,0.44901881241846003,0.42599754886948227,18,3,8
2025-08-21 19:00:00,42.880563677492106,36.39832540548886,169.89009973701906,2.1086946908202706,0.0,20.28994277008033,21.202969830792465,0.20884326619687138,1,8.07154693009018,0.423808853510829,0.3815018394830414,19,3,8
2025-08-21 20:00:00,49.047859340456945,44.180957024544306,200.80510751575238,2.3708026260193322,0.0,18.572795128277793,23.97888513345665,0.18477285390576437,1,9.160500068677178,0.531756545377651,0.5636533877026486,20,3,8
2025-08-21 21:00:00,28.541635652388244,34.0553713837847,180.3381058806999,1.1616330181740626,0.0,17.08490078504143,19.344173291922484,0.16128928009652835,1,12.689972355995138,0.172831071879659,0.4430616006353128,21,3,8
2025-08-21 22:00:00,31.71137536451068,27.64953645787606,166.79072271753174,1.827688950580268,0.0,16.147388321128233,21.254803547721075,0.1738139741918649,1,11.494664856955993,0.22831180516069166,0.36324027776335616,22,3,8
2025-08-21 23:00:00,19.75300005199767,21.792660718227964,163.29230928242708,2.105698774800987,0.0,16.448838493699135,18.566099918223046,0.1974570730367512,1,6.534355906896081,0.01900142278113265,0.3426275893216295,23,3,8
2025-08-22 00:00:00,41.059889243907996,26.778405638889673,165.3303078275336,1.4528945061739877,0.0,15.67329433749811,24.537583092070406,0.20181818702163434,1,11.41876204037206,0.3919411413908208,0.3546354980020157,0,4,8
2025-08-22 01:00:00,25.33773228250142,25.798675203143212,158.91607120292787,0.8645427472775747,0.0,16.82204846490581,24.146068391530978,0.24345812588033608,1,9.940628131076599,0.1167523636995891,0.3168427489210154,1,4,8
2025-08-22 02:00:00,36.042844656089,20.436349389893007,112.37774840546813,1.4473903726710338,0.0,16.501502182463327,24.651043967807617,0.15906792483067558,1,10.172447013062609,0.3041265768159102,0.042638465688308286,2,4,8
2025-08-22 03:00:00,35.35213054923513,37.04958326065655,131.68208107773523,1.7982748395405195,0.0,16.040185414892242,16.628826497519785,0.1857807450167401,1,7.817041905014371,0.29203683803097163,0.15637979510238986,3,4,8
2025-08-22 04:00:00,35.7682526723504,20.888631378251763,128.20423527264936,1.4964350272667386,0.0,19.402453350791305,21.2926064730841,0.20060492113911288,1,4.680322157336281,0.29932032583175283,0.1358882913512168,4,4,8
2025-08-22 05:00:00,31.068861086168678,21.412739487844757,154.61643200546726,2.443841942013006,0.0,18.364936951202598,17.571375310077872,0.16132675809721958,1,5.370727421601185,0.21706571982137568,0.2915092299321598,5,4,8
2025-08-22 06:00:00,56.00486029847655,40.767417844485315,124.91328658972631,2.1094960080619996,0.0,18.362683893573077,23.367924749126356,1.6408515174575058,1,5.275802431648225,0.6535266431278305,0.11649798739282421,6,4,8
2025-08-22 07:00:00,39.33374297917254,38.81008590080192,191.91038858730974,3.769517206873273,0.15607204339895467,20.23076783330683,19.4570220745403,1.511271068487953,1,7.513631250943112,0.3617279790445305,0.5112456110205217,7,4,8
2025-08-22 08:00:00,55.72905863948286,29.72950725119962,144.58746003864516,3.4866616107512884,0.30094217846693605,21.182685581967455,24.375510646385237,1.4696339382738155,0,0.0,0.6486992189003538,0.2324184225197046,8,4,8
2025-08-22 09:00:00,64.61061766798204,57.239335032015596,168.59563394873274,3.5982980035977348,0.41876893254044056,19.980906871313508,16.710937533398575,0.21560805738320898,0,0.0,0.8041553296009909,0.3738748335595343,9,4,8
2025-08-22 10:00:00,58.05379140807744,49.95010530477643,228.27415052210478,3.4989593749123977,0.5199652032685206,22.527511427216808,21.390893391402738,0.17878146910440124,0,0.0,0.6893895879520477,0.7255012755482415,10,4,8
2025-08-22 11:00:00,43.62250668087759,55.77114583398318,161.5827701694738,3.3167462978222884,0.5853688094816214,21.44013681664322,17.153543021689728,0.18393271016825943,0,0.0,0.4367952642634632,0.33255496704072474,11,4,8
2025-08-22 12:00:00,51.853958373909464,66.11018386137465,231.8338762230748,3.5428458064466137,0.6024390792200152,24.292270139963698,21.607940564478234,0.16626984983208173,0,0.0,0.5808723864796,0.7464752164998225,12,4,8
2025-08-22 13:00:00,59.49554804313219,38.28766335677786,265.04036802155247,4.128449484243793,0.5827769716622112,22.994698816859362,21.990834817851102,0.20237259683709663,0,0.0,0.7146250087090636,0.9421282124597744,13,4,8
2025-08-22 14:00:00,41.25029567533751,36.44247703847022,232.94015989065667,3.3761536147107947,0.522089048874225,21.76285161739745,20.357239054734013,0.18724087537491815,0,0.0,0.39527387196069486,0.7529934514057416,14,4,8
2025-08-22 15:00:00,45.68629171695654,39.88768901755252,241.884434102385,3.030768934656096,0.42336910911268844,20.932537618992335,18.371689425336115,0.1760330863925734,0,0.0,0.4729182010138167,0.8056932083337592,15,4,8
2025-08-22 16:00:00,51.65446392604802,43.60956863933335,246.00724540418983,3.9279861443967365,0.29957152467304116,20.943122071406435,15.75768380288569,0.1624742207754352,0,0.0,0.5773805861243472,0.8299848555174177,16,4,8
2025-08-22 17:00:00,47.96598411137246,48.69533068726747,179.358410062582,2.916838299403805,0.15433376125231119,20.9290374769719,22.18008785540669,0.15232252042651606,0,0.0,0.5128202173256542,0.4372892226585164,17,4,8
2025-08-22 18:00:00,38.18028267209366,35.727002905349785,208.09639180125635,2.9244637689383,7.368976409735801e-17,19.505990384767898,24.297029436241576,0.16933522714412513,1,9.355010244723157,0.3415386797772885,0.6066137107476735,18,4,8
2025-08-22 19:00:00,39.37660473388231,27.96660048175833,172.17947107830176,2.4150820608287917,0.0,18.529558580614392,22.913917069129432,0.17474261968264204,1,10.83243308011086,0.3624781988723338,0.39499083929985884,19,4,8
2025-08-22 20:00:00,45.359385667094585,32.50415232180289,157.45458413027748,1.5087921846653514,0.0,18.073229924290622,24.608585522119114,0.19854363067486303,1,7.149836616421266,0.4671962840718724,0.3082316518483069,20,4,8
2025-08-22 21:00:00,29.83449920388322,26.84744654452856,143.56027829309832,1.627014230264134,0.0,16.78136057407719,25.080280343204187,0.17409966234577362,1,13.404246964930941,0.19546038039825406,0.22636625696330498,21,4,8
2025-08-22 22:00:00,35.336293090927015,20.822486077961116,166.83444922421685,1.8656418868820908,0.0,16.55693303534515,20.226544577139535,0.23176534936674847,1,12.199717512692523,0.29175963110546876,0.3634979147967328,22,4,8
2025-08-22 23:00:00,23.47998023771813,21.21802625075605,174.0582916915379,1.7882067486440838,0.0,14.50631569398619,22.93668883916363,0.1974128890128493,1,6.3203421568361335,0.08423567303734536,0.40606086994572843,23,4,8
2025-08-23 00:00:00,36.86358672686297,18.911117457095717,172.67841005374348,1.3713391828513193,0.0,17.455277398662595,19.92247686635144,0.21238107643167534,1,12.6125584286403,0.3184922270133022,0.3979305929461876,0,5,8
2025-08-23 01:00:00,23.487321981856915,20.141344211105427,136.31531568083616,0.9359855041256848,0.0,16.87423214743894,25.56175438862858,0.17079383444790175,1,7.440722533844377,0.08436417738955564,0.18367886170007167,1,5,8
2025-08-23 02:00:00,35.78487696916982,19.68054506507739,131.1029300138557,1.8577332157104987,0.0,16.09333559518435,21.919086620920353,0.19161281289743584,1,10.189242016325295,0.29961130498511857,0.15296743099451934,2,5,8
2025-08-23 03:00:00,38.36654962495753,36.400218339044116,154.6020966538673,1.9002892898954258,0.0,19.233933223658752,24.048905760741356,0.21027773569645142,1,9.212189051755747,0.3447989560363733,0.2914247658910412,3,5,8
2025-08-23 04:00:00,31.662195558411312,22.316598346779184,165.7353511027364,1.5659635835249683,0.0,18.035181136548214,16.230344228006278,0.18110458879323868,1,5.389761879528064,0.2274509989264836,0.3570220172033753,4,5,8
2025-08-23 05:00:00,31.46641273057939,22.613822275681304,133.00306044958467,2.4852644682497016,0.0,17.62720515846481,22.294473525473368,0.18361974089060273,1,5.2339366784683135,0.22402416396889774,0.1641630193367393,5,5,8
2025-08-23 06:00:00,37.505981102724476,41.048386103986914,143.78327073688294,3.2628870867430346,0.0,20.28817964040785,24.10140432630822,1.7305688876564558,1,5.3722494094305295,0.3297362136700309,0.22768013076748964,6,5,8
2025-08-23 07:00:00,57.32725242573563,51.57477045436141,172.47978037997567,3.1391775843908962,0.15774968351571475,20.597579071845477,18.872849255773247,1.7528860277426117,1,11.616345886347736,0.6766727975659411,0.3967602648370014,7,5,8
2025-08-23 08:00:00,42.49591791000637,46.392206167131604,174.99471190559493,2.793909412167452,0.29930065589795724,21.309280358811456,16.228798259589727,1.5247056993163723,0,0.0,0.41707630409929863,0.4115782676121123,8,5,8
2025-08-23 09:00:00,60.21207191686045,40.37765001401505,209.93889347076242,3.3728613801367033,0.4171040751465495,21.101886922047676,23.954766024416497,0.2396410755309103,0,0.0,0.727166502187464,0.617469749798345,9,5,8
2025-08-23 10:00:00,65.21537059003892,51.176538043122925,200.4484990987746,3.3782069648484034,0.5039807854111925,22.4465110889081,19.529661839119687,0.22366820029963394,0,0.0,0.8147404686397721,0.5615522471910382,10,5,8
2025-08-23 11:00:00,57.470468575527505,35.5338788928326,167.83537263924472,3.3433516054687606,0.5671784140327103,22.02557047819748,20.377092750715757,0.15553015858893007,0,0.0,0.679179545037272,0.369395365995888,11,5,8
2025-08-23 12:00:00,57.57717416232928,43.16865033242394,178.79094329497627,2.785664169345353,0.5923377993069052,22.93710004642454,21.65155034646828,0.20594734470181494,0,0.0,0.6810472391505469,0.43394570254613696,12,5,8
2025-08-23 13:00:00,44.5901997863472,40.46325102969363,262.573111636627,3.801566373144468,0.5667148059232814,20.365594098633018,16.80344632436392,0.21977932974068684,0,0.0,0.453733034540665,0.9275911121107963,13,5,8
2025-08-23 14:00:00,61.90296468920637,35.902910599885374,190.0138201312922,3.013501998608485,0.5190637156111425,21.528561479238583,16.636858908643497,0.20408848315285244,0,0.0,0.7567626139913994,0.5000710098999064,14,5,8
2025-08-23 15:00:00,60.20234663037129,54.44100230977973,169.45311200105155,3.5621169656707075,0.4216306980841947,23.199427011733746,25.40421840543937,0.23319758503177798,0,0.0,0.7269962781076369,0.37892710318573347,15,5,8
2025-08-23 16:00:00,54.71930907246005,52.609511218290855,239.4808369431967,2.8805790512013973,0.301809028613222,20.080472141205462,18.910280544990872,0.18008371298680712,0,0.0,0.6310253240394035,0.7915311888066746,16,5,8
2025-08-23 17:00:00,52.07488132464623,34.78214562923042,227.44758474600837,2.9129415016291715,0.1570257571754752,19.511741651725323,18.00908418719635,0.15654791331474113,0,0.0,0.5847392551876549,0.7206311413759037,17,5,8
2025-08-23 18:00:00,51.992268830007376,31.388752394638754,210.007601865482,3.0614475771182863,7.343117292722715e-17,18.882739888163545,15.864315727843953,0.2133620528785128,1,10.408072778074793,0.5832932683884202,0.6178745803765364,18,5,8
2025-08-23 19:00:00,41.99168064957224,28.74163763826038,190.56749442081278,2.5605729909961807,0.0,17.33101156784782,17.172028788169772,0.2230800613045803,1,8.231876997943619,0.4082505153919437,0.5033332645875775,19,5,8
2025-08-23 20:00:00,43.19401109535262,40.19645524920583,222.26223186421376,1.8545932551559492,0.0,15.605562879309312,19.85634735103017,0.22652538682911644,1,9.421594801130949,0.42929520070881494,0.6900789881225691,20,5,8
2025-08-23 21:00:00,38.18201211936732,33.401395179586586,137.40003767154406,1.7210163381191337,0.0,16.95350093834964,19.016134261444748,0.15110605234355912,1,13.624183571851685,0.34156895071800536,0.1900700549810003,21,5,8
2025-08-23 22:00:00,33.518821052383984,31.417868664064546,160.813022606252,1.760138856096024,0.0,16.83475013079765,19.96753562789672,0.21733782483249345,1,8.824566099318343,0.25994797129299085,0.3280196063711545,22,5,8
2025-08-23 23:00:00,18.746409503254878,19.17362180211156,156.57404138827448,1.8682127325010458,0.0,16.338238825383197,22.998448516225555,0.15207277843021827,1,6.548335123159495,0.001382820993602002,0.30304348482996574,23,5,8
2025-08-24 00:00:00,38.06965223062825,21.484332648185237,110.65401176628124,1.6760555514981488,0.0,16.135192486989663,22.488789668998876,0.2274786016607946,1,9.224284473189389,0.3396022879681341,0.03248219143478074,0,6,8
2025-08-24 01:00:00,23.781506473513577,24.453557023610518,135.1424609766391,0.6471300179425999,0.0,16.416879342844986,21.057073703928328,0.22031051406315952,1,6.421242125304966,0.08951336085550358,0.1767683895522008,1,6,8
2025-08-24 02:00:00,33.91753537155806,20.94139234076985,159.79614877720488,1.475805767546824,0.0,17.68792134310907,24.594978386802293,0.20674139036419403,1,10.768255197049873,0.26692676602267335,0.32202817516626414,2,6,8
2025-08-24 03:00:00,36.38001865508111,39.44333187098226,139.32018409475626,1.774441456320679,0.0,16.942924919950432,25.168627829043135,0.20063244059754473,1,8.856713669906133,0.3100282161952693,0.2013835777302019,3,6,8
2025-08-24 04:00:00,30.59952261880203,18.538389720339786,172.63403090956945,1.6001503986970051,0.0,17.172139477712278,22.40620730074416,0.22151078630502685,1,5.787540399021634,0.20885077326695908,0.3976691105659204,4,6,8
2025-08-24 05:00:00,35.9181560725572,29.01572095447292,162.69986648963732,2.8792258590116853,0.0,18.180165283154597,17.37510915272954,0.15571953083569598,1,6.224173069440462,0.30194412189077524,0.33913691020841125,5,6,8
2025-08-24 06:00:00,61.194268541299415,32.09521178584052,181.28682912398995,2.321213684149576,0.0,19.808615759206493,20.491426522562378,1.7491420254911603,1,4.2901609396085165,0.7443581311220494,0.4486514878782358,6,6,8
2025-08-24 07:00:00,46.59993492252403,40.71718912757886,195.4743452063481,2.837574232469293,0.15203881936193614,21.409269361311466,22.927299892235542,1.2759196409288507,1,8.068289406416636,0.488909922607946,0.5322444805854819,7,6,8
2025-08-24 08:00:00,39.14352280167037,41.12033207667639,197.055021549612,2.74248343582573,0.29361797870797557,20.084153212578993,16.74830278513935,1.4833416473443815,0,0.0,0.3583985085229267,0.5415578420835727,8,6,8
2025-08-24 09:00:00,58.34906224103503,50.530557035523934,214.08791049237357,3.5601166792882695,0.41692157355014425,21.424057947266473,16.227702642133394,0.19867994247408,0,0.0,0.694557785916801,0.6419158013563802,9,6,8
2025-08-24 10:00:00,46.2629634149354,52.696156163835255,219.53105398212477,3.084357377515919,0.5160445060983571,22.1317395999093,26.013553107756028,0.22771235330411238,0,0.0,0.48301182748539295,0.6739868595600823,10,6,8
2025-08-24 11:00:00,44.683823112207655,48.60799936445787,213.53967378300098,2.9833207239723105,0.5727215491680658,21.092002818084627,23.559974746917494,0.16929910704002515,0,0.0,0.45537174662515634,0.638685584947645,11,6,8
2025-08-24 12:00:00,47.04677754180924,46.32901888398537,221.7813678228617,4.4035403117750045,0.5867642620036096,22.19871318624379,17.357632215221336,0.1799749738939066,0,0.0,0.49673111880407184,0.6872457321763853,12,6,8
2025-08-24 13:00:00,38.40219157923761,48.351232644045815,184.73569753734762,4.321856615073548,0.5680718870410607,20.60188759177567,20.29796899499221,0.21631079606327433,0,0.0,0.3454228059226795,0.46897225653516483,13,6,8
2025-08-24 14:00:00,49.11366730317342,47.997208386802306,256.01831567169626,2.8869531436680744,0.5152447439785787,19.990293111598007,17.570656661467623,0.19127717413120385,0,0.0,0.5329083983242124,0.8889701859308227,14,6,8
2025-08-24 15:00:00,53.15734638765219,39.32315715326723,198.10016288255835,2.964972763279559,0.41883496926165115,21.640812476065403,15.591013452847193,0.17988636230562438,0,0.0,0.6036859072477563,0.547715825716216,15,6,8
2025-08-24 16:00:00,42.59579377986206,50.346763725125086,218.47631653459806,3.3252336805430818,0.2934028610640051,20.26034479519178,19.453214287303,0.21214232224732382,0,0.0,0.41882445599817003,0.6677723355202614,16,6,8
2025-08-24 17:00:00,61.74986739960521,57.17076175830391,182.20141077514555,3.8114381423846275,0.15194033565272508,20.114426187025746,22.039244656452034,0.15865721902564345,0,0.0,0.7540829145012721,0.454040212504268,17,6,8
2025-08-24 18:00:00,36.1226937499588,38.712002351562056,219.58649791062274,2.5986737430745324,7.074745746552071e-17,19.10925807471843,25.154820425541484,0.22897785719189426,1,13.100491794111734,0.3055241951322596,0.6743135357649717,18,6,8
2025-08-24 19:00:00,45.81673330672618,26.40401727970132,235.5776229899873,2.8969614948652107,0.0,17.365755579831248,23.28514155502764,0.20247492172342946,1,11.140584707284743,0.4752013522211811,0.7685334114909416,19,6,8
2025-08-24 20:00:00,50.56730924278686,41.04428033624432,207.17462111826666,2.4222340403773814,0.0,17.564813482753717,17.791865163746795,0.17060205093087233,1,8.55991093267048,0.5583518504882434,0.6011826282711064,20,6,8
2025-08-24 21:00:00,27.78055811706838,25.47422129221962,179.74934798781692,1.5060136566087918,0.0,15.74709647029465,18.955625348995735,0.19085159173005775,1,9.447413383318436,0.15950974471144383,0.43959263299077206,21,6,8
2025-08-24 22:00:00,42.77079953669455,28.581492662900107,165.40052269936808,1.4008790072622763,0.0,17.885859917302398,20.963522812965575,0.16310768012781618,1,9.726533413246866,0.4218876247751946,0.3550492047590779,22,6,8
2025-08-24 23:00:00,22.496102819110057,18.34492307998324,150.93979818007682,1.8011355176422696,0.0,14.830656920747076,17.648932198186735,0.21165811129293513,1,7.66005204181861,0.06701462474929051,0.26984646509235466,23,6,8
2025-08-25 00:00:00,32.16940318605204,29.700887941351315,123.91645740604392,1.6492355147629623,0.0,15.880055773764152,24.49593115007864,0.2169300631318378,1,12.529280870300697,0.23632877870115093,0.11062465944745195,0,0,8
2025-08-25 01:00:00,26.147278735071993,22.682378063723718,130.62009193961896,0.8459253834342098,0.0,15.127223608920675,17.621556856373104,0.1905285928100673,1,8.126572586833522,0.13092205423976278,0.15012254402599334,1,0,8
2025-08-25 02:00:00,37.6041139105741,21.080742115980737,133.44758519199104,1.866261024201966,0.0,17.031044604197326,19.018463602588707,0.1839690488247638,1,7.903758837799707,0.33145385632617763,0.16678216375458232,2,0,8
2025-08-25 03:00:00,39.34105925776087,35.60227669511041,172.7857686649608,1.8396315898085887,0.0,16.597370233365222,22.182078372120554,0.2349784749141155,1,9.529764257460032,0.3618560376669519,0.3985631510030352,3,0,8
2025-08-25 04:00:00,27.1158625757853,22.17060641478733,139.95038348950254,1.5894738878498946,0.0,17.022872878677408,17.3952906422227,0.20760692437111086,1,5.03872753317474,0.14787541527487152,0.20509671913588065,4,0,8
2025-08-25 05:00:00,29.139815527411532,24.846813313792982,158.25394499719,2.3113592442542505,0.0,19.109697006626213,22.821511995647473,0.216702127204515,1,4.427793277139031,0.1833011612606026,0.31294149441203556,5,0,8
2025-08-25 06:00:00,54.53702868386129,38.22530640051671,193.7939632489407,3.059206407328082,0.0,19.053791540051133,26.275420923487342,1.2206393350514613,1,4.817385099010481,0.6278348255945202,0.5223436525691098,6,0,8
2025-08-25 07:00:00,42.41707310472857,32.27315469918979,171.21023279343203,2.4890679120175343,0.1526256354418831,20.3088662384369,23.540341913168344,1.6599939706961842,1,9.962103820679136,0.4156962640930221,0.38928007721801366,7,0,8
2025-08-25 08:00:00,38.10728671199254,47.55739791089383,157.63048018776308,2.799184178064371,0.293884842858412,19.5258377912472,24.78497076510839,1.4584580808923233,0,0.0,0.34026101354574445,0.3092680332532881,8,0,8
2025-08-25 09:00:00,55.1969982316287,46.901211954760164,179.0273536806615,2.6850052274315197,0.4189749844263144,19.71506156414316,20.696871743115103,0.18666684227870342,0,0.0,0.6393864348049718,0.43533863500392467,9,0,8
2025-08-25 10:00:00,61.35662065520442,52.41774133697498,187.5539200452783,4.271647854964519,0.5084819424775564,21.695232145253804,19.8189957789553,0.24294041996488014,0,0.0,0.7471998200767379,0.485577252940828,10,0,8
2025-08-25 11:00:00,49.50506450046592,40.81810965158588,230.6454169914709,4.826666647507625,0.5716547443186089,21.56026427761474,19.3186475526528,0.1553933987195971,0,0.0,0.5397591196711046,0.7394728023137438,11,0,8
2025-08-25 12:00:00,53.91354362622621,59.43154443484538,192.76058935824722,2.9188772300354118,0.5897822338940379,22.599148388542694,22.6848843396124,0.16956064048994515,0,0.0,0.6169218133824862,0.5162550028289332,12,0,8
2025-08-25 13:00:00,58.85301553622824,41.83325571122128,243.81183874516105,3.904913457382478,0.5686850691319301,21.781958688038802,21.06401576333838,0.1875040086087042,0,0.0,0.7033786043107475,0.8170494965883213,13,0,8
2025-08-25 14:00:00,41.9079547816686,39.9607341290629,262.81669830753987,3.426299589308795,0.5033101126971985,21.758612546502793,20.46281396598416,0.1824040097122395,0,0.0,0.4067850409467962,0.9290263273159809,14,0,8
2025-08-25 15:00:00,58.399396001382236,58.52497130311601,200.71677787356657,3.378434564786276,0.4116535363964982,19.44476553638886,16.524859365041937,0.2010683850043824,0,0.0,0.6954387900958428,0.5631329485297724,15,0,8
2025-08-25 16:00:00,62.04119333900519,43.14768786084061,175.50563775543182,3.671077612188651,0.29681065762723535,22.326626786456526,22.34986902678741,0.19009020525609627,0,0.0,0.7591820640244593,0.41458864804737877,16,0,8
2025-08-25 17:00:00,63.298578350283286,49.88325244286283,222.7136172572963,2.7623925822745234,0.1537527920561812,19.54176252284896,22.829131937230482,0.22882890588402507,0,0.0,0.7811903829332623,0.6927385555657403,17,0,8
2025-08-25 18:00:00,34.62713463132524,27.447784842947232,186.0854467523994,2.2196680016553865,7.20078969380344e-17,19.618487274750603,17.38603247875892,0.22680005531665676,1,10.33451841889484,0.2793470562808914,0.47692499298567964,18,0,8
2025-08-25 19:00:00,34.52232755496573,26.695204270347904,193.58744219365394,2.073611279083114,0.0,17.29969984127696,23.18122947000138,0.227237477603695,1,10.608801748393311,0.2775125922625277,0.5211268283577211,19,0,8
2025-08-25 20:00:00,39.783202328203075,46.54059307627936,192.07490686556497,2.43142273289188,0.0,17.711602306419906,24.468483502833784,0.18693545525780125,1,10.811717355325598,0.36959497650456247,0.512214954431628,20,0,8
2025-08-25 21:00:00,44.54081073118815,31.23154830346544,161.82166082382372,1.4738445432192344,0.0,15.47076647397554,17.287515108798846,0.1907368477761449,1,10.475895616135361,0.45286856576873336,0.3339625132673495,21,0,8
2025-08-25 22:00:00,43.16966712399343,26.753172160481864,193.97555614320598,1.942781426995327,0.0,16.7402578087382,20.252432442060567,0.22204619285175253,1,13.05424794170949,0.4288691021945378,0.5234135997958044,22,0,8
2025-08-25 23:00:00,21.58841233055952,21.53303309844794,144.10071080323692,1.7566313653591183,0.0,15.623844647723093,24.796193922363198,0.16241983663869308,1,6.158419978394845,0.05112709502424496,0.2295504909487699,23,0,8
2025-08-26 00:00:00,35.79426649693931,24.28184434878219,131.3590478208491,1.4400730450668167,0.0,15.898112176889242,20.866629438465274,0.23519196171586426,1,12.580036435499231,0.29977565219754787,0.15447647978416734,0,1,8
2025-08-26 01:00:00,34.31506579312736,22.13187847593415,168.62306371495393,0.9294269617756571,0.0,16.660439123489727,24.459971847737354,0.2041258237813194,1,8.255007579672919,0.27388483870158575,0.3740364500281521,1,1,8
2025-08-26 02:00:00,29.25546931236083,23.14912648795035,114.54112063980668,1.7895311505685791,0.0,15.020942390687402,18.229874559560205,0.23485452204449153,1,8.729049013277494,0.18532547788545806,0.05538507745306923,2,1,8
2025-08-26 03:00:00,33.43697698662569,33.92113481513596,114.80149655863704,1.3294771658842877,0.0,16.037058626350603,16.69774463007994,0.2293602980935713,1,9.823442045869273,0.258515434493327,0.05691921508206506,3,1,8
2025-08-26 04:00:00,25.10320340296757,22.393721224788305,177.02530820973243,1.517289520595267,0.0,17.79150221956966,16.712036387346362,0.18743830853754792,1,5.630747778528786,0.1126473470755571,0.4235425622115172,4,1,8
2025-08-26 05:00:00,34.730143388980196,26.43235797501003,129.63869418084218,1.8957339264643704,0.0,20.14724497085184,26.556770174447994,0.1601559709999037,1,4.7462663603658815,0.28115004388495507,0.1443401381970867,5,1,8
2025-08-26 06:00:00,58.802748034435176,49.83467700163018,131.87499228997123,3.2383705470074715,0.0,18.67869644972529,17.89571648866487,1.8156226806074853,1,5.47722933679369,0.7024987598714645,0.15751642997659748,6,1,8
2025-08-26 07:00:00,58.67736719410163,34.39294213500308,172.63034102037426,3.5439780759757253,0.15224642334921046,20.175665654513516,25.40243488305865,1.3834540122874426,1,8.15587562873247,0.7003041882053767,0.39764736970030357,7,1,8
2025-08-26 08:00:00,37.873443020340595,30.918354889295255,139.2109619589268,2.2518981375623084,0.29110605475244256,20.192390016919624,19.458267035666818,1.4053062679177406,0,0.0,0.33616798993362373,0.2007400397669064,8,1,8
2025-08-26 09:00:00,47.0510365041737,35.615944339525036,201.77535522730696,2.860893253752724,0.4056972324374031,22.854211983671114,16.44318154993963,0.2409048501049127,0,0.0,0.49680566446916,0.5693700973370474,9,1,8
2025-08-26 10:00:00,50.83945676529562,41.96299937980107,195.29307983390646,3.54740232694867,0.49420948114450536,19.632780625885715,18.497883632023747,0.2417347202918589,0,0.0,0.5631153154666635,0.5311764631207877,10,1,8
2025-08-26 11:00:00,63.4717564422156,44.077726430320205,222.90707308873553,4.034325012247613,0.5484102459697492,21.765600123228378,21.18743619945632,0.1762906186894252,0,0.0,0.7842215616423119,0.6938783993419726,11,1,8
2025-08-26 12:00:00,64.09331850410383,42.18096792607448,191.45301486210576,3.596334142566008,0.5670462683907416,20.13892857086346,16.871104187264162,0.15889562806460653,0,0.0,0.7951009151871302,0.5085507602620437,12,1,8
2025-08-26 13:00:00,50.78284498064048,41.46819085339106,262.9626540166127,4.473773256486148,0.5457148361503316,19.146945008520515,25.275989700884235,0.15011080262304655,0,0.0,0.5621244254850655,0.9298862998758907,13,1,8
2025-08-26 14:00:00,53.202323619824426,43.26612301078635,194.763878399788,3.630898730790826,0.48043368214924365,21.64253935594895,24.89880730815,0.19382944846219563,0,0.0,0.6044731547975547,0.5280584027523532,14,1,8
2025-08-26 15:00:00,44.03830628813643,53.322100445263075,233.67540040144382,2.411446513005492,0.3930630672290277,20.999076722491907,17.024517638951377,0.20685734016273846,0,0.0,0.4440731069899371,0.7573254961625209,15,1,8
2025-08-26 16:00:00,49.977979037245156,53.58107994681444,262.40849970108286,2.9985187349990707,0.2793083572695291,19.944674640866218,23.00528973844601,0.1770338003132147,0,0.0,0.5480366590474225,0.9266212168699671,16,1,8
2025-08-26 17:00:00,67.37447195389281,49.00218435453678,197.95433870128537,2.968789418148865,0.14461870571473187,19.391023128715787,20.113962617494423,0.17597496510988164,0,0.0,0.8525317505032544,0.5468566281194746,17,1,8
2025-08-26 18:00:00,35.217570808012134,29.192247686476673,166.14265282928451,2.249328729359949,6.875860923235933e-17,21.81030353587829,25.44180287832944,0.18567850453979742,1,11.014681165144768,0.2896816058065065,0.35942184322361315,18,1,8
2025-08-26 19:00:00,38.303576354953094,23.539846568967583,149.2729679274856,2.846547557774995,0.0,17.668611364850573,15.956143762257808,0.176308510295341,1,9.39122332779748,0.34369671941309826,0.2600254838620789,19,1,8
2025-08-26 20:00:00,43.49597450738944,44.375081025511214,221.67161971268453,1.8684600991755282,0.0,17.70460305835253,20.269121732185152,0.23584384045522444,1,11.224839312830408,0.43458054053018075,0.6865990951667482,20,1,8
2025-08-26 21:00:00,37.09696412246477,29.729739400757936,192.01535259941235,1.4524152569967266,0.0,15.915024119881371,18.431837133273714,0.21428423911128044,1,12.904488532355288,0.32257708893104486,0.5118640600744141,21,1,8
2025-08-26 22:00:00,36.01294043375429,21.82957840164717,193.51616480566275,1.5954361397726575,0.0,16.37409176424565,23.098675700829272,0.23289468328822327,1,10.44607355468341,0.30360315586213793,0.5207068612443835,22,1,8
2025-08-26 23:00:00,25.849868558091263,15.73026920391773,166.79877953265455,1.595417274056906,0.0,15.532145900203666,16.812661641389656,0.23604782496055124,1,5.598418710390508,0.1257164108107369,0.36328774860207774,23,1,8
2025-08-27 00:00:00,38.805192046579464,27.509526997756126,133.90822118118967,1.2786990097211905,0.0,15.24885576554618,22.34514120896898,0.19350099460061396,1,10.434073712861982,0.35247662215724773,0.16949623580653636,0,2,8
2025-08-27 01:00:00,27.692999705905148,22.12811631168766,114.71722000056704,0.925652749471722,0.0,17.57170804085781,25.863024257758905,0.19775774486299735,1,9.526016881389047,0.15797718831961138,0.056422656723065366,1,2,8
2025-08-27 02:00:00,34.02552815478515,25.644001360528087,170.05148014925007,1.843639764601234,0.0,17.220904028224883,20.759979527671835,0.24778195986926446,1,6.54086499956421,0.2688169902513646,0.38245269455481073,2,2,8
2025-08-27 03:00:00,29.935093807040335,27.36053738092245,140.6292255877318,1.180436923402964,0.0,16.648425423245477,20.864884334325986,0.2316839912363851,1,8.442645711568145,0.19722111246275983,0.20909646385773606,3,2,8
2025-08-27 04:00:00,38.032447863794445,26.210825060997273,137.83731027934311,1.7861430169621917,0.0,14.819986585142269,21.386956489133617,0.22978943208261093,1,5.721946966453283,0.33895109079087,0.19264646974611047,4,2,8
2025-08-27 05:00:00,31.960491769311066,31.83151252333981,157.61686838356593,2.531235931999233,0.0,17.477927127402342,20.577544302684505,0.2083713207272644,1,6.666857160434336,0.23267215082497508,0.3091878323610121,5,2,8
2025-08-27 06:00:00,56.77155730102156,48.19649208488389,128.52474571448553,3.142636209705108,0.0,21.30961158296957,20.935366315770477,1.4708626946599521,1,4.480367944417444,0.666946329212113,0.1377767422168566,6,2,8
2025-08-27 07:00:00,43.114401072845844,47.74211824787915,153.4632156451768,3.389456945323206,0.14540277132896198,19.143565592092255,21.088091864218907,1.795958022486165,1,8.052893706024678,0.42790176691729453,0.28471446711137893,7,2,8
2025-08-27 08:00:00,35.152206181664006,39.99246565445851,192.40884963883505,3.385731517334709,0.28305696553113247,21.192169377130895,26.77053932594609,1.7284177211904077,0,0.0,0.28853751268536926,0.5141825487341511,8,2,8
2025-08-27 09:00:00,45.68393548289412,50.1534886870343,152.29391103259977,2.5695669997765136,0.40029765341746576,22.14339181357065,17.25832640834348,0.20167889073344694,0,0.0,0.47287695926987644,0.2778249121403544,9,2,8
2025-08-27 10:00:00,66.23041599060214,45.76878761255692,163.5242758964884,3.4355245965083197,0.49280412964267006,21.388342044116822,18.96904000991843,0.17704908019740492,0,0.0,0.832507057776859,0.3439943390306687,10,2,8
2025-08-27 11:00:00,50.646644885495725,40.09934449970701,209.38691402559826,4.509151477810008,0.5412612416420345,20.618426203165058,18.073963060384834,0.16472794039564667,0,0.0,0.5597404817427203,0.6142174811512959,11,2,8
2025-08-27 12:00:00,48.82675868677815,63.01838196789828,227.8904974891302,4.172509918752583,0.5667011016441509,19.118322058593915,21.46397400467202,0.20527057085546244,0,0.0,0.5278865662913237,0.723240787877152,12,2,8
2025-08-27 13:00:00,40.81991600916491,41.13411171647416,184.42052385383985,3.1795950296789224,0.545142348785227,22.12673471156218,15.682254928127053,0.179603001981795,0,0.0,0.3877408308793774,0.4671152499052487,13,2,8
2025-08-27 14:00:00,46.040905854760055,43.49492015922774,168.6393097901041,3.344097028498494,0.49790361664863897,20.319269470371434,25.11889836715143,0.17642157861530397,0,0.0,0.4791250994294556,0.374132172072354,14,2,8
2025-08-27 15:00:00,42.42281435465635,58.98545672315344,268.74502179335644,2.5124631366166135,0.41004007096327694,20.824570903641334,20.96771461572009,0.16057862343607193,0,0.0,0.41579675460166693,0.9639560711160451,15,2,8
2025-08-27 16:00:00,50.8327767891782,53.77687330990566,163.93128812584027,3.930410597012307,0.2886300342426423,18.768426228106176,24.640044707238182,0.15344727198916558,0,0.0,0.562998394202789,0.3463924593304073,16,2,8
2025-08-27 17:00:00,46.33204531022441,48.23822733501332,156.42690742194455,3.5881541644820865,0.14908971208842992,19.02060823973775,18.926609866429782,0.228335382256922,0,0.0,0.48422098487848103,0.3021765699660101,17,2,8
2025-08-27 18:00:00,44.77030312535601,27.784964427563114,182.33405688281997,2.1339804313927266,7.116506019181186e-17,18.5342453992679,16.91178170206835,0.16079850667202386,1,9.558240235817498,0.45688542755147166,0.45482176475394337,18,2,8
2025-08-27 19:00:00,31.124051473013914,28.098420472639354,163.93685887732724,2.644604111340373,0.0,17.983796116390337,17.360414529719147,0.23886094666634106,1,12.068538166921343,0.2180317307277372,0.34642528225626135,19,2,8
2025-08-27 20:00:00,46.746891293664426,47.48753516836315,186.62277258883896,2.017850752272111,0.0,15.867966440969171,20.266013976295053,0.17137828075943323,1,9.842108575926112,0.49148213609286007,0.4800909224173128,20,2,8
2025-08-27 21:00:00,38.151791327477916,24.724478049462316,203.08546181009748,1.2821283484899637,0.0,17.549503827138047,15.900539845276867,0.22596756923982175,1,11.322836163970425,0.34103998876950675,0.5770892589848783,21,2,8
2025-08-27 22:00:00,27.124940626915137,32.82839470194716,158.48861379514517,1.8776298702407672,0.0,15.270062459976812,23.673717615381882,0.23229994802102782,1,11.841816688946357,0.14803431063511827,0.3143241654167563,22,2,8
2025-08-27 23:00:00,23.62602184285328,14.21370488103237,172.44777478484625,1.4849503653151925,0.0,13.883902395947107,23.903469049459392,0.22925559220991168,1,5.590450912099061,0.08679187514802647,0.39657168753673866,23,2,8
2025-08-28 00:00:00,29.736851370867686,25.283006748118044,175.10139708696306,1.3802571475487702,0.0,15.338237444160317,23.120527799179158,0.237285582006679,1,8.185333367475309,0.19375122637583184,0.4122068578132658,0,3,8
2025-08-28 01:00:00,25.50382316279648,21.58506064982531,119.40927369771785,0.845592111652719,0.0,15.574965877362436,25.31662265944244,0.18397208570342016,1,8.46553710943165,0.11965949320136511,0.08406828603626525,1,3,8
2025-08-28 02:00:00,35.513553867868886,21.589578488827225,139.18176202854042,1.8100359083853923,0.0,15.99198411089956,21.775695886522442,0.2485888476282442,1,7.802454941393699,0.29486227005373605,0.20056799347256776,2,3,8
2025-08-28 03:00:00,41.37899605735342,39.17828491404693,151.4046852772571,1.267294590168959,0.0,17.661381454459708,21.132752085497984,0.17795947006101398,1,7.01928751620618,0.39752654638076906,0.2725855847168679,3,3,8
2025-08-28 04:00:00,35.39372715979828,26.089109051080516,133.1403429967128,1.7895538735721013,0.0,16.675214730806466,21.745674947720243,0.2434298089897932,1,6.468591806804406,0.2927649137298132,0.1649718895360256,4,3,8
2025-08-28 05:00:00,30.133035719632772,24.25574283002794,169.90281187182228,1.7874728982451047,0.0,17.506676653610658,18.066674167947273,0.19374400948560724,1,4.8857982135055185,0.20068573841159684,0.38157673951386645,5,3,8
2025-08-28 06:00:00,43.76217860814882,38.069145512272556,176.425198017746,3.262413676683097,0.0,17.29065455491911,21.632131060351497,1.1676989949053227,1,4.529858928863895,0.43923997633687006,0.4200067067022752,6,3,8
2025-08-28 07:00:00,41.7479396797121,47.4115333114339,162.95416981010814,2.6801329153058626,0.14713327047647518,19.98193077891959,21.931495165505396,1.7136873519787779,1,8.669563642173907,0.40398425728666354,0.3406352680245465,7,3,8
2025-08-28 08:00:00,47.477329629368846,34.6249119251149,142.91583780820153,3.1628440792649335,0.28387036511532915,20.06030609566987,24.26849154774926,1.7155581247148795,0,0.0,0.5042671778193061,0.22256920690595078,8,3,8
2025-08-28 09:00:00,54.13796405628371,54.91546836436497,143.86564629638698,3.4216094656934533,0.3976935117268791,20.068362229609896,19.72982338589717,0.16972978944727318,0,0.0,0.620849899330748,0.22816548842311474,9,3,8
2025-08-28 10:00:00,48.767731193839346,38.40382583397095,186.93495621608506,2.820154121741772,0.48497608126653613,19.05153940846342,16.91741278983093,0.23235124481326502,0,0.0,0.5268533935738727,0.48193031160455435,10,3,8
2025-08-28 11:00:00,63.6217721498653,40.9725921906319,164.7600282343163,3.325872752554906,0.5369758227737016,22.69139154180271,22.15907211642476,0.16575794029521307,0,0.0,0.7868473234461117,0.35127540469180035,11,3,8
2025-08-28 12:00:00,48.37606606535339,43.51378797072099,244.86509448302107,3.143261917293265,0.5588417230720388,20.11258158539961,24.0235620173755,0.16514316589676545,0,0.0,0.5199979825614459,0.8232552903793344,12,3,8
2025-08-28 13:00:00,62.40897330725634,32.4637099331668,200.52577345195692,4.300183145456508,0.5451351311575735,20.637816410598592,25.770584730870947,0.23089192879339615,0,0.0,0.7656194072064916,0.5620075484858195,13,3,8
2025-08-28 14:00:00,41.11219003940069,37.389051696776576,238.27081033708666,3.176545058708724,0.49327845869614345,21.278788768647665,16.49889112420765,0.17902191243075416,0,0.0,0.3928565750694975,0.7844016994250973,14,3,8
2025-08-28 15:00:00,62.712822867454804,59.20030203144987,201.84341183606062,3.6077844372836863,0.3978109154090829,19.238177284754205,23.189584492093207,0.1576877835161588,0,0.0,0.7709377607427328,0.5697710875855306,15,3,8
2025-08-28 16:00:00,47.2124618340907,34.50201607211844,246.4012774044754,2.587148796296977,0.28072231385636903,18.310947638232687,21.552557980032404,0.24563439859237468,0,0.0,0.4996311316959094,0.8323064961721375,16,3,8
2025-08-28 17:00:00,63.946326880692446,39.60684181304259,248.73437814839107,2.4236506307237207,0.1436620698435454,16.948005243456553,15.545114579477445,0.20570401559292054,0,0.0,0.7925280846730521,0.8460531500852866,17,3,8
2025-08-28 18:00:00,34.90105203879912,32.0897530592968,233.751414926274,3.0338634953593115,6.724913390125324e-17,19.007526650420072,22.73697644926821,0.19480774894323233,1,14.359978413660523,0.28414149999088123,0.7577733745355137,18,3,8
2025-08-28 19:00:00,35.56204745363194,31.402723530548045,188.87501181539605,2.769306969976068,0.0,16.955916061058318,15.656563863844774,0.20041100438610604,1,11.2902014097097,0.2957110652047295,0.49336113942694654,19,3,8
2025-08-28 20:00:00,44.45990724558514,43.74768256082603,142.55564497828382,2.2930103999275415,0.0,19.695855018670485,23.500417204977122,0.21704502771851814,1,10.082571732895454,0.4514524921747155,0.22044694699591946,20,3,8
2025-08-28 21:00:00,45.33945503517246,31.13441786220684,158.7653098992239,1.7610449098297578,0.0,15.143930748257088,22.93120502238122,0.2361665985241535,1,9.105395581662515,0.4668474333225302,0.3159544617474253,21,3,8
2025-08-28 22:00:00,43.16284991880453,19.816235753282896,153.95647957640662,1.9493543956104453,0.0,14.731095904679833,22.699670931791875,0.21725788883075847,1,8.527632681466942,0.4287497789764954,0.2876207833380308,22,3,8
2025-08-28 23:00:00,21.026127589923583,19.305326647603895,186.62961508675275,1.4397783028529152,0.0,14.778465427709333,16.905138310838293,0.22395263929694878,1,6.266975272714916,0.04128528700325495,0.4801312384863757,23,3,8
2025-08-29 00:00:00,35.13846278233469,26.04857864923045,150.11929471348571,1.1633622589703825,0.0,15.47577902940928,25.39984605085175,0.16801530800586317,1,11.40363632355685,0.2882969585888773,0.26501205011084084,0,4,8
2025-08-29 01:00:00,29.829192123378196,21.608679205525696,151.31818763131307,0.6855413694662316,0.0,14.855667818661876,25.343808520418488,0.18840930697874725,1,7.391875656757001,0.19536748926373154,0.2720759396849525,1,4,8
2025-08-29 02:00:00,27.917184811571445,23.112913890042314,159.74025067014517,1.806041219663619,0.0,16.228904670270246,25.502773019484327,0.20848097930109902,1,7.910817997871388,0.16190115532721266,0.3216988229365528,2,4,8
2025-08-29 03:00:00,33.0426921526013,36.75964274372847,146.18361850746578,1.4250133268269214,0.0,15.105735739272053,19.862673801958046,0.21194064936730853,1,8.792577133930962,0.2516141701309557,0.2418230048630258,3,4,8
2025-08-29 04:00:00,41.349746329229816,22.700009759624315,152.51679520639,1.7760606505846488,0.0,15.31504433808121,21.34913424650357,0.1770693111731693,1,4.431434315046506,0.39701458120004396,0.27913814801660297,4,4,8
2025-08-29 05:00:00,35.470671734267995,24.252714607963345,132.39683934234088,2.794376628020061,0.0,15.612951548712854,17.34636831001942,0.24749822518998477,1,5.81673791143599,0.2941116935291925,0.16059115825107523,5,4,8
2025-08-29 06:00:00,39.84333212507485,36.57484806956604,124.70932860490205,3.0665753125410133,0.0,15.955032410172056,16.674275094769136,1.2136394791209173,1,5.3208085101428155,0.37064744311869086,0.11529626481932882,6,4,8
2025-08-29 07:00:00,41.87274944396813,41.40125316285984,188.4259896791087,2.4185408681259735,0.14285849276802778,18.427973641057275,16.74357928297643,1.2092087611173685,1,11.425989270641773,0.4061688332678002,0.4907154963174572,7,4,8
2025-08-29 08:00:00,41.144962391921624,33.01395929303968,211.38162276189837,2.770867938667529,0.2781953440382343,19.35957995702379,22.16998266153781,1.296862649125864,0,0.0,0.3934301976108855,0.6259703258267608,8,4,8
2025-08-29 09:00:00,55.514186557198556,48.637569525744134,181.9772577329403,2.5517054518445175,0.389760976823844,19.641414131404307,19.446714747023726,0.2253913265258984,0,0.0,0.6449382600300833,0.4527195004420861,9,4,8
2025-08-29 10:00:00,48.90773318759831,54.97039671287868,204.89144532482095,3.6001194741679727,0.4719122884774284,21.983979176143723,22.095278433032938,0.15365512884571503,0,0.0,0.5293038828821424,0.5877301326867528,10,4,8
2025-08-29 11:00:00,54.409671323939484,48.65751513677963,188.21454325596028,3.397148339752947,0.5223521207838848,22.259267019366188,22.108381047925867,0.24878657786035818,0,0.0,0.6256056584202645,0.489469651787265,11,4,8
2025-08-29 12:00:00,50.577177111460905,51.496737423560646,209.2986649504139,2.669511937279681,0.5424943257966806,20.78961432239522,25.274154895933947,0.24877294465264843,0,0.0,0.558524570219098,0.6136975166800324,12,4,8
2025-08-29 13:00:00,46.06425092749848,46.48165128455163,186.81328978159746,4.16762096405149,0.5179527533179394,19.21922747477722,24.859829035682118,0.1659684196627326,0,0.0,0.47953371397565103,0.48121345170379376,13,4,8
2025-08-29 14:00:00,39.93652574514705,46.68739221557323,248.5875488915457,3.9600628297109806,0.4708121728702203,20.137691836629784,23.01780359272441,0.19012032742781798,0,0.0,0.37227863395715166,0.8451880305727916,14,4,8
2025-08-29 15:00:00,65.93084397388091,44.22669041458519,217.75284168979044,3.6834670341456035,0.3888956677846956,19.61876513682697,23.93442789059842,0.17039173394724483,0,0.0,0.8272635751354901,0.663509614190128,15,4,8
2025-08-29 16:00:00,42.92955277096429,45.5348413315543,219.7018814010888,3.0080197147134524,0.27614805330954467,18.931072513040696,15.457732608319468,0.19080152123571015,0,0.0,0.4246663216550477,0.6749933764940376,16,4,8
2025-08-29 17:00:00,61.016690673735376,51.55687123862737,160.07563511190025,3.746361987905395,0.1439954656007655,18.157882833803594,15.54714530120217,0.20328628142511795,0,0.0,0.7412499420586837,0.32367491156482353,17,4,8
2025-08-29 18:00:00,41.00656556072379,31.616027209196375,212.23983922933476,2.6999370283335504,6.809884532237819e-17,17.416614677349894,20.075519950087433,0.2322731951195336,1,13.972160156911345,0.391007803857461,0.6310269462025331,18,4,8
2025-08-29 19:00:00,37.45281807253249,27.655732014230576,162.05261810874333,2.864143691673613,0.0,16.89800764081871,22.093706876350026,0.15358072978074833,1,12.348186696603333,0.32880568808548116,0.33532331599856036,19,4,8
2025-08-29 20:00:00,43.38967869291606,31.28648827241897,169.5055179928385,2.3561987760877776,0.0,15.91638996509286,23.59120037267883,0.2486897671176338,1,8.06980323066168,0.4327200187626886,0.3792358798358413,20,4,8
2025-08-29 21:00:00,39.94351287219678,34.39376485961376,162.24346798759768,1.8080437527211903,0.0,16.12985375846395,20.10207187031719,0.24405629598651296,1,10.676545646720946,0.37240093135928976,0.3364478054749873,21,4,8
2025-08-29 22:00:00,40.71426692086534,20.830820537807785,155.89860779904726,1.295937326122941,0.0,15.79606048971467,25.316735935303285,0.20704172989390585,1,9.498850961638796,0.38589162891906625,0.29906382307869495,22,4,8
2025-08-29 23:00:00,22.22645095709943,14.969900050431555,131.03963532409963,2.045381604992149,0.0,14.216257677827242,24.15755467620545,0.19808963788115985,1,7.080637919732869,0.062294841929985155,0.15259449802242803,23,4,8
2025-08-30 00:00:00,28.741959757781178,24.20374319911527,170.80481709846163,1.5673542486634835,0.0,16.28665370022172,16.82893410646528,0.20506447534677763,1,9.588193798990467,0.17633739393460932,0.38689136371549965,0,5,8
2025-08-30 01:00:00,31.96756569733083,25.331589564699904,136.26330856779867,0.7258001570332465,0.0,14.128652600145973,20.497411246395707,0.15184409264225707,1,9.049436908692398,0.23279596752582682,0.18337243524771518,1,5,8
2025-08-30 02:00:00,28.605330976548885,22.826014242097475,147.84941205357828,1.4743206965538556,0.0,13.781515443305475,26.508081141350598,0.22376826919922066,1,7.759504833208105,0.1739459467943059,0.25163787780791796,2,5,8
2025-08-30 03:00:00,42.39532737575545,36.29806721974072,149.4162417014847,1.2877058961355305,0.0,16.247745769562222,20.39202257316296,0.19964359843278487,1,6.680559646084756,0.4153156432538581,0.26086965443256643,3,5,8
2025-08-30 04:00:00,26.485548199579906,26.78914755438107,153.13457562925515,2.047569875859224,0.0,15.661771570971467,20.214222228993023,0.178603991946769,1,3.90724068722267,0.1368428678213028,0.2827781167104509,4,5,8
2025-08-30 05:00:00,38.5115655918927,29.98152691859109,156.21546623050696,2.8229867027443296,0.0,17.514901599497485,19.27108089060162,0.19615435588271707,1,7.178576246562496,0.34733720614954544,0.3009307562611127,5,5,8
2025-08-30 06:00:00,49.3423357459334,47.383502745987705,185.8100598611831,2.9694791318408456,0.0,15.557282121328573,21.354756776405228,1.3444258516760161,1,4.487927791944374,0.5369108382829372,0.47530241055084876,6,5,8
2025-08-30 07:00:00,39.40929683974603,32.31954982096623,196.1646125524245,3.1079350471442817,0.14564647178314125,20.12074316201148,23.95196884636678,1.6499630793584847,1,11.025538772003502,0.36305041683675643,0.5363115429867973,7,5,8
2025-08-30 08:00:00,50.00417614074701,46.787207997185355,172.5430115344373,2.4678364169209948,0.28051066339895186,20.11499876515552,16.583492604185874,1.585825652823462,0,0.0,0.5484951933890795,0.39713282345847534,8,5,8
2025-08-30 09:00:00,53.73743571205194,53.75282116381865,203.28209702501914,3.7272049037863035,0.3936976067834953,18.554420337202895,24.93793544983192,0.1888092599090059,0,0.0,0.6138393532746059,0.5782478357217444,9,5,8
2025-08-30 10:00:00,45.75211262935325,56.207537516588744,160.28292445266868,2.7438843714868995,0.4826716128458231,19.043742734497705,25.686783352962692,0.18142419419912717,0,0.0,0.4740702806218142,0.32489626252228193,10,5,8
2025-08-30 11:00:00,51.58128635160595,53.25812974891013,165.66646400674824,3.8782452274781694,0.5392901033876598,22.485350057331832,24.099069395041855,0.23780366443752882,0,0.0,0.5760997410523538,0.356616133715446,11,5,8
2025-08-30 12:00:00,60.45900279686667,62.922736594166004,212.48563458793325,4.197352381004611,0.5581874263445578,20.168785726137624,25.364166225779716,0.218223864364831,0,0.0,0.7314885940740884,0.632475175018594,12,5,8
2025-08-30 13:00:00,40.13390366461508,34.465129706514396,262.38674321982177,3.8168891134366665,0.5432239180349958,19.960613147633765,16.64329910342065,0.22157818171696403,0,0.0,0.3757333881957067,0.9264930274554962,13,5,8
2025-08-30 14:00:00,62.502290843534425,37.78185130407375,236.4999672776065,3.424021763550931,0.48164907007690805,18.21989545986637,20.232366518614022,0.21186055919288924,0,0.0,0.7672527669807618,0.7739678736519674,14,5,8
2025-08-30 15:00:00,59.74671583484132,42.998778062142776,237.13552134719737,2.347945411120848,0.38879874803615155,19.649260247790554,16.218222099548633,0.15752305502346242,0,0.0,0.7190212603026271,0.7777125648576698,15,5,8
2025-08-30 16:00:00,40.498018970470255,34.82310272092506,177.90234207588188,2.9871538900914483,0.27732775168353435,19.14184120888317,24.03083774626806,0.15592624866992477,0,0.0,0.382106587891074,0.428710054896738,16,5,8
2025-08-30 17:00:00,62.80001545215118,51.55077634691696,203.42129634948182,3.4971517621113657,0.14609146665730768,19.352349721108034,25.15949642719018,0.19291715184069466,0,0.0,0.772463913983998,0.5790679995930743,17,5,8
2025-08-30 18:00:00,40.40801600719856,29.636386342950715,190.07909449844936,1.92028340702642,6.940130427970294e-17,16.452155682299054,18.426949909042285,0.24304999570557895,1,12.666258748376636,0.38053124390283344,0.5004556071518893,18,5,8
2025-08-30 19:00:00,39.77469520940125,23.006150344765235,217.28561672181047,2.279951705222747,0.0,15.545320765242979,20.880133716658484,0.20247080788985716,1,8.147182342602468,0.3694460743131841,0.6607567198064832,19,5,8
2025-08-30 20:00:00,43.04769388092449,44.334165342311856,147.40416870950412,1.861815306775545,0.0,16.783853875447015,18.486384475985226,0.23758845130934275,1,11.065127202138417,0.42673417454093593,0.24901449938155468,20,5,8
2025-08-30 21:00:00,40.61573613783025,33.24600043966441,172.97156127379225,1.457001682853007,0.0,16.709123486509743,19.396020538537037,0.1596549842036056,1,10.01362930640779,0.3841670204054287,0.39965784299174906,21,5,8
2025-08-30 22:00:00,38.60370604376108,29.739713605484184,192.90812020390814,1.4612086323170015,0.0,13.645303689556071,20.506785350799134,0.22242610749346628,1,9.934008325784164,0.3489499631260735,0.5171242561100459,22,5,8
2025-08-30 23:00:00,25.53345157169535,20.861897654586684,181.48689783491523,1.7609529977741984,0.0,15.989083332381416,23.905200339851014,0.17453378549608112,1,7.257663159017368,0.12017808652477678,0.4498302948093604,23,5,8
2025-08-31 00:00:00,28.72064434779154,25.619290031822935,170.96666597116706,1.4360561342301643,0.0,14.833699023819555,17.29347358531238,0.20244961598024164,1,12.029984511270353,0.17596430507438268,0.38784497896126946,0,6,8
2025-08-31 01:00:00,25.6993705341649,25.57228702378356,132.52674341071565,0.6610904665982787,0.0,15.980991489113926,17.506289485994877,0.17929210703540757,1,8.03377888762584,0.12308220690659671,0.16135655437660257,1,6,8
2025-08-31 02:00:00,31.77289103607622,24.55801692240652,170.87704834585406,1.3090859000454613,0.0,15.10946949652927,18.082284451309555,0.22123333600020745,1,8.892167268573703,0.22938852908022325,0.38731695097837643,2,6,8
2025-08-31 03:00:00,32.591612930416346,39.81374197807116,162.94205980591522,1.7913068402435592,0.0,13.12496624749754,16.58265881359459,0.19008890527705263,1,8.708979567481851,0.24371881963294856,0.3405639157535565,3,6,8
2025-08-31 04:00:00,30.52587920761132,19.739636754034695,170.8797565246837,1.6627880399834856,0.0,16.107391568759272,22.97045545040217,0.19621684924995939,1,5.666229954545376,0.207561774539855,0.38733290759628203,4,6,8
2025-08-31 05:00:00,39.67805342532031,32.37196727491936,184.51316424500828,2.2010637597091907,0.0,18.033836085091025,18.151645901372984,0.17453453731815294,1,5.853237773571616,0.3677545294125437,0.4676610880560839,5,6,8
2025-08-31 06:00:00,57.121767021923624,43.26899140377969,194.96010124912647,2.716426530379858,0.0,16.847189846154116,20.828533390093735,1.3360935114797956,1,6.118120456655346,0.6730761360361509,0.5292145498269029,6,6,8
2025-08-31 07:00:00,44.7490697704886,44.41082005258831,147.5986076492531,2.587566937354383,0.13968959713316856,18.120210512747576,23.476478031299436,1.2596067680320013,1,11.069011215978485,0.456513774922218,0.2501601356422002,7,6,8
2025-08-31 08:00:00,40.33623657013444,42.87068727931685,146.49189405994503,2.4777466992786503,0.27306941346732155,19.046363346247308,20.885899191013095,1.540348910526138,0,0.0,0.37927487077301875,0.2436393676329869,8,6,8
2025-08-31 09:00:00,64.39586432872724,54.00818228312517,208.5195481381017,3.2810349234849676,0.38817561543190854,16.935077844025578,25.688507247143388,0.1644996956031446,0,0.0,0.800396449119152,0.6091069522971173,9,6,8
2025-08-31 10:00:00,63.699726976570936,54.47872376464201,206.3213956637142,3.3819538175996446,0.47748283760322685,21.973465729492805,24.109911603301857,0.17682026116723626,0,0.0,0.7882117859386892,0.5961554149952935,10,6,8
2025-08-31 11:00:00,53.157553348331156,38.903090363944415,190.3120989919214,3.903278556181998,0.5366355567554689,19.69121034061946,18.731455922578554,0.20304613546480868,0,0.0,0.6036895297313897,0.5018284720572397,11,6,8
2025-08-31 12:00:00,46.34054762897508,44.89301712939722,234.43623093299706,2.9333792478294867,0.5558583155477475,21.191306614399156,17.119303489833502,0.1774831299077586,0,0.0,0.48436980305338423,0.7618083175885115,12,6,8
2025-08-31 13:00:00,55.34990685922745,30.682607565932752,170.7551814460795,2.9844700086580023,0.5379089210740544,20.487406211004384,24.986665352795836,0.20884996597343283,0,0.0,0.6420628320976992,0.3865989099340545,13,6,8
2025-08-31 14:00:00,58.08787384824772,33.890195695817056,170.19291481454718,3.021213475363205,0.48696168671428613,21.522779873193134,19.680417040947308,0.15141640044581958,0,0.0,0.6899861412795725,0.3832860290776477,14,6,8
2025-08-31 15:00:00,41.88148718061043,41.782676200258734,202.71048224299142,2.808578532756843,0.3953783295153052,20.185211864256136,19.433589963728725,0.24732227876999444,0,0.0,0.4063217720199246,0.5748798754651344,15,6,8
2025-08-31 16:00:00,52.94399200831756,48.0642287653786,181.78448022902938,3.984642993332594,0.2800255428689223,18.91365797988643,23.754912242303906,0.22299888563804401,0,0.0,0.5999515131052546,0.4515836533787242,16,6,8
2025-08-31 17:00:00,56.46034068329343,45.68231819016135,231.0451651247617,2.4669053008316766,0.14297367293723828,17.52226721244606,15.483744093663326,0.20038191285471452,0,0.0,0.6614990282571591,0.7418281224837392,17,6,8
2025-08-31 18:00:00,41.652988319055204,40.89799042677408,244.80218379081919,3.08914267855034,6.750945889978973e-17,18.427914859164044,19.998900924995123,0.24208379198842983,1,13.86187483213692,0.40232230028270854,0.8228846199248366,18,6,8
2025-08-31 19:00:00,42.676378028038,29.43785671529021,205.73587409316204,3.058957108210955,0.0,14.970900781281994,22.71564345901993,0.23697660809449783,1,9.644995598385574,0.42023494190103555,0.5927055157956749,19,6,8
2025-08-31 20:00:00,46.706240510518846,40.050681276658544,193.93059304148073,2.050921130516953,0.0,16.75742078298631,24.152702332908625,0.18665543199484372,1,11.232968103946435,0.4907706154437861,0.5231486767315559,20,6,8
2025-08-31 21:00:00,39.5858880426293,22.274022042010106,127.79488905439968,1.6174033374324754,0.0,14.381892493935814,24.623043627465904,0.161612917834949,1,10.421204321159694,0.36614133606569943,0.13347641916455302,21,6,8
2025-08-31 22:00:00,35.02829019568645,29.903048989493556,160.9821577379704,1.9106864327402138,0.0,16.24718835493704,20.393931751747157,0.1752232392076758,1,9.954370488032815,0.2863685807251253,0.3290161523310112,22,6,8
2025-08-31 23:00:00,21.756038430612634,20.258782452780114,175.7703576919212,1.5780883693408567,0.0,14.847222377128363,24.499021491356046,0.17086892694641356,1,5.155722711273425,0.05406109585479241,0.4161483806737217,23,6,8
2025-09-01 00:00:00,34.75166449758401,22.09771217655292,156.56037369657878,1.2737424778463406,0.0,15.218539588672913,16.12549848715867,0.22500574355421743,1,12.572932317507451,0.28152673313858495,0.3029629546479655,0,0,9
2025-09-01 01:00:00,32.78041594812826,19.58370648858252,122.12222206760266,0.6540168650927947,0.0,14.749338766537,19.073787961483397,0.20481098925130065,1,9.563056286307747,0.24702348525841555,0.10005300612274443,1,0,9
2025-09-01 02:00:00,41.74660816158225,21.150845149252216,164.39326738990405,1.6077306626815033,0.0,13.205381843887645,16.049044464320055,0.23500981831583606,1,7.471310934453316,0.40396095139755905,0.3491144459718747,2,0,9
2025-09-01 03:00:00,37.249440627654394,37.02197422307087,174.18580270686445,1.2744125251983232,0.0,14.564489475055218,17.782442491770976,0.1989700750464175,1,8.90315642276867,0.3252459226790327,0.40681216617774046,3,0,9
2025-09-01 04:00:00,25.98794735015069,27.662892558348304,129.29629629330336,2.0625006155569854,0.0,16.70962826885831,23.84134680049742,0.22697650549113668,1,4.151907397977914,0.12813323784695013,0.14232272627312062,4,0,9
2025-09-01 05:00:00,45.19314537111559,29.56774294897147,129.49653108551,2.2917268328335205,0.0,16.9181336849296,16.159744212605286,0.18234228375938077,1,5.8237586108212245,0.46428653931065517,0.14350251175688683,5,0,9
2025-09-01 06:00:00,52.04789448582475,35.13470182978846,147.08215237221407,3.3988127866462485,0.0,18.69961710699228,21.74784657171939,1.5766131022630527,1,4.578640940571621,0.5842668979145871,0.2471171757641969,6,0,9
2025-09-01 07:00:00,59.73886292047886,35.68525115494831,132.59274286144412,2.634351119974612,0.14126009092597427,18.689047230808644,20.559046749409884,1.604550137194726,1,11.112238472546133,0.7188838088123498,0.16174542382854895,7,0,9
2025-09-01 08:00:00,37.31697755620508,29.859276068686835,213.60894057781877,3.1245654570570305,0.27347139781635843,18.03329810929707,17.391505134743145,1.6944653182513083,0,0.0,0.32642803813955795,0.6390937056250382,8,0,9
2025-09-01 09:00:00,50.85192319771686,35.66891797377543,231.21193268431264,3.496026943213446,0.3885111654651666,18.815936814925568,23.335529186615506,0.22994884004190874,0,0.0,0.5633335184974939,0.7428107186836957,9,0,9
2025-09-01 10:00:00,43.53584568517177,38.8986599062654,213.33030396331304,3.4560890021656854,0.4807293261447042,20.182350966395425,23.301941064004755,0.1776503042304877,0,0.0,0.4352784155549603,0.6374519757866972,10,0,9
2025-09-01 11:00:00,64.99927049119488,37.16507654831512,235.81266317771897,4.738855641569446,0.5354981339013358,18.055763683960404,23.52071503666969,0.1885058001515556,0,0.0,0.8109580154938187,0.7699182707280983,11,0,9
2025-09-01 12:00:00,72.24185349446174,54.39182244882036,232.74069254102756,3.4403176994863482,0.5493245764332971,22.1361412192307,23.785729277548384,0.17071350908546915,0,0.0,0.9377267259760215,0.7518181877016452,12,0,9
2025-09-01 13:00:00,50.46667564931713,37.602103631441864,205.22957933937008,3.0600735800676646,0.5283785366407561,20.792888772107613,18.939976509083817,0.2247834370515714,0,0.0,0.5565904359667124,0.5897224218265991,13,0,9
2025-09-01 14:00:00,42.89402082736028,40.39274309887035,234.52465982596925,3.972254751768524,0.46738449558801454,21.269136754062927,25.876591373009898,0.17707282636532404,0,0.0,0.42404439731264454,0.7623293415480561,14,0,9
2025-09-01 15:00:00,44.891352757446796,49.604058903064164,255.40305520932736,2.902190615893464,0.38357883196496384,17.975399907556707,16.237952701685003,0.18910192017823302,0,0.0,0.4590041890151059,0.8853450648704975,15,0,9
2025-09-01 16:00:00,52.77046100767862,46.7239470713445,247.900436874301,2.855691125535025,0.26546961750908066,20.169902399460714,22.08581167318031,0.2303026475566321,0,0.0,0.5969141573483705,0.8411395594018569,16,0,9
2025-09-01 17:00:00,54.24362454082223,49.66922173645436,164.6547073450059,2.9980769828709177,0.1387325210012243,20.423943199701977,25.346492152634134,0.18398026404036041,0,0.0,0.6226993007622305,0.3506548529136781,17,0,9
2025-09-01 18:00:00,48.66085058674057,31.894850553078804,196.2600960543117,2.6190577097325196,6.627372140702684e-17,16.085754897022742,17.674182230817696,0.1791500309167763,1,8.890528715969085,0.5249826360373204,0.536874132775636,18,0,9
2025-09-01 19:00:00,34.2434111622609,34.225644286185414,180.58019034723117,2.505454165739662,0.0,17.39222020061404,18.24092755070142,0.2151181433042566,1,8.086165183092549,0.2726306500853252,0.4444879648366157,19,0,9
2025-09-01 20:00:00,46.0810201536127,47.105973629395926,202.6807871201878,2.144181456660935,0.0,15.88902396872083,21.348300802534595,0.24753735857775575,1,10.819894169960001,0.4798272298620862,0.5747049114919094,20,0,9
2025-09-01 21:00:00,27.66680194731336,25.106504665647673,169.7639503678325,1.5759247076379792,0.0,13.71279451445666,23.549931588274756,0.1562623969114932,1,9.424510105163389,0.1575186425117543,0.3807585660842857,21,0,9
2025-09-01 22:00:00,36.643730519522016,19.926958065252112,147.97608868555358,1.2736951771889924,0.0,15.263987353026822,18.975324947635553,0.23347884045804312,1,8.898585409145072,0.3146440297771022,0.25238425784452334,22,0,9
2025-09-01 23:00:00,23.929557536058038,21.52401207147831,167.36898090569278,1.6354835656775535,0.0,15.29563241361469,24.38493873918998,0.1621604834259891,1,5.642476056298297,0.09210473499313039,0.36664738103818234,23,0,9
2025-09-02 00:00:00,39.91968396217064,29.62824757570867,143.43868413074705,1.5775598622432094,0.0,13.749303443767039,18.280959756608546,0.1844898117258249,1,8.32868766656703,0.3719838480901236,0.2256498228907253,0,1,9
2025-09-02 01:00:00,31.38646300129664,16.61032702803521,124.16079218803728,0.8730243329085534,0.0,15.609188565113893,25.084483025644985,0.1916717932632925,1,6.567737369249332,0.22262478420617998,0.11206428253092426,1,1,9
2025-09-02 02:00:00,32.04004736485497,18.509883804440584,167.32918458271578,1.2373191502495453,0.0,13.066825656197874,18.625126943937346,0.22187393601059868,1,10.27084733934538,0.23406463196798655,0.3664129006881986,2,1,9
2025-09-02 03:00:00,34.94090626835327,37.063016532358674,114.01261482235385,1.393985406209003,0.0,13.706200763097973,22.607382323872944,0.24265659308504237,1,7.204632872243402,0.28483907836665706,0.052271115665282634,3,1,9
2025-09-02 04:00:00,39.95494754043669,22.17780879851361,110.33384323297989,2.0628837239903834,0.0,15.949482860445027,19.90903133434433,0.16020109602823618,1,5.391244030756648,0.37260107516805413,0.030595755097793595,4,1,9
2025-09-02 05:00:00,27.54243591374661,33.84957040194846,124.70358016126738,2.8024335741167006,0.0,16.55241805708453,19.569111402930073,0.22448084521182476,1,6.7848549776650895,0.15534183325793807,0.11526239492948752,5,1,9
2025-09-02 06:00:00,44.77194141396568,34.68858226293901,133.09146027978753,3.048993327402213,0.0,16.57751711820615,19.93045237112507,1.3667192965809252,1,6.466175252095304,0.45691410291968654,0.16468387205814403,6,1,9
2025-09-02 07:00:00,59.66695324992576,50.39819812448191,172.87411528238187,2.430048563856472,0.13490023237189272,18.870739117603232,21.4743849213338,1.8014332467689318,1,10.345949084931402,0.7176251561737671,0.3990836901941746,7,1,9
2025-09-02 08:00:00,50.11887009389181,30.213199644561463,191.23789505733336,3.0006938939637298,0.25799654788038795,19.306175052554455,25.130728071723784,1.333662615220666,0,0.0,0.5505027098419407,0.5072832721290164,8,1,9
2025-09-02 09:00:00,56.116055990970324,40.631175446617,185.4617555251567,2.461664161524669,0.3701027959011173,20.245329602006244,24.12223628971249,0.21938619496459136,0,0.0,0.6554729286646691,0.4732501977708003,9,1,9
2025-09-02 10:00:00,45.39026796440994,57.02053136339013,170.41712452789758,3.931747549362898,0.4527909385398055,19.731395674688763,20.711746916522824,0.1664755800362255,0,0.0,0.46773682451243476,0.3846070750468078,10,1,9
2025-09-02 11:00:00,64.93984100712792,40.19915551795599,169.97984594601627,4.408622484849986,0.506692512128542,20.747395623553764,18.82799729427811,0.24579470786665836,0,0.0,0.8099178066268452,0.3820306250823427,11,1,9
2025-09-02 12:00:00,51.72133275702147,43.199368134344965,213.79876149034214,3.5513465428860083,0.5335667596665393,19.791965823388285,24.720160300209823,0.15043243385943805,0,0.0,0.5785510077087646,0.6402121324211129,12,1,9
2025-09-02 13:00:00,44.085358584355404,47.69963091750797,225.79554704768836,2.7094184304395394,0.5139039558640924,22.179786821619143,24.733580369195707,0.17328519773125808,0,0.0,0.44489667489578166,0.7108973180296533,13,1,9
2025-09-02 14:00:00,43.027410547398205,33.59857758807232,198.43575088738214,3.4745168072315336,0.4592904559894231,19.004291901529413,20.269391619011905,0.2175944116031804,0,0.0,0.4263791503687244,0.5496931137402103,14,1,9
2025-09-02 15:00:00,45.74746762550954,37.84038426565508,188.0759428150087,3.467624205498468,0.378786788245831,21.435946327185924,22.668207137852363,0.2353524229889172,0,0.0,0.4739889779778285,0.48865301654382765,15,1,9
2025-09-02 16:00:00,61.99820731701373,39.459752020385466,169.63001450600427,3.4873177523448233,0.2672726754114618,18.734779886217073,19.222559987839514,0.24935573092939328,0,0.0,0.7584296691158804,0.3799694145896863,16,1,9
2025-09-02 17:00:00,56.82972395400533,49.371576278289936,158.94636035931677,3.553996627125624,0.13847177464936233,16.59139786577071,16.917299135572645,0.16732606369395428,0,0.0,0.6679644344362426,0.31702121294631963,17,1,9
2025-09-02 18:00:00,47.398163744892884,40.04382056447788,160.57364308361798,1.970723813987224,6.597836026132397e-17,18.5490869522259,18.670199754179155,0.1807143839689852,1,9.57871851575798,0.5028815178849051,0.32660917972750186,18,1,9
2025-09-02 19:00:00,46.55669062912361,35.28683673145488,213.3930041561817,2.7586040764843025,0.0,16.52100414218981,22.384952445430145,0.23918520210413985,1,9.702355806008583,0.48815300711141496,0.6378214059769283,19,1,9
2025-09-02 20:00:00,41.919683363659196,39.764544816074476,165.96167851385005,2.1231685647859964,0.0,16.513232585367334,23.337459862101017,0.15324999158470257,1,11.370475650053464,0.40699032920018063,0.35835554066984027,20,1,9
2025-09-02 21:00:00,27.385952621950782,26.17770728286294,129.56120028305423,1.3347547285018098,0.0,16.25518897523792,24.276663758367516,0.2233321822305664,1,9.484364969508313,0.15260286773914192,0.14388354334319967,21,1,9
2025-09-02 22:00:00,36.44820526559693,24.416153725390185,160.65322174834756,1.7146001560890867,0.0,14.88307397656134,15.746269263298505,0.1923051923022029,1,12.72300481446686,0.3112217031989177,0.32707805804994927,22,1,9
2025-09-02 23:00:00,24.983491042346014,21.055238108268924,154.4517145925981,1.9334919913033466,0.0,13.643713868717013,20.728734422468765,0.21888180198785082,1,6.061781010843875,0.11055199220314076,0.29053871321783165,23,1,9
2025-09-03 00:00:00,32.62597401012095,27.186476449231126,140.17612058234863,1.472861096502107,0.0,15.099979458675,18.62618215834796,0.20249001218399823,1,12.570380893333844,0.24432025005673022,0.20642676444095717,0,2,9
2025-09-03 01:00:00,22.88832247889034,25.761664954760352,113.8454505610942,0.6832564477673476,0.0,14.217774333052775,23.07288747565114,0.2127111886840413,1,10.050006806723998,0.07387974185926185,0.05128618209472149,1,2,9
2025-09-03 02:00:00,32.98065380111166,30.305864117495204,157.84771783241743,1.399251969237003,0.0,15.193104474902842,18.54414543914703,0.2166663710239496,1,8.2921728553649,0.25052829761624157,0.31054799972098507,2,2,9
2025-09-03 03:00:00,35.41581672779487,28.80123300844922,154.7275341026629,1.9133161693678153,0.0,12.820794858075436,22.061212356486607,0.21312459447968035,1,9.678755254548067,0.2931515528679181,0.29216384464742934,3,2,9
2025-09-03 04:00:00,29.47785409105908,24.987310685958754,137.7079511037671,1.6401690960212,0.0,16.03334674968725,23.70451181315399,0.21645629779470782,1,5.521543744306108,0.18921793332762984,0.19188428413463562,4,2,9
2025-09-03 05:00:00,31.286471673636854,29.88559241454413,142.67463624899904,1.8501972185004656,0.0,15.661837683825867,24.38386023954711,0.20683479326356471,1,5.685069625360902,0.22087461142098483,0.22114804480383607,5,2,9
2025-09-03 06:00:00,44.90956946927848,33.619791541399564,132.47480919567545,3.369762638004431,0.0,18.720702252286326,19.021784120217507,1.660421518771028,1,5.300107232080053,0.4593230405998357,0.16105055744000626,6,2,9
2025-09-03 07:00:00,45.250890889744234,33.15576669021941,191.15421143580423,2.5846523795619913,0.13095195936386425,18.457445433243898,17.055669557191994,1.70701760491217,1,7.390403900347009,0.4652972733166551,0.5067902073582987,7,2,9
2025-09-03 08:00:00,42.085612370210406,45.60480998084664,188.96165139057894,2.710835641924827,0.25478708870637384,18.788263399829788,18.418602718089215,1.7159515640958785,0,0.0,0.4098946253860306,0.4938716207074173,8,2,9
2025-09-03 09:00:00,68.42943924133613,46.97488469435996,150.93008100211503,2.894372804772774,0.3622309023977597,19.646537068701107,22.41195735856288,0.23535130987928965,0,0.0,0.8709971022389228,0.2697892113784713,9,2,9
2025-09-03 10:00:00,64.81952771201657,47.743830556557,187.80634584369133,4.4825403325463995,0.4421157614382668,18.629039546843572,16.367272597320856,0.1816402420502774,0,0.0,0.8078119334503484,0.48706454837741964,10,2,9
2025-09-03 11:00:00,57.735412895201954,47.716024139294355,250.3119696608716,3.710911064185342,0.49065266426446463,21.540932197991644,17.525386580577848,0.22457734308443525,0,0.0,0.6838169305859862,0.8553483357282323,11,2,9
2025-09-03 12:00:00,75.2984001121359,59.65223704067807,209.52983420381665,3.927372343064501,0.5055643203613912,22.001758675786945,26.20248464029866,0.24466612912703295,0,0.0,0.9912262127028585,0.6150595683317562,12,2,9
2025-09-03 13:00:00,62.8200404628894,33.29996415357803,199.49836699064298,3.7806705532530716,0.49241575470998195,20.291565868995733,19.6426842782161,0.18674680789351494,0,0.0,0.7728144166689561,0.5559540589017767,13,2,9
2025-09-03 14:00:00,47.2005354552532,43.90467659795646,235.81624829934546,2.4744152726569197,0.4353903521462499,21.17983768004806,20.713960096492627,0.2277641115731628,0,0.0,0.4994223813556965,0.7699393943021078,14,2,9
2025-09-03 15:00:00,53.6666967546514,46.652838297824914,186.1664140128039,2.8167359053174117,0.3550959442696306,18.534009468776166,15.598464354473412,0.17914627778920883,0,0.0,0.6126011919160855,0.4774020529283242,15,2,9
2025-09-03 16:00:00,62.143498679736375,51.87126841895494,217.19560894089997,3.159887789466337,0.24808463234842196,17.675199589556936,21.512120490308366,0.16755692654413168,0,0.0,0.7609727395492111,0.6602263930227411,16,2,9
2025-09-03 17:00:00,57.008013128015826,46.696266584053234,225.93873284039537,4.005463170060498,0.12991766557050194,17.78016728473528,18.72486040154202,0.19464268921345576,0,0.0,0.6710850736711746,0.7117409702134504,17,2,9
2025-09-03 18:00:00,37.97749226825895,44.24951270430352,235.48784159750778,2.8649385362959445,6.1446466387677e-17,17.388195101910515,20.80948060211207,0.2306532159113267,1,12.141833533888642,0.3379891894945129,0.7680044185901954,18,2,9
2025-09-03 19:00:00,41.530888983762324,27.462779571646045,208.67462465057105,2.934596653779255,0.0,15.773275332666223,20.784972597141067,0.18071225196559518,1,9.237928692101255,0.4001851656059184,0.6100206647257528,19,2,9
2025-09-03 20:00:00,41.31825409037491,48.0642810141821,169.59688174517078,1.8212202996100446,0.0,15.97194885299348,25.37408300852129,0.17949393682175308,1,7.507151704924885,0.3964633648027954,0.3797741960173409,20,2,9
2025-09-03 21:00:00,33.449749227253385,32.83807195139694,192.3630180943612,1.3333222263181657,0.0,15.109707747189772,18.254111855869063,0.17776750351729909,1,11.297076143406144,0.25873899016036056,0.5139125087961715,21,2,9
2025-09-03 22:00:00,29.99997996366246,27.377215720540466,191.87199424566734,1.5814323438536895,0.0,13.318710005633866,21.480741550208528,0.17181209847224715,1,10.456327979801499,0.1983568308106784,0.5110193911591815,22,2,9
2025-09-03 23:00:00,21.712682393686464,16.63055888772,150.028924807772,1.9203642638357104,0.0,14.526559356926875,19.634556850862474,0.21111109928205504,1,7.669629166987021,0.053302224483864354,0.2644795896839819,23,2,9
2025-09-04 00:00:00,24.822817247891376,22.93344503946727,109.3463526886521,1.563243126831166,0.0,14.759519334303082,20.180998004726636,0.17433368852041142,1,8.996846486288671,0.10773967928631129,0.02477745051288372,0,3,9
2025-09-04 01:00:00,34.88771487555147,24.340721527216665,168.28681810478454,0.9422188199519386,0.0,14.160126656233183,16.434022234852108,0.24349028220693844,1,10.070104738026632,0.2839080563443765,0.3720552873866039,1,3,9
2025-09-04 02:00:00,30.306940265850773,25.59026935284391,116.58093941261258,1.8487182473288388,0.0,15.43144689235235,23.252313259993013,0.18459310467375484,1,9.81293426367523,0.2037296324285663,0.06740371093404188,2,3,9
2025-09-04 03:00:00,31.429858553551433,30.425844669048193,114.95109930397054,1.1708724329696047,0.0,13.52858750844507,18.100183735294674,0.20423987569753452,1,7.898890141630968,0.22338434722361752,0.05780067601765459,3,3,9
2025-09-04 04:00:00,26.361948814504764,26.296964853280667,131.38115972045313,1.9481494161918682,0.0,15.825695179734906,21.09532390910102,0.19091704621408523,1,6.145618723213963,0.13467947740447203,0.15460676332722117,4,3,9
2025-09-04 05:00:00,37.34686802693669,31.307276327185765,142.61155198744268,2.5044236892417993,0.0,14.90143649996627,20.77692141151174,0.24627157340908692,1,6.796590281589655,0.326951218395641,0.22077635167689189,5,3,9
2025-09-04 06:00:00,61.0937277175836,30.77178242033348,183.95013585493217,2.8543677399296747,0.0,15.724519044393569,21.157517001766347,1.4430086275583494,1,5.779645337155623,0.7425983403723232,0.4643437189103932,6,3,9
2025-09-04 07:00:00,40.169123942629184,33.935185732524815,160.24737186501102,3.2884452535346744,0.13471437911736497,16.974549246967005,20.14614253657665,1.5477708361710278,1,7.571230655223367,0.37634985737868437,0.32468678630505415,7,3,9
2025-09-04 08:00:00,37.219130802047935,30.710918894192606,139.3939049718765,3.3921596336796873,0.2612525556220826,17.377381791335917,18.672284362498093,1.6975674449917784,0,0.0,0.32471540235150065,0.2018179419069691,8,3,9
2025-09-04 09:00:00,53.50959245513939,39.9687797122608,203.29310244696998,3.3294926658924866,0.3683242238702627,18.38318202091172,20.805984786181938,0.16712965372175514,0,0.0,0.6098513567465936,0.5783126797826453,9,3,9
2025-09-04 10:00:00,54.97695909919829,44.428747609332866,217.12210234300082,3.0240265461290816,0.4557974069498181,19.18419541452003,16.428582452759088,0.15326418025586674,0,0.0,0.6355350357859693,0.6597932913813791,10,3,9
2025-09-04 11:00:00,49.93915958017584,53.49177421808035,241.00790900057245,3.8268533059075565,0.5092895211294527,20.525609998395463,18.40712336621862,0.19549199152867133,0,0.0,0.5473571925487883,0.8005287132933169,11,3,9
2025-09-04 12:00:00,54.705372743811715,48.96856880251354,203.78727254424444,4.310989354707544,0.5271625960305076,19.45992402027887,23.990907901332164,0.2050641067963404,0,0.0,0.6307813930536198,0.5812243351490819,12,3,9
2025-09-04 13:00:00,48.52913787472912,30.709143869586367,173.38693715547276,4.170020774456164,0.5032302830177249,18.08363636827482,24.448022441937812,0.1787061038701904,0,0.0,0.5226772360649248,0.40210524201822573,13,3,9
2025-09-04 14:00:00,46.13762180243991,41.19057021171637,225.83685054640077,2.7311146178700008,0.45190860407825034,20.500026707560945,22.983834383406432,0.1962504665835752,0,0.0,0.48081794243379655,0.7111406786747871,14,3,9
2025-09-04 15:00:00,66.6377223837348,59.13989430576495,177.2050291555475,3.309775311681022,0.37489149564647367,18.03650743447528,22.014934703970113,0.21151604558348353,0,0.0,0.83963624168891,0.4246014798984222,15,3,9
2025-09-04 16:00:00,38.967077916485465,40.01365814311811,162.81329445605863,2.936198352486614,0.2607072707446942,18.183947898468634,23.767886757202895,0.24732729573060053,0,0.0,0.35531015032862207,0.339805228969413,16,3,9
2025-09-04 17:00:00,46.89517681144118,56.90741018920058,237.2965489555346,2.9737921749183185,0.13555007857659765,17.956049600031182,16.699133725557502,0.21017771558011328,0,0.0,0.49407761395804517,0.7786613412052179,17,3,9
2025-09-04 18:00:00,51.18311484581372,29.005578321236356,190.3410600338384,2.4398794081555266,6.446290502306969e-17,16.92305054450886,20.75885491488244,0.1948857296354142,1,11.48006057983405,0.5691304473187138,0.5019991108182257,18,3,9
2025-09-04 19:00:00,44.273413559396786,24.793143327299727,192.73266358483656,2.4168455988866797,0.0,17.031543247703013,16.581004065674584,0.15225284939625394,1,9.458979720266703,0.44818824734652274,0.5160904638807826,19,3,9
2025-09-04 20:00:00,39.036664970520185,43.33416740991127,194.65642824916807,1.5357722370020583,0.0,15.683201234273447,23.424421316778574,0.18105832319290516,1,7.316796759636008,0.35652814963940077,0.5274253053443908,20,3,9
2025-09-04 21:00:00,44.98677178768174,27.668037168697925,161.25204669577792,1.6576798841683138,0.0,13.711941973974588,20.858654766278686,0.1858485963664622,1,9.466100801313896,0.46067433175463546,0.3306063408848642,21,3,9
2025-09-04 22:00:00,38.08874675153257,29.7528285184446,124.09052739819167,1.8409606039580753,0.0,16.265428222131654,23.96650818383215,0.19769445696497973,1,10.895499436565117,0.3399365040608215,0.11165028165641996,22,3,9
2025-09-04 23:00:00,22.05626727821027,21.20466397414518,132.95939067277624,1.8301844784956398,0.0,13.971865167091503,23.991405613198616,0.22821710627701225,1,6.418297659090023,0.05931607516843547,0.1639057165563877,23,3,9
2025-09-05 00:00:00,32.26942500534621,21.407275838348664,123.14385693287407,1.173646692308529,0.0,13.518332444947696,20.645229956847878,0.22758873761787207,1,8.492286993471202,0.2380794851889173,0.10607248940271731,0,4,9
2025-09-05 01:00:00,26.335879005163722,23.377665032509547,175.10588454201837,0.7096427037128552,0.0,14.72218067548511,21.096387369761327,0.23452859834315581,1,8.904988028097012,0.1342231711237998,0.4122332979452477,1,4,9
2025-09-05 02:00:00,27.843758580684163,25.92197954891951,156.7653817817822,1.2669100455000588,0.0,14.297764101339563,16.237842136463772,0.17899925588665022,1,8.324235925966398,0.16061595796034084,0.30417086442384556,2,4,9
2025-09-05 03:00:00,35.48750783293489,37.78511099239357,137.93844895135126,1.2821367103747827,0.0,14.914650432307676,21.60459954132211,0.1846459341517763,1,8.606914195921073,0.29440637990235385,0.19324237985627488,3,4,9
2025-09-05 04:00:00,34.55306386759362,23.76150209354298,113.6247480655654,2.016282172492738,0.0,17.619276383355466,23.334815101720267,0.16502388905740556,1,6.182466468291329,0.2780505774972235,0.04998580068954014,4,4,9
2025-09-05 05:00:00,42.25044311240307,21.75537784985357,122.57496978648012,2.3493839771096643,0.0,15.565860213647003,18.622030527384727,0.23574157761834647,1,5.204312415634643,0.41277969838086725,0.10272060040370579,5,4,9
2025-09-05 06:00:00,45.669300560228336,41.91107933930352,185.0319655417132,2.2629099522267175,0.0,16.29002087123974,26.73016708288363,1.6141763738244816,1,4.8214762905495085,0.472620800621296,0.47071787070642324,6,4,9
2025-09-05 07:00:00,45.12314420800538,52.48408378025562,207.4318424590557,2.711052379840021,0.13297908489194207,17.49115700118614,26.583328456986802,1.183162429365868,1,10.290751296422215,0.463061291746943,0.6026981790933862,7,4,9
2025-09-05 08:00:00,45.790371439292684,29.172869271559186,137.82151660277958,3.4883775184078036,0.255575429817606,19.159973483588097,19.105715391873776,1.3527427483641419,0,0.0,0.47473993397593084,0.1925534132390988,8,4,9
2025-09-05 09:00:00,59.20345994853704,40.160881420744275,229.4128746741857,3.270847876831218,0.3598934664875812,17.193576666019588,23.627421291925327,0.16527250513154418,0,0.0,0.7095125189961629,0.7322106501271244,9,4,9
2025-09-05 10:00:00,59.99376732960692,41.87131178196618,188.0563713385992,3.66705306363064,0.43857888665534334,17.201640092646855,16.256267724220404,0.24692281564202762,0,0.0,0.7233454633390313,0.4885377012007281,10,4,9
2025-09-05 11:00:00,50.84141249083567,52.61378573316706,178.46136495504985,4.002445889477711,0.4869396288928204,18.870108021588344,22.88053797516687,0.1824602808564505,0,0.0,0.5631495470114944,0.4320038235303877,11,4,9
2025-09-05 12:00:00,63.319439967678306,48.232568725821125,171.95239065289215,2.8656543177724565,0.4959037079392769,17.915845520281668,22.30217311939654,0.19964673185690526,0,0.0,0.7815555289501664,0.3936528790653095,12,4,9
2025-09-05 13:00:00,47.6436333067946,35.19377810014886,248.34422425333668,4.4507805446009465,0.4811225664875891,19.013033907089206,24.232421638643366,0.18179020156308748,0,0.0,0.5071780319615646,0.8437543592670304,13,4,9
2025-09-05 14:00:00,56.36781149486779,44.62137336015633,216.5801533699995,2.540984329952212,0.4345871968089309,19.630979615023932,18.7202877141065,0.19742965322872208,0,0.0,0.6598794671291206,0.6566001223809131,14,4,9
2025-09-05 15:00:00,45.92750161809501,36.631097437011874,254.97710775061483,3.2886901983317935,0.35995574191804236,17.751287759711975,24.548729828362514,0.2498622145766988,0,0.0,0.4771401572011425,0.8828353780019058,15,4,9
2025-09-05 16:00:00,44.39964016096862,36.15247842314463,185.25206272405163,2.6043940904771334,0.2562476078296734,16.584198920439697,24.248221216063225,0.17873887761069604,0,0.0,0.45039762257944654,0.47201468559997467,16,4,9
2025-09-05 17:00:00,52.07223439425447,44.11614404294422,226.88072795732765,3.126709396412828,0.13337342575247915,17.347125662098403,22.256912199770287,0.17826220534281473,0,0.0,0.584692925314411,0.7172912152657114,17,4,9
2025-09-05 18:00:00,52.97591279120279,33.610961805804315,161.8121704866128,2.973677672628793,6.311604161376657e-17,17.35417737287162,20.216432406791466,0.1871379571216121,1,14.125180583463509,0.6005102304139991,0.3339065961015359,18,4,9
2025-09-05 19:00:00,39.3294160444558,27.372575619099308,151.30671665250608,2.8247544965834464,0.0,14.010502497928101,21.731658418118823,0.16693167733713396,1,9.079033782101225,0.3616522436426532,0.2720083525582003,19,4,9
2025-09-05 20:00:00,59.71923862394775,31.340632406031943,147.00598653255764,1.8424649621085893,0.0,15.792461318859594,22.931766838250887,0.22389917407128299,1,9.995773255587167,0.7185403199266517,0.24666840584267002,20,4,9
2025-09-05 21:00:00,29.15650133793187,25.727298893037815,195.8493644534879,1.4953668128029614,0.0,15.158507299831513,25.55257283163238,0.18793403012413717,1,11.192545200359893,0.18359321710339513,0.5344540979003986,21,4,9
2025-09-05 22:00:00,34.039464668731256,30.184595273008718,172.4495788346112,1.3065646672722753,0.0,14.808819524847326,16.82542998408333,0.20808587772939663,1,12.722973385490612,0.2690609244804605,0.39658231701676677,22,4,9
2025-09-05 23:00:00,23.878977097238273,17.17005348454126,126.37646297006478,2.2133327272227055,0.0,14.763799244727286,18.919949758090418,0.21613030882480144,1,4.825239362571238,0.09121941314015151,0.12511903788404724,23,4,9
2025-09-06 00:00:00,34.64781890187287,25.50375633408612,136.98428666566014,1.5494815630967609,0.0,15.635392993346871,23.94752128835635,0.15354436324620427,1,11.752513382686713,0.2797090981523349,0.18762044571880532,0,5,9
2025-09-06 01:00:00,33.88031370322501,17.816603659445157,160.00068528942094,0.7609416768207781,0.0,13.169788791449992,20.1699232728173,0.21440027921322577,1,8.976900668895372,0.26627526601301543,0.3232333064291851,1,5,9
2025-09-06 02:00:00,39.51141480625878,19.30632092744867,124.9972072589721,1.4161662378041953,0.0,13.925429633195638,23.08259969680138,0.203276935914653,1,9.124770681494866,0.3648378127045079,0.11699244885116035,2,5,9
2025-09-06 03:00:00,42.99672918684699,38.07985149056426,171.13851106858334,1.3352286408627196,0.0,13.866448133486205,17.43643592918133,0.15828504103829327,1,9.492719296334736,0.4258421269737337,0.38885749206727804,3,5,9
2025-09-06 04:00:00,35.573736638705746,22.5460213637354,175.49210407436038,1.94002426373801,0.0,14.896453106164937,23.67449435619487,0.16244865207738404,1,5.4104182138630055,0.2959156638841959,0.4145089074573742,4,5,9
2025-09-06 05:00:00,44.485783102207606,25.93952746210623,155.72867241348106,2.295342455008884,0.0,17.141158543151654,23.352666194001152,0.19407984244365245,1,6.376583629339835,0.45190540365328224,0.2980625620148219,5,5,9
2025-09-06 06:00:00,46.16331844032981,48.04364603221259,170.5579415321692,2.5708144884496313,0.0,15.029990615612292,22.422565718138824,1.3847307859830473,1,5.60030083896659,0.48126771700283655,0.3854367703044414,6,5,9
2025-09-06 07:00:00,56.96327189648265,47.124274325748864,182.6437734424835,3.7160277805602036,0.13055708716025208,16.280672059720708,24.332011598098454,1.4531218537387867,1,7.419733732363303,0.6703019568985693,0.45664661795326145,7,5,9
2025-09-06 08:00:00,56.342233538973666,43.45721783664652,158.26216119795683,2.350104045924993,0.24972882674692423,19.23270175544648,25.50648785552884,1.6016363134711182,0,0.0,0.6594317698802239,0.31298990435263385,8,5,9
2025-09-06 09:00:00,54.97922920989063,50.35528282030534,177.53453899793584,2.8713164262704876,0.3512309763147367,19.487130622105788,24.869443789130358,0.16544248112833324,0,0.0,0.6355747700913947,0.42654295532596276,9,5,9
2025-09-06 10:00:00,59.393895703208734,37.02319269704033,163.59411104898845,3.356191036230399,0.43204773369385185,18.570968024236535,17.292974764274764,0.21624446147124657,0,0.0,0.7128457628179523,0.34440580847745267,10,5,9
2025-09-06 11:00:00,52.23908838149706,57.075755100331335,252.53128013261568,3.4772681383080424,0.474193585991946,20.07844936811488,23.71135332873808,0.23181263854225423,0,0.0,0.587613411664656,0.8684245361711206,11,5,9
2025-09-06 12:00:00,50.34589877446863,63.73076415702639,238.66465164464194,3.7081049143274387,0.4890446315488952,19.657728904433377,20.472526631816148,0.15029282320915402,0,0.0,0.5544764486401317,0.7867222165162614,12,5,9
2025-09-06 13:00:00,52.61494980211524,35.13582476949294,169.0453730558311,3.785441723926097,0.4701413411113716,20.704805074031672,19.137098208984586,0.18684636003694755,0,0.0,0.5941922064938326,0.3765247010685189,13,5,9
2025-09-06 14:00:00,43.14491999527762,47.84948059601851,225.43261951077082,2.4932965050028755,0.42280055151856855,18.96957547099408,24.68886445271019,0.17751675904219108,0,0.0,0.4284359471179546,0.7087589451974609,14,5,9
2025-09-06 15:00:00,54.009125829595746,45.2295961656046,201.48208652918518,2.4582964379270633,0.3472518528065596,19.434175563348475,21.261847342771805,0.193199977749664,0,0.0,0.6185948121814975,0.5676421551094547,15,5,9
2025-09-06 16:00:00,59.965562416983786,47.257713742408335,248.47787130771326,2.8397343435835825,0.24424791588123929,20.419465221987164,20.579684657123973,0.21152787164951234,0,0.0,0.7228517858208194,0.8445418091051129,16,5,9
2025-09-06 17:00:00,42.87898238577031,38.51091075709087,192.01727881020472,2.526229840034478,0.12590833378356944,17.64223657792939,23.43660482277325,0.16875693013205095,0,0.0,0.42378117577315194,0.5118754093284895,17,5,9
2025-09-06 18:00:00,33.931257553321984,36.92486012527597,214.41501246008949,2.013402590365859,5.928832804058073e-17,16.307232204979645,21.04641259599654,0.16340956184843047,1,13.933220125655527,0.2671669487429032,0.643843089561241,18,5,9
2025-09-06 19:00:00,39.95828541449688,24.104320901004705,158.53913646097124,2.166280899403503,0.0,16.194114421268132,24.189664539607513,0.22288384105162093,1,9.2599702641911,0.3726594987981556,0.314621845490663,19,5,9
2025-09-06 20:00:00,44.35376021569349,39.67210703161294,185.2879940684153,1.8534560120486374,0.0,14.373061030911346,16.483421775978222,0.21857531406138728,1,7.30424813666503,0.44959457462032765,0.4722263934556639,20,5,9
2025-09-06 21:00:00,34.878769804777505,24.106297363940786,152.16388008336853,1.670290874806288,0.0,16.49520335946421,23.497029895308135,0.19608444939798397,1,13.221722966995076,0.2837514885719843,0.27705876843149757,21,5,9
2025-09-06 22:00:00,33.093654679934765,25.646038870658117,133.19107378900102,1.347858186775255,0.0,13.800761727883465,17.26228387088144,0.20013227277198117,1,10.30125248702559,0.25250617977310463,0.1652707958932177,22,5,9
2025-09-06 23:00:00,19.742218735383553,19.44993743601115,160.7624729464733,1.9555187545612003,0.0,13.038263807183473,18.003298444123796,0.17698612420074106,1,6.687680418430827,0.01881271474646386,0.32772176724859753,23,5,9
2025-09-07 00:00:00,24.80484918655321,29.060094090015117,155.43535582551675,1.092920124425202,0.0,12.363490111723529,17.6342409688231,0.18291791276202238,1,12.402194659291343,0.10742517989228612,0.29633433761977757,0,6,9
2025-09-07 01:00:00,35.14730785899558,17.834913067707735,175.5271292418461,0.8762209551340672,0.0,14.3888231507212,18.365908334825246,0.18200825767608292,1,9.537528366813342,0.2884517761397305,0.4147152761094488,1,6,9
2025-09-07 02:00:00,28.987468759448916,29.43548902258441,151.83742417627812,1.7875801874016168,0.0,14.448689776507202,23.713201152303057,0.22263351086493569,1,9.942867568798917,0.18063459833518763,0.2751352868225795,2,6,9
2025-09-07 03:00:00,38.160216818095485,30.24104297583336,142.47336870882347,1.6164369151048343,0.0,13.551098817964395,23.011995396577753,0.2055643101795994,1,7.913232859127232,0.34118746220271245,0.2199621743582672,3,6,9
2025-09-07 04:00:00,41.06193980608817,28.854471023124532,175.34805708140303,1.443566194980284,0.0,15.236416661864947,18.53721222833571,0.22294886693533433,1,5.662956153775936,0.39197703288467417,0.41366018107272123,4,6,9
2025-09-07 05:00:00,42.264845635971305,28.21352835884918,176.61841057393755,2.171705921898077,0.0,13.865140827971501,19.01430125828698,0.2090716659090652,1,7.089783997484803,0.4130317892909212,0.4211451170982114,5,6,9
2025-09-07 06:00:00,39.405383311987556,47.73087119106559,163.8997022752143,3.2379728165679573,0.0,16.325309957307066,17.1924117105531,1.5342272316127552,1,6.237354600974599,0.3629819173984823,0.34620635516913617,6,6,9
2025-09-07 07:00:00,49.04519635884334,46.16488692387986,170.60990804329842,2.9848645899670285,0.1275050390667786,17.35973516140196,20.563873661577986,1.3654364651121802,1,9.98636654694322,0.531709934555926,0.38574295752993104,7,6,9
2025-09-07 08:00:00,51.888267573316945,38.68929556370709,219.7772267144289,2.4996601532026257,0.24486864218585655,19.328030621453973,20.131869831230848,1.421599357347327,0,0.0,0.5814729088297892,0.6754373118659521,8,6,9
2025-09-07 09:00:00,60.68971081934993,41.82894122292246,201.5004899538672,3.9601352804873855,0.3457566072332383,17.461378341747167,17.57200768484733,0.23873978760864648,0,0.0,0.7355267332980241,0.5677505882795953,9,6,9
2025-09-07 10:00:00,60.23958092915443,56.923239727220086,221.3779169169507,3.888499857988513,0.41059444761715236,17.420773228687835,24.805391059231752,0.2075930000678585,0,0.0,0.7276479991911674,0.6848685952314985,10,6,9
2025-09-07 11:00:00,54.47765848403445,53.42786594464691,165.24014399862557,4.5558323329306125,0.45117465393084005,18.09356887055467,24.854472111965865,0.20244552973859553,0,0.0,0.6267956543941732,0.3541042517818448,11,6,9
2025-09-07 12:00:00,50.86317050963335,49.76451414310022,238.06968633962688,2.710753182757611,0.4711504768625177,17.74481742508504,16.894991415467373,0.15531314764465576,0,0.0,0.5635303829624785,0.7832166747347067,12,6,9
2025-09-07 13:00:00,49.54779424202262,33.72942589473117,192.9124011300176,3.3139449521376347,0.4621275161196478,20.305984206184647,18.432550221869196,0.21708891697620847,0,0.0,0.5405070288402418,0.517149479371325,13,6,9
2025-09-07 14:00:00,54.62538880508413,47.34151943576106,177.70917155269208,3.141414393456982,0.4206972658415085,20.208425196525862,23.19942338459759,0.21860174479394728,0,0.0,0.6293814145145807,0.4275718921596865,14,6,9
2025-09-07 15:00:00,58.17494171137241,58.98155707991325,256.8620133455016,3.1203467807984246,0.3405624741515395,18.49340381374071,24.465695378720994,0.2190656569823958,0,0.0,0.6915101114885133,0.8939412614231164,15,6,9
2025-09-07 16:00:00,39.689013138899185,38.49782983183938,235.1597407104933,2.825428293560285,0.24158941142697923,18.763315926558473,16.162289196345156,0.15912221142656913,0,0.0,0.36794635997313546,0.7660712447424107,16,6,9
2025-09-07 17:00:00,42.30945671477956,55.85790082659357,198.65782131609242,3.214162686816817,0.12255717091723287,16.94258747702421,24.644760495436362,0.18004552600154908,0,0.0,0.41381262796839186,0.551001555021962,17,6,9
2025-09-07 18:00:00,54.6574351267852,29.440759762086063,193.14167262080667,2.70842363734365,5.796461941361435e-17,15.927208190388939,16.00678083613162,0.18712260462369612,1,10.760944766548343,0.6299423291600754,0.5185003493859389,18,6,9
2025-09-07 19:00:00,31.333495343298615,36.33848159761449,161.52552276466167,2.298555946090896,0.0,14.902969862439758,21.88946231500997,0.23264968959280694,1,11.694212589530867,0.2216976782691623,0.3322176647345853,19,6,9
2025-09-07 20:00:00,43.467226732841816,43.74755038396855,135.85958959196475,2.2007457600004035,0.0,14.192215310962505,15.652249987534558,0.24806727341158386,1,10.11229277419053,0.4340773611662726,0.18099371883204696,20,6,9
2025-09-07 21:00:00,41.2382012298358,25.53036941836127,156.8693352301446,1.3774972662167195,0.0,12.323622999910937,25.06752206246857,0.19147475934757277,1,12.347309462927543,0.3950621799083487,0.30478335922564226,21,6,9
2025-09-07 22:00:00,33.16253479074851,23.704200394677223,131.87314877460685,1.5452293628221254,0.0,13.649058966446697,19.232040487264566,0.20542807073324792,1,11.830722536752049,0.2537118052829249,0.15750556796484602,22,6,9
2025-09-07 23:00:00,20.922364609987007,19.229830533348366,145.77809063549046,1.47274302969454,0.0,13.034901461571842,22.42339450163603,0.1507337258676563,1,4.738954020014125,0.03946909806121353,0.23943363041242896,23,6,9
2025-09-08 00:00:00,32.454104785469355,25.593439492140526,169.62122163096035,1.5092110609575167,0.0,13.708502938316219,17.68853309034712,0.15087792814211176,1,11.356079268765113,0.24131198077340532,0.37991760687823384,0,0,9
2025-09-08 01:00:00,30.319094756786132,25.906329596544122,114.13323385177178,0.700036067271602,0.0,13.149014527597542,19.241025764958056,0.1574500229055302,1,9.236994673442045,0.20394237547089636,0.05298180424445016,1,0,9
2025-09-08 02:00:00,32.9525023301699,27.873160803263886,111.42275214953025,1.8141680863840697,0.0,13.182611830174046,23.87754637354107,0.22194664422438343,1,6.763264209821844,0.2500355555009142,0.037011617789448115,2,0,9
2025-09-08 03:00:00,47.92508879500869,32.64631361473419,169.78414836387978,1.5769902759344965,0.0,12.940998544962687,26.403624851096833,0.16781365978210172,1,7.701534827593002,0.5121044165515577,0.38087757288762464,3,0,9
2025-09-08 04:00:00,29.646203428126245,29.8857542409295,163.1756026971878,1.7480489441204379,0.0,14.495782278231395,26.706104915711997,0.22578490106529153,1,4.087065333001395,0.19216459315340087,0.3419399529043622,4,0,9
2025-09-08 05:00:00,39.25985867546229,29.33759463524782,117.81256323288954,2.8623069340209772,0.0,15.87552321232844,24.809379693330683,0.19318761514946536,1,4.865566232508748,0.3604347639164472,0.07466045132671043,5,0,9
2025-09-08 06:00:00,39.51232809614269,47.47781612985147,126.3656388206067,2.342117099012138,0.0,14.760515158762665,25.23232517681966,1.7624767565302168,1,5.193254054449354,0.3648537982418262,0.12505526188256408,6,0,9
2025-09-08 07:00:00,46.206936741646544,49.966779292082045,185.3331804863861,3.1366789666416377,0.12469999466111273,16.757893034565484,26.525055772348267,1.7777372802017068,1,7.1479409301310595,0.48203117885185537,0.4724926323015602,7,0,9
2025-09-08 08:00:00,52.14221383490447,46.59540640488942,168.33097819329174,2.6804808521315797,0.24068157150443784,17.61711006063096,16.506813588376954,1.7848746811172869,0,0.0,0.5859177926645629,0.3723154790885977,8,0,9
2025-09-08 09:00:00,47.615986576633546,36.176405861631984,211.68876476890657,4.014885091706476,0.34042277173652863,17.277424605450122,17.831823370011772,0.20435026380764976,0,0.0,0.5066941244481837,0.6277800097349857,9,0,9
2025-09-08 10:00:00,55.68144091733718,48.04460686774067,190.44540693004777,4.17114557182827,0.42246026926605723,17.87448786633713,16.49720139677212,0.22885074302322847,0,0.0,0.6478657542055362,0.5026139238188396,10,0,9
2025-09-08 11:00:00,46.01658463820707,45.706950562148826,257.0005758814388,4.460567208789889,0.4706069700026409,18.982752184978015,21.141676764233267,0.2161912233692229,0,0.0,0.4786993991981445,0.8947576733298135,11,0,9
2025-09-08 12:00:00,48.64095357676555,52.65737262892171,235.50590575754478,3.0301388510459177,0.4874545206816227,17.7110357246692,25.814137072547922,0.1686713193258056,0,0.0,0.5246343737811823,0.7681108528095097,12,0,9
2025-09-08 13:00:00,51.019454345593836,39.66264096842575,169.0737410483159,3.1301468439830433,0.47116578111760565,19.082247815957242,21.730836426104215,0.18815167255102494,0,0.0,0.5662658573567637,0.37669184557606583,13,0,9
2025-09-08 14:00:00,55.31520398115038,48.544639317786896,201.35519523651027,2.452293765702186,0.42005035834439747,17.52735533677355,21.324817701952494,0.2462362352088044,0,0.0,0.6414554190929926,0.5668945102897687,14,0,9
2025-09-08 15:00:00,44.511945024108265,43.07486085533405,225.59036696181616,3.1967533913021646,0.3468762150325108,18.99889141637093,24.01890276821162,0.22725647014054084,0,0.0,0.45236332220272607,0.7096883948240391,15,0,9
2025-09-08 16:00:00,61.10016297820367,42.47482910411824,176.20671304774197,3.1278101504280147,0.24299044080925708,19.642626014426277,24.978080400069825,0.1762993876953671,0,0.0,0.7427109783206983,0.4187193909806105,16,0,9
2025-09-08 17:00:00,46.65732022135748,39.32199548340756,156.4756728678504,2.915079571757301,0.12506971289594657,15.710576505567195,22.553919611353137,0.17809743375156706,0,0.0,0.48991435159833124,0.30246389648182226,17,0,9
2025-09-08 18:00:00,35.916606447293795,31.72929589747971,157.93081323217163,2.64820585013313,5.913950608110255e-17,16.319158956028954,24.552618048012718,0.17541811228457713,1,13.761148682666168,0.3019169984189028,0.31103759868287073,18,0,9
2025-09-08 19:00:00,32.29890551157333,32.01459310593747,192.66207179931973,2.899771490740573,0.0,14.271823999032307,17.185237262323124,0.18288150254971489,1,10.223558121441023,0.23859548973551198,0.5156745363443735,19,0,9
2025-09-08 20:00:00,40.442018693851715,31.50392398860812,191.9029581797014,1.6399624157632815,0.0,15.306046187569047,20.602023488743406,0.24283073762634136,1,7.929671127899087,0.38112640128494507,0.5112018309814076,20,0,9
2025-09-08 21:00:00,28.927308104260035,23.335211923530938,135.11582919972395,1.763126725569102,0.0,12.368579269767894,19.248734178152418,0.19335422905441982,1,12.647477183257456,0.17958159160035025,0.17661147484489584,21,0,9
2025-09-08 22:00:00,39.903172390572124,26.638640089057525,173.21252191244906,1.203780151932611,0.0,13.627731617330733,19.012408520557447,0.18642524117326037,1,9.811208740667578,0.3716948419940065,0.4010775855874963,22,0,9
2025-09-08 23:00:00,24.830354815475708,13.849959904376384,160.6005171887481,1.437430061270087,0.0,11.964514716657607,17.8887079888007,0.17391823353984304,1,6.325137531407701,0.10787161118442101,0.32676752223517663,23,0,9
2025-09-09 00:00:00,31.155550487372118,19.88942713262021,177.33047300023887,1.6402968292228308,0.0,12.518353714901522,25.1369641202871,0.23924080648540744,1,11.660189017401255,0.2185830657182853,0.42534059633949495,0,1,9
2025-09-09 01:00:00,35.91233301037437,25.311038586510783,165.4424160753672,0.8090147995774116,0.0,11.786589746114213,20.60507497580483,0.24573765604031259,1,6.769992441272572,0.3018421994021213,0.35529604096733636,1,1,9
2025-09-09 02:00:00,31.5728505094181,28.85591800982124,171.02693046172757,1.9001730751073878,0.0,13.929718015460189,21.571449007717977,0.1823541450583357,1,7.228441319329379,0.22588717057357,0.38820005796810103,2,1,9
2025-09-09 03:00:00,33.026703953736146,29.56484843766108,174.30814521179957,1.5064976926073606,0.0,12.737191378485427,18.965272650060125,0.2116653423247529,1,9.865336602109327,0.251334324756432,0.407533009492628,3,1,9
2025-09-09 04:00:00,29.469186550748848,22.75061435487527,141.05697831736526,2.058472432961769,0.0,14.737501726281215,26.393157238135462,0.24584333474382392,1,5.7307938258551685,0.18906622323915936,0.21161678740141945,4,1,9
2025-09-09 05:00:00,31.587731673758938,34.157048930605676,150.79865885252394,2.0640009939202044,0.0,14.555024768863982,22.677523101281917,0.1999480001012456,1,4.981521836887996,0.22614763925071335,0.2690148707025866,5,1,9
2025-09-09 06:00:00,48.98293107872265,30.8312008252184,142.52975746312808,2.9728708110298916,0.0,15.551147106260744,16.132462422697394,1.4764967736507615,1,5.412586711768967,0.5306200900536051,0.22029441748666212,6,1,9
2025-09-09 07:00:00,43.746023412923236,44.403337549293866,170.3625051016842,3.853911768456151,0.1254273479075943,16.579869151658496,18.989784127883322,1.520770687241471,1,7.979854466617954,0.4389572079840031,0.3842852568179773,7,1,9
2025-09-09 08:00:00,46.908616378045984,40.39722805240452,148.56432283792907,2.6717336350111163,0.24337164755874632,16.38386515857636,26.784274338323442,1.1498775239327599,0,0.0,0.4943128499956801,0.25585013960453223,8,1,9
2025-09-09 09:00:00,59.88638224282791,52.79881593442913,206.66894022362752,2.444191373537933,0.3453389922171587,17.967408104138663,26.422618165309967,0.18001190106554465,0,0.0,0.7214658757706385,0.5982031511665604,9,1,9
2025-09-09 10:00:00,60.67807191199167,56.52763119686888,152.49325346650295,2.8454876176004067,0.4282174986961685,19.75415934019673,21.724050063834095,0.2198992218257152,0,0.0,0.7353230146417707,0.278999439839691,10,1,9
2025-09-09 11:00:00,61.51060536857981,43.093141151480296,180.75198118740158,4.661235827650681,0.4778642215535078,17.73545628075273,21.806789551089413,0.24667295560964872,0,0.0,0.749895052363308,0.44550015825836586,11,1,9
2025-09-09 12:00:00,51.76356854633798,51.26302265765411,183.31112247959646,3.5418193828711377,0.4927210647789399,19.77760586513088,25.216679215236727,0.20687447201867784,0,0.0,0.5792902711104317,0.4605786454391678,12,1,9
2025-09-09 13:00:00,40.7478190518445,43.94048989228727,266.50641674227364,3.6695687207322205,0.4694253144931549,19.991690084393948,23.047037642860378,0.16904758351042612,0,0.0,0.38647890011447256,0.9507661868104856,13,1,9
2025-09-09 14:00:00,51.94389700802694,51.240435445652686,180.93919268786343,3.687509155347391,0.42321594791455014,17.367752565723965,25.23424500758412,0.1926813271316617,0,0.0,0.5824466044988426,0.4466032103713625,14,1,9
2025-09-09 15:00:00,46.872078793305135,56.63285575040542,261.35602562586405,3.455424757974859,0.344005448596026,16.242110579541485,20.43103164419514,0.1990019685221733,0,0.0,0.49367332366927935,0.9204200286433872,15,1,9
2025-09-09 16:00:00,40.05321361513394,46.89601592119936,174.32694961415348,3.3060089085510613,0.24459185401419542,17.367816370369475,25.460909299395563,0.16522247099493026,0,0.0,0.3743210504265909,0.40764380522739296,16,1,9
2025-09-09 17:00:00,54.80374897871033,54.49051854369388,223.97828137290495,3.793477056371031,0.12570340034310684,15.784912848453756,20.922759288519966,0.18292828010693304,0,0.0,0.6325032964732379,0.7001899697230531,17,1,9
2025-09-09 18:00:00,40.502004861588595,28.713217645194394,181.98859681733381,2.4392692198388257,5.998049361179668e-17,17.414471362523336,21.984599434789107,0.19450645422977525,1,12.345642716850087,0.38217635392302235,0.4527863104455787,18,1,9
2025-09-09 19:00:00,42.79743376780456,27.816560189803134,172.84053314785425,2.708420370272083,0.0,14.794220602873237,16.234791488977717,0.17619021837402263,1,11.42476007164347,0.4223538102688201,0.3988858239073373,19,1,9
2025-09-09 20:00:00,43.94512592120565,29.48066762855274,224.84439901093188,1.5398715711401982,0.0,13.223669995982716,21.714934672023194,0.18538863989424692,1,10.740595040760706,0.4424421481244681,0.7052931438783397,20,1,9
2025-09-09 21:00:00,45.076857356903915,23.19212248631293,146.40920191616337,1.1940490847852032,0.0,12.247385912946024,23.410757500740313,0.17762443604754977,1,13.577017682240275,0.4622511216151312,0.24315214465949672,21,1,9
2025-09-09 22:00:00,39.22042886418915,27.9844465908254,136.2048054347554,1.8449102844545737,0.0,13.997688041062723,20.120282593266232,0.21128215225088898,1,10.244064331153346,0.35974461423816284,0.1830277341777429,22,1,9
2025-09-09 23:00:00,19.382281745174957,21.402066391667706,158.49247203369944,1.6338916466713806,0.0,12.026888533637909,20.89603391790005,0.2078602620345209,1,6.014130803945724,0.012512649136859193,0.3143468981985525,23,1,9
2025-09-10 00:00:00,33.141060000063106,26.073559895792137,162.8567457442192,1.2871512975859702,0.0,12.529666651919465,19.879937921942545,0.2051695261053534,1,11.119943271582178,0.25333592674320565,0.3400612444123731,0,2,9
2025-09-10 01:00:00,30.226340562757333,23.177487471245158,175.4671024540956,0.8781495103744219,0.0,13.533848162330527,26.084694567673886,0.15967353192098788,1,9.164427735513229,0.20231887601448098,0.4143615976500526,1,2,9
2025-09-10 02:00:00,37.04524511298742,19.72585237137579,154.09896419662226,1.6300816807600762,0.0,12.38347055933646,21.00163251090662,0.16835576468932395,1,8.422052993476148,0.32167183839599367,0.28846030420619684,2,2,9
2025-09-10 03:00:00,39.58111752182827,34.638272530809274,145.7361056951479,1.215079089191215,0.0,13.2885353649185,17.36269538141011,0.16108271689607687,1,9.668588122659143,0.3660578364675585,0.23918625470610405,3,2,9
2025-09-10 04:00:00,32.94760779492253,24.059955322406804,138.75472326324535,1.9224148526575957,0.0,13.929192735211217,16.38416845717524,0.15632809667696793,1,4.018525109693421,0.24994988524743716,0.1980518766142115,4,2,9
2025-09-10 05:00:00,33.930465313190055,30.16063340932727,158.93078331603263,2.511999758151914,0.0,15.34260232743276,24.409685740956515,0.1746829880208714,1,6.493066464770049,0.267153081969147,0.3169294328448492,5,2,9
2025-09-10 06:00:00,43.413007858180684,36.89971940052013,168.06679974021534,3.308416718413049,0.0,16.016450296456913,22.012483120694114,1.2708911033218704,1,4.457734807062619,0.43312835487646034,0.37075893688817074,6,2,9
2025-09-10 07:00:00,59.73275226230691,44.42874692101068,145.70250547571737,3.1448090282296604,0.1171757630034167,15.972017583413683,16.141981516870896,1.6687472992515362,1,9.432792899038265,0.7187768524604093,0.2389882818628302,7,2,9
2025-09-10 08:00:00,42.29085212401052,37.05893740032947,195.40877053804232,2.7262232536498328,0.23021096535920899,16.969288673124794,20.17406579911886,1.6469151145494905,0,0.0,0.4134869872432837,0.5318581139559998,8,2,9
2025-09-10 09:00:00,43.160434625252506,47.5082885535978,162.22088791879196,3.0463218443491393,0.3271346053847409,17.145143594947147,25.77426498894061,0.17013391788331877,0,0.0,0.42870750349979214,0.33631476347411493,9,2,9
2025-09-10 10:00:00,44.424396106163954,37.975343836783814,198.9954823395359,2.736996509011891,0.40437567330358243,16.5060259428068,26.00739608930464,0.166556372328408,0,0.0,0.4508309319730378,0.5529910572932815,10,2,9
2025-09-10 11:00:00,65.60505052312254,44.02189545289158,183.27656946437364,3.0424400361279647,0.4468010959004274,18.53089757944485,16.4128947879212,0.16448957535154304,0,0.0,0.821561132289125,0.4603750587131498,11,2,9
2025-09-10 12:00:00,63.32796787076038,49.58175745739443,194.5507269068056,2.900495963048213,0.467309268434296,20.257665343329954,17.045935343835165,0.18200499706223627,0,0.0,0.7817047949339105,0.5268025119329184,12,2,9
2025-09-10 13:00:00,57.463551963728015,45.25783613424223,231.08589994390545,4.377313664390194,0.45078114898738186,17.369483499669617,15.703766346428594,0.1794186868377129,0,0.0,0.6790584818808908,0.7420681324629242,13,2,9
2025-09-10 14:00:00,58.717276557429216,45.8228365467673,172.09336262115804,3.8177659268301456,0.40462130520717465,17.170420487089057,24.57498976470739,0.15285376095545922,0,0.0,0.7010027316011407,0.3944834873724134,14,2,9
2025-09-10 15:00:00,64.09686600429136,57.06080923434498,165.29340294657834,2.9854751689153054,0.3349758428240482,16.585912631119143,16.216609295479508,0.20678704680697782,0,0.0,0.795163007954863,0.3544180540585765,15,2,9
2025-09-10 16:00:00,51.82151641433572,46.138655976443346,174.9989679030376,2.8090848532461687,0.23391885402632617,17.549855166983747,16.534831003666085,0.23980314694776977,0,0.0,0.580304546887175,0.41160334399342685,16,2,9
2025-09-10 17:00:00,45.3419923211991,41.95469303780526,173.78270842690057,2.6481445008195585,0.12207699365435931,16.540146567186536,17.722848986708147,0.20388566642467876,0,0.0,0.4668918440635015,0.404437130476653,17,2,9
2025-09-10 18:00:00,36.54310457538411,41.35663855764328,169.7872968045634,2.1761943653799514,5.789591613961017e-17,15.14660414022942,24.77680790436468,0.15638081324679676,1,13.976372925174745,0.31288274914370634,0.38089612353296504,18,2,9
2025-09-10 19:00:00,39.34190977492128,29.59288681129556,216.4245296837405,2.9994344207425163,0.0,13.600600761380083,22.448039141107554,0.20995509541949892,1,8.15777747236404,0.3618709244778617,0.6556831859986031,19,2,9
2025-09-10 20:00:00,45.21253814937921,32.99554430128059,175.2172170334091,2.0300500071283634,0.0,13.877386151542016,21.768936018969125,0.19849560359643798,1,9.58123485633769,0.464625975875212,0.4128892701455173,20,2,9
2025-09-10 21:00:00,37.42675822802991,31.071895475672775,167.097112264494,1.67957270212558,0.0,11.588996571657509,23.585023411896493,0.24069288447897674,1,9.69292589070728,0.3283495562218259,0.36504552816914365,21,2,9
2025-09-10 22:00:00,34.70460627983939,21.44362682549348,171.54673302844347,1.5744876237740495,0.0,12.81021636696347,22.755326663041174,0.18632194466133925,1,8.991772690727714,0.2807030615868215,0.3912627401117866,22,2,9
2025-09-10 23:00:00,26.157522484381552,15.055552811297984,169.09543063421393,1.9009284276201426,0.0,13.228537179023991,23.436909458377723,0.22519820304355298,1,5.466557408231371,0.13110135310176962,0.37681964084235997,23,2,9
2025-09-11 00:00:00,25.275771711950004,27.613630768307285,109.27422294950345,1.4803271775042037,0.0,10.993512692134745,16.52339260632862,0.15384402513615913,1,12.490093063760982,0.1156678526037547,0.024352461337637868,0,3,9
2025-09-11 01:00:00,22.462708728309646,24.31279687481732,166.57684287598545,0.6217054976221764,0.0,10.804334931842867,22.07775337725878,0.22214930854168544,1,8.141629065115975,0.06643011976997801,0.36198009550658766,1,3,9
2025-09-11 02:00:00,37.48892453212515,28.17496221241289,174.19043930918758,1.5153590266906198,0.0,14.205908533645426,23.940327427093713,0.1541526597982794,1,7.515672953731495,0.3294376683224456,0.4068394850869797,2,3,9
2025-09-11 03:00:00,33.54488730618574,28.693620053872074,114.63175522012497,1.8155272240722644,0.0,12.48138034818386,22.054575818013134,0.18447152777025286,1,9.701475069705904,0.2604042153401851,0.055919097345458475,3,3,9
2025-09-11 04:00:00,35.750848113765194,29.13504957174427,156.33944390843462,1.687674006595208,0.0,14.840318972505482,16.201159361738693,0.24480858237456093,1,4.716107054524961,0.29901568956491775,0.3016612340323242,4,3,9
2025-09-11 05:00:00,37.17535068754425,31.159163919723003,113.96989881839048,2.296198095465649,0.0,14.263824443930371,18.379962562852334,0.22032048031123408,1,6.398291866167738,0.3239491082464981,0.05201943252448017,5,3,9
2025-09-11 06:00:00,60.821062129125515,47.16022925371887,123.92235889396659,2.8465870957064343,0.0,15.02222987311968,26.476174968470154,1.8187673295458038,1,5.317024707036667,0.7378258075582552,0.11065943107583412,6,3,9
2025-09-11 07:00:00,57.02731122017573,47.14207872659009,151.41024661723102,2.9057539373804464,0.12133754750556164,16.388957303435472,23.681686602858715,1.496889727199903,1,10.301867525989225,0.6714228529215852,0.2726183521899889,7,3,9
2025-09-11 08:00:00,44.513774968150244,40.054500692652084,211.17636759776707,2.8701661043408806,0.23312080091685972,15.77998872859472,23.453126669359666,1.5796624689861758,0,0.0,0.45239535216308024,0.6247609602592611,8,3,9
2025-09-11 09:00:00,58.42653910723468,37.14087969160333,204.86724568724497,2.6621487371686636,0.326811325211593,17.407702532442006,23.064532926763373,0.2017748305554794,0,0.0,0.6959138825491629,0.5875875481697969,9,3,9
2025-09-11 10:00:00,43.09228398297207,50.97540960324412,194.58209319723267,4.489947326658632,0.40165209805547525,17.36036665049453,17.295460001946775,0.19788645864511817,0,0.0,0.4275146460570085,0.526987322443208,10,3,9
2025-09-11 11:00:00,52.499757458459165,50.86347247051452,201.88978515785817,3.031267811026988,0.4494145822981668,16.710956051738002,15.890190517698278,0.20782306304175419,0,0.0,0.5921759665893516,0.5700443196811512,11,3,9
2025-09-11 12:00:00,67.79703952128565,47.94724381903455,210.9978685036015,3.5263884607968117,0.4621839282556051,18.461043612244236,20.376849339753505,0.15388993550846441,0,0.0,0.8599280544994709,0.6237092417350166,12,3,9
2025-09-11 13:00:00,53.526983504335035,45.24620490648732,197.97945272388122,3.080904915817946,0.44284082237808464,17.74791809488239,20.289599204417865,0.16856839378557587,0,0.0,0.6101557565552628,0.5470046002025029,13,3,9
2025-09-11 14:00:00,50.46937063776361,42.58395517860261,261.54859693880655,2.499080657549301,0.40257254389821506,17.54438406051267,23.98498155586854,0.17146215511911742,0,0.0,0.5566376070119003,0.921554660827413,14,3,9
2025-09-11 15:00:00,46.25455227934098,48.783013822436885,226.05638579221818,3.2164403676927904,0.326958037940362,16.00437370700088,17.359196973292647,0.18828489316096086,0,0.0,0.48286460531168574,0.7124341826324967,15,3,9
2025-09-11 16:00:00,58.20331443519651,40.41581752669624,212.91851808233875,4.1549220423820685,0.22785900684286403,18.174493683615214,18.254344372095016,0.19345551431526187,0,0.0,0.6920067262474225,0.6350257290818189,16,3,9
2025-09-11 17:00:00,47.93865555501229,37.38217597316479,204.64727411700764,3.619001199276686,0.11823668334282791,16.72614103149559,16.19042822565801,0.22397181379698228,0,0.0,0.512341878886515,0.5862914733840551,17,3,9
2025-09-11 18:00:00,51.44753350588287,31.099168997535028,243.58264668979425,2.1735797480028385,5.643726364181482e-17,16.026999378084046,19.47371911170163,0.16655400782247473,1,11.478384556211765,0.5737586321181533,0.8156990946080437,18,3,9
2025-09-11 19:00:00,40.05562067499107,33.62111043468939,211.64009467762435,2.4822448212870634,0.0,13.970812835643137,18.013853396980966,0.20698924908844704,1,9.425057738361804,0.37436318178690864,0.6274932450496103,19,3,9
2025-09-11 20:00:00,45.363134209218444,34.51426778075907,148.03330992449273,1.5563610044191667,0.0,11.813400363949688,18.12872821728199,0.17722891428946586,1,8.40036429715821,0.4672618957260316,0.2527214059810663,20,3,9
2025-09-11 21:00:00,28.01676754293893,20.769605628590664,164.3008198993582,1.4810225397369723,0.0,14.864046278237586,18.10748170662979,0.20156537444187628,1,12.939673478301335,0.16364417635107353,0.34856974439351934,21,3,9
2025-09-11 22:00:00,30.084353488379204,32.79882389760179,143.06977683316188,1.2549293861287276,0.0,12.363138916809884,17.96450453241925,0.21266153268814936,1,12.043918391098636,0.19983364135221518,0.22347621724632127,22,3,9
2025-09-11 23:00:00,29.72706380705565,15.34738586488914,188.64854535968894,2.067785652597839,0.0,11.365596174364596,18.990077544462583,0.2082450533553855,1,5.709589286270146,0.19357991224071533,0.4920267967082869,23,3,9
2025-09-12 00:00:00,38.24041476914598,26.349882998811758,139.2099867688492,1.0920960778760718,0.0,12.418833258255912,21.385246730209925,0.17153807979834546,1,9.590436053619989,0.34259118665204225,0.20073429393679984,0,4,9
2025-09-12 01:00:00,30.40560433564759,25.99185059981176,110.81938477702103,0.6127831657091642,0.0,13.26123065408501,20.471336990927355,0.22094531295373665,1,10.442480345290683,0.20545657389315516,0.033456570938599314,1,4,9
2025-09-12 02:00:00,33.181254363793,25.824956647264013,133.78484010239632,1.8396466823407256,0.0,12.360613670560797,16.611623963022264,0.2153787857342159,1,10.608108087436358,0.25403945857106225,0.16876927320364563,2,4,9
2025-09-12 03:00:00,42.54001550752421,36.785025795528654,128.7357397594119,1.8758079087003512,0.0,14.128845792524194,20.561975711797487,0.24320032833031113,1,9.88347768585622,0.4178481551875331,0.13901992132984692,3,4,9
2025-09-12 04:00:00,32.66196840457927,30.486603132619663,152.59660004274753,1.3461303252478203,0.0,14.544438879122113,25.14390581557088,0.21341519245304044,1,6.315007812826381,0.2449502687901035,0.2796083589446409,4,4,9
2025-09-12 05:00:00,38.950563238040445,33.0894881285688,130.9366041193617,2.1106134882590712,0.0,13.098446037895819,17.19393359523296,0.2220324408034855,1,6.123825985210591,0.35502108985260694,0.15198743708968404,5,4,9
2025-09-12 06:00:00,44.293852010900174,41.58208388303637,122.87789197595053,3.1487999214468365,0.0,14.267337127708416,26.276887192815295,1.7332707396879403,1,4.719734670671093,0.4485459865868143,0.10450542110299299,6,4,9
2025-09-12 07:00:00,57.102797350639996,39.78022823837706,135.3683490683707,3.1512308372265445,0.11811102009575064,16.664961862706004,19.42693993010727,1.2045032120555625,1,11.674386025139206,0.6727441052170616,0.17809932454428545,7,4,9
2025-09-12 08:00:00,51.23302962504029,38.18366939327512,160.4832830580929,3.4880006922599964,0.22829907889481507,13.708192794274094,16.230530691215368,1.6472507039406694,0,0.0,0.5700041179682184,0.3260767775148173,8,4,9
2025-09-12 09:00:00,50.51903938802936,54.043597946045125,175.9166588086752,3.075362535876944,0.319593410250135,16.882505270888203,18.718050629783182,0.18185802305752616,0,0.0,0.5575069713560317,0.41701038837929094,9,4,9
2025-09-12 10:00:00,62.100031407958475,54.25901233405595,233.4450540044733,2.7350024837534126,0.3895450128566739,16.06771836630374,16.677633468393722,0.23231487753294178,0,0.0,0.7602119212073325,0.7559682927894766,10,4,9
2025-09-12 11:00:00,55.30946395936252,54.47179360618201,184.33883709608065,3.0028460548267337,0.4418189719301797,17.31152724899369,21.83070884529607,0.19801805103611378,0,0.0,0.6413549500807827,0.46663395067668717,11,4,9
2025-09-12 12:00:00,50.824199984684384,55.479515422252284,164.36061261343724,3.6715669846402923,0.471870972876219,17.581311181650506,19.071413839280773,0.2080615854784048,0,0.0,0.5628482722856155,0.3489220436884023,12,4,9
2025-09-12 13:00:00,39.78485864685138,40.00758638255706,249.32640097441413,4.057633270222286,0.45257164571461467,17.40948956012746,24.07293854561271,0.17603375741559996,0,0.0,0.3696239674569753,0.8495413547499358,13,4,9
2025-09-12 14:00:00,55.94070137006845,37.61797034954774,260.5809327097859,3.673382331348702,0.4028851892375288,16.905594101499076,23.163485289283926,0.21505651185795474,0,0.0,0.6524036536340898,0.9158531730990451,14,4,9
2025-09-12 15:00:00,65.25243350726801,35.61146509409514,217.7959623376869,3.6048154311940386,0.3230325702511785,15.873776019118692,20.322260848130416,0.15356493300798243,0,0.0,0.8153891899898377,0.6637636814972038,15,4,9
2025-09-12 16:00:00,58.31188118731329,49.004494654893044,191.55929728291662,2.890803195365909,0.22461434910119082,18.63132828001185,21.190183578316766,0.22485742842726225,0,0.0,0.6939069967946676,0.5091769773937936,16,4,9
2025-09-12 17:00:00,58.279358508965394,41.0865147245765,236.62549955137987,3.6009849824565783,0.11536719752173723,17.47315135098154,21.632852055480498,0.1663295842006195,0,0.0,0.6933377443616984,0.7747075111181135,17,4,9
2025-09-12 18:00:00,36.39106201658496,33.14142870598522,150.88984066819907,2.8837364265433667,5.441615436026006e-17,13.656979105129619,18.149723045803825,0.17275745512086746,1,10.941698515610339,0.31022151086605193,0.26955211491140496,18,4,9
2025-09-12 19:00:00,30.23780583799115,34.72731921134442,230.71023405089574,2.9092200320316226,0.0,15.614514776049916,16.817572924069875,0.1500910262852845,1,12.697728295393025,0.2025195555449826,0.7398547051037989,19,4,9
2025-09-12 20:00:00,44.69211396763797,30.24362394847032,212.89784803895802,1.919658843145043,0.0,12.899197430285406,19.297169327225102,0.18131746349069197,1,8.573073589036994,0.4555168635055872,0.6349039409706686,20,4,9
2025-09-12 21:00:00,42.8253715229527,33.56339782755089,173.45015332004658,1.5497735126454322,0.0,12.796335342515786,16.464070587725857,0.18882492180614685,1,13.568232912142474,0.4228428116640819,0.40247771231912427,21,4,9
2025-09-12 22:00:00,42.749329582071915,19.72068952498958,142.2064950327831,1.6096460298830821,0.0,12.116920870004131,18.829207519830906,0.1733999697109291,1,8.176136539629063,0.4215118308822707,0.2183897518760302,22,4,9
2025-09-12 23:00:00,21.66764690444278,21.88300600438686,116.27833922543151,1.8901494274563286,0.0,11.210545291414874,21.419509555359053,0.17302104121003894,1,6.385863642817378,0.05251395724622527,0.06562078747560135,23,4,9
2025-09-13 00:00:00,37.31856520256035,23.897216398845966,181.68592006463425,1.2501710821396048,0.0,12.741721672442734,21.421181503380406,0.2392980988121682,1,9.469334397932071,0.32645582710394655,0.4510029358623048,0,5,9
2025-09-13 01:00:00,30.391183058617816,17.158413759084418,159.88672647242296,0.8863680371648751,0.0,11.975773850113667,17.12130183312537,0.18264525040317103,1,7.587289083633688,0.2052041547366545,0.32256185989104974,1,5,9
2025-09-13 02:00:00,25.84890871913684,26.74062128929683,128.70969130657107,1.7215976350839022,0.0,11.662830190916178,16.026102937542582,0.2222282107955822,1,6.838082411119866,0.12569961051359596,0.13886644357407077,2,5,9
2025-09-13 03:00:00,40.47504343485729,38.334261337925085,107.38439675623032,1.3024435679043984,0.0,11.30133862798114,16.964795592269542,0.1737381493208462,1,8.71728706500474,0.38170444144401505,0.013217585699422099,3,5,9
2025-09-13 04:00:00,38.30470402933978,23.859607392333594,155.4826359024104,1.649097682937811,0.0,12.323441559494995,16.46216168057261,0.23090412282265615,1,4.899746247813324,0.3437164573750629,0.2966129123258802,4,5,9
2025-09-13 05:00:00,32.2626622285498,30.720231704278724,188.65122678511236,2.2805014132969874,0.0,12.288985053451942,20.41385133436084,0.21777419912049178,1,7.047444080239567,0.23796111464440678,0.4920425956948441,5,5,9
2025-09-13 06:00:00,58.75187569217381,50.09809211934459,176.5658166906134,3.1589883671763794,0.0,14.708829162452444,20.31481450135432,1.6921529942365514,1,5.774430489257534,0.7016083287607996,0.42083523338920686,6,5,9
2025-09-13 07:00:00,42.39702549240122,37.15478198240685,134.33638775245967,3.3472113614731707,0.11030454389108882,14.266178050520992,18.70752915090052,1.454652576444134,1,9.18489378385326,0.4153453658068942,0.1720189977094579,7,5,9
2025-09-13 08:00:00,36.68052062591904,44.693500024328955,171.20505349562006,2.814334811825309,0.21448461704051527,15.910604477482659,18.383571446693786,1.7846734239148874,0,0.0,0.315287976052119,0.3892495607412949,8,5,9
2025-09-13 09:00:00,45.82494873298752,41.429664538399194,153.1562581898385,3.504067430618278,0.3046014807901056,18.157363263974705,20.247651968539508,0.18740124238733077,0,0.0,0.4753451488463275,0.2829058705835176,9,5,9
2025-09-13 10:00:00,62.2688726733611,44.41369572889457,241.21605496009474,3.207182504271283,0.3786725213756897,18.453090527443354,16.857344268616686,0.21008950500489243,0,0.0,0.7631671913756717,0.8017551114574062,10,5,9
2025-09-13 11:00:00,53.360284390765464,41.373395139776555,190.6232720815834,3.422924119124712,0.4201738012412549,17.510986609119126,18.11116977513522,0.2140072114242938,0,0.0,0.6072379809969835,0.5036619071464976,11,5,9
2025-09-13 12:00:00,69.7108034081978,51.47936895430274,239.68710385315924,3.0937926565667535,0.4388811258846794,17.54817018948107,20.009765000972862,0.24522513859725292,0,0.0,0.8934251342018134,0.7927465155911627,12,5,9
2025-09-13 13:00:00,51.221196609969894,30.458433057330552,173.2359990902649,2.7557061317086657,0.4212111004690047,19.402673450529527,16.64252101068121,0.1634522689161787,0,0.0,0.5697970017969693,0.40121591336401147,13,5,9
2025-09-13 14:00:00,50.36987499459952,37.45391913883015,179.12561653749836,3.5137523042825736,0.37938599969395037,17.733617881182226,24.285941855347833,0.16356051471466523,0,0.0,0.5548961103142691,0.43591760078111036,14,5,9
2025-09-13 15:00:00,63.64651511964167,46.079935776486906,238.25835800162434,3.7159279403650323,0.3106525514166634,16.398061186260467,22.463524869572964,0.1962051416667104,0,0.0,0.7872804057277557,0.7843283301346979,15,5,9
2025-09-13 16:00:00,48.60888448500442,46.14265061907281,251.50345872341688,3.0244826186871117,0.2203248568821625,14.66828856970928,19.365044835923886,0.24178756196656415,0,0.0,0.5240730605857298,0.8623686017098131,16,5,9
2025-09-13 17:00:00,62.23687830370372,49.41857921753066,177.19263210924314,3.9089395826149818,0.11370163808265223,15.754394060967346,16.93064165926619,0.15216851079714078,0,0.0,0.7626071860595672,0.42452843637231824,17,5,9
2025-09-13 18:00:00,35.488413153277534,37.74414758317498,191.83372459970633,2.610424403301399,5.4011438161289433e-17,15.403142142427699,17.365419946654526,0.17762756072989833,1,9.979333311157488,0.2944222259468326,0.5107939060060964,18,5,9
2025-09-13 19:00:00,40.524194169661506,26.570380868494784,201.71844298519903,2.147954570319881,0.0,13.155462019326714,16.61971904714887,0.17835863240773106,1,9.582014141237682,0.3825647388361985,0.5690347698130563,19,5,9
2025-09-13 20:00:00,53.3532202016249,47.684535741129956,206.66487053342453,1.518283112954291,0.0,13.3445233958144,17.071461494664455,0.18049526028018895,1,10.558108254795382,0.607114334758128,0.598179172509445,20,5,9
2025-09-13 21:00:00,43.62892784113827,26.157688271551354,180.5213386443596,1.6210289810428848,0.0,12.058174621230005,19.84654276303843,0.15247049691131773,1,8.719201933454388,0.43690765540978194,0.4441412099895801,21,5,9
2025-09-13 22:00:00,29.94378089829489,22.551745755959086,127.63407365140614,1.7234191818140578,0.0,11.75070493095428,18.111270902293587,0.23256063333304683,1,12.436459969699607,0.1973731647562143,0.13252889313310293,22,5,9
2025-09-13 23:00:00,26.182679623382782,18.43206308311394,154.96391155398797,1.5583166221648208,0.0,9.136956954928051,24.883780425954544,0.15089094526600771,1,6.565177745424674,0.1315416846891562,0.2935565830556236,23,5,9
2025-09-14 00:00:00,31.893594096646183,27.493491055217834,173.31200204903496,1.2857209561423484,0.0,11.290515710818877,25.8397516653591,0.19777039539928973,1,11.57665234621745,0.23150122441734364,0.4016637235896573,0,6,9
2025-09-14 01:00:00,27.59077456511366,16.195719937732065,167.37542950411446,0.9735793528752819,0.0,12.573627239857421,23.15112470866385,0.15563590230394864,1,7.795636595914772,0.15618791655411648,0.36668537624733005,1,6,9
2025-09-14 02:00:00,27.112933988363864,21.847753849821217,145.9510925425673,1.2909803628291796,0.0,11.262292635061613,24.53058678787313,0.22986440296290375,1,7.458723316204829,0.14782415548940792,0.24045295945302098,2,6,9
2025-09-14 03:00:00,32.378058475420715,37.20018764464478,176.39951019554317,1.7935592098365591,0.0,12.412711101465877,18.73901935493102,0.22465858369843292,1,9.209991520965257,0.23998092351697523,0.4198553537859788,3,6,9
2025-09-14 04:00:00,38.82045313039578,24.70842937377494,116.65957661855414,1.4162721596418522,0.0,12.215285739393032,23.201493169016114,0.22215308616647153,1,4.148064905963435,0.35274374065835185,0.06786704217149261,4,6,9
2025-09-14 05:00:00,40.86600079977759,26.754736327535365,150.09201827653158,2.3512400097003314,0.0,14.04495005607199,16.735213639877987,0.22362649441084914,1,4.793694823539372,0.3885474642967888,0.2648513370598634,5,6,9
2025-09-14 06:00:00,46.130325517587124,49.11887851094631,182.00989114821922,2.8078464481973775,0.0,14.234169091565994,26.447322917071705,1.8301796663246555,1,4.658647665745008,0.4806902337666427,0.4529117768652167,6,6,9
2025-09-14 07:00:00,56.85835175357903,33.928190980577256,139.19879225613147,3.0468458556592806,0.10959199104277367,14.277632368040528,23.311237874768487,1.4376081846125768,1,8.751537778939756,0.6684655138486931,0.20066833575112852,7,6,9
2025-09-14 08:00:00,36.7804090323615,40.7473804429797,222.54747853345694,2.5462215583577765,0.20969861354406988,17.262690440975383,19.470297117814106,1.771181102943809,0,0.0,0.31703634738194997,0.6917596644723539,8,6,9
2025-09-14 09:00:00,58.65735889471027,42.51319234268589,176.46144019452922,2.854271253900927,0.29795265930018155,17.47011125116987,24.26875714226475,0.16842322530599832,0,0.0,0.6999539780232304,0.42022024598582186,9,6,9
2025-09-14 10:00:00,63.09947457414902,36.21694995517221,185.0139753978591,4.062789094313417,0.3748439792849187,16.402745988430336,16.105369147792384,0.19512645030884104,0,0.0,0.7777054206012748,0.47061187259123044,10,6,9
2025-09-14 11:00:00,65.09261734389057,39.79390893999869,178.41571325925048,3.508537379481393,0.4216124303174343,17.794857707667234,19.82188188930694,0.15089090944128936,0,0.0,0.8125918884005521,0.4317348432626737,11,6,9
2025-09-14 12:00:00,56.83773828698067,56.29187956916389,191.8909426918315,3.7516908732425334,0.4272837117644451,17.926417037320604,25.154406511126414,0.17841402933110656,0,0.0,0.6681047112761767,0.5111310356015786,12,6,9
2025-09-14 13:00:00,56.61761165248256,30.92768579129852,227.11893650642082,4.227956327670355,0.4076154675416378,17.918794605529516,18.399508005511166,0.19581594761218463,0,0.0,0.6642517806869759,0.7186947425210504,13,6,9
2025-09-14 14:00:00,49.01965729298069,43.45194075524701,212.228971795605,3.7478203338627556,0.36209905982123847,15.272244811487077,22.49211098782028,0.24092898384256128,0,0.0,0.531262918008809,0.6309629151696697,14,6,9
2025-09-14 15:00:00,64.56317567288438,58.19763280054616,185.1175903718082,2.4921130660986117,0.2918320301926027,17.486057737819078,19.20226568331305,0.18169515652483514,0,0.0,0.8033249406998875,0.4712223730982544,15,6,9
2025-09-14 16:00:00,51.319838220194704,49.666926152329935,247.81807161262913,3.602460342908232,0.2069561543064215,15.278136005315403,19.4601166277302,0.2172408552712728,0,0.0,0.5715235501461489,0.8406542624211663,16,6,9
2025-09-14 17:00:00,61.23181075498448,42.67260831287112,162.6949377992373,3.381994107700054,0.10794595533921844,14.75616604833634,23.03998687638116,0.2333966805381847,0,0.0,0.7450152417157916,0.339107870313177,17,6,9
2025-09-14 18:00:00,34.998641019086776,29.673278588775247,233.46527445002718,2.2082325003617265,5.065145877928141e-17,16.965118245469217,24.70461148151836,0.182652973130367,1,13.354972012910423,0.2858496238995418,0.7560874318655426,18,6,9
2025-09-14 19:00:00,39.6462058222242,29.11967851238487,168.93224413488932,2.355311332528015,0.0,13.842350159172575,17.098062874515136,0.1669228201695091,1,12.527217661787878,0.36719709298763553,0.37585814428660097,19,6,9
2025-09-14 20:00:00,49.66399074716766,36.88171265466809,179.63129997863746,1.7926915501709582,0.0,12.420306637973352,18.27265871544164,0.2091194144126642,1,7.967084444881202,0.5425408448300801,0.4388970928896606,20,6,9
2025-09-14 21:00:00,38.37110668666907,34.17328302360403,159.55870191988205,1.4849552506284494,0.0,9.969707381177296,20.520350321994,0.1784383848397124,1,10.98172039178477,0.3448787194076042,0.32062913580677915,21,6,9
2025-09-14 22:00:00,38.12845749280903,32.70491553522236,165.64816907117714,1.8074124617053153,0.0,13.077700793873056,21.930841683791467,0.21524521091892163,1,11.127257707698009,0.34063157092600455,0.35650833976427815,22,6,9
2025-09-14 23:00:00,30.08838242419718,17.140810471936305,174.16889766061405,2.14248710589722,0.0,10.032714290410349,20.534439488893536,0.16347010433352638,1,6.444962314473308,0.19990416080612136,0.4067125614689442,23,6,9
2025-09-15 00:00:00,37.7076782871643,20.156632048968955,180.92249782687216,1.5594057617445598,0.0,10.261948905715549,24.2080512967875,0.16515948436752598,1,9.106379635319382,0.3332665690650321,0.4465048440763049,0,0,9
2025-09-15 01:00:00,25.20015850864065,25.817147461139918,127.65493965699768,0.8052579991174953,0.0,11.025942206018307,23.961752826514335,0.21759230683884204,1,7.494596882540718,0.11434437612103691,0.13265183585564277,1,0,9
2025-09-15 02:00:00,39.24898237681157,28.20892061127285,143.76630886544737,1.9148497196765746,0.0,13.063089550014439,20.243206046628192,0.24735594399719393,1,10.209943235144344,0.3602443933878458,0.22758019124410978,2,0,9
2025-09-15 03:00:00,32.137265634212305,32.180856178373844,138.96033006892907,1.5850045721725656,0.0,12.886353414712213,16.448768938519343,0.17468963141796612,1,6.125273235730153,0.23576626723211563,0.19926331405740502,3,0,9
2025-09-15 04:00:00,35.252510693851725,22.964374219024595,181.6208289742319,1.6787210869546187,0.0,12.566273885258772,18.15908120525163,0.22139128343202713,1,4.562699568562209,0.29029316721633536,0.45061941847887244,4,0,9
2025-09-15 05:00:00,43.281907090057,27.31096801309368,175.1492570389462,2.7962176710727773,0.0,13.745621773786235,21.342815036568247,0.20320406118033185,1,4.958354031115284,0.4308336659083436,0.41248884914944267,5,0,9
2025-09-15 06:00:00,39.23852077912092,48.53249724226238,151.76670868641543,2.3663060380491103,0.0,13.603074435116886,26.095772884117217,1.7578811496497535,1,4.882447601215414,0.36006128147207916,0.2747186304188745,6,0,9
2025-09-15 07:00:00,57.376174061945214,35.95825265724371,167.6860360155773,2.5613945971466996,0.10852425812004764,15.109242072882369,22.20875930319319,1.4166644942829678,1,10.334660319387286,0.677529084989112,0.36851547305193005,7,0,9
2025-09-15 08:00:00,53.48305880207775,44.43028442178582,157.1360934983934,3.250608384779819,0.21181719001157617,15.75613695561002,21.758739909829007,1.853785497022149,0,0.0,0.6093869316952703,0.3063551017239678,8,0,9
2025-09-15 09:00:00,55.31702635507613,35.03611210791059,214.64627793274258,3.8590100878411047,0.3028742093461497,17.262557261013644,23.744831529375407,0.15823968688968662,0,0.0,0.6414873165517416,0.6452057081377914,9,0,9
2025-09-15 10:00:00,48.197636376086024,55.808778271184444,234.52117863784423,2.861356641925175,0.37520509736787166,17.727386019938304,17.555633824162037,0.24846478369418445,0,0.0,0.516874883853435,0.762308830351321,10,0,9
2025-09-15 11:00:00,53.0299962719917,46.4477916044163,256.7089920964479,4.473578894650618,0.41409213365980707,17.54354907034261,17.399207381778083,0.23462373113802767,0,0.0,0.601456866871587,0.8930396586279584,11,0,9
2025-09-15 12:00:00,74.92216825047568,45.679009139993745,221.7058068039256,3.4219313110455833,0.42948977008824996,16.77910703891593,19.376649331928004,0.2366458127747676,0,0.0,0.9846409339530712,0.6868005258648499,12,0,9
2025-09-15 13:00:00,42.91136589313594,30.413253435233052,237.29584565232622,3.970469270363816,0.41250330299312427,17.77071262629933,26.03452378729547,0.23424034375786873,0,0.0,0.42434799226221115,0.7786571973353802,13,0,9
2025-09-15 14:00:00,52.88880635012462,42.77277658581085,214.06647148364053,2.6219430940580195,0.36691064018993447,16.626876729480863,24.650396512181278,0.23618636788196726,0,0.0,0.5989855849656565,0.6417894824933552,14,0,9
2025-09-15 15:00:00,43.68077581624665,41.32325828185551,230.56679991234233,3.6967412578184686,0.3000830090793651,15.149828970494802,22.50580262387634,0.2315152595318406,0,0.0,0.43781516326197195,0.739009589663685,15,0,9
2025-09-15 16:00:00,43.413258815023994,46.12153282962134,198.40868522980776,3.981212215184922,0.21405725680108498,15.196787100407144,19.447679638638363,0.23995171362273082,0,0.0,0.43313274743577224,0.5495336426035365,16,0,9
2025-09-15 17:00:00,61.19015803138513,41.18295371043582,233.03772345643907,3.0661902896186657,0.11018438269930535,14.950708798756958,21.07791086987861,0.19608007413822873,0,0.0,0.7442861838566852,0.7535682969527421,17,0,9
2025-09-15 18:00:00,39.96557230768112,28.764289758069875,152.27003657543773,2.9658466236584093,5.2327185306312e-17,14.98958814667628,18.486429708567808,0.2439290947018413,1,9.573050285090458,0.37278704308062655,0.2776842435897885,18,0,9
2025-09-15 19:00:00,47.153095032387945,29.712236328818193,145.47299131863227,2.98225373832687,0.0,13.109032640220557,22.305168803615572,0.1884962853073226,1,12.778987978783976,0.49859201997376323,0.23763598205586947,19,0,9
2025-09-15 20:00:00,48.465749385842805,40.22385808429275,199.45088011679385,1.9695793358757059,0.0,11.349462727772924,19.732437174140962,0.22285166243343452,1,8.806329379689558,0.5215677317635022,0.555674265745856,20,0,9
2025-09-15 21:00:00,36.67189537788619,26.99580118524834,206.17931224022547,1.7837011525131192,0.0,11.983724182058472,16.725850478092052,0.22103525766383086,1,9.741996708544828,0.3151370062157747,0.5953182579824261,21,0,9
2025-09-15 22:00:00,26.678903798852822,25.719189136695352,170.5799147549157,1.9433274836980303,0.0,11.553321991643518,17.79403752376737,0.2320896502368798,1,11.655017933666786,0.14022721840082464,0.38556623676200463,22,0,9
2025-09-15 23:00:00,30.56641251180142,18.747296371525664,168.89968173574746,1.5474662411741602,0.0,11.315639556236203,22.004831845369118,0.22383826358154604,1,7.443541867420326,0.20827123892589572,0.37566628629129056,23,0,9
2025-09-16 00:00:00,27.620401135326333,24.772476260275248,168.90236355122076,1.0990836404871989,0.0,11.937086093387045,23.0429293782556,0.15353795069703913,1,10.09739524619274,0.15670647769455173,0.37568208757602567,0,1,9
2025-09-16 01:00:00,29.87053463604819,17.484472712443676,131.5858987580606,0.7434257191588667,0.0,12.127993443191848,16.86149767945958,0.2239152832599134,1,9.687558809328348,0.19609111742469365,0.1558130878718603,1,1,9
2025-09-16 02:00:00,31.989087536171425,20.872933008529277,112.56795602915858,1.5492974042196859,0.0,10.80419164140795,24.526122881391554,0.1523296766417752,1,8.356220653926865,0.23317266956097055,0.04375917099061206,2,1,9
2025-09-16 03:00:00,37.9522998914425,26.26903940016338,171.9745722925165,1.2231334103973959,0.0,11.248643910680789,24.816538001710114,0.20332303119270723,1,8.757792432084463,0.33754824113098536,0.39378357351729043,3,1,9
2025-09-16 04:00:00,35.603035707088445,27.001653927648775,177.23406968595793,1.392036797186245,0.0,11.435535937787481,23.823671453023177,0.23389493069830125,1,5.371634722027539,0.2964284926796035,0.42477258700644044,4,1,9
2025-09-16 05:00:00,39.27360053671217,28.438537192886134,147.3038775049257,2.9325721804636924,0.0,13.887718074812812,23.454975751536494,0.23295751606418907,1,6.890308006647168,0.3606752910915569,0.24842358255832378,5,1,9
2025-09-16 06:00:00,40.541467789975286,38.99472189702849,137.3735725595691,3.1426241223818185,0.0,15.403802499257509,18.617587299757304,1.7559847434435163,1,4.763388089983812,0.38286708325828517,0.18991412226526094,6,1,9
2025-09-16 07:00:00,48.8270802991335,49.057415914169724,202.92815691139185,3.6692399997382448,0.10907497537838548,14.405978414718607,25.990324441180427,1.5768079708331877,1,10.733262631262367,0.5278921955514294,0.5761624168813008,7,1,9
2025-09-16 08:00:00,53.29358526747561,35.16609828625885,198.7584027376728,3.5192141634213114,0.21248361105683905,15.19279142965382,18.952929736084126,1.2628590342680384,0,0.0,0.6060705298478652,0.551594181806795,8,1,9
2025-09-16 09:00:00,53.64714419128631,47.72682384704261,143.54771597892884,3.0573977947018585,0.29975670654272146,17.511941657898145,17.96372632279311,0.200797811797478,0,0.0,0.6122589585936236,0.2262922396772163,9,1,9
2025-09-16 10:00:00,44.38495471312278,36.29958744832762,160.77197014590826,3.9803912765403116,0.368189054868475,17.017087566410783,22.72192413997946,0.20162118899219694,0,0.0,0.45014057957622083,0.32777772484670675,10,1,9
2025-09-16 11:00:00,50.46339803585653,52.11606005885689,258.6057139783353,3.3274376125079885,0.4052681009750128,17.23707941659826,19.693711520324843,0.18247677508861915,0,0.0,0.5565330670926971,0.9042151637353989,11,1,9
2025-09-16 12:00:00,51.96960565548965,58.07114056905972,165.07269763522393,3.6481184113418643,0.41910010974266065,15.701760450073271,25.54679488895043,0.1924099275917294,0,0.0,0.5828965892743874,0.3531176560625213,12,1,9
2025-09-16 13:00:00,40.99791293049256,46.59317442394701,194.86626935855,3.0806994232271903,0.40662049424578606,17.458791224684422,20.455783405856735,0.23721766683651513,0,0.0,0.390856354743768,0.5286616913491303,13,1,9
2025-09-16 14:00:00,47.750923210108205,49.520930444768894,225.33459791767504,2.662775013757834,0.356725855714398,15.540832270592384,17.26107988415572,0.20179278357107885,0,0.0,0.5090559535103673,0.7081814009487536,14,1,9
2025-09-16 15:00:00,56.30835273399551,53.48795303875323,184.13125726545857,2.389406409385157,0.2921636374927069,14.848797288650648,25.36961700476266,0.22047438206724143,0,0.0,0.6588387458230275,0.4654108881499817,15,1,9
2025-09-16 16:00:00,39.745354610174644,50.73583112576945,185.8849245630457,3.4770676211033607,0.20664902385543613,15.004328298950854,20.72570185154635,0.19958114783879502,0,0.0,0.36893251859320764,0.47574351415492583,16,1,9
2025-09-16 17:00:00,56.87816572842557,42.67393824158539,192.9719912919039,3.941142827086834,0.1084718772551202,14.031365051032886,20.707424161246276,0.211747129728088,0,0.0,0.668812322720568,0.517500585226576,17,1,9
2025-09-16 18:00:00,55.273050910138764,33.388846156132324,176.95542683229536,2.010254785262181,5.142239739180377e-17,13.608699732357783,19.329477560654706,0.15925869976778223,1,9.33117005939772,0.6407176035301476,0.4231308204069223,18,1,9
2025-09-16 19:00:00,46.74257906534054,36.22133342534122,219.2251097016247,2.493359064208385,0.0,11.60245747394444,23.963835458458597,0.24313882068447176,1,8.210281493705104,0.4914066581005917,0.6721842326689332,19,1,9
2025-09-16 20:00:00,56.419520537554554,47.044889570298544,180.02470260533443,2.196353104466959,0.0,13.26830740209533,18.383221820096274,0.19359330663893773,1,8.443774718122288,0.6607845432129865,0.44121502526863315,20,1,9
2025-09-16 21:00:00,32.121900960430565,28.321780929770654,150.86899791806212,1.4549192339832506,0.0,12.805449938604827,15.62636333304872,0.22483026692872554,1,12.0987611499015,0.23549733557038496,0.26942930921024605,21,1,9
2025-09-16 22:00:00,26.43739903626598,24.517623455320592,145.04768267957587,1.8922651573072342,0.0,9.243256239697608,20.72175849169214,0.2167101126358949,1,12.29501989281205,0.13600010118109307,0.23513005911935353,22,1,9
2025-09-16 23:00:00,29.036117077122533,21.226583010726525,116.8108672621979,1.5015823075884136,0.0,11.85894424041416,25.314846138744368,0.2299272183620035,1,5.224055344636126,0.18148610179684369,0.06875844822152793,23,1,9
2025-09-17 00:00:00,25.66524823378046,22.291475194733955,112.60902888837974,1.069265675570515,0.0,9.957322328450667,18.619300208715938,0.15348729066504918,1,12.716025507863352,0.12248495589594616,0.044001172705458357,0,2,9
2025-09-17 01:00:00,24.994852535205297,17.710101906932373,156.76499699893995,0.7645242657067963,0.0,11.716634122637506,18.660495456902336,0.2435351865206922,1,8.676763112517722,0.11075085520523191,0.30416859727932644,1,2,9
2025-09-17 02:00:00,34.49969342257428,26.314221306462713,112.90375859497799,1.6012203414625108,0.0,11.080496533701334,23.779811219093055,0.2329746844704076,1,10.500313250093129,0.27711642147996957,0.04573772321023009,2,2,9
2025-09-17 03:00:00,33.25267039772799,24.6823085745153,139.65224707808483,1.3474151083104928,0.0,11.644055703751128,24.29536127050712,0.23337615609020654,1,6.593207758643644,0.2552894709665858,0.20334009629078686,3,2,9
2025-09-17 04:00:00,38.767294758195845,23.13361672563162,170.24194482372198,1.4156019641645436,0.0,12.041082156985857,20.742403928718147,0.1967113442229292,1,5.069134098438673,0.351813296603782,0.3835749144029994,4,2,9
2025-09-17 05:00:00,41.363826200447804,32.35070226699338,141.73689263081846,2.7345979298359584,0.0,14.151429281540278,25.066785923022735,0.22963239078909084,1,5.556135144296012,0.3972610246467058,0.2156228496265555,5,2,9
2025-09-17 06:00:00,55.281893338968466,36.27420288835047,147.66017816085647,2.371857022614988,0.0,12.46574469468863,17.973280653039595,1.5563865264808223,1,4.9895217652986785,0.6408723747353606,0.2505229097386358,6,2,9
2025-09-17 07:00:00,56.556563281670286,51.89576251405395,201.29054304640013,3.001411850044439,0.11000900451781795,15.079203769611217,20.054618426906526,1.5026085269728935,1,11.491396766017166,0.6631832360473879,0.566513578911435,7,2,9
2025-09-17 08:00:00,40.01308700747028,47.30092244402427,212.83653569847056,3.495469187591066,0.20817676638751964,16.285808147930897,20.407206373458607,1.713691480711955,0,0.0,0.37361870454981566,0.6345426880211402,8,2,9
2025-09-17 09:00:00,61.5316947358115,53.44335406933768,226.5328068147719,3.4392346186433764,0.2967523692680751,16.51170819909925,19.354816945914404,0.2127800032931756,0,0.0,0.7502641847415826,0.7152412602655881,9,2,9
2025-09-17 10:00:00,49.43352411088746,57.35517671061151,207.19139601317588,3.6344677807311974,0.3617496798675752,18.586390802483436,18.250961458328405,0.15771604169846307,0,0.0,0.5385069306481877,0.6012814661268431,10,2,9
2025-09-17 11:00:00,60.30516645936764,47.155244977333645,255.3882042491215,3.675644744157216,0.4028808904198115,16.02201240997286,19.419507080353196,0.18145096215181933,0,0.0,0.7287959588469519,0.8852575628580959,11,2,9
2025-09-17 12:00:00,49.22730413782577,54.73815215676543,248.87238908896592,3.5924955891958175,0.414661463303282,17.600050654032568,15.939033427125455,0.21220927047582294,0,0.0,0.5348974117722681,0.8468663119863565,12,2,9
2025-09-17 13:00:00,55.617834323135966,47.27692450118465,209.41431376014825,4.0255658875126885,0.4003409975693237,16.42399493852684,22.99260812697492,0.24038009154460066,0,0.0,0.6467524323531785,0.6143789206729939,13,2,9
2025-09-17 14:00:00,62.87101236650535,41.386691331515955,234.2510656134042,3.7245556350585174,0.35976107279159225,17.453350777592714,22.65857705825199,0.24330008359807964,0,0.0,0.7737065904264818,0.7607173215945326,14,2,9
2025-09-17 15:00:00,42.58711860322192,45.16619727958239,177.2915766448461,3.213663503373873,0.29570925343454185,15.725058369304058,20.132537065224312,0.23389116223490414,0,0.0,0.41867261224914004,0.4251114186079024,15,2,9
2025-09-17 16:00:00,40.27800567778092,45.76423277671732,220.1500124282587,3.8291326970879798,0.21139846111759186,14.713107913247871,18.74594082944412,0.17543125395615417,0,0.0,0.3782556411514108,0.6776337691793143,16,2,9
2025-09-17 17:00:00,43.896023950721826,49.88789818210402,183.6181109843656,2.5553312625499314,0.10922217377820757,15.673067855373663,19.840934402778984,0.19733818748471932,0,0.0,0.4415827042661703,0.4623874249105993,17,2,9
2025-09-17 18:00:00,42.802691896529176,40.771057893571424,178.35472265113688,1.8766105194293925,5.0769741922889996e-17,13.088529551070392,24.97433836388643,0.19333903946721023,1,13.981239899418815,0.4224458445882981,0.4313754859636472,18,2,9
2025-09-17 19:00:00,33.969740452346585,32.12989160300399,154.72997777655652,2.782374657543591,0.0,11.380459727962636,21.57945900973555,0.1938685299914536,1,12.163242572746698,0.26784052438335704,0.2921782427994936,19,2,9
2025-09-17 20:00:00,55.880478627755,43.75501036489966,167.2379301216534,1.7691832153068194,0.0,11.542345034641762,22.94614878598515,0.15497845828410797,1,9.826448730661188,0.6513495601730503,0.36587522845200093,20,2,9
2025-09-17 21:00:00,35.89442478298221,30.064672958958912,168.06869866165627,1.7332512829628675,0.0,12.04645198542718,17.85418757107229,0.16736380353394475,1,13.089598534973677,0.3015287472963599,0.37077012535310294,21,2,9
2025-09-17 22:00:00,34.46252222621463,26.01354482620138,168.02835529494905,1.5973164272325897,0.0,12.332247561530334,16.545613962874242,0.16532602351427908,1,13.013543402043457,0.2764658048936676,0.3705324218157561,22,2,9
2025-09-17 23:00:00,27.586469868953593,14.667815818246627,136.91353332760403,1.7829441308750082,0.0,10.741180736319063,16.5210022111902,0.2117268563237028,1,7.445392269517241,0.15611257039916276,0.1872035663131501,23,2,9
2025-09-18 00:00:00,30.717538512434434,27.939887028638818,166.59943703405693,1.594479516966085,0.0,11.835567910790175,20.70619796257514,0.1911798363586476,1,12.499616527520523,0.21091643446068464,0.3621132205215608,0,3,9
2025-09-18 01:00:00,27.157527698832038,16.394339385102317,142.84444812815073,0.9098591620827094,0.0,9.250958637331868,23.41863670838333,0.18243880026871087,1,7.4893000779409,0.1486046901645531,0.22214857816662695,1,3,9
2025-09-18 02:00:00,38.08513095930653,30.65595867058461,149.66364762690114,1.7171255843172273,0.0,10.455109751460547,24.16252906506183,0.19439050903986455,1,8.706101137274931,0.3398732159607528,0.262327372725114,2,3,9
2025-09-18 03:00:00,45.173062861364926,37.255878653491656,125.68182811280367,1.68178609722836,0.0,11.076090558090803,23.706819681279036,0.18242140496471515,1,9.172891548425373,0.46393503020634946,0.12102624206128647,3,3,9
2025-09-18 04:00:00,25.15615611273579,26.726072591295562,168.19021993043077,1.7099863138465035,0.0,11.860961389104489,25.856384522206152,0.22574698196415754,1,5.245298429491245,0.11357419137003433,0.37148612993596813,4,3,9
2025-09-18 05:00:00,29.85889117232526,34.578893486698725,161.14292316900432,2.8789162038791787,0.0,12.77269107927608,16.67080549310572,0.16670419343617382,1,6.163400273676011,0.19588731901726963,0.3299633839271542,5,3,9
2025-09-18 06:00:00,41.98270731498314,42.684650332925486,188.98789995593256,3.3580142849424046,0.0,14.145496010850929,25.319899502071927,1.1671010506300004,1,6.323629770509011,0.4080934529110481,0.49402627752820566,6,3,9
2025-09-18 07:00:00,45.21346680765372,33.22163324479482,140.8031004529019,2.8264003486276215,0.10542764452630503,13.775764800476406,23.20886758532976,1.6130290669460796,1,8.487375354759214,0.46464223040924835,0.21012093637651688,7,3,9
2025-09-18 08:00:00,41.68244102224453,39.66515925172644,169.25969402378988,3.2821555294004487,0.20462326579557816,15.072670868313086,17.955721921414128,1.2979343638152208,0,0.0,0.40283781818589887,0.3777874824467099,8,3,9
2025-09-18 09:00:00,59.86503210011871,41.0135089368672,153.5210427350056,3.8924430175591893,0.2967111902499447,15.49936554614628,23.30079176997873,0.21433542765294444,0,0.0,0.7210921789750843,0.28505518492768167,9,3,9
2025-09-18 10:00:00,62.032596699116134,43.10272825507372,171.55273109043924,3.8537513454680328,0.3559140768221626,15.084878550840774,21.3749453264617,0.15585417734540546,0,0.0,0.7590315949234873,0.3912980807556145,10,3,9
2025-09-18 11:00:00,47.092246310729784,45.502438000679724,197.30222315766437,4.061592748745743,0.39738240743375114,16.186325427938485,19.64022190866766,0.1747097122978378,0,0.0,0.4975269698423921,0.5430143565360804,11,3,9
2025-09-18 12:00:00,62.61010261510161,60.171790402243076,256.98774695885606,3.8618836565053396,0.41282260579471897,16.248075752727207,18.353560671241578,0.1653883856695182,0,0.0,0.7691398229178784,0.8946820851841736,12,3,9
2025-09-18 13:00:00,47.10034769782074,40.533207059560695,224.87263437614126,2.996347444725158,0.3982545208723308,16.113951096048297,20.49653092533454,0.17906733107926742,0,0.0,0.4976687704119091,0.7054595069445969,13,3,9
2025-09-18 14:00:00,51.011242011515264,41.01027104250882,201.3416163785684,2.545567490428488,0.3553327820043428,16.000607010159186,18.043501193838047,0.18288552531329044,0,0.0,0.5661221148548526,0.5668145035171724,14,3,9
2025-09-18 15:00:00,58.510588469635444,42.68493998798453,245.62768326901704,3.4682373702228038,0.29320777947275894,15.557280652311192,16.340083904960306,0.19951968051955804,0,0.0,0.6973850191980062,0.8277484714588367,15,3,9
2025-09-18 16:00:00,60.48919492965237,44.14376620543425,163.0931201426101,3.4663503166789584,0.20777161576456823,14.417505286211329,24.126310720679882,0.20201386452999578,0,0.0,0.7320170543952507,0.34145396483264734,16,3,9
2025-09-18 17:00:00,45.75217867255427,40.425073784822864,194.75539669211682,2.6101626549039527,0.10560432846225674,15.38848430844124,21.469406986743085,0.21300980389312796,0,0.0,0.4740714365921947,0.5280084284423058,17,3,9
2025-09-18 18:00:00,35.18565420686668,31.89733620995703,210.08316965933784,2.374698389812894,4.952246216086896e-17,12.159342065859601,19.10261399848039,0.18316521216948445,1,9.105046776518378,0.28912296169178126,0.6183198266059696,18,3,9
2025-09-18 19:00:00,40.351595011539686,33.44961555310451,198.2749871417495,2.2392306850598014,0.0,11.820903994639655,19.970052679440656,0.20320212427854953,1,11.464539681768922,0.37954369334793175,0.5487458920744693,19,3,9
2025-09-18 20:00:00,45.88149193224476,35.89967146707918,189.68020941982448,2.3855628172575694,0.0,14.587801698848185,24.31868721592306,0.24901173272493368,1,9.698483260056774,0.476334838360848,0.49810537210898553,20,3,9
2025-09-18 21:00:00,30.24081545384157,21.449088944286036,145.17568896047166,1.4631992169739017,0.0,10.138031510532112,18.786650886951136,0.17106392758999223,1,11.712104994196336,0.20257223359095494,0.23588427346126425,21,3,9
2025-09-18 22:00:00,28.081558985024717,24.21707037857793,146.9663322394783,1.6300040833478213,0.0,9.335015761124037,19.506795367345674,0.16527058077301163,1,8.090516143462656,0.16477823688718238,0.2464347623343244,22,3,9
2025-09-18 23:00:00,25.618888897101044,19.1862008177772,184.45336228853267,1.563756929653884,0.0,11.113047660476669,23.64721812119712,0.23425641022780283,1,7.7427279088979075,0.12167351703124706,0.46730873430490394,23,3,9
2025-09-19 00:00:00,29.70297859237503,28.28882164261118,179.8072846470951,1.612891348509252,0.0,8.188728602174107,17.85548741458893,0.191036559895172,1,8.241515104123684,0.19315834280818384,0.43993399639141306,0,4,9
2025-09-19 01:00:00,36.59813341103982,26.3668508045658,128.0775587843157,0.9865931302383123,0.0,10.122295448565962,22.81197136751478,0.23468836856685724,1,7.6425130663338,0.3138459323798894,0.13514191216094948,1,4,9
2025-09-19 02:00:00,32.16165254550638,27.626895835778953,150.1152592386128,1.7858470297212081,0.0,12.792592257840674,20.55219043300495,0.1924689010660107,1,7.785846683836308,0.23619311733462725,0.2649882730508069,2,4,9
2025-09-19 03:00:00,33.924480003780005,30.862075408047048,123.07743951827536,1.5304631890227058,0.0,9.568082315775165,21.355246360061958,0.15216848618464443,1,8.924400420717864,0.2670483196273959,0.10568115730328881,3,4,9
2025-09-19 04:00:00,35.362983575224845,22.148950896298317,135.8037141616601,1.9812335245883854,0.0,9.741867469182987,24.507365711562937,0.1874873037893272,1,5.620484185724128,0.29222680121246725,0.1806645002140129,4,4,9
2025-09-19 05:00:00,31.683792851657344,22.84547439658702,173.89161453608122,2.002695709733358,0.0,10.93768533255655,26.7799349741372,0.2110130682233607,1,4.494052011913215,0.22782902165863186,0.40507880640763805,5,4,9
2025-09-19 06:00:00,48.86884571772867,42.99210846641395,160.09429840051325,2.266281382011948,0.0,14.101173299943415,25.063753183209307,1.460666071578606,1,4.305743634962781,0.5286232259387471,0.32378487585595545,6,4,9
2025-09-19 07:00:00,48.41170867517001,42.90040846106343,199.30072378996542,2.9945164534922317,0.10485378402944816,15.093536000945983,17.836702222506876,1.469507226418719,1,8.598189445440246,0.5206218439217694,0.5547895431023254,7,4,9
2025-09-19 08:00:00,45.454317899174036,41.944073587904136,191.58662210931516,2.394702445370559,0.20214663327116011,14.16920012041766,18.481170694889393,1.8737369565339317,0,0.0,0.46885790626363477,0.509337975555882,8,4,9
2025-09-19 09:00:00,63.38666041568917,40.08876797151043,202.62301362791445,2.863706177938523,0.28402567437818527,15.975806799798942,20.39190120795535,0.20441271674823414,0,0.0,0.7827321049740144,0.5743645094729624,9,4,9
2025-09-19 10:00:00,45.738735646583784,42.04599297683953,153.3880028147825,3.793462837930042,0.34795129553487186,17.149089094452176,23.579281773948402,0.21969397551849923,0,0.0,0.47383614000443186,0.28427131233036274,10,4,9
2025-09-19 11:00:00,66.91395477755795,41.61325027821811,234.28547566085848,3.7618979160179347,0.3820737443780782,17.83536332614901,21.228413117428612,0.22209729215852325,0,0.0,0.8444712051739784,0.7609200659529676,11,4,9
2025-09-19 12:00:00,69.5406934715976,60.781579045967405,265.92589472339023,4.206824629059257,0.3893043135203252,15.893384408265883,25.218907090182622,0.15001712553679752,0,0.0,0.8904476581696726,0.9473457450214356,12,4,9
2025-09-19 13:00:00,46.22547891343184,33.82061814463172,215.68855526989825,3.1090472369116138,0.3773086679365984,13.72550409197681,16.160885866663286,0.20524609781946968,0,0.0,0.482355727042149,0.6513468170773697,13,4,9
2025-09-19 14:00:00,42.74133354424727,43.788867193593994,182.44380164550896,4.004015846694085,0.3403993251508153,14.895872651210173,18.24461365518485,0.2463056275568163,0,0.0,0.42137187426685596,0.45546838204014517,14,4,9
2025-09-19 15:00:00,49.09643120718501,36.748346081932034,270.7795245028049,2.779482777749625,0.282024248049627,14.802666937944606,17.748424570096276,0.22508228228278193,0,0.0,0.5326067106996161,0.975943382296279,15,4,9
2025-09-19 16:00:00,46.312959379930824,44.35271204044793,192.11721840489025,3.3695094473249476,0.20104662387913885,14.338685820776098,23.077917686103962,0.18404274204578697,0,0.0,0.4838869191493648,0.5124642544625649,16,4,9
2025-09-19 17:00:00,55.61046008524586,36.15972807370455,198.8279524389303,2.6259774421180264,0.10457177220964414,13.67569458608521,20.155645360699033,0.18645712105139314,0,0.0,0.6466233592548521,0.5520039693718811,17,4,9
2025-09-19 18:00:00,34.28465647727064,30.355585916903976,157.73664141015317,2.5766641797262175,4.9982382105447363e-17,14.19546209596016,15.528883667202326,0.18036171977864215,1,13.245099916832674,0.27335257697174936,0.30989353628267896,18,4,9
2025-09-19 19:00:00,45.79855958306443,23.902920137132913,153.31362310020668,3.064886728779398,0.0,13.564007852882096,23.32209308210131,0.21302082702182323,1,13.312557536025727,0.47488325306895596,0.2838330662764368,19,4,9
2025-09-19 20:00:00,38.724667615074715,35.98107618259878,154.49091035034658,2.2589473796545243,0.0,11.383830393698384,19.145840931570312,0.1597315489695318,1,9.02200617897288,0.3510671832402806,0.29076965503122615,20,4,9
2025-09-19 21:00:00,32.357081728190586,25.49076157330075,173.75830524028683,1.2713599089630296,0.0,12.022134494300998,18.17362539948426,0.1790000413802889,1,8.5401988205775,0.23961376235426915,0.40429334664664396,21,4,9
2025-09-19 22:00:00,27.946112630809715,30.557983158168604,164.62313614915263,1.5241616841054015,0.0,10.794019464757929,17.458195951577437,0.199821447572545,1,11.429914149253667,0.16240748605759484,0.3504688350984804,22,4,9
2025-09-19 23:00:00,21.858172834102334,15.48200517574946,159.7751582565698,1.7351042101357697,0.0,10.190625590052102,25.524859325999113,0.20352170703470673,1,7.19963392916006,0.055848779422991504,0.3219044987997893,23,4,9
2025-09-20 00:00:00,38.56540373450995,19.393816388755692,151.45075769857638,1.1210286607431135,0.0,10.919902484069487,25.641399290214412,0.2107407669651208,1,12.66734323477744,0.34827954839281244,0.27285704390373267,0,5,9
2025-09-20 01:00:00,30.996503907210887,22.52819171721094,141.0263098469602,0.9686276905611602,0.0,10.177292576981186,16.65581580417623,0.22972249860516702,1,6.386248683673656,0.21579923433319118,0.21143608845397646,1,5,9
2025-09-20 02:00:00,29.14819534975585,26.904070520411498,161.14690582214763,1.4656492829770635,0.0,12.452011109176095,18.410653196312275,0.16632364268018626,1,10.302554757532734,0.18344783535079667,0.3299868497610064,2,5,9
2025-09-20 03:00:00,46.99019101480715,28.717596268872562,172.03164123783714,1.531538711387309,0.0,9.422001229493228,22.913636763339948,0.17250152232713756,1,8.05967905673905,0.4957406709133835,0.3941198243382449,3,5,9
2025-09-20 04:00:00,38.217854360351275,25.887736930879267,128.62535453002604,1.5198051321107835,0.0,10.956016903189546,23.259369635761246,0.23723128031047233,1,4.8538413969706635,0.34219630627171854,0.13836953040718825,4,5,9
2025-09-20 05:00:00,40.936767581045935,31.907606243873087,123.66301125945218,1.9605013422341624,0.0,12.057665303896089,20.5986354762963,0.23311589256585769,1,4.9550801550684875,0.38978611266330637,0.10913135210875101,5,5,9
2025-09-20 06:00:00,57.53317442280849,37.33172100374819,154.00698351247664,3.3741245100093686,0.0,13.389546037361743,22.236480971481303,1.7411780434502158,1,6.03986825499689,0.6802771008948878,0.28791835305601954,6,5,9
2025-09-20 07:00:00,51.75884978224973,43.230622594542005,129.47667012755895,2.3752536512603686,0.10150617714953564,14.98396146235525,23.659515565225533,1.2814618342360276,1,8.81071412327502,0.5792076774227559,0.14338549078552565,7,5,9
2025-09-20 08:00:00,46.56835746358949,31.71532309716094,214.49869863405087,2.7056514016126045,0.1970832462606225,14.404594253471364,26.260897448450542,1.1686925042499028,0,0.0,0.48835721458269726,0.6443361693709161,8,5,9
2025-09-20 09:00:00,51.73260011069101,35.16202707412683,165.57894568288577,3.6313094066623406,0.28174453236777114,13.617530988675835,23.75699619993062,0.202341485878546,0,0.0,0.5787482229694789,0.35610047483859136,9,5,9
2025-09-20 10:00:00,45.929272805914565,57.210492192663665,204.92966297482948,3.2908638152859417,0.3456441062392303,16.348476374924996,17.10912545390627,0.2370042794795425,0,0.0,0.47717115873689375,0.5879553114791436,10,5,9
2025-09-20 11:00:00,57.259548448017455,41.790550004916014,168.19944148300715,3.8451331415145202,0.3794688147994772,16.55006698862873,23.430894684530504,0.17375168831772228,0,0.0,0.675487758202778,0.3715404634199122,11,5,9
2025-09-20 12:00:00,72.5195380315532,47.05868557903752,220.35662085772614,3.6708962674161323,0.3936069325657169,13.944915070183047,16.461126449660977,0.24042003011880536,0,0.0,0.9425871066816417,0.6788511082002867,12,5,9
2025-09-20 13:00:00,52.80351869588923,50.05097353050481,168.2404812141218,4.495405131246218,0.3759250599074373,15.770188575572233,20.896754235857955,0.1641532501756054,0,0.0,0.5974927741904682,0.3717822699436094,13,5,9
2025-09-20 14:00:00,61.535802509098815,46.27607880633098,249.56873651479643,3.6215588062345883,0.33223692070996397,13.873589632165316,21.029038124575003,0.17980961999296455,0,0.0,0.7503360841070924,0.8509691982809874,14,5,9
2025-09-20 15:00:00,51.231369227435145,49.39633268434157,268.42303174179705,3.687925660778925,0.2717379548290023,14.311763044401594,23.519035304228076,0.17982882370961906,0,0.0,0.5699750556208214,0.9620589023744865,15,5,9
2025-09-20 16:00:00,55.473821346966666,47.59436192678656,193.92558937035548,3.666673584166006,0.19274356945158788,13.441721949401181,15.544103771331189,0.16511001698718794,0,0.0,0.6442317378339092,0.5231191950491066,16,5,9
2025-09-20 17:00:00,58.090499635546706,51.09638058965669,183.10422441755622,2.8459239085782313,0.09979039703739234,14.419688324537677,24.36143811639145,0.2372778172835846,0,0.0,0.6900321010800669,0.4593595999000562,17,5,9
2025-09-20 18:00:00,48.120868141912986,40.99638789079361,194.79949715868403,2.2150534183306676,4.746442767945626e-17,12.940230821821116,22.179818479507308,0.19125899427802376,1,9.320161572603988,0.5155311905816117,0.5282682688512075,18,5,9
2025-09-20 19:00:00,40.6898183418994,23.223689666066473,201.77142059030382,2.892021983131072,0.0,10.750785215719787,15.707749728069146,0.16906574514000916,1,11.111010056110308,0.3854636994321364,0.5693469144147938,19,5,9
2025-09-20 20:00:00,41.703605180932826,37.269068134546906,152.0066215792627,1.9358974132949007,0.0,12.182330571786558,17.07091079989475,0.16472442489377717,1,7.413843874731994,0.40320825965742163,0.27613219968538594,20,5,9
2025-09-20 21:00:00,29.889619661489764,24.818820401605176,195.37492022508744,1.3633335301515996,0.0,9.236568256733081,15.892783243456405,0.19209141028180735,1,12.931136963793142,0.19642516731596268,0.5316586675590724,21,5,9
2025-09-20 22:00:00,43.04266769563452,20.629746735725927,135.88278506803286,1.9184063435057555,0.0,10.513160382516473,23.509123354683336,0.15172883907131873,1,13.218158450553052,0.4266461999844045,0.1811303868189269,22,5,9
2025-09-20 23:00:00,19.22801303458452,17.158882128175243,114.20205920149357,1.3636500516168346,0.0,9.058761603641633,17.43638795517243,0.16210560940959998,1,6.2902016893459,0.009812445977229465,0.053387323922734195,23,5,9
2025-09-21 00:00:00,32.462421173255464,25.87053896892885,147.12150394249002,1.4206008240100862,0.0,9.394298192334679,16.228799828498484,0.15036980855153786,1,9.426739823708292,0.2414575445529353,0.24734903562662813,0,6,9
2025-09-21 01:00:00,28.210780045257874,17.97637536261319,114.1611776181624,0.9236549160737222,0.0,10.355892647204756,17.30485678932223,0.15243854662365242,1,9.918495533672818,0.16704002486607214,0.053146449207426366,1,6,9
2025-09-21 02:00:00,31.387406341099734,22.20053088175547,153.8767107770945,1.741969744776591,0.0,10.662195254452099,21.882793166660058,0.24973737268480056,1,8.74909435570077,0.22264129571461982,0.28715078474064026,2,6,9
2025-09-21 03:00:00,45.21154064589685,34.22723183804754,117.85925295673516,1.434247805236201,0.0,11.943892076441077,21.30536402873835,0.19488892160223165,1,7.789073806020327,0.4646085163265808,0.07493554766649772,3,6,9
2025-09-21 04:00:00,37.29822250588351,25.598558289058502,168.4260297417556,1.7271696271697692,0.0,11.135409522900662,18.713778013713544,0.22289247785184232,1,4.473236726817586,0.32609976388391987,0.37287552380336153,4,6,9
2025-09-21 05:00:00,43.69008720525231,33.207555074668576,149.46791859502991,1.7863072615430147,0.0,12.237075428225394,26.240744017611814,0.2237080748682531,1,6.089095159490323,0.43797814279241204,0.2611741352282309,5,6,9
2025-09-21 06:00:00,46.45250278519193,46.296695215081904,165.30223236933298,2.858224192590583,0.0,12.258761463479152,25.314195306117107,1.7853056069681876,1,5.49749339417126,0.4863293816704387,0.3544700771095217,6,6,9
2025-09-21 07:00:00,50.40434702076165,52.627792124377194,143.06225763788956,3.229635288046264,0.10468140841783481,13.644361501886623,19.489998536623304,1.202809338021456,1,8.33368763050315,0.5554994826611667,0.2234319140693652,7,6,9
2025-09-21 08:00:00,55.6629010520391,40.39342851314586,148.20192697774166,3.3819815975922194,0.20114689258332497,14.614814848242359,21.16051264937313,1.5192543763965993,0,0.0,0.6475412463862554,0.25371489941717823,8,6,9
2025-09-21 09:00:00,68.84616743415282,50.735228797811985,202.84870360719822,2.7848787715011163,0.2861598987924654,14.687752236267437,21.53317085781759,0.1821719360767832,0,0.0,0.8782911982266556,0.5756942771844383,9,6,9
2025-09-21 10:00:00,65.79374732532197,54.42390095363849,175.54606153416853,4.230148655257962,0.3504287046194527,13.448479036449026,23.971867608465832,0.2048482335683274,0,0.0,0.8248639387983699,0.41482682537324195,10,6,9
2025-09-21 11:00:00,61.7245159105859,54.335664273050604,196.4043163120098,4.382649371173489,0.3867080835436155,15.872811887956377,20.368186147411485,0.18321195265554957,0,0.0,0.7536391811577491,0.5377238800379481,11,6,9
2025-09-21 12:00:00,49.870887256388926,58.69357680326025,212.4354889105096,3.8514711717144308,0.4007174437718207,15.997533833676885,21.487943035908806,0.16836579477175184,0,0.0,0.5461622052846884,0.6321797161642857,12,6,9
2025-09-21 13:00:00,38.40987609053405,40.47911355279246,189.08097989524677,3.4131311393461354,0.38141001055677287,14.839983847844927,19.958186326671438,0.2172827226991345,0,0.0,0.34555730981269994,0.49457470550129945,13,6,9
2025-09-21 14:00:00,59.13529996703365,36.82606011649684,252.49661916156737,2.9947391501554863,0.34270502794384855,13.925475160501938,23.47676591652277,0.15384289408658364,0,0.0,0.7083194980866645,0.868220313368253,14,6,9
2025-09-21 15:00:00,64.5853537484201,56.3112545804308,266.6742575587026,3.293507748378901,0.2833853974958075,16.198390275520513,21.22386563811536,0.2395385526853862,0,0.0,0.8037131290072044,0.9517551066511596,15,6,9
2025-09-21 16:00:00,56.768287581639235,49.267862717311345,207.33175570025261,4.163351581856721,0.2009487556848235,14.582039750379206,23.93771712080495,0.16462654527484813,0,0.0,0.66688909851009,0.6021084668667955,16,6,9
2025-09-21 17:00:00,48.12133202672687,54.05545378781802,251.76865173436047,3.065194858811167,0.10462332372746545,13.127372469142458,15.939027400271128,0.21151442279314023,0,0.0,0.5155393100715286,0.8639311216957738,17,6,9
2025-09-21 18:00:00,47.442078619962096,29.72004107721126,238.26828173423587,2.9971251723900587,4.905897196010073e-17,11.43236427957501,24.64414019777006,0.22542047610945593,1,12.459133226300883,0.5036501707372093,0.7843868008707315,18,6,9
2025-09-21 19:00:00,34.45285394854325,26.8931474515445,158.5683456414722,2.598246284450089,0.0,10.960524675107722,23.79350988924589,0.1572927475472893,1,12.912095421704626,0.27629657865319074,0.3147939462867734,19,6,9
2025-09-21 20:00:00,47.25051166561222,37.503917431884595,150.6043751240622,2.3782194729330692,0.0,12.350785195340066,23.842328318104638,0.24032945679694606,1,8.798866588241811,0.5002971272494118,0.26787014894846395,20,6,9
2025-09-21 21:00:00,34.23313476990218,32.329205885355286,167.73065373652142,1.2517768310162574,0.0,10.553933244634266,16.93327443703148,0.18561771859860599,1,12.224778810615904,0.2724507798640055,0.3687783611290146,21,6,9
2025-09-21 22:00:00,41.914114361988574,31.4310456631578,162.0685743385563,1.774933935407714,0.0,9.378323912254977,18.296031076543702,0.24967264257409574,1,11.537904696673378,0.40689285359511823,0.3354173302710127,22,6,9
2025-09-21 23:00:00,21.578013893397866,16.013165198687172,139.66416902765656,2.1041343194793267,0.0,10.128293186216688,25.88226233330402,0.15687819204467837,1,7.845746032142283,0.05094508862274171,0.20341034054198776,23,6,9
2025-09-22 00:00:00,34.27505698198317,26.729425240628814,131.76217571359516,1.6361163365614488,0.0,8.69137619508546,25.727888127187583,0.2216773394526222,1,8.036954502187262,0.2731845546462443,0.15685171353211794,0,0,9
2025-09-22 01:00:00,27.271454658997012,16.898075440112798,136.5119051767544,0.9275665019837701,0.0,11.098231593497244,18.240434729399418,0.16607144436709764,1,8.268140096947459,0.15059878175076713,0.18483716906009284,1,0,9
2025-09-22 02:00:00,36.501344050545775,23.48637799349483,153.33354969794405,1.4054636201059323,0.0,11.23928074151654,20.537090870411916,0.19026926107335632,1,10.778690134642796,0.31215180441301726,0.2839504739981035,2,0,9
2025-09-22 03:00:00,40.90391797780008,31.78716885992766,111.9872923883865,1.5528043675225405,0.0,9.886051100895818,17.680134779120127,0.19432124686524005,1,7.304909686143619,0.38921113798349244,0.0403378947639172,3,0,9
2025-09-22 04:00:00,40.2654585253287,27.892197335808735,160.6639768723029,1.5269805772027027,0.0,10.334663093566999,18.889323163490765,0.19061548457187483,1,6.38352256393218,0.37803602525803764,0.3271414273524505,4,0,9
2025-09-22 05:00:00,29.09273635586737,33.53260606616539,184.049404711134,2.1866053596487554,0.0,9.058129564250292,18.096479869557637,0.18375730732276827,1,6.666636888560531,0.18247712294933552,0.46492861204632807,5,0,9
2025-09-22 06:00:00,42.16755441377354,37.124211011220545,181.08053670728236,2.5300819758187725,0.0,10.96052442252636,16.995073089003522,1.700407140555836,1,4.800637656881938,0.41132887711529476,0.44743601080774,6,0,9
2025-09-22 07:00:00,55.34101452567109,43.281530833273514,143.4941532995234,2.7566012511569706,0.09997415581548852,11.868476593889357,22.33668367737802,1.7399171468381402,1,7.228750743086739,0.6419071873977891,0.22597664781159807,7,0,9
2025-09-22 08:00:00,43.48191720288966,41.36137371675829,142.87330698994276,3.12368990688045,0.19480413292609436,14.056062363085134,18.655140931956026,1.376710637578713,0,0.0,0.4343344920743344,0.22231861488125104,8,0,9
2025-09-22 09:00:00,45.98629369765663,42.20161116682327,189.43720394596724,3.5003760279423006,0.27701993548460274,14.205340204332774,26.609094787302766,0.19826449115436706,0,0.0,0.4781692094203897,0.4966735813229135,9,0,9
2025-09-22 10:00:00,53.37800739802399,57.306641329648656,245.6406089178987,3.1005760292027698,0.34113552869234937,13.652374592290986,21.41404735363421,0.1921757997630278,0,0.0,0.6075481911492201,0.8278246295168384,10,0,9
2025-09-22 11:00:00,59.895977640563615,55.166536696434214,241.51178682671943,4.330193929708048,0.38397896753670513,15.005626373378044,19.640782618797733,0.209351686527653,0,0.0,0.721633826375688,0.8034975666995045,11,0,9
2025-09-22 12:00:00,46.88448567335099,47.521647334447394,221.37362216368876,3.184741813082808,0.3960195310924471,15.883727924194375,25.338202799729476,0.1650266025255963,0,0.0,0.49389048434024585,0.6848432905004926,12,0,9
2025-09-22 13:00:00,45.17896976396531,40.63473624608843,179.6082918874279,3.065997238549632,0.3748366666745366,15.793384221314545,22.130612483886875,0.2305684941113687,0,0.0,0.4640384201744392,0.4387615289763213,13,0,9
2025-09-22 14:00:00,58.7335783502723,35.946194941254625,243.5220460322755,3.603839178177241,0.3368877072352977,13.055548720890027,16.880942748859407,0.22970127181305316,0,0.0,0.7012880658881393,0.8153420349019884,14,0,9
2025-09-22 15:00:00,55.73748030823934,47.719372060716864,252.85353617132424,2.7846768396787756,0.275550293885363,14.33957383867925,20.623946695281514,0.20904131585780902,0,0.0,0.6488466254385855,0.870323272111736,15,0,9
2025-09-22 16:00:00,38.800910625358746,47.24830830145742,261.3328569206502,3.4597034231930426,0.19684228763686837,12.452549176651253,19.961075119176662,0.22461442279361432,0,0.0,0.35240168338927824,0.9202835183906598,16,0,9
2025-09-22 17:00:00,48.1761472640185,36.65931276233452,219.9602953109658,2.735036051891587,0.10238032456190131,14.003447562368502,23.236899327078756,0.24885051679024112,0,0.0,0.5164987546430444,0.67651595394582,17,0,9
2025-09-22 18:00:00,47.4270642825524,42.930545625576585,201.44658146454083,2.6192861941259835,4.823411236661188e-17,13.098778726318116,22.4862211349472,0.24225080080230518,1,11.600648477543766,0.5033873710991087,0.5674329588983169,18,0,9
2025-09-22 19:00:00,32.235558893545004,31.026568657798293,201.69607737938304,2.126859195515432,0.0,10.629517337590418,19.191547441266742,0.21114489488658156,1,12.716683122538544,0.23748671831000848,0.5689029914303558,19,0,9
2025-09-22 20:00:00,56.376353353215634,48.50672102906128,219.892725419269,1.6739534889870449,0.0,10.027324700764705,20.253128089215043,0.20114014237606473,1,10.768780281681076,0.6600289773753119,0.6761178314393114,20,0,9
2025-09-22 21:00:00,39.58225011774502,21.092274610094144,180.515441349592,1.3752188997316985,0.0,9.700149533201818,20.840399984108405,0.20345270614022393,1,9.130296782201391,0.3660776605722735,0.4441064630673115,21,0,9
2025-09-22 22:00:00,34.23402182604812,30.62469776465015,140.6073479514966,1.7967690045323226,0.0,7.421233170893412,19.945532162706243,0.19666145034284477,1,8.691834737887145,0.27246630622576007,0.2089675605968942,22,0,9
2025-09-22 23:00:00,30.057459369457764,20.56234676060054,162.0438837908667,1.5108089098220268,0.0,9.699658152364641,16.77704719963064,0.19802259775845243,1,4.806271339333356,0.19936290697834771,0.3352718533065481,23,0,9
2025-09-23 00:00:00,31.20968371857174,19.96186741513673,172.95862646085405,1.13441325438119,0.0,8.977986428829656,25.257181737436646,0.2232037010734505,1,9.715833793238852,0.21953057296954023,0.3995816309390306,0,1,9
2025-09-23 01:00:00,25.42635437698041,19.65575728521789,146.09876972538575,0.6218313199704874,0.0,10.312590938286853,22.95245488418559,0.2492121630834875,1,6.573370417755779,0.11830353800194311,0.24132307495419178,1,1,9
2025-09-23 02:00:00,36.47319490679083,29.331278293605568,140.18891796067953,1.492532253041315,0.0,8.533069112196745,20.92827764248938,0.15453142972497186,1,8.442441950611586,0.3116591030310127,0.2065021667275362,2,1,9
2025-09-23 03:00:00,41.076920633039855,32.29573926687395,157.8578517005401,1.3685481851789059,0.0,9.478471309613735,22.09651767202723,0.17301881219534498,1,6.959135613762912,0.3922392459809915,0.31060770857764164,3,1,9
2025-09-23 04:00:00,30.485882278008805,23.406669470276697,157.05956041730525,1.5205353825086305,0.0,9.201748261752575,18.35912878463212,0.17102076368531005,1,5.17337282351162,0.20686169845005783,0.3059041680120956,4,1,9
2025-09-23 05:00:00,33.489535499765964,33.72219920198281,118.08699675764885,2.9447248778165678,0.0,10.416883603288955,21.81118319506651,0.23328561800876513,1,4.771964146698775,0.25943537906733455,0.07627741651643484,5,1,9
2025-09-23 06:00:00,46.51922971294203,32.1951766537051,178.02489127179444,2.3796503165479206,0.0,11.005005957729812,24.144798610240773,1.439792887994492,1,5.3483908035841,0.48749731948785874,0.42943211603702014,6,1,9
2025-09-23 07:00:00,43.73707262180796,42.11576499796052,161.80524626813286,3.0257373711535136,0.10020680804532985,13.948774294541757,21.844675475128277,1.5188492003412104,1,11.659907653820657,0.4388005400870709,0.333865798534045,7,1,9
2025-09-23 08:00:00,51.426696602375415,41.45624956977095,219.68084520276633,3.540880104647438,0.19127308487962727,12.9674360385834,21.225813045173716,1.476864251469264,0,0.0,0.5733939186744976,0.6748694309941523,8,1,9
2025-09-23 09:00:00,59.39126090762817,48.659959193619734,235.16208635964756,2.4916659017410585,0.27646568311358827,14.400547208422152,20.951953593896974,0.23536812868816237,0,0.0,0.7127996453432914,0.7660850653316882,9,1,9
2025-09-23 10:00:00,51.711548218962726,40.677209243161585,194.873881812455,3.996389338556045,0.33665413182950327,14.36171617170559,24.02974217792742,0.19997198010875095,0,0.0,0.5783797465341515,0.5287065440069227,10,1,9
2025-09-23 11:00:00,52.818939443245014,47.91104241338789,257.1055677478175,3.6970489768201205,0.3767091795273509,13.762066657954563,23.805868336060474,0.21678459916490458,0,0.0,0.597762687321748,0.8953762865013908,11,1,9
2025-09-23 12:00:00,56.60309257810495,58.424809620769224,194.33817769895788,4.278339586654201,0.3903267593174499,14.954804005084014,23.62573739340217,0.15194835187201808,0,0.0,0.6639976497594582,0.5255501697837779,12,1,9
2025-09-23 13:00:00,44.973362876035594,42.19175161273489,238.60345025640257,4.345610926012043,0.37247515061632325,15.609334129889623,18.22179946521671,0.21524544445671154,0,0.0,0.46043963227827667,0.786361617298536,13,1,9
2025-09-23 14:00:00,40.32767398997229,45.36703403872064,173.25601822203595,3.0264570049516006,0.33099990840305515,13.49211794209991,21.973160291601822,0.17409517149509665,0,0.0,0.37912499782781856,0.4013338662971696,14,1,9
2025-09-23 15:00:00,48.78383314036806,41.597821650516934,179.82779528042022,2.5733005254769035,0.2693490441459807,15.021580980419138,23.525669082921656,0.23668686059134175,0,0.0,0.5271352299017101,0.4400548452568533,15,1,9
2025-09-23 16:00:00,46.023985516467704,50.48391587497586,253.76212120131393,3.223388216258903,0.1864916518699845,12.73077257167733,21.203476624022105,0.2251554188554656,0,0.0,0.47882893858942427,0.8756766645833248,16,1,9
2025-09-23 17:00:00,55.36040325688248,45.07936151128527,249.29378207438688,3.966005830644397,0.09710279834185143,12.363311279086272,23.37893138897165,0.16092868997121101,0,0.0,0.642246553125796,0.8493491638508195,17,1,9
2025-09-23 18:00:00,50.412352962175234,45.05172845620346,203.26111919697448,2.2075064270527274,4.502753529660639e-17,12.589864704709486,24.132634832764893,0.16034716035886723,1,14.008454398647373,0.5556396126215328,0.5781242341401447,18,1,9
2025-09-23 19:00:00,35.96003036931983,22.5730912711744,175.10297645657025,3.089832472008331,0.0,10.60863074165329,17.171632215661415,0.17929982873665726,1,11.116083650184684,0.30267705799941946,0.4122161634754613,19,1,9
2025-09-23 20:00:00,59.2192953960053,36.63553461152279,175.59215385875555,2.3292382511758642,0.0,10.575440292114955,18.575494407599763,0.16257635951263052,1,7.439636247240112,0.7097896907254416,0.41509840183036784,20,1,9
2025-09-23 21:00:00,42.324160652813745,23.233638303700157,201.00012507237966,1.288416134828777,0.0,9.591194610628895,21.692288686869663,0.22403279022224273,1,11.150581738976731,0.41406999460992894,0.564802433179975,21,1,9
2025-09-23 22:00:00,43.14987532279037,27.000842808520602,136.87947380967344,1.7975595832541658,0.0,9.547836885608827,18.567913258347044,0.2486816497124135,1,9.506749508458645,0.428522681433395,0.18700288727832426,22,1,9
2025-09-23 23:00:00,29.56694950574826,15.639164711949885,136.15502257907917,1.3966017514351874,0.0,6.727366775718389,25.47657720854362,0.2155256732650206,1,5.797416767775644,0.1907773922699616,0.18273441307295393,23,1,9
2025-09-24 00:00:00,34.92035124002499,27.353504241402934,166.10483128349819,1.4368039999172697,0.0,7.165538782804855,17.788409519285167,0.17490466954662676,1,8.391593380681503,0.2844792986535457,0.35919899828143015,0,2,9
2025-09-24 01:00:00,30.751827386620324,25.509308303259708,172.1284570968107,0.7540623555531967,0.0,9.702746336635593,19.618107143453376,0.20642723917205924,1,8.282176607928195,0.21151660105352466,0.39469026438893046,1,2,9
2025-09-24 02:00:00,27.497891060720498,21.042647182612463,111.5049138010853,1.5010780424083097,0.0,10.412997194219795,26.502004464786737,0.230564912860913,1,9.392925247220186,0.15456215374661011,0.03749571509720702,2,2,9
2025-09-24 03:00:00,44.03102757067519,26.571229033000332,162.8340438463949,1.5151000270302304,0.0,8.931419127812713,18.03501630059159,0.24622074444882092,1,9.030054473010942,0.44394570580915543,0.3399274845936528,3,2,9
2025-09-24 04:00:00,34.88719915579206,29.243013665619138,155.90247469074748,1.6992250730384482,0.0,10.208530987712031,20.884517345236628,0.15050717376497402,1,5.6837840775191,0.28389902957466734,0.29908660684491734,4,2,9
2025-09-24 05:00:00,36.455234499942826,26.092818699772433,131.29263308625954,2.558496942263425,0.0,11.460153617942577,19.48270892821344,0.20236902913519936,1,6.217136510077347,0.31134473761541026,0.1540851634753808,5,2,9
2025-09-24 06:00:00,53.7506383706717,39.09026636867172,180.46537573318145,3.085702694728867,0.0,12.624440263447264,24.830341298404466,1.4649107092081748,1,6.183661605258592,0.6140704426535483,0.4438114759333271,6,2,9
2025-09-24 07:00:00,47.47090103817654,36.73362233796652,188.97990367970567,3.824921751119332,0.09264524583978848,10.669332693329437,19.3792141185158,1.435869544743893,1,8.6624179242256,0.5041546566075646,0.4939791633852902,7,2,9
2025-09-24 08:00:00,47.09006741296249,37.0829279842193,147.78268303944702,3.2224624100277484,0.17912364231148997,12.523841762569866,17.80471394299418,1.502878279743154,0,0.0,0.4974888320592134,0.2512447097607944,8,2,9
2025-09-24 09:00:00,52.40667327417441,39.95415472946102,190.56700930171954,3.56147708327381,0.2485506117196253,13.687951170557081,25.978040456369573,0.1903506021817652,0,0.0,0.590546691232377,0.5033304062608213,9,2,9
2025-09-24 10:00:00,59.0813078053628,49.93768606275518,225.82910828506658,3.442959449926475,0.3025896551626721,15.189753835667773,19.309900246929242,0.18440155024278063,0,0.0,0.7073744600100456,0.7110950611902684,10,2,9
2025-09-24 11:00:00,66.14314179876786,46.41479843750008,176.16101786754476,3.1966063515787018,0.3401115521071872,17.27407163832136,23.683400809744164,0.16148077613247158,0,0.0,0.8309794761458004,0.4184501545023709,11,2,9
2025-09-24 12:00:00,71.04312089297133,60.52785034943919,210.64504675671907,2.7717188880469954,0.3535407126424088,14.639183231492117,18.800961115128658,0.19998456027793812,0,0.0,0.9167450146120826,0.6216304123230961,12,2,9
2025-09-24 13:00:00,57.64624068198227,36.684114218344426,177.17701542401787,3.5632076927600775,0.34127839617719014,13.347313297040168,17.516494906807775,0.23210514152415884,0,0.0,0.6822561274200986,0.42443642270011733,13,2,9
2025-09-24 14:00:00,38.49887463177094,41.65230977775818,198.7518416444983,3.4771573927504513,0.3047328858375335,14.8461809357055,23.88752639411704,0.16047323314945816,0,0.0,0.34711507315518547,0.5515555237773906,14,2,9
2025-09-24 15:00:00,66.54250781466683,41.679416610101775,187.8031880395862,3.2141300624128037,0.24513776874056561,15.277475197515672,16.05862022370544,0.22384913599537076,0,0.0,0.8379696776834412,0.487045942562702,15,2,9
2025-09-24 16:00:00,44.853280238741306,52.68312681799412,215.1852520480053,4.100887187668451,0.17025134057032448,13.432494658543353,18.83908124056405,0.17677661185042864,0,0.0,0.4583377963622461,0.6483813492454393,16,2,9
2025-09-24 17:00:00,64.56035210749677,46.749786154091574,170.91966998664978,3.0283167355450074,0.08833038506867492,11.683609662244843,23.390260067417188,0.18812433159752381,0,0.0,0.8032755191408955,0.387568078130411,17,2,9
2025-09-24 18:00:00,37.623620067101896,30.311858799704673,188.3150755392513,2.636746470886296,4.262449227996729e-17,12.761114614970841,20.624409596333944,0.24880847028325143,1,10.716193003011755,0.3317952773783599,0.49006198904878456,18,2,9
2025-09-24 19:00:00,36.79360722201552,26.27006279442852,168.95358080810547,2.9734724343484937,0.0,11.679527830447018,22.461783609488254,0.21752114228161937,1,12.891496614000896,0.31726735853948657,0.37598386018769325,19,2,9
2025-09-24 20:00:00,54.487139946634336,30.840815631282155,202.14440227862792,1.912161335439669,0.0,9.25567625468898,16.112351714649595,0.2219112319708299,1,7.218923773533141,0.6269616107645357,0.5715445264119201,20,2,9
2025-09-24 21:00:00,38.92216956826223,21.123029578829136,186.5839509777056,1.441711407551918,0.0,10.03117920784401,23.225290929890797,0.21023909361745374,1,9.478019797985441,0.3545241084715142,0.47986218507967626,21,2,9
2025-09-24 22:00:00,33.27098006812039,26.610888911415053,127.59444237324982,1.901050235091847,0.0,10.159579214013284,17.346381708092544,0.18223634970427358,1,12.348274759878322,0.2556099496278523,0.13229538522892373,22,2,9
2025-09-24 23:00:00,27.10848376661674,16.48174851840979,186.1160480160044,1.8475755138232046,0.0,10.033817439588493,24.092008236037447,0.2175115883306331,1,5.502719565649721,0.14774626216433476,0.4771052959499559,23,2,9
2025-09-25 00:00:00,33.802220163290514,30.120000852614528,163.14241401724118,1.6132746649215028,0.0,8.672570018623054,21.67383456208181,0.19572683222446335,1,10.09054247844373,0.2649083755886984,0.34174440485601915,0,3,9
2025-09-25 01:00:00,26.022242250779826,17.899625894491784,149.55909958562512,0.9888352213658594,0.0,8.472475292266301,23.656083520348247,0.2332082802875348,1,6.759091442077239,0.12873350992210753,0.2617113745756698,1,3,9
2025-09-25 02:00:00,36.21883215229906,28.21347598288006,138.43910463492793,1.613348730231455,0.0,10.346842162263457,18.19884734734946,0.20710571599554514,1,9.937105829169594,0.3072069292185651,0.19619224836483692,2,3,9
2025-09-25 03:00:00,33.765197897499746,29.05596641763525,118.59804585435332,1.2358130923137367,0.0,8.375475155558403,20.23703487481643,0.22712360010970434,1,8.937778457002779,0.26426036577074974,0.07928852312353027,3,3,9
2025-09-25 04:00:00,36.445032041348156,21.2184624849433,178.93807031693692,1.969873489562788,0.0,10.634845865423555,24.670140621572923,0.234850810809932,1,4.21500305178464,0.3111661614749351,0.43481257649379634,4,3,9
2025-09-25 05:00:00,27.30349443832601,34.62137114416172,114.38291623851248,2.749955865653939,0.0,9.539092511571907,25.89561177098775,0.23211196403641168,1,7.044306002925081,0.15115958188351525,0.05445293547085961,5,3,9
2025-09-25 06:00:00,50.20904099178867,46.52594540382757,175.39849073839022,2.268488837560324,0.0,12.740261379084805,18.560651099441518,1.4265804492885708,1,5.456531199827291,0.5520809932312027,0.4139573367056211,6,3,9
2025-09-25 07:00:00,46.42138491965045,45.47751895696492,170.27869274497732,3.164308637504507,0.08803417931791369,12.182604697441736,24.634445471186154,1.401567431870349,1,10.864394987476912,0.4857847180213134,0.3837914335382499,7,3,9
2025-09-25 08:00:00,41.95363929525845,42.31810731220987,216.23237010221166,2.8298431721387654,0.174184838194659,14.422083428151106,17.238091784778433,1.7768006658931808,0,0.0,0.4075846682170918,0.6545509797403601,8,3,9
2025-09-25 09:00:00,55.646440646307745,57.494967212312254,178.99796062132006,3.8209047876030247,0.2495643344326398,14.255539556518816,20.56078843032597,0.16431001586402683,0,0.0,0.6472531358588872,0.43516545079176877,9,3,9
2025-09-25 10:00:00,57.16130633770751,48.261050894449255,201.86444189679506,3.228588857461461,0.29981559622302795,13.006967856836503,25.91139645670493,0.1779403780401837,0,0.0,0.6737682023988023,0.5698949969226832,10,3,9
2025-09-25 11:00:00,68.61177568527648,37.19684022330033,233.52201306707823,3.806107592350947,0.3344248679456476,15.943821665775044,25.832145072311537,0.16210095376734213,0,0.0,0.8741885818342279,0.7564217363888881,11,3,9
2025-09-25 12:00:00,70.80698932054696,41.39662608171462,166.0856277103105,3.742579186064428,0.34645573799427104,16.16196546639017,18.865163121413985,0.15420913281735882,0,0.0,0.9126119456604571,0.3590858506279499,12,3,9
2025-09-25 13:00:00,55.90942381564031,43.845544065109074,169.9329273249118,3.6344840767970683,0.33433608185538133,15.380087087909699,17.66605121127699,0.21158610572350287,0,0.0,0.6518561949111308,0.3817541800775192,13,3,9
2025-09-25 14:00:00,50.329381593227325,44.809181579984426,188.28400237217215,3.937052530723062,0.29832611601968967,13.42581355609394,17.113421093559165,0.24007805446071684,0,0.0,0.554187344357058,0.48987890562431763,14,3,9
2025-09-25 15:00:00,52.20325665179326,53.254521213677684,179.98469304299266,3.6782719599817364,0.24583641354760466,13.393932874667987,20.449017581373926,0.1629416006519689,0,0.0,0.5869862400924629,0.4409792885100885,15,3,9
2025-09-25 16:00:00,38.72889874413905,34.81470588528748,161.67227840889618,2.6441976340284197,0.17557401763876979,13.213354166420235,16.372111931199477,0.2295709025573487,0,0.0,0.35114124173227546,0.3330823505208095,16,3,9
2025-09-25 17:00:00,50.261834312356115,56.52932500929852,221.09269398158543,2.8922457738696448,0.09177661049646305,11.629973341905032,19.048561471031146,0.18793399100804814,0,0.0,0.5530050476973221,0.6831880587219696,17,3,9
2025-09-25 18:00:00,52.066063633626776,37.15316259258019,229.59379674560077,1.8681348548345673,4.3508326213067027e-17,13.238872034174644,15.54936394510022,0.2118138915143445,1,10.610210718635612,0.5845849169744148,0.7332766448585902,18,3,9
2025-09-25 19:00:00,35.73851586813705,31.853594536855628,233.85931090784882,2.388193558199939,0.0,10.903692858287824,18.048818146803843,0.22637417273520244,1,10.70648633642421,0.298799835238509,0.7584090987841114,19,3,9
2025-09-25 20:00:00,47.51543240383916,29.904631145740957,174.68102859047264,2.1713182061398415,0.0,7.321772744800893,24.683232276615517,0.22100796140678752,1,8.95613969978689,0.5049341000462543,0.40973004224826526,20,3,9
2025-09-25 21:00:00,32.22179989713938,34.024536512075635,150.9623472154349,1.4370034614092995,0.0,9.732452746529061,20.09909272380806,0.1636703952000883,1,12.210350256582364,0.23724589121405612,0.2699793242438299,21,3,9
2025-09-25 22:00:00,30.808737289886526,27.092557003036486,189.11219590227978,1.2296016493585955,0.0,8.557479375479339,16.32760899947862,0.16153858071342492,1,10.644397476005722,0.21251270907844744,0.49475863054026414,22,3,9
2025-09-25 23:00:00,19.434275056099583,18.511462414168772,177.84084444309076,1.5283109451010213,0.0,8.52030388138241,22.402875710683162,0.24241933713001151,1,6.511764999737066,0.013422700837563493,0.4283477102030243,23,3,9
2025-09-26 00:00:00,34.87214561680529,29.872831063720387,154.4325249894836,1.173885403053196,0.0,8.113682715207375,25.78415238725723,0.15794711500341463,1,11.320209264590735,0.28363554378172773,0.2904256478761683,0,4,9
2025-09-26 01:00:00,28.547669909067615,26.017855854841823,125.32880447209656,0.8164949192987848,0.0,9.380864420772905,20.74282188210932,0.17183996923129324,1,6.442500407261704,0.1729366909574959,0.11894622308884562,1,4,9
2025-09-26 02:00:00,35.537620361986,21.15843554274338,168.59623164341542,1.6964069682464427,0.0,9.982499695196596,22.570558517894444,0.19383474359423136,1,6.548144687813884,0.2952835118156431,0.3738783551828375,2,4,9
2025-09-26 03:00:00,40.553709498495984,38.89814789265158,118.63189634248644,1.394889954418731,0.0,9.611912840090447,25.83158579147756,0.23210111007883968,1,6.7064434909267865,0.3830813528914489,0.07948797055260969,3,4,9
2025-09-26 04:00:00,38.18683319469749,27.535036550764957,112.19144359556253,1.3833829179002826,0.0,9.60015998158932,20.566041164278086,0.21026259569318648,1,5.743118445664769,0.3416533351844958,0.04154075580552417,4,4,9
2025-09-26 05:00:00,40.888860657827706,21.293181818265705,174.21655836690806,2.727194202917992,0.0,10.610967235395455,23.250869035403085,0.20711833761535883,1,5.008271412512248,0.3889475860110325,0.406993378847443,5,4,9
2025-09-26 06:00:00,55.66626790289784,35.15533311400646,165.0927248347567,3.3126727851643927,0.0,11.437650863835339,20.862570948489406,1.643966130731788,1,6.316666640070021,0.6476001772043842,0.35323565653101563,6,4,9
2025-09-26 07:00:00,48.818591270698235,40.83203688618644,148.14172088608927,2.744644879883533,0.08792306821610685,11.381367284915509,26.446934228002917,1.7266189042393973,1,7.46224540229068,0.5277436100001834,0.25336016449732235,7,4,9
2025-09-26 08:00:00,43.135104391086536,40.11663567508629,195.38060960881916,2.7353701692332,0.16798172964326866,13.475557056237767,21.473752282791867,1.299391862780077,0,0.0,0.42826414218519154,0.5316921894673496,8,4,9
2025-09-26 09:00:00,67.17842415804812,50.80128513258917,215.7378752673754,2.5751975031039245,0.23623885060211813,13.96727857477233,25.471083229834445,0.15189013829758036,0,0.0,0.8491002777454137,0.6516374110168229,9,4,9
2025-09-26 10:00:00,41.413139853174705,39.43066058098157,234.45459513422935,3.1432078495521676,0.28559713328351716,15.513720145169241,21.32648404597817,0.1627197175199957,0,0.0,0.3981241736313342,0.7619165196536772,10,4,9
2025-09-26 11:00:00,45.993882406258294,54.2592241829741,185.5944092535845,4.479337176380894,0.32136411336993265,15.517616032395438,22.908358773187437,0.1665163963505888,0,0.0,0.4783020364522959,0.4740317949220341,11,4,9
2025-09-26 12:00:00,58.25858351048078,62.05303987368988,163.72682038225426,3.316552879196452,0.3329660438043614,13.668099232875484,19.804485615510906,0.15400230382144248,0,0.0,0.6929741144568735,0.3451877332529718,12,4,9
2025-09-26 13:00:00,53.307246040286465,43.20589494231576,219.73446196456757,3.7920380492496184,0.3222146319505397,15.061134684605065,25.22790087716215,0.22475180365504485,0,0.0,0.6063096377120956,0.6751853415138106,13,4,9
2025-09-26 14:00:00,38.35677682871884,50.281414136224676,259.16864579434326,3.9228604253643833,0.2920642194297649,12.979465649301556,22.274524775004586,0.2384924682240663,0,0.0,0.34462790038172286,0.9075319638656729,14,4,9
2025-09-26 15:00:00,61.2299441282689,54.78970180365433,186.69649508055122,3.323967398977104,0.23661738705435859,14.138878569919493,15.690394384960134,0.2210649858553887,0,0.0,0.744982569689585,0.48052529610727296,15,4,9
2025-09-26 16:00:00,52.02653767839892,37.25672164673048,206.17616185222954,3.265935437572972,0.16850575538172202,12.294294551111358,15.586086382098836,0.16886232234449905,0,0.0,0.5838930844648594,0.5952996958635012,16,4,9
2025-09-26 17:00:00,53.65766628504105,53.14840311154214,182.91740640554372,3.0033015663272753,0.08904963438939537,11.053394611847157,22.32435742623267,0.21064448042607997,0,0.0,0.6124431293868695,0.45825886622510636,17,4,9
2025-09-26 18:00:00,42.64596748169024,44.435483425484634,151.33626514239097,2.0948985103188806,4.172544067447637e-17,11.569517323759083,16.546255838243948,0.20206036784946166,1,12.397170898375359,0.41970265863361206,0.2721824525687391,18,4,9
2025-09-26 19:00:00,38.308135689849294,24.26718047714526,228.2828430058383,2.8094324974651808,0.0,7.827728335365531,22.73456372296621,0.23199634372246503,1,10.883460250502992,0.34377652257243896,0.7255524917530461,19,4,9
2025-09-26 20:00:00,40.25340108849908,48.294250814700355,147.15479040380924,1.6192706152430763,0.0,8.017056984320636,18.736697983381664,0.244229874009129,1,8.250547637892575,0.3778249809775756,0.24754515980383823,20,4,9
2025-09-26 21:00:00,29.25532264883538,21.083997056251118,192.2753904104333,1.1382059858754128,0.0,8.958499638938646,21.04822313729288,0.22429348496117596,1,12.239715479420257,0.18532291079772328,0.5133962055686709,21,4,9
2025-09-26 22:00:00,31.077984808689543,26.56157173416028,147.72825854333286,1.2591391078049812,0.0,8.730956082263896,17.371895720661172,0.20125386178964844,1,10.44597637204515,0.21722541457920527,0.2509240400621412,22,4,9
2025-09-26 23:00:00,27.492733360321655,20.400232567376538,134.85115314998887,1.5706191705435928,0.0,7.968772297346564,18.222340018648694,0.20110482583854436,1,6.212379641648017,0.15447187724880265,0.1750520007997669,23,4,9
2025-09-27 00:00:00,34.451198757031705,28.000950109378113,177.41273924377734,1.4922679960933338,0.0,6.645709631238744,20.33763638911795,0.23077868670798943,1,12.746026141170022,0.2762676074293297,0.4258253099043109,0,5,9
2025-09-27 01:00:00,29.017394451125014,23.932897492072033,152.47405987265165,0.9586728337895237,0.0,7.498753362246877,22.87763127051327,0.16225143524038532,1,8.604695598691544,0.18115839507211917,0.2788863509845649,1,5,9
2025-09-27 02:00:00,34.95645569283794,24.959562495844406,153.0845863345033,1.9417462543584654,0.0,8.996831927660757,17.592148639274328,0.1653313762635061,1,9.89157184293325,0.28511124376535163,0.2824835792644756,2,5,9
2025-09-27 03:00:00,40.798810741360654,34.41593058982149,159.71562041316534,1.713720890293754,0.0,9.653435748115358,19.018362271891775,0.18435127442683144,1,9.461009907568501,0.38737142018947285,0.3215537012055788,3,5,9
2025-09-27 04:00:00,30.017343915205856,27.083357128355306,133.79809952865455,1.3965485246867018,0.0,9.66602609898284,18.292673420690065,0.22471389965183813,1,5.386940651256081,0.19866075632247973,0.1688473978814308,4,5,9
2025-09-27 05:00:00,29.017240324967982,27.96106788326155,156.54518029474366,2.1091756162440034,0.0,11.551900149619877,25.37862227568493,0.15659766761681532,1,6.5793161529014865,0.18115569736410952,0.30287343496591346,5,5,9
2025-09-27 06:00:00,58.7376799465363,42.34548583089355,141.61786752375087,2.2923700634515476,0.0,11.558194211960833,23.091069804721798,1.383242741864167,1,4.722909989081349,0.7013598571356918,0.21492155245449787,6,5,9
2025-09-27 07:00:00,51.2768654867304,50.08258299708481,198.02426027715993,2.4960007568642553,0.09197372025724602,11.179071757278553,21.144560454802498,1.363905342184745,1,7.951198416385675,0.5707713878299273,0.5472686067736823,7,5,9
2025-09-27 08:00:00,51.13600680124462,34.917333938890444,188.93766413687942,2.94469398443982,0.17555462580394238,12.35884071827891,26.22268078091227,1.4893032071362806,0,0.0,0.5683059036357944,0.4937302875584763,8,5,9
2025-09-27 09:00:00,54.2188931887707,46.690634335627095,165.93115214252416,3.917861654353366,0.24877852084567964,11.847068867658718,23.871418085384473,0.19637165095908019,0,0.0,0.6222664218284799,0.3581756789716536,9,5,9
2025-09-27 10:00:00,60.123375886729356,34.77955231895847,239.97584063217784,3.9739553399767518,0.3074716294872543,13.607823231258076,25.84240245784936,0.2214405187729181,0,0.0,0.7256140337712181,0.7944477557041396,10,5,9
2025-09-27 11:00:00,58.013364332278485,50.793245123403615,216.70312154167368,4.545825425622521,0.3424716344529038,15.117034862265871,22.160450334115254,0.21255610749713705,0,0.0,0.6886819829076475,0.6573246521307519,11,5,9
2025-09-27 12:00:00,47.156853115477574,44.84935608579856,214.1076872360826,3.570644773239158,0.3520879880396432,14.781717033182131,17.1995975685577,0.24027699842867556,0,0.0,0.4986577986257914,0.6420323261365493,12,5,9
2025-09-27 13:00:00,60.27059746022593,40.08945170199015,167.74790657596935,3.5589491687057353,0.3429613034621383,15.385483373483558,22.701224126079772,0.16806564341914854,0,0.0,0.7281908891581573,0.36888001503895756,13,5,9
2025-09-27 14:00:00,45.91866451923074,35.51763785957938,265.07822056766736,3.9089086774991832,0.3065281319670834,13.370156597930716,17.652970791814838,0.19320809451563534,0,0.0,0.4769854792876244,0.9423512400562165,14,5,9
2025-09-27 15:00:00,45.188541260006396,36.08931781706089,268.0789466154188,3.321466232682613,0.24755845903946933,14.531654277102158,19.05634598525482,0.1900095608904002,0,0.0,0.46420595242225277,0.9600315492216835,15,5,9
2025-09-27 16:00:00,40.131738531046985,42.91779777759789,221.35913269577162,3.2757810085310886,0.17247355307442275,12.360197873726175,20.66589325938978,0.1612518493602268,0,0.0,0.37569549133068963,0.684757918404426,16,5,9
2025-09-27 17:00:00,60.03097685288515,44.504660026876905,202.29748912303566,2.9481256519084003,0.08660603215466663,13.290811737214126,17.002119660226274,0.16648276349647198,0,0.0,0.7239967507708097,0.5724465156955879,17,5,9
2025-09-27 18:00:00,48.86436481722779,34.87073080554072,185.95650660046903,1.974201170726483,4.174727786282495e-17,11.010179654592708,15.588009174206846,0.18366306077306294,1,14.257529459756805,0.5285447956359064,0.47616527626589455,18,5,9
2025-09-27 19:00:00,41.735405027269834,25.322266872453714,168.27640823895155,2.8901772963763155,0.0,10.952076992288388,18.743194994599648,0.22348023260393868,1,11.031516193882458,0.4037648601840371,0.37199395234855986,19,5,9
2025-09-27 20:00:00,58.516728884865095,47.68064433239645,186.70764040237853,1.6764106459770571,0.0,10.985680944440382,23.902086449816903,0.16501612311119165,1,7.678401189388404,0.6974924963950417,0.48059096445970495,20,5,9
2025-09-27 21:00:00,33.62406287416341,20.786944325225104,138.10091463216352,1.4688819947763552,0.0,8.685085914430827,15.643605731025714,0.17653184072501593,1,8.592406634834427,0.26179004476729656,0.19419962934184232,21,5,9
2025-09-27 22:00:00,35.79264659727928,31.41342843416274,193.53388865961122,1.676896678166247,0.0,8.609411454828857,16.697877056894114,0.21764203281364858,1,9.26237767347198,0.29974729869563843,0.5208112903766754,22,5,9
2025-09-27 23:00:00,26.372754262861164,20.068365870067858,127.13465065181319,2.0222509603148,0.0,9.369448908192428,24.072711502932865,0.20966540338221884,1,6.42777517469987,0.13486860782295743,0.1295862876114276,23,5,9
2025-09-28 00:00:00,40.90485892850231,20.441331960991533,163.20276301642943,1.110783183561605,0.0,7.834623577809686,18.96144288097525,0.16043938625951484,1,11.706715819431134,0.3892276076749126,0.3420999817885666,0,6,9
2025-09-28 01:00:00,26.55873522317502,21.121782803697837,127.71350822244256,0.6133211707140797,0.0,6.73822026244795,25.759005925443823,0.24437050435188273,1,10.490203648915177,0.13812387828414435,0.1329969224540076,1,6,9
2025-09-28 02:00:00,41.45004282842967,30.61106616934255,120.82497543750748,1.7184747792640955,0.0,10.491083656852545,19.977594019293168,0.1648028925816912,1,10.104973764664768,0.39877009547771397,0.09240961545030034,2,6,9
2025-09-28 03:00:00,32.66535790672016,34.299671534561185,145.45324639266872,1.5009208820285005,0.0,8.344330308766757,24.521394986045067,0.15614071985230296,1,8.440257171649135,0.24500959607919134,0.23751964474618856,3,6,9
2025-09-28 04:00:00,37.6080429410565,20.03462892219513,164.62813277573787,1.4263789653122754,0.0,9.583432989409728,18.84808250386538,0.18042534234221239,1,5.608938348144662,0.33152262711243924,0.3504982752744264,4,6,9
2025-09-28 05:00:00,38.74314209000626,27.44381602892694,168.9154882341395,2.9448262836774064,0.0,11.293487818715185,16.776381285735468,0.1526467547168558,1,5.818748398590675,0.3513905465159035,0.3757594183446495,5,6,9
2025-09-28 06:00:00,56.779914474501126,39.7695824167897,138.7005080717766,3.2185504500558086,0.0,10.294705256755282,25.601710721428198,1.148042842332429,1,5.04924187045241,0.6670926068736605,0.19773244014071173,6,6,9
2025-09-28 07:00:00,37.32834140481219,49.14117982485917,155.26983411717012,3.2112682695613626,0.08947232842231813,10.661048793827748,26.072760082793135,1.5590491466409295,1,10.80089167370702,0.3266269423748824,0.2953590819881088,7,6,9
2025-09-28 08:00:00,36.719095982207996,46.53700936035788,213.19489647003385,3.1360589649326776,0.17198821685412188,12.635456820637073,23.663114008363394,1.7947130751456843,0,0.0,0.31596316999479623,0.6366541534242424,8,6,9
2025-09-28 09:00:00,43.333649740139435,36.51424985360772,211.6002934661945,2.6941832457461525,0.24241742451156595,11.199222968021322,24.237007235714078,0.19025443948778287,0,0.0,0.4317393302307164,0.6272587358968115,9,6,9
2025-09-28 10:00:00,55.7663953216273,41.824496445484975,221.2693905352562,4.4795380101441165,0.29528236112040424,13.170408207287352,16.013230963476445,0.18021424859296784,0,0.0,0.6493527320250221,0.6842291566588217,10,6,9
2025-09-28 11:00:00,58.526532207046934,41.760532387351574,184.21755236486194,4.932539919859828,0.3244861638422943,13.992312823853883,23.81098004809554,0.24146272546002892,0,0.0,0.6976640863527782,0.4659193397755673,11,6,9
2025-09-28 12:00:00,73.02371792253594,66.02991089534605,245.9790668112877,3.8202022320645432,0.33103702943943414,13.568802954683886,20.708062062332683,0.15614613010772868,0,0.0,0.951411891237388,0.829818826954187,12,6,9
2025-09-28 13:00:00,49.61666310143486,41.67250570047154,203.15947648178712,3.9066632317237255,0.3178316162587315,12.182339126522468,20.37794493326256,0.19733125809791177,0,0.0,0.5417124574140161,0.5775253542023121,13,6,9
2025-09-28 14:00:00,39.87885738790948,49.424473999586404,209.1529572175241,3.535212973229843,0.2821407139103472,15.009524071751462,21.16572542488062,0.1752602341153689,0,0.0,0.37126925052594534,0.6128390051983789,14,6,9
2025-09-28 15:00:00,47.16501305541011,45.623678008953256,195.4135264487696,3.2374888803918163,0.22989584116117048,13.03138529460288,18.284598581503104,0.18817111487035929,0,0.0,0.49880062406008646,0.5318861358316005,15,6,9
2025-09-28 16:00:00,38.11085156700517,48.10074331024866,174.00842510121797,3.241005456216639,0.16396125924257182,13.726935392829848,22.58551940488766,0.19107939216475306,0,0.0,0.34032341007924677,0.40576705547554553,16,6,9
2025-09-28 17:00:00,61.55238495112692,41.308187027995146,199.99388688844832,3.2828918413154975,0.08452206188776192,11.301460228771894,18.420081740061548,0.2045137620901005,0,0.0,0.7506263306657579,0.5588736673070172,17,6,9
2025-09-28 18:00:00,51.339346498140294,43.68530371009726,151.69395019223685,2.2091515973288596,4.0079069097749674e-17,9.894283026658144,21.10071803916565,0.19532509561550718,1,8.93574217832107,0.5718650083300282,0.2742899366124356,18,6,9
2025-09-28 19:00:00,47.384033127310296,28.97270389696894,186.1564579579495,2.424289993963231,0.0,10.256274059656917,16.792448331004906,0.24880494294094652,1,13.2669604715932,0.5026341862121505,0.4773433917492985,19,6,9
2025-09-28 20:00:00,46.319046144020895,44.88513814380533,200.25057942928376,1.9443228462456652,0.0,9.037018021926825,22.36737647993548,0.15255111902488877,1,10.552735179080395,0.4839934572773172,0.560386102434456,20,6,9
2025-09-28 21:00:00,27.629290622446423,24.275287121432726,208.7292993563853,1.3034970903264167,0.0,7.442977832961003,17.442249866978095,0.22576588681623436,1,13.491020103612456,0.15686207257258816,0.6103428086625681,21,6,9
2025-09-28 22:00:00,30.124485849356386,28.813432338452223,126.28905156528268,1.7941351065083273,0.0,9.603021786442817,17.33054510213639,0.15509953082161607,1,12.388971547208808,0.2005360879306512,0.1246040089755291,22,6,9
2025-09-28 23:00:00,25.977980679133506,17.092128852155565,135.1249086520535,1.720900906112517,0.0,7.200519765513091,15.906344826740778,0.19310702961600978,1,6.079209370122482,0.12795878875439862,0.17666497107270376,23,6,9
2025-09-29 00:00:00,40.615514337338155,18.722077156581502,144.9324316616308,1.4393659655544329,0.0,5.8695544400409165,17.028750645583052,0.17018468474244608,1,12.275679699836228,0.3841631381768986,0.23445099891976265,0,0,9
2025-09-29 01:00:00,23.499384102581388,20.487936832819585,118.06549819170847,0.6723536757778329,0.0,9.129462392314737,18.304093117429886,0.2445302300541623,1,9.668815877628678,0.08457530365338062,0.07615074674172319,1,0,9
2025-09-29 02:00:00,27.36368415534411,25.21379193974197,113.17799654534133,1.5384939877769566,0.0,7.585952222800958,18.299536957325152,0.22224903927904185,1,7.612478910656648,0.15221309729469268,0.04735353607357401,2,0,9
2025-09-29 03:00:00,43.62209473979579,26.428570884267284,137.99273990682093,1.7367379675777532,0.0,7.948434492418189,19.513639722778397,0.1962847162328235,1,8.484378099191302,0.43678805395745623,0.1935622627320581,3,0,9
2025-09-29 04:00:00,36.00016058753308,20.730648107459665,151.226437671289,1.649855529361006,0.0,7.401443071603172,16.65791341633836,0.24522421173730324,1,4.673130717505664,0.3033794670725317,0.2715353479637055,4,0,9
2025-09-29 05:00:00,31.797348584214586,27.545039685475384,176.00600304512548,2.441427875747728,0.0,11.62056659690344,26.15763435901339,0.22212946202659195,1,4.989895300601179,0.22981661555678257,0.41753680555215383,5,0,9
2025-09-29 06:00:00,56.687983098105555,37.23426271307893,199.82427374353426,3.092626995680751,0.0,9.355852907857795,17.40614070298761,1.8389552842071222,1,4.128327820602735,0.6654835093965221,0.5578743048884269,6,0,9
2025-09-29 07:00:00,39.772475455892575,41.424574856076795,192.91187836722966,2.918435990658445,0.08431841922673643,11.469491028536677,23.652354173912315,1.6534311543195503,1,9.658912321035707,0.36940722142192195,0.517146399247527,7,0,9
2025-09-29 08:00:00,56.4408437594215,37.766916591762595,154.92064067696882,2.639291877450293,0.1627570901131397,13.036455326050406,21.808874549332565,1.1832831076245338,0,0.0,0.6611577688064219,0.29330163059699016,8,0,9
2025-09-29 09:00:00,46.95936806688175,37.8489281189039,213.95441693187618,2.581401126896286,0.231502781447775,13.156122550122355,21.917167672673173,0.21163053699275336,0,0.0,0.4952011692797811,0.6411292559058346,9,0,9
2025-09-29 10:00:00,42.134749112524645,38.76167102147434,203.71536243190823,3.788288072395643,0.2843929191126236,13.140757127562429,17.058616271158144,0.24803497053489984,0,0.0,0.4107546778642228,0.5808006400173052,10,0,9
2025-09-29 11:00:00,51.195492958427295,54.525443772201974,203.16147540898058,4.360701291127543,0.3169569434140804,11.787696493544882,18.416551199379995,0.17141821004440924,0,0.0,0.5693471044662423,0.5775371319021811,11,0,9
2025-09-29 12:00:00,51.22488495711318,43.985196360250406,261.4036195005604,3.7007246694845293,0.33007615846239835,12.771109377615337,23.93875359191987,0.22927396840642916,0,0.0,0.569861559843588,0.9207004522494158,12,0,9
2025-09-29 13:00:00,51.112970243721186,43.83153109116045,240.72949485447768,3.2133894734007007,0.32029781569752946,13.655661071893876,20.491647948345555,0.1684632064212889,0,0.0,0.5679026891072375,0.7988882942411735,13,0,9
2025-09-29 14:00:00,55.61620723199545,39.84409808826707,239.98623808983535,2.826197959979103,0.28833729792477847,12.370234144667112,20.30457860435322,0.19522371845391195,0,0.0,0.6467239529770183,0.7945090176330842,14,0,9
2025-09-29 15:00:00,54.92847455685992,58.467349527825775,165.2629194130227,2.480656971938964,0.23390030066482367,12.873260267422028,21.120404331381877,0.1584663721033732,0,0.0,0.6346863989242609,0.3542384447609789,15,0,9
2025-09-29 16:00:00,54.601189823081654,33.89121307994994,253.8206740902053,2.5863812876128205,0.16439552747863506,12.719572051018396,19.886280572987705,0.18405861430439674,0,0.0,0.6289578537846517,0.8760216588152729,16,0,9
2025-09-29 17:00:00,50.419279245880595,53.88162584907215,238.82920934443158,3.099821553737373,0.0846841034094578,12.266036564960485,23.657538212458725,0.22762264819775996,0,0.0,0.5557608450676597,0.7876917921994597,17,0,9
2025-09-29 18:00:00,33.875698185364456,36.071634729060804,179.89418779304427,2.057714261031836,3.978358531411526e-17,9.29014481652867,23.0492282783593,0.15452680479512737,1,14.329008947207122,0.26619447946944025,0.4404460306335874,18,0,9
2025-09-29 19:00:00,46.93111799510577,22.30734846700846,170.5668687684024,2.728065659684254,0.0,11.925760458873196,18.639771452156793,0.18201966355127783,1,10.695316429383617,0.494706701329817,0.3854893696734223,19,0,9
2025-09-29 20:00:00,56.18310480770059,34.362658510339976,139.813061404671,2.472184060070726,0.0,9.762297988521402,23.77627144288448,0.21297523152110287,1,11.721606677524674,0.6566465005840271,0.20428761598003362,20,0,9
2025-09-29 21:00:00,28.613501248542523,26.375124465215567,131.5492545619696,1.147017652413396,0.0,8.361030996938483,20.83852494252059,0.24485574215020867,1,11.722617553176692,0.174088953073206,0.15559717988635977,21,0,9
2025-09-29 22:00:00,33.84846101426705,23.82981141051061,173.4875610769345,1.8774989859727622,0.0,8.964772467058701,22.075269644830005,0.17453517700100551,1,8.681138825455044,0.2657177405690171,0.40269811921280274,22,0,9
2025-09-29 23:00:00,26.565912065728533,16.70896558839106,127.914384146122,1.9444258298385426,0.0,9.930188746136363,24.691743392535773,0.16731500096384527,1,7.296756801941418,0.13824949632337596,0.13418048549109748,23,0,9
2025-09-30 00:00:00,27.89031133294888,29.544177370808995,176.14222638052277,1.655836591399526,0.0,6.0130844716467475,20.747929117076758,0.17036706305638294,1,10.698718123092968,0.16143078222556964,0.41833943486487635,0,1,9
2025-09-30 01:00:00,30.451550062462186,19.930232308605696,165.56461986938226,0.6718942299844994,0.0,7.318010338610046,23.836724594939653,0.17368087368402774,1,7.789725508923767,0.20626077324272796,0.35601606699603644,1,1,9
2025-09-30 02:00:00,34.317368245068685,23.600221458489774,129.42196120225285,1.8746431306174756,0.0,5.453788249103766,22.610928190491094,0.21383215552406787,1,7.516909947598284,0.2739251390838413,0.1430631452271075,2,1,9
2025-09-30 03:00:00,33.84480608149545,36.17863197632934,132.88603427532883,1.8875806445818704,0.0,8.490872748411128,20.571425487026364,0.24986678517824068,1,8.068307003001415,0.2656537673823589,0.1634734998976537,3,1,9
2025-09-30 04:00:00,27.2626625845474,28.239376676844426,132.80553204812824,2.0420047441853244,0.0,9.27418102440312,24.530601355912147,0.20235912811148957,1,5.674369701214507,0.15044489191064542,0.16299917993549604,4,1,9
2025-09-30 05:00:00,41.0332765394638,22.207053012074493,120.79567735836119,2.711653929894986,0.0,9.582412544577291,17.241786899450858,0.17714307809857854,1,6.840124163122318,0.39147533268371826,0.09223699086244473,5,1,9
2025-09-30 06:00:00,44.66592409412135,44.53551823219899,122.51441261201745,2.2338207610538934,0.0,9.732743032408825,22.37311733606259,1.685219828114448,1,5.4774513372498745,0.4550584557121388,0.10236379690027052,6,1,9
2025-09-30 07:00:00,42.58700519825277,42.31745495826796,165.58699945150076,2.658501018347595,0.08240613954776539,9.103463831366966,16.610742474560105,1.2436887304580253,1,9.05442727378411,0.41867062729409094,0.356147927727257,7,1,9
2025-09-30 08:00:00,52.06973806189932,31.469183178851736,219.8736103042345,3.436587773956653,0.1591784600667752,12.239299310794456,17.748346975823836,1.1475106297843491,0,0.0,0.5846492313956179,0.6760052049821922,8,1,9
2025-09-30 09:00:00,61.729806983116276,40.72518682408199,230.06504209350467,2.815299051034154,0.22765974576423018,13.931764681822106,22.409205138283664,0.21052649689644382,0,0.0,0.7537317921007568,0.736053227362672,9,1,9
2025-09-30 10:00:00,47.331789804643954,35.62238336004216,230.98387411213645,3.361554928535386,0.2762537539940363,12.351311654292966,19.205821151369157,0.1710295554259821,0,0.0,0.5017197584944798,0.7414669951981974,10,1,9
2025-09-30 11:00:00,66.03063526366219,43.195534063816595,221.67642162175514,3.063567550386982,0.30864595175716597,13.671335173783952,18.62002790523773,0.1899237251807321,0,0.0,0.8290102466085298,0.6866273880650674,11,1,9
2025-09-30 12:00:00,66.41196878205203,46.437137843298906,252.87098582544846,3.7840129570052614,0.3154082458884369,11.754597148123286,25.78630626672926,0.17311366399747016,0,0.0,0.8356848209100072,0.8704260856558041,12,1,9
2025-09-30 13:00:00,46.54426599901064,38.088059311405054,220.28430105621976,3.717462991105475,0.3070184011098647,13.666975533714975,19.471276062440243,0.24180617328862675,0,0.0,0.4879355357566609,0.678424999175647,13,1,9
2025-09-30 14:00:00,49.02020420282209,43.204629180407885,184.81761463226948,3.9478570523859533,0.27310415381382797,12.505922273872502,21.42169275359274,0.1837988641638314,0,0.0,0.5312724907061896,0.46945491291269076,14,1,9
2025-09-30 15:00:00,61.4337438758576,52.87944126089392,238.77026225991878,3.5761558878644406,0.2240428697242551,11.649373967359123,21.00000432321988,0.194907348831286,0,0.0,0.7485497267641763,0.7873444753627994,15,1,9
2025-09-30 16:00:00,43.25381682367649,45.560777762444495,259.7849623667577,3.353695212276013,0.15915131660120768,11.019350997888298,16.063006534044625,0.17348429755383596,0,0.0,0.4303419950714954,0.9111633075374,16,1,9
2025-09-30 17:00:00,53.22666537135837,50.36692050387275,158.25492014854217,3.393348781384382,0.08080979156010792,10.65180311318023,22.30484798049625,0.15848510116106604,0,0.0,0.6048992144576848,0.3129472400139717,17,1,9
2025-09-30 18:00:00,47.746719996651045,42.849432929048874,175.14440522079306,2.3708305948498003,3.829675175900769e-17,10.64063365803029,20.63223852662644,0.20125566185664426,1,11.242080348913987,0.5089823836321062,0.4124602621862888,18,1,9
2025-09-30 19:00:00,38.6877389596444,35.176965928182526,168.02801775146148,2.032800980020075,0.0,8.158822655433017,19.300552380597306,0.23687232692164237,1,13.016103442288092,0.35042081190747965,0.3705304330060073,19,1,9
2025-09-30 20:00:00,51.06999342512261,45.995590270326815,143.91355847546347,2.3778428225285944,0.0,8.339570182668371,16.104123982328982,0.1851681648317883,1,11.602517174753828,0.5671504552879066,0.2284477874818703,20,1,9
2025-09-30 21:00:00,37.21151864483668,22.856113564129206,146.36266459162366,1.4940479749326343,0.0,8.063135793211158,18.509683755473898,0.2280968604257937,1,9.379869475495681,0.32458216489281727,0.24287794625800907,21,1,9
2025-09-30 22:00:00,29.507967569747876,23.000643751711486,150.7185662329135,1.5106512978063298,0.0,6.518054763188181,24.73498952398724,0.15326123233044153,1,10.326614466049294,0.18974501694680138,0.2685429641526215,22,1,9
2025-09-30 23:00:00,23.768568596588196,17.963861711819924,185.08070475856096,1.4134225837029448,0.0,9.103300095488077,17.46567232487426,0.17355086458086644,1,5.608075813253178,0.08928690601563938,0.4710050426803517,23,1,9
2025-10-01 00:00:00,33.52235901858875,22.72336728079401,171.54291690647923,1.519109016886387,0.0,6.34015896106379,18.053003217392018,0.16314953270583185,1,11.908129803526549,0.2600098971850801,0.3912402554813781,0,2,10
2025-10-01 01:00:00,33.4128129309469,17.47484920073017,172.8873485180541,0.7712420693488908,0.0,6.615682017441972,18.015927969417728,0.1902882397818756,1,9.945633168407515,0.258092485087426,0.39916166055675395,1,2,10
2025-10-01 02:00:00,36.34665507750141,21.988042241824104,113.44002437056375,1.3661244380422148,0.0,6.595754123491105,25.40230120460386,0.23943329287127707,1,8.52597724761178,0.3094442452963589,0.048897406752258205,2,2,10
2025-10-01 03:00:00,38.170359833951686,39.60743726308271,108.0047320877467,1.8252837408242868,0.0,9.83853981441202,23.488860499644908,0.1873511930490051,1,8.694793652755026,0.3413649979023256,0.016872607941686043,3,2,10
2025-10-01 04:00:00,41.103036790644076,22.737508562872847,117.00549044690153,1.4284971282545287,0.0,9.20352700257629,25.525036312183726,0.21033236290021062,1,6.135764371033892,0.3926963635067063,0.06990517005536762,4,2,10
2025-10-01 05:00:00,29.20505515438832,26.9008931358148,183.14331083286896,2.3907405130036454,0.0,8.42681425807882,25.927213269293215,0.2398142119256471,1,6.35815598925947,0.18444306648701933,0.45958989746667905,5,2,10
2025-10-01 06:00:00,41.82847780054985,30.43840120140095,132.59909108284404,3.2247335271245827,0.0,11.235336512190376,26.100651002968814,1.3948399133446174,1,4.32327643911495,0.40539393581139105,0.16178282761523768,6,2,10
2025-10-01 07:00:00,44.96225183612616,47.37280230109795,175.80854652673656,3.629281635359298,0.07897499942122169,11.095502270207252,21.329527433282927,1.3993167191823215,1,10.457053175567653,0.4602451530157262,0.41637338968669396,7,2,10
2025-10-01 08:00:00,40.21947625393416,36.8563295554067,155.48241328746857,3.302108639454881,0.15114862841409,11.864841288117653,21.17821545076027,1.1909872805823658,0,0.0,0.3772311862596998,0.2966116006763215,8,2,10
2025-10-01 09:00:00,58.675802172224074,36.996536372828714,144.7285764150326,3.901425380857269,0.2125067624986511,11.873672372860268,24.865389105997497,0.18490496514796045,0,0.0,0.7002767952427825,0.2332498816809665,9,2,10
2025-10-01 10:00:00,41.020954497881576,56.915115951189534,158.46213421425776,2.9879485896609745,0.2587399214839099,11.934730783681411,19.464220912864786,0.2246159881277887,0,0.0,0.3912596569612333,0.3141681474500338,10,2,10
2025-10-01 11:00:00,46.68451860890292,52.88301110414856,230.1329812666851,4.822070934526928,0.2894451690018946,13.310855414158418,16.08171116770589,0.23446293786570813,0,0.0,0.4903904116607117,0.7364535256795331,11,2,10
2025-10-01 12:00:00,54.42692186833451,58.89008732541109,180.55242239956542,2.68639474856091,0.3030249993291977,12.519465844448078,19.231251028660864,0.22227505153695298,0,0.0,0.6259075989388733,0.4443243557993999,12,2,10
2025-10-01 13:00:00,55.05699240558868,49.73987475907472,189.02693280455628,3.1636239154409496,0.2983428977607844,14.768327387882785,23.128270050224074,0.15069253547158534,0,0.0,0.6369358784193447,0.4942562594793382,13,2,10
2025-10-01 14:00:00,60.42334997299888,39.61465338854941,206.4982150906054,2.5402674898749207,0.26666696414701696,11.371820562872914,16.844995785475216,0.16169768000054663,0,0.0,0.7308645539347168,0.5971972369024415,14,2,10
2025-10-01 15:00:00,63.4141736684944,52.552405803224815,235.82644714184863,3.6556638167069604,0.21806726727599685,13.689753728358895,23.586302998402164,0.2230981997971438,0,0.0,0.7832136762004287,0.7699994859884918,15,2,10
2025-10-01 16:00:00,42.50824246588205,36.92311752408637,211.3540458026664,3.2165873725648457,0.1556730794171104,11.410198901723497,23.81116543800589,0.24423966586184595,0,0.0,0.4172920238300799,0.6258078420953885,16,2,10
2025-10-01 17:00:00,55.83952178487063,50.80028874526943,254.58692866118136,2.9202736869129,0.08003961069246587,11.086301747357625,16.42298919336607,0.219536113028681,0,0.0,0.650632682485141,0.8805364387381056,17,2,10
2025-10-01 18:00:00,33.92225852549148,27.42490599876347,193.41821907396636,2.0658522537736252,3.751950025662487e-17,10.833157766629734,16.377852686106674,0.17261033131710524,1,14.154759921115838,0.267009436546888,0.5201297639718324,18,2,10
2025-10-01 19:00:00,34.34450797235311,24.099713487303205,161.71713166316601,2.061888219955416,0.0,8.582534691659621,17.427295907008546,0.160755836059504,1,13.087153944742033,0.2744001724012548,0.33334662636270523,19,2,10
2025-10-01 20:00:00,55.85779723025017,37.51120201810455,183.2528555468107,2.122906179565227,0.0,9.342730634177858,19.090168535700556,0.23770162835563938,1,7.749405267463007,0.6509525620975952,0.460235336063576,20,2,10
2025-10-01 21:00:00,35.58306026734307,20.905644927367554,165.4815176129525,1.1277748012505946,0.0,5.1388591891148145,20.984362547589477,0.1599030511956943,1,12.924652696098791,0.2960788576479174,0.35552642763454695,21,2,10
2025-10-01 22:00:00,28.65208845798198,25.770814429025883,182.9710670828024,1.6431992528324093,0.0,6.638898798662003,20.599998229811362,0.16510369637440006,1,10.717681247363787,0.1747643544844898,0.45857503549509776,22,2,10
2025-10-01 23:00:00,24.12130148589516,18.147476417838345,184.72309604603745,2.0498002571826763,0.0,6.124365434351237,24.55600791031146,0.20966927215285136,1,6.8930785005846715,0.09546087647644538,0.46889800841695467,23,2,10
2025-10-02 00:00:00,28.013029364341925,25.936959581977458,169.80075015888616,1.4739517337645869,0.0,5.681940913184572,17.243435864306083,0.16899970780308968,1,11.831917396623949,0.16357874609227213,0.3809753908369288,0,3,10
2025-10-02 01:00:00,27.7434698831974,17.139822100558934,133.5201300994955,0.9445641797847034,0.0,6.8119558468170816,23.216707001460673,0.172759335597488,1,6.86899301886332,0.1588605802379727,0.16720959910611008,1,3,10
2025-10-02 02:00:00,33.54424785403794,20.675237647502783,120.12812856039518,1.375131858058546,0.0,7.701603197543015,21.769419967945467,0.16422585688730507,1,9.953550625753891,0.2603930228520693,0.08830378638350904,2,3,10
2025-10-02 03:00:00,36.644155763711964,33.81302658391873,170.65965990023363,1.2112260712046479,0.0,8.484510416886168,23.88207914339943,0.2444326199545741,1,7.20467501621852,0.3146514729306809,0.3860360959898147,3,3,10
2025-10-02 04:00:00,40.48126059721533,26.569441070885095,137.069135666366,1.88442547441704,0.0,8.633288890193747,19.739230581216585,0.16249251812281207,1,5.7795314566086144,0.3818132619649027,0.1881203769157851,4,3,10
2025-10-02 05:00:00,37.465156660468814,21.391306496310005,172.21302614767998,2.7622336208497815,0.0,8.439502959187509,21.17553772584482,0.24313320624713097,1,5.967202047252495,0.32902165342286893,0.39518854611855364,5,3,10
2025-10-02 06:00:00,57.41701116907876,41.22773615662784,199.16218729703127,2.8116548037153675,0.0,10.239911484494852,16.432374633750225,1.3696477333416717,1,5.701980499261821,0.6782438669127446,0.5539732846412737,6,3,10
2025-10-02 07:00:00,55.20379630924518,48.772308790609515,176.2162067146748,3.585314754304288,0.08088606487353717,10.760879430527817,17.35937165420724,1.7411696175413265,1,10.035773122660219,0.6395054232284129,0.4187753277651804,7,3,10
2025-10-02 08:00:00,50.28484389720117,30.221994239201656,178.1892421531997,2.788306681308963,0.15585197423149535,12.285434393959287,20.093402383585058,1.8374981771154864,0,0.0,0.5534077901164595,0.4304004731441407,8,3,10
2025-10-02 09:00:00,55.126909758731216,44.1513322103476,209.37573952872387,2.7650029224205466,0.222405937581068,12.736876975657196,21.153414447383895,0.20192577510993545,0,0.0,0.638159659036593,0.6141516408991824,9,3,10
2025-10-02 10:00:00,40.025054880121765,42.11209703126244,169.3930980790641,3.592024428387411,0.27476619433124577,12.456414340606733,16.848560738808327,0.22701721246807913,0,0.0,0.37382818116645355,0.37857350053154726,10,3,10
2025-10-02 11:00:00,58.81963389161312,56.0463882593104,207.05953253046042,3.3905250343605156,0.3017522836883193,11.817628062763129,24.562814425465138,0.1766010467084966,0,0.0,0.7027943171800753,0.6005045251115873,11,3,10
2025-10-02 12:00:00,56.32710116831813,44.59584761179026,194.50025765427785,3.5065163972169318,0.31298980053744335,12.153395403042792,25.683549804502608,0.18829641926492743,0,0.0,0.6591669042772097,0.5265051465707223,12,3,10
2025-10-02 13:00:00,40.79478401830017,36.79809481337121,181.93092198312524,2.9684045991942156,0.30653414350107966,12.143575746548887,21.876526619046423,0.20529867255662887,0,0.0,0.38730093946600497,0.4524464897209782,13,3,10
2025-10-02 14:00:00,49.45602511084949,49.811034996189804,232.11502039340482,2.7030768928182605,0.27224432203343185,12.067639678364005,16.116544932623405,0.2350461176676052,0,0.0,0.5389007711811107,0.7481317208832293,14,3,10
2025-10-02 15:00:00,61.677735130781855,43.36433670162002,226.91311000582135,3.5620568169128597,0.22093692647055108,12.16344285637939,23.11190305323281,0.2120738039681358,0,0.0,0.752820365670452,0.7174820106331221,15,3,10
2025-10-02 16:00:00,62.20960864691168,43.95928561573749,242.67351918694575,2.701519154498958,0.15594489797713706,11.978488875892355,17.658442129675546,0.15220988240133757,0,0.0,0.762129878554046,0.8103425058807138,16,3,10
2025-10-02 17:00:00,50.667584549551826,35.445773732507185,247.12617650980553,2.7738873335558103,0.08108814391535368,10.477895450356666,22.913957302994927,0.1804784565590864,0,0.0,0.5601069938295165,0.8365776092601219,17,3,10
2025-10-02 18:00:00,45.289387085577616,45.00968019427268,172.0375986020889,3.092444657939353,3.777530838757386e-17,9.757924445563319,19.82704665512483,0.2364971834507996,1,12.290666818939213,0.4659710816944213,0.39415492519054074,18,3,10
2025-10-02 19:00:00,44.601320762260144,34.45266197038847,216.97384795528703,2.585138198773135,0.0,9.097891609787341,15.935856158942205,0.17402368219294348,1,12.335459911398088,0.453927687715527,0.6589197749829458,19,3,10
2025-10-02 20:00:00,44.424929589581495,41.586066296022054,168.0646644677636,2.09467436190072,0.0,7.704380047763749,18.291753419073725,0.18679281702491798,1,7.1515259379206135,0.45084026966442153,0.3707463558406181,20,3,10
2025-10-02 21:00:00,29.86536643016099,21.57843607724178,180.5729955001068,1.7094086550329397,0.0,6.6628158243954285,19.89316059321652,0.18896147231533714,1,13.383248611169456,0.19600065704674124,0.44444557272232976,21,3,10
2025-10-02 22:00:00,30.943303959275404,20.686232337650758,188.0192022076649,1.5882692403794514,0.0,5.345257531072093,23.201097294550816,0.16544527343545853,1,8.295231273823415,0.21486806256830296,0.4883187002936567,22,3,10
2025-10-02 23:00:00,29.852139039407184,18.346481172384244,133.22045229497408,1.5515837887802655,0.0,6.095088171900647,17.04156010118794,0.18498120493526923,1,6.134083277561512,0.19576913477517768,0.16544389435677534,23,3,10
2025-10-03 00:00:00,27.3755751006267,21.822681069002233,152.69679867128562,1.3486924620698066,0.0,7.150403991724453,18.763517611944003,0.23174207189784532,1,9.231107242282858,0.15242122743268469,0.2801987303088768,0,4,10
2025-10-03 01:00:00,26.80602598588244,22.734651575266337,139.9718759925078,0.9155045334389726,0.0,6.065813317199475,16.729603851222453,0.23490938684319274,1,10.267094132405624,0.14245226928614454,0.20522335318771529,1,4,10
2025-10-03 02:00:00,33.152868398155405,25.80625863126973,160.34041054155034,1.8481310540051015,0.0,6.81986285254737,22.48044924717567,0.20808975441083308,1,7.685597408586588,0.25354261203743644,0.32523497115744804,2,4,10
2025-10-03 03:00:00,46.50190873965119,37.418967563114784,155.30427455997642,1.361773705912546,0.0,7.99010108950512,21.07885592994067,0.21787396049691618,1,7.486591642216372,0.48719414623497564,0.2955620054362747,3,4,10
2025-10-03 04:00:00,40.493624951307226,21.93052650903293,164.95568868868935,1.4949685278886253,0.0,8.65492386903947,26.030446923569677,0.20345727034667901,1,6.183333465526404,0.3820296782936444,0.35242823812934904,4,4,10
2025-10-03 05:00:00,34.9816848917263,29.12917547828337,135.62954743792218,2.16838406206265,0.0,7.767488800278098,24.066858536054546,0.15442725644705513,1,5.8628806463054435,0.28555283663465447,0.17963830806150685,5,4,10
2025-10-03 06:00:00,59.599628403705985,46.016484965011465,176.34850352712766,2.9444422094106155,0.0,10.609782753046597,24.487289147530326,1.647513650036338,1,6.2593116090218235,0.7164467528424081,0.41955482196376787,6,4,10
2025-10-03 07:00:00,40.570483160451474,42.492503752308316,178.62207537242261,2.7477670630178452,0.07982303874150602,11.505775429335525,17.878041984651098,1.8724131567026765,1,10.215844090205005,0.3833749464195041,0.43295073098546544,7,4,10
2025-10-03 08:00:00,38.550739247344985,44.889847690882654,176.1012410441181,3.4081078679662666,0.15536580542242556,9.961363360303542,18.932021460798666,1.2958674943681168,0,0.0,0.34802287226953615,0.4180979488353775,8,4,10
2025-10-03 09:00:00,67.61499809404849,37.64584936930786,178.77395453944212,4.033904475700564,0.2152032967793047,10.877941914595327,21.493841361203145,0.2482151198933548,0,0.0,0.8567417386540347,0.43384560462136784,9,4,10
2025-10-03 10:00:00,53.54743805571387,51.504811841501514,183.1600030795431,3.9644832410269877,0.2626651927357562,13.358870774168803,16.080772821892733,0.24977736006191767,0,0.0,0.6105137775956315,0.4596882483581528,10,4,10
2025-10-03 11:00:00,46.92027529762823,56.72712962963047,157.2207120824687,4.881033709772187,0.29389042446204866,12.309873497643151,25.039704083551076,0.16415146054874305,0,0.0,0.4945169189308087,0.30685367530375746,11,4,10
2025-10-03 12:00:00,60.33421431288663,48.460240509104835,179.17787198835535,3.179019583879977,0.30460355392617494,10.328417479844536,23.916274010935435,0.24261351802916176,0,0.0,0.729304390566853,0.4362254904424891,12,4,10
2025-10-03 13:00:00,57.57527766644893,37.76898400618037,170.42518545627755,4.171257819536124,0.28901904511515114,11.035537521131083,16.25756057913738,0.21755326345573087,0,0.0,0.6810140443170078,0.3846545701208834,13,4,10
2025-10-03 14:00:00,59.178585721871315,32.88724851947538,258.3193296892636,3.493495415012676,0.25647962106414707,11.875394490845759,24.371226836721032,0.19663718244548864,0,0.0,0.7090771392929227,0.9025277845177212,14,4,10
2025-10-03 15:00:00,65.2206629184781,50.72747178843686,258.00141418278383,2.635677466222418,0.2084779686879801,10.474212199107791,15.53116676854004,0.18446607174863916,0,0.0,0.8148331015652603,0.9006546230382618,15,4,10
2025-10-03 16:00:00,52.30058792639914,44.41597033464703,251.79466093728774,3.0401567150034934,0.14787721690947545,10.591757585396806,16.59981411036755,0.2129801593623063,0,0.0,0.588689853315233,0.8640843681906498,16,4,10
2025-10-03 17:00:00,63.991849055687155,35.61480019924152,241.39311446425813,3.1991566603849773,0.07537042079649142,10.303281809789256,15.955736108306652,0.2342786677155383,0,0.0,0.7933248704910154,0.8027983479023454,17,4,10
2025-10-03 18:00:00,44.56454588730011,40.79489865997009,172.1330453527977,2.839800943375752,3.60556466415149e-17,10.945930429693973,20.28638930136725,0.1534102359785098,1,11.844951144528656,0.45328400804009567,0.39471729844105297,18,4,10
2025-10-03 19:00:00,39.969326556094,34.516942299400114,189.5709996206658,2.9539825182535706,0.0,8.406012404612405,23.430967021410012,0.20354622712979303,1,12.939820812511707,0.3728527546133651,0.4974619068334829,19,4,10
2025-10-03 20:00:00,54.71292252712169,46.899639773225715,216.70593947715574,2.1430065105485974,0.0,9.034713157370021,17.26124681045435,0.2150263984326397,1,10.378052139048766,0.6309135387665782,0.6573412554359981,20,4,10
2025-10-03 21:00:00,35.015117595286064,28.283577169707158,191.68287014272934,1.6194580140333472,0.0,8.758859354613934,23.44906197191553,0.15256032916623313,1,12.9140720005101,0.28613801746258466,0.5099050699724503,21,4,10
2025-10-03 22:00:00,27.326060240223217,25.647529796445887,120.14562287634888,1.3839059379527294,0.0,8.276901454697928,17.48109461491641,0.23890775995993768,1,12.062796417550063,0.15155455666063766,0.08840686307554213,22,4,10
2025-10-03 23:00:00,23.021507129487254,21.317514765102324,148.63791548809616,2.0195416028710813,0.0,6.81689385953437,25.989482005847403,0.24517899194679718,1,6.658676364215371,0.07621090553451111,0.2562837482667542,23,4,10
2025-10-04 00:00:00,35.039433465127445,23.211854031095015,109.7947425473897,1.476733312881994,0.0,4.455876638778408,24.711482610150643,0.21124913137723908,1,11.37613921730494,0.2865636241090883,0.027419368236456458,0,5,10
2025-10-04 01:00:00,24.800012663498208,23.08436595072987,125.85976436534942,0.6994860410699549,0.0,6.971462513571416,23.63521776127163,0.1617001074462744,1,8.713238711235217,0.10734052504047104,0.12207464431683755,1,5,10
2025-10-04 02:00:00,27.816136487412077,26.01743451079108,135.50337088588196,1.908689165572844,0.0,7.847988448258968,22.22418949534763,0.2432411710325187,1,8.033063047804868,0.16013248167248303,0.17889487450109387,2,5,10
2025-10-04 03:00:00,35.52520049434149,29.955014038679664,169.13367180893016,1.5458230188496158,0.0,7.18452727744491,18.60479797950188,0.23050070973829878,1,7.134971582374068,0.295066123819545,0.37704495824257395,3,5,10
2025-10-04 04:00:00,25.450387194062202,19.53619624403803,156.57955518154864,1.9467631455108623,0.0,9.620748866564774,17.35289175485451,0.15285482290539149,1,4.338964793093128,0.11872419030642332,0.303075972157436,4,5,10
2025-10-04 05:00:00,40.75100881285929,21.328436482459427,141.2841015718278,2.4033085562520835,0.0,9.448792013635861,21.05659862585359,0.2079157627911492,1,5.335113172762859,0.3865347312855353,0.21295499998519515,5,5,10
2025-10-04 06:00:00,43.1006483980195,38.96204099816562,159.25239219623367,3.417424384341503,0.0,9.922939882084712,20.45359773306556,1.2109029872847141,1,5.420703771998632,0.4276610504694982,0.3188243557207895,6,5,10
2025-10-04 07:00:00,39.6616063093299,42.28820459724183,196.5693632823419,2.5357494777685603,0.07735205086698638,11.206755600899477,23.357146512360938,1.2307997971540847,1,9.86869995865294,0.36746665149877805,0.5386963385082847,7,5,10
2025-10-04 08:00:00,51.16814884502389,44.736428507915534,161.9690039202342,2.913964347368907,0.145038267526327,11.166539192627814,17.89752742688634,1.2693824587015623,0,0.0,0.5688684937283515,0.3348306603279206,8,5,10
2025-10-04 09:00:00,64.67980814077197,44.17992031875792,201.30135541108848,2.4827726989058334,0.20209817861226212,8.9509311155709,22.016885159537672,0.18961884949872296,0,0.0,0.8053663874527651,0.566577285476932,9,5,10
2025-10-04 10:00:00,40.496715354853,41.06647387318421,176.22468838878504,3.0880762373739956,0.2462838912624829,11.41061080991576,23.30434602534719,0.2376382860852822,0,0.0,0.38208377038650565,0.4188253018774864,10,5,10
2025-10-04 11:00:00,48.2475831675615,45.56075178637203,206.19762080937517,3.5191075887921683,0.2861972536164846,13.395871688890297,19.005547398731935,0.1531075412673383,0,0.0,0.5177491148212008,0.5954261322627812,11,5,10
2025-10-04 12:00:00,74.21121013315891,45.976419850911746,163.62712524419996,3.5075450424224903,0.2971581169747604,11.482587835065223,23.94014984636061,0.21892109699192153,0,0.0,0.9721968592771651,0.3446003284599169,12,5,10
2025-10-04 13:00:00,47.54007534188429,32.20430791759633,257.1472483870402,4.180270504344416,0.2909705467196695,11.95373750635613,20.159350740020454,0.2464550789050738,0,0.0,0.5053654314479192,0.8956218692623442,13,5,10
2025-10-04 14:00:00,62.01863698874401,33.49976820149351,170.31837146633978,3.1538549821182036,0.26380186090671254,10.821926158441908,17.24979761973114,0.21412334437976624,0,0.0,0.7587872546816453,0.38402522097829445,14,5,10
2025-10-04 15:00:00,48.94958662653233,43.09195315688012,188.50453179799223,3.0811307997975357,0.2129114373199757,13.163183304249833,17.495489644974302,0.23156050594068806,0,0.0,0.5300364539110858,0.49117826730097036,15,5,10
2025-10-04 16:00:00,43.41767044737727,32.73500798291544,196.77342641267032,4.052725273497154,0.14821390931957268,12.428687309162898,18.293290521120486,0.24017723157625925,0,0.0,0.4332099653211998,0.5398986806001871,16,5,10
2025-10-04 17:00:00,46.3419807982715,39.773340504828504,221.31881724464736,3.6301456753698225,0.07744769088768998,9.129037965457432,17.00991908159115,0.2214797804810027,0,0.0,0.48439488816784243,0.6845203793459851,17,5,10
2025-10-04 18:00:00,35.14623564858338,41.43449799536149,222.00334655750558,1.9210096851003102,3.594540453193215e-17,9.373002992040773,21.14492555905042,0.21598427982885113,1,12.715524357003924,0.2884330089773439,0.6885536331957415,18,5,10
2025-10-04 19:00:00,45.45850101380323,25.70475253325111,150.42161039760194,2.087595774554712,0.0,7.75800947328419,25.124560150953517,0.15179667439031963,1,11.891300359330446,0.4689311243471697,0.26679329727425644,19,5,10
2025-10-04 20:00:00,60.068991885094185,31.382999710487177,138.91189372963115,1.5447478665365757,0.0,8.319161363963788,24.640002292969882,0.2018889089033459,1,10.893876924113943,0.7246621372233922,0.19897792664115874,20,5,10
2025-10-04 21:00:00,44.63661534129969,33.86009916034474,195.00864245348617,1.143791754250044,0.0,7.581835936589049,18.827019629503457,0.1969225786702382,1,11.297331662644972,0.4545454574076157,0.5295005551091867,21,5,10
2025-10-04 22:00:00,40.84419088615784,27.879070039724667,176.9733227123301,1.4427546257403683,0.0,7.396359456066115,24.533444212954862,0.20227056270551658,1,12.18508810177842,0.3881657200179788,0.4232362631187084,22,5,10
2025-10-04 23:00:00,29.202183089015,13.995772991305511,176.86643055949182,2.0076346666903033,0.0,6.60612837799983,25.608454125340018,0.1932480390240753,1,7.678944386940578,0.18439279602085665,0.42260645343949454,23,5,10
2025-10-05 00:00:00,35.65216536315278,19.09866733175225,158.18969526735972,1.223738113913526,0.0,9.096651354879421,18.838754973497732,0.2406557514690062,1,12.77447757008157,0.29728842112542186,0.31256293433386784,0,6,10
2025-10-05 01:00:00,34.089124896115,22.62040668642891,159.10488658747713,0.7682464251706703,0.0,5.224802075450634,25.411124623623287,0.23890300895535532,1,6.87280843502481,0.26993013964649326,0.31795525113578066,1,6,10
2025-10-05 02:00:00,28.827897545090554,25.09211712589165,131.53268681330013,1.4753233484407584,0.0,4.831082361408262,26.535183808621795,0.16256985553637704,1,9.197328066163848,0.17784158414878973,0.15549956253842775,2,6,10
2025-10-05 03:00:00,37.40405020432825,25.094361980652845,147.73732850006797,1.6053002240482042,0.0,6.614610433364409,24.531728829086603,0.20328928005062452,1,6.448124954851434,0.327952092101503,0.25097748034180767,3,6,10
2025-10-05 04:00:00,35.56210753912651,21.228041534738544,167.55474416599947,2.03030012867174,0.0,6.050292210576982,20.256590213263056,0.2459558983798357,1,6.2719938419366645,0.29571211689590954,0.36774190010508234,4,6,10
2025-10-05 05:00:00,43.13690815238963,34.052292879853326,126.84326514619097,2.9462498830878,0.0,6.83862102294356,22.648860546160012,0.20986641556625327,1,7.065690484318703,0.42829571386263143,0.12786944117368057,5,6,10
2025-10-05 06:00:00,52.94638573533466,41.86712481013292,153.82583686609533,2.9562416402991207,0.0,8.095486185314957,20.040006478208003,1.7262513150816703,1,5.218939460596448,0.5999934110975963,0.2868510351265108,6,6,10
2025-10-05 07:00:00,57.11561077021193,41.41571380964401,190.046450714389,3.0978006972664303,0.08057228930918278,8.940329945304404,26.810321841466585,1.4050200165640847,1,11.628988798370418,0.6729683816492779,0.5002632696357904,7,6,10
2025-10-05 08:00:00,45.92878523035457,33.709232800517945,182.9372914588667,3.1072470655454687,0.15397261312672939,9.620704959577244,16.801909179212824,1.4079367466494763,0,0.0,0.4771626245820245,0.4583760291666503,8,6,10
2025-10-05 09:00:00,61.211774146188844,37.70173950683238,207.64226073749842,3.529299503463138,0.2155750164978597,11.704124177341583,25.550384244676568,0.18256872833536408,0,0.0,0.7446645360271839,0.6039379657842506,9,6,10
2025-10-05 10:00:00,66.07848502516792,43.86713144294006,179.2869195875814,3.6821743358386354,0.2611207389548479,11.145734336646733,16.729573915701266,0.15218454646287655,0,0.0,0.8298477727452999,0.4368680000342971,10,6,10
2025-10-05 11:00:00,46.0180187048707,56.24842781230377,159.58141538712667,4.419973462841127,0.287970633360295,11.761372880173434,16.29286468161798,0.24248516124555242,0,0.0,0.4787245000194415,0.3207629637926446,11,6,10
2025-10-05 12:00:00,73.65546399914041,40.96927236229184,164.10870200503493,3.5407272019918152,0.2942437159673098,12.926606032761189,25.619364923602237,0.1849641699081259,0,0.0,0.9624694980949436,0.34743778375672635,12,6,10
2025-10-05 13:00:00,50.99754596297191,50.409849436092806,267.0412144154005,4.497885746214089,0.2860019460573405,11.153091992232607,24.703285930645404,0.18670879563702458,0,0.0,0.5658823895508058,0.9539172202775161,13,6,10
2025-10-05 14:00:00,54.50664054538116,35.467950366823565,268.8994048394545,2.4840727546991497,0.2563930075268339,11.344431634010895,19.31370310730904,0.22595474083951755,0,0.0,0.6273029345375117,0.9648656976335894,14,6,10
2025-10-05 15:00:00,65.60414968502188,45.21469479087346,187.07484676060685,2.904782983468615,0.21182999702408498,11.487246443081306,25.36965355850286,0.2026893122661873,0,0.0,0.8215453646984293,0.4827545481516807,15,6,10
2025-10-05 16:00:00,48.259296558330426,33.43561538987437,176.8068514506906,3.1715949228237066,0.14966081368067566,8.54786361924918,24.28814020142792,0.18620421550381588,0,0.0,0.5179541371788984,0.422255412709136,16,6,10
2025-10-05 17:00:00,51.87304015018772,48.202879906476724,158.10232447707537,3.6523002530363806,0.07585161459889497,7.370248872565224,24.640785871933375,0.23836174299471533,0,0.0,0.5812063794999649,0.312048144726394,17,6,10
2025-10-05 18:00:00,44.944816039147575,35.92864928765175,173.12568563152584,2.095268214586368,3.620532779130122e-17,9.314080926762806,21.4749337341509,0.2325379213493915,1,10.778883946656018,0.4599399699756137,0.40056594531475215,18,6,10
2025-10-05 19:00:00,28.816213159576492,32.107757482721595,174.58693147155284,2.408385286767981,0.0,8.672787625923242,25.21880887462588,0.24768015715662536,1,13.03409825574805,0.17763706947719723,0.409175621042328,19,6,10
2025-10-05 20:00:00,48.3652031387908,39.7989647784097,156.7118370274093,2.2072756986489224,0.0,9.510718034678783,23.750573965247142,0.21410216359645037,1,9.704082949494685,0.5198078460877897,0.3038553781727061,20,6,10
2025-10-05 21:00:00,32.571923577294456,26.24351728644507,194.8724372390036,1.5331595013077401,0.0,6.972540393279333,25.1881782312415,0.21900966110247114,1,11.051654962665538,0.24337419204575142,0.5286980325650827,21,6,10
2025-10-05 22:00:00,42.162686070472695,29.39338237533954,179.95443994203484,1.6045905198037729,0.0,7.1466978755286865,18.48317595492062,0.18244995234017236,1,11.965111542763996,0.41124366530589557,0.44080103692376016,22,6,10
2025-10-05 23:00:00,19.756093480189048,13.681727229711813,119.93235656454405,1.743684796663135,0.0,5.821053308849748,21.205538069013656,0.15995799884531198,1,6.044461019831218,0.019055567815109243,0.08715029574240828,23,6,10
2025-10-06 00:00:00,32.32357913305823,24.95188659399639,159.7002180711706,1.5798804319635162,0.0,6.200800273113926,24.86045970606109,0.16059167347057712,1,10.36050918929774,0.23902735819696502,0.32146295044592743,0,0,10
2025-10-06 01:00:00,35.866028865120555,17.284292242370967,142.81795375960985,0.8714238770934201,0.0,7.662322598705027,21.971723300207646,0.21459404619066152,1,8.712832762810377,0.30103172656651017,0.22199247307089598,1,0,10
2025-10-06 02:00:00,40.51693597433533,23.81151023470838,114.25162744624019,1.8498936032134914,0.0,4.160044960224919,24.449170075538277,0.16132716369636688,1,10.780559939069109,0.3824376968593911,0.05367938053768795,2,0,10
2025-10-06 03:00:00,43.61396090607925,36.65853918100817,158.29368652031687,1.7148841695637083,0.0,7.1636812327046915,26.404704069130805,0.2406626565755372,1,9.213178864005457,0.43664568546667637,0.313175651880731,3,0,10
2025-10-06 04:00:00,34.70703605495961,20.220328267559395,115.2729858456681,1.3918229907506074,0.0,9.496243958386328,24.69686224793155,0.22038686541253535,1,3.986492023422336,0.2807455905379724,0.05969723487802791,4,0,10
2025-10-06 05:00:00,32.34636776432689,34.14716426026752,127.22506774492967,2.5147471395055283,0.0,8.355506807972006,19.499651701810393,0.17262067399707337,1,6.571384207693776,0.23942623321134587,0.13011902606695577,5,0,10
2025-10-06 06:00:00,45.75331110430899,48.26221154836741,131.93811852425307,2.1695357996040414,0.0,10.48977577473066,17.40101843835273,1.334408745767571,1,5.227770581038036,0.4740912578235413,0.1578883704072779,6,0,10
2025-10-06 07:00:00,38.828846255090816,40.873123891155174,206.88764044219317,2.915956736683773,0.07676064664990727,8.975721481887101,19.041927156326327,1.6574802880636206,1,8.181612025194928,0.35289064758286026,0.5994917351349948,7,0,10
2025-10-06 08:00:00,53.19192622608376,29.00614205572242,197.8340402884184,2.7228237014000998,0.1542007494408553,10.285703289256993,23.177564790390814,1.7430899512919833,0,0.0,0.6042911666593054,0.5461478286163687,8,0,10
2025-10-06 09:00:00,50.3504785593976,52.841688462063516,181.90927760691454,3.8334719906299113,0.2182072713426025,10.961870724901656,16.13201554477596,0.2339429987281484,0,0.0,0.5545566097414224,0.4523189608306332,9,0,10
2025-10-06 10:00:00,57.76002111978951,54.8940028868747,232.22041508488022,3.0571082396362916,0.2654906646833359,9.176786320217571,17.95326147539323,0.21010271721512663,0,0.0,0.6842476543894712,0.7487527075044773,10,0,10
2025-10-06 11:00:00,51.69847159485824,38.88816262323831,178.70367755128493,4.235396361237735,0.29774719371492253,10.515176967764443,19.300687073545777,0.1655231986286634,0,0.0,0.5781508631683083,0.4334315318742845,11,0,10
2025-10-06 12:00:00,59.6161508560107,63.91741996535534,260.9061658865122,3.0092737525304214,0.31018569766897286,10.677978990659675,24.93986190809583,0.23183595013523137,0,0.0,0.7167359493862002,0.9177694503679072,12,0,10
2025-10-06 13:00:00,51.82058508849013,48.854000481109836,240.17248792961954,4.411785293291515,0.30030979048774736,12.483975010527933,16.185186204909296,0.22916435286353828,0,0.0,0.5802882456619861,0.7956064036313398,13,0,10
2025-10-06 14:00:00,58.54105369294983,40.9398789668131,226.55387051089457,3.254633190721835,0.26801882828390616,12.223638790055302,16.08058765817272,0.23353575859668385,0,0.0,0.6979182594898159,0.7153653677827989,14,0,10
2025-10-06 15:00:00,47.20990046146949,54.435624133528094,250.84756436043335,3.300910972556322,0.2194873572842255,11.188044919994027,21.181009419509717,0.16576637804983343,0,0.0,0.49958629936135285,0.8585040652833288,15,0,10
2025-10-06 16:00:00,47.98412362550667,42.08956182304397,230.17898463762242,3.5887638890449307,0.15475720701042428,11.05607033812977,17.253298599154213,0.21843577461691446,0,0.0,0.5131377177001104,0.7367245780208272,16,0,10
2025-10-06 17:00:00,44.070263226859495,47.723438030678174,248.59865786680774,2.9015627697448196,0.07999841183719167,9.333555123759131,17.87254673230141,0.24602439334483367,0,0.0,0.44463245714319793,0.8452534847708817,17,0,10
2025-10-06 18:00:00,34.93631639037332,32.96321442812154,232.91526600744223,2.9755606191289345,3.753776700353192e-17,9.91245968847778,17.263420035038315,0.1756061586149364,1,13.966088656196765,0.2847587406042143,0.7528467763862442,18,0,10
2025-10-06 19:00:00,39.92407455549118,24.591159965516,161.5933628548818,2.6489319575729984,0.0,7.932140607409906,21.35420542116963,0.22167280267157521,1,12.46536339542904,0.37206069772419004,0.33261737925361107,19,0,10
2025-10-06 20:00:00,40.914817038536505,43.77088547532358,156.56974204899313,2.0188526310701485,0.0,7.246955297555218,15.996465403880256,0.175891743146068,1,11.730621648211265,0.38940190692247467,0.3030181530780858,20,0,10
2025-10-06 21:00:00,28.36582334881084,20.757712679799855,132.75722687729117,1.4786099732723683,0.0,6.29146089775937,25.188665159025525,0.18070964087481572,1,9.671152317641981,0.16975378591671453,0.16271456536518894,21,0,10
2025-10-06 22:00:00,41.62685123410068,27.31534104502397,137.61591337382418,1.8757216767147655,0.0,6.7540314452407,16.840060748658093,0.19852680760763552,1,11.685178081627456,0.4018648164604376,0.19134199687002582,22,0,10
2025-10-06 23:00:00,25.31285024458495,21.21478096750729,139.8431282956392,1.4050004961005842,0.0,5.337964873291145,25.583122870990387,0.2394954043589933,1,5.102080075465003,0.11631684727410702,0.20446477041516115,23,0,10
2025-10-07 00:00:00,26.967020066054666,21.042873578575477,111.1143954139253,1.3252578026051505,0.0,6.622657226732457,23.920354819874767,0.15386618118156076,1,10.040125804027474,0.14527018824261295,0.0351947766876637,0,1,10
2025-10-07 01:00:00,22.76443346688176,19.629987595712894,128.2842452163113,0.950673802904728,0.0,4.6055846071770565,24.594800517538314,0.24896413108154578,1,9.92268266113262,0.07171128203102681,0.13635971077363113,1,1,10
2025-10-07 02:00:00,27.334778222368463,25.674574794346906,159.00820891391103,1.1977203077652907,0.0,4.927804839878944,17.773587491409515,0.2272077149609565,1,6.52923377190211,0.15170714964494467,0.31738562527495695,2,1,10
2025-10-07 03:00:00,39.05689062077736,27.950331178051268,165.41782644325713,1.6428346790068673,0.0,7.180190504214706,23.164837455015018,0.18597788975072785,1,7.915658907231555,0.3568821641671749,0.3551511585985187,3,1,10
2025-10-07 04:00:00,36.021060947399874,28.899902154181692,109.66414409444985,1.6148467642886148,0.0,7.014827377749945,24.83091842496884,0.1854160203615698,1,5.008865458993555,0.30374529120844185,0.026649880789830497,4,1,10
2025-10-07 05:00:00,38.89561940415549,26.167556512866064,114.32895562412303,2.0224201321362374,0.0,7.3623112590659545,22.106350590417858,0.19829812361232232,1,6.304861019358898,0.35405939442331014,0.05413499896816587,5,1,10
2025-10-07 06:00:00,40.29969437382761,42.06116154092464,131.7045686600801,2.9657846955618976,0.0,9.47200648521716,22.049053109972228,1.7816089095741314,1,4.5359915604307615,0.3786352637292452,0.1565122921720704,6,1,10
2025-10-07 07:00:00,52.09678520610919,36.84358279182641,201.2505728802158,3.601450658747456,0.07816016822291616,8.74043414570872,17.824557582812645,1.1384380056289696,1,7.910340373346981,0.5851226442087213,0.5662780742754607,7,1,10
2025-10-07 08:00:00,44.32137876116522,29.688192554371238,177.23502460191185,2.801722435016247,0.1520552548689877,9.860327576971642,20.513884739189066,1.5361872380188968,0,0.0,0.4490277940625853,0.4247782133811989,8,1,10
2025-10-07 09:00:00,54.23950302097289,38.624892610419955,236.31363374385555,2.6806945046242032,0.21515731774939076,12.070368272238948,17.62244658093588,0.1556086445131873,0,0.0,0.6226271607872669,0.7728699945279869,9,1,10
2025-10-07 10:00:00,61.32105306808032,35.64920767348787,238.73314657668013,3.2859395060494894,0.26716211433549897,12.676330429167482,26.274113686296605,0.16156007473425918,0,0.0,0.7465772718570416,0.7871257893701081,10,1,10
2025-10-07 11:00:00,51.000044750849625,45.711857238064475,248.9130461514015,4.902874286345651,0.299489142233921,12.998580206104135,23.08229528885132,0.21906658644055713,0,0.0,0.5659261264492139,0.8471058638222061,11,1,10
2025-10-07 12:00:00,49.985349504436584,55.19944892796742,174.7689180638804,2.8647209314011914,0.3092213812554558,11.235572142073018,16.258430220174073,0.17343088851518806,0,0.0,0.548165666146283,0.41024788794211114,12,1,10
2025-10-07 13:00:00,59.85089152680615,31.25953707382914,215.92914225411783,2.9921212944174678,0.28969363934949627,12.635472467483767,20.628156794905763,0.15415948052460937,0,0.0,0.720844673044741,0.6527643580972763,13,1,10
2025-10-07 14:00:00,43.5431601112995,33.03122398933187,274.2949657049821,3.993411048930403,0.26274400982782503,10.14541039993497,22.1813780566021,0.16642372800741645,0,0.0,0.43540644175330845,0.9966563985191654,14,1,10
2025-10-07 15:00:00,49.496336352095994,47.032922895383265,180.27106893746804,3.560843996371088,0.21231196504537617,9.700000191505522,16.472151965324436,0.1708638083578935,0,0.0,0.5396063487448682,0.4426666182667172,15,1,10
2025-10-07 16:00:00,55.76322957623265,49.7553029591325,222.60778810989527,3.69005191910735,0.15164119268260337,7.624423355467906,22.263646264679025,0.22697819957102922,0,0.0,0.6492973212052615,0.6921150091256477,16,1,10
2025-10-07 17:00:00,59.03363297956948,49.20234388907969,192.06725705011158,2.6559820485375067,0.07893098094028582,10.91350181533732,17.206666967244445,0.2124924131463522,0,0.0,0.7065399958160479,0.512169881639203,17,1,10
2025-10-07 18:00:00,51.00235899871683,29.066531047607054,188.78581400203552,2.156885863929913,3.729010303910241e-17,7.5894946892123984,19.55576389981718,0.2235124012679692,1,11.62773582158517,0.5659666332984594,0.4928355849804553,18,1,10
2025-10-07 19:00:00,31.94167170689879,35.380246188950935,227.54697802232567,2.09222758032381,0.0,7.539783679017052,21.805035691062788,0.186982227960069,1,12.864357765078733,0.2323427386467339,0.7212167675964563,19,1,10
2025-10-07 20:00:00,44.86773711352849,47.100918868470735,187.91123122730548,2.1400016187583644,0.0,6.021748709057166,19.179272208996366,0.1613132774373519,1,8.355322503564464,0.45859083859504446,0.48768253415143803,20,1,10
2025-10-07 21:00:00,29.567595973643368,25.231190906381904,191.59758808095788,1.3842145947792934,0.0,6.995218419305169,19.41678758060681,0.23052901034445772,1,11.213111854990164,0.19078870755642696,0.5094025871751561,21,1,10
2025-10-07 22:00:00,35.4437054223328,27.794317465617976,173.85875179961928,1.2143783761261533,0.0,5.436964918152801,24.315008735058466,0.16404068386551957,1,9.609336665742475,0.2936396955432607,0.4048851788217057,22,1,10
2025-10-07 23:00:00,22.304846547057245,17.87416326535265,153.91679707257862,1.6142230392496812,0.0,4.197382514256722,18.880212787871926,0.18826817668808682,1,7.821715380145112,0.06366701921010207,0.2873869736116599,23,1,10
2025-10-08 00:00:00,36.111619196980925,29.854107664076594,166.56040556388513,1.6560991405127141,0.0,5.8309423642236204,22.629540401200124,0.17622782416628985,1,8.944333626079203,0.3053303545094405,0.3618832466922813,0,2,10
2025-10-08 01:00:00,21.986555355879354,21.513296126769376,174.63506705831298,0.9321667390759655,0.0,4.047076041491997,24.81810429467459,0.17965348536760906,1,6.80470635116779,0.058095890257176645,0.4094592364214854,1,2,10
2025-10-08 02:00:00,26.3193038005019,30.255810447299655,172.67736877690504,1.6694005230367002,0.0,4.932406187785782,17.55939756726408,0.21018566617370738,1,7.111823159208071,0.13393305124253505,0.3979244577321969,2,2,10
2025-10-08 03:00:00,38.28862699472199,27.189876962293823,161.82186377322972,1.2176555434690826,0.0,4.128984085210697,16.50552781882102,0.16643521523561186,1,7.461464979456395,0.3434350570865255,0.33396370904736605,3,2,10
2025-10-08 04:00:00,40.8336730742001,22.720396305007025,144.4381169339195,2.021706749042179,0.0,5.422541695298246,24.921600349516755,0.19458738902715983,1,5.314764821652332,0.3879816241700782,0.231538491389284,4,2,10
2025-10-08 05:00:00,43.42899684209967,31.981747136923172,126.16368676250293,2.4138740324581085,0.0,7.737878956667668,22.03218336328927,0.21386883908244553,1,6.238711880568885,0.4334082139919743,0.12386535825022396,5,2,10
2025-10-08 06:00:00,61.12040291576065,46.14272049220223,123.55764071775155,2.8016810496259876,0.0,6.360578855071283,25.02278896321707,1.7766848977668364,1,5.382902677722041,0.7430652429225927,0.10851050777822781,6,2,10
2025-10-08 07:00:00,46.80628527056763,47.64534017495846,146.86742848573422,3.7605879303420595,0.07902808963492759,7.609735136441378,18.40054049695213,1.4034206397813507,1,11.372021272881378,0.4925217234692191,0.245852020385878,7,2,10
2025-10-08 08:00:00,35.9847155561828,45.447788030376955,165.62321996377892,2.148770989653069,0.15043346088194925,9.80136450936413,24.99766803132642,1.3640188361000956,0,0.0,0.3031091288925275,0.35636133936331404,8,2,10
2025-10-08 09:00:00,49.85594783584022,50.829357637654724,155.12318785767715,3.3467584933939882,0.2095360749945872,9.870757445367241,17.03277304904956,0.1867847224994097,0,0.0,0.5459007169348198,0.29449504069792243,9,2,10
2025-10-08 10:00:00,57.97288483200802,49.249641214544226,172.4765329612452,4.168471820296101,0.2580421139061071,12.872468295777164,25.321532237824343,0.20007970704905473,0,0.0,0.6879734602648367,0.3967411310119768,10,2,10
2025-10-08 11:00:00,45.50802511389834,45.487109192187596,164.91380653664362,3.089676095026252,0.2913298958166182,13.003341807578604,24.5368824465124,0.18130945937555767,0,0.0,0.46979795684381037,0.3521814680527409,11,2,10
2025-10-08 12:00:00,54.62798452041677,52.036908711276084,217.18204082287028,3.3022819732248463,0.30467493096841824,10.393058543316341,21.707014695939083,0.17504520650370853,0,0.0,0.6294268479580564,0.6601464495298193,12,2,10
2025-10-08 13:00:00,39.24152998627432,38.574922138361366,177.78669205798425,4.463701530426652,0.2921095122160072,11.705210221374042,22.001149247026156,0.18753030921318783,0,0.0,0.36011395236452715,0.42802864378526584,13,2,10
2025-10-08 14:00:00,50.227656219299064,44.032677581973864,246.704549291525,2.7451313719734047,0.2655895922822816,11.586968910525341,19.150633541365462,0.22778292648002352,0,0.0,0.5524068201338094,0.8340933772932081,14,2,10
2025-10-08 15:00:00,47.14821868383802,45.16486891886927,200.34255505801346,3.036274198517751,0.22096575132080518,9.752767551666352,17.566163540350193,0.17528147869970195,0,0.0,0.4985066680465216,0.5609280237980699,15,2,10
2025-10-08 16:00:00,40.212783828467394,35.65252878766929,233.1068740614089,3.7551553527334893,0.15679673278549078,8.222701364617711,20.108735202410255,0.234462963302408,0,0.0,0.3771140470918038,0.7539757330383393,16,2,10
2025-10-08 17:00:00,51.67090117427454,37.14505718671981,248.12066213431623,3.041096272029272,0.08207604448230361,8.971719338743936,22.13226252614111,0.1785106541420794,0,0.0,0.5776682913202161,0.8424371289304157,17,2,10
2025-10-08 18:00:00,41.043671443170275,43.91509306762834,158.60165425370104,2.3642336306544167,3.9007501777267004e-17,8.024033651695664,25.609264813920294,0.21030768968879646,1,13.798070753294258,0.391657277238287,0.3149902009773739,18,2,10
2025-10-08 19:00:00,38.650164477712515,22.59463152280242,236.89408700829557,1.9466419497862342,0.0,6.973977295630164,23.77158354636982,0.24709762822654435,1,8.560746415147802,0.3497631365146822,0.7762900312151394,19,2,10
2025-10-08 20:00:00,54.47841630684844,31.28047152990131,193.0719008130062,1.6972684770719617,0.0,7.11783633060056,19.89144235361219,0.24517928597307517,1,9.311767510333095,0.6268089187531538,0.5180892531667856,20,2,10
2025-10-08 21:00:00,29.325464299020414,26.895079332444837,131.76212042720906,1.7353878699577923,0.0,5.292790985019863,23.157548512890738,0.19346329985723648,1,10.253553912306725,0.18655061734123676,0.1568513877841545,21,2,10
2025-10-08 22:00:00,39.78658646387233,23.15638957234454,145.12017855409337,1.8189383392483243,0.0,4.4040895939169555,16.683492840396806,0.15675157692991723,1,8.112720550769057,0.36965420986297826,0.23555720556801077,22,2,10
2025-10-08 23:00:00,18.99153312518262,17.0983236371208,181.01546087693092,1.6262499848408694,0.0,5.354792211205832,19.983966542770744,0.24026287143815211,1,6.201639565254963,0.005673279997867549,0.4470525833366867,23,2,10
2025-10-09 00:00:00,32.056016014947204,19.773537379685635,152.35319332048982,1.3201009070402203,0.0,5.518781134267044,20.211708111448935,0.1626915981591517,1,8.568764297761618,0.23434413517553293,0.27817420399880904,0,3,10
2025-10-09 01:00:00,30.589911578638624,17.46668799608046,126.32352821517539,0.7877842802518178,0.0,4.047713901499932,26.399335815913435,0.24235492330653954,1,6.496560148782829,0.20868254886865284,0.12480714575622572,1,3,10
2025-10-09 02:00:00,41.46130629087081,28.29643778074693,170.83462090789598,1.4379852004686389,0.0,6.441476972559064,20.092033991891093,0.22326306062421622,1,8.421082148517042,0.3989672426293011,0.3870669680714864,2,3,10
2025-10-09 03:00:00,41.08935962838382,36.1462665531234,161.66640475664457,1.6541473023345223,0.0,4.2089883118170315,16.904344119932112,0.24342391205368413,1,6.9232944412343285,0.3924569687739146,0.3330477429004915,3,3,10
2025-10-09 04:00:00,27.55400652367162,19.749951189385502,162.477802077417,1.283576982196245,0.0,6.012004531735602,16.79520829472902,0.21653918118143972,1,6.304889979125294,0.1555443564874302,0.3378285043758812,4,3,10
2025-10-09 05:00:00,36.64795610314585,30.389843534696496,181.18098054207135,2.8239742303411455,0.0,7.044981498802195,23.61390510515961,0.24951126764685372,1,6.6550640300938255,0.314717991205889,0.44802782692976323,5,3,10
2025-10-09 06:00:00,46.459767141905765,42.62082031215335,181.5823955766893,2.529281620286102,0.0,7.432553625558921,19.232750713161405,1.4752512607105515,1,6.41061194490244,0.4864565314915288,0.45039296849976096,6,3,10
2025-10-09 07:00:00,48.333065780801974,47.24362066639031,151.55761349943805,3.665277723710458,0.07864458653665317,8.269505161407963,25.445639870234192,1.372216130804099,1,11.258223994741336,0.5192453380117745,0.27348663939672124,7,3,10
2025-10-09 08:00:00,39.4871315986097,38.02928432715237,187.5497467973047,2.7832747935230047,0.1520692654547349,11.418515142424438,21.25027155263297,1.419983967774391,0,0.0,0.36441277775238423,0.48555266412024817,8,3,10
2025-10-09 09:00:00,55.23563187888184,40.846950032556826,222.93032048451656,3.70559873078464,0.21615631197226312,9.30721007961645,19.54247721965529,0.1850288932114785,0,0.0,0.6400626490287226,0.6940153732403425,9,3,10
2025-10-09 10:00:00,43.96490794418497,49.88584985479132,168.08481067228348,4.231302324622921,0.2686318157246205,13.065405933901218,24.003091559884883,0.19007972851593138,0,0.0,0.44278839773495743,0.37086505748773746,10,3,10
2025-10-09 11:00:00,62.45366260110398,43.45375092440386,173.19079591923614,3.559143646914811,0.29871872565666546,11.350347449142149,20.258164853910674,0.2385202105874159,0,0.0,0.7664016149010212,0.4009495758089231,11,3,10
2025-10-09 12:00:00,63.54869265235424,45.47280389107563,178.04217377480646,3.8057626204937773,0.3094535366139505,11.096834539299056,23.492524938497585,0.20920611351587254,0,0.0,0.7855681950387485,0.42953394472499196,12,3,10
2025-10-09 13:00:00,39.8054161278339,38.62485726299896,185.21347324208702,3.796941773291147,0.2961710388276436,11.368134472145938,23.10470298584898,0.22256979206215555,0,0.0,0.3699837900994967,0.4717873159698211,13,3,10
2025-10-09 14:00:00,60.77303147784704,47.00371489581623,176.35538971745396,3.1688646471818984,0.2677848993446559,13.111458870346905,23.06581867901674,0.17878732598665212,0,0.0,0.7369851152633317,0.41959539546898084,14,3,10
2025-10-09 15:00:00,58.38979521917664,46.802396250423115,255.5461366500988,2.944176401906647,0.2198494771831409,9.100521556651987,24.333095444017857,0.2489870683163845,0,0.0,0.6952707452450934,0.8861881022116019,15,3,10
2025-10-09 16:00:00,45.89524648745743,38.94988402526549,248.80308929418462,3.0180812097964336,0.1555231977287436,8.341716648285038,24.14975028966036,0.17807347421754294,0,0.0,0.47657558772150843,0.8464579968728344,16,3,10
2025-10-09 17:00:00,41.78739799058594,53.91583956849934,171.97709351501373,2.912103131988035,0.07958911818062928,7.973066904555878,22.20567387563584,0.16590251455753235,0,0.0,0.404674905800464,0.39379842858653585,17,3,10
2025-10-09 18:00:00,47.27377429935041,43.139329012203355,220.5537176710346,2.53806636339105,3.739948265778621e-17,7.972961565265721,25.18385918730621,0.22781945852989952,1,13.433013235096421,0.5007042988455233,0.6800124046796615,18,3,10
2025-10-09 19:00:00,35.53773934200555,28.648236593490303,202.43783599271788,1.9080423776185416,0.0,5.427933670028232,15.600411145298674,0.2339075334942133,1,11.525460287962495,0.2952855943521697,0.5732734409153182,19,3,10
2025-10-09 20:00:00,58.319682996815544,36.52589290038938,159.8574839051125,2.443996269885588,0.0,6.441845746164102,24.993238569130746,0.18937952665191363,1,8.683585364193803,0.6940435537840155,0.3223895623795097,20,3,10
2025-10-09 21:00:00,27.912611766468277,29.209409037233783,146.52164206142393,1.5672660585164968,0.0,7.481078943725854,17.015288120842875,0.20410717822129787,1,8.66388292380631,0.16182111219474954,0.24381464316791818,21,3,10
2025-10-09 22:00:00,26.72731358863993,20.464306360370045,140.04686842203373,1.5248143322265277,0.0,5.451530055981817,17.758296837675314,0.1914127983605059,1,8.970073833161036,0.14107454685025464,0.20566520936451677,22,3,10
2025-10-09 23:00:00,30.476481634625753,19.659455996221542,169.21087414332533,1.4074214619499148,0.0,4.697083742998852,24.18274326244072,0.1793921955980652,1,6.14797749913406,0.20669715667831215,0.3774998352019102,23,3,10
2025-10-10 00:00:00,40.66386769321647,27.90130905627902,132.22704003085238,1.4942948199031825,0.0,4.2587351230607196,19.95457256809889,0.23133770318512337,1,8.594063469140739,0.3850094788497519,0.15959069893708694,0,4,10
2025-10-10 01:00:00,22.388052873203506,20.321224580813812,125.66879929875316,0.6161860380782409,0.0,5.866979780584041,20.34033639593609,0.225703735618584,1,9.566918509731641,0.0651233999881705,0.120949476153034,1,4,10
2025-10-10 02:00:00,37.39506810039857,20.59657067079789,106.57367699080542,1.69811077517025,0.0,4.431687651194265,18.713036461783442,0.19853286297328443,1,9.908793978755458,0.32779487612868374,0.00844081638720582,2,4,10
2025-10-10 03:00:00,34.10691726226591,24.461450403159994,170.21772793687543,1.2076572441100344,0.0,7.570024396921292,18.41147356228266,0.19555509223997092,1,6.541581212857121,0.2702415638044712,0.3834322282531615,3,4,10
2025-10-10 04:00:00,36.56803022992386,26.311622794286485,163.72539267652132,1.8293701291983822,0.0,8.267661860379645,17.213286035278667,0.16801636947759666,1,5.7652962128562395,0.31331902900166636,0.34517932119590494,4,4,10
2025-10-10 05:00:00,43.02722021524914,24.799183755062806,149.65115652306375,2.261259630262689,0.0,7.303950182966565,18.2258366006447,0.21372733600410238,1,5.7904595754325525,0.42637581893833704,0.26225377501104463,5,4,10
2025-10-10 06:00:00,39.23139968114966,39.68242348998135,195.43415362804578,3.037735960391188,0.0,7.8014969581247335,22.21752323505346,1.8177583064859748,1,6.426821123920972,0.35993663914397234,0.5320076713869997,6,4,10
2025-10-10 07:00:00,42.45821871241582,40.26374158828479,152.13389317154147,2.5314512425711047,0.07956948551007477,9.60948564145778,23.702248390318015,1.6641329192375764,1,10.814331078313243,0.41641644577767334,0.27688208523430363,7,4,10
2025-10-10 08:00:00,35.46141141954679,32.259467425633375,195.72345388648333,2.3033430973968345,0.15318446859494542,10.386524982435123,23.992535323308477,1.5047028707072454,0,0.0,0.2939496079645069,0.5337122315265893,8,4,10
2025-10-10 09:00:00,42.6195844135007,46.34821760899074,171.8076799314304,2.8446005137652066,0.21603598823104087,9.096414011076504,19.966887751475593,0.15386585090567234,0,0.0,0.41924086930631765,0.3928002419853873,9,4,10
2025-10-10 10:00:00,40.7562955643236,45.18044525101122,181.4572425518948,3.477621634266961,0.26638444169781184,9.841966536703707,25.733269498369587,0.24302828443194147,0,0.0,0.3866272665958615,0.4496555655725534,10,4,10
2025-10-10 11:00:00,64.02998270261895,49.32365160318804,244.18302003826682,3.463791532693121,0.29977155039744957,9.335236709597558,19.319972007138915,0.18080443380269784,0,0.0,0.7939923330862452,0.8192365006380461,11,4,10
2025-10-10 12:00:00,54.577012778147896,46.343982286578964,245.444358025134,2.81301930868611,0.30460271436475866,11.158233963164273,16.91693475568411,0.1799952520989449,0,0.0,0.6285346770246282,0.826668317210129,12,4,10
2025-10-10 13:00:00,50.26241301026213,34.69908989167147,196.1291628073425,3.288165259830754,0.29388230568279294,11.302937904532984,25.516621519092688,0.19695960537007154,0,0.0,0.5530151767890109,0.5361026727190978,13,4,10
2025-10-10 14:00:00,58.184796465722414,48.06444801596071,173.9528467233253,3.5373015454580083,0.26386747126778776,8.976047796513935,21.172025340445785,0.19291659231175987,0,0.0,0.6916826016761307,0.40543958709342054,14,4,10
2025-10-10 15:00:00,55.03944173587636,52.1653147956507,203.06834246192977,3.113866006814815,0.21665593281558568,9.383384511484138,25.512568610835217,0.24623494970407311,0,0.0,0.6366286847335387,0.5769883916069505,15,4,10
2025-10-10 16:00:00,48.75314402132314,49.17158453161329,242.55052298857308,4.11838028176396,0.15334170045579576,7.859376179254063,19.473507973084253,0.16650074548233462,0,0.0,0.526598070707897,0.8096178109972754,16,4,10
2025-10-10 17:00:00,40.866316290752785,37.53257473743895,166.68410793432676,3.1143702809746063,0.07966134360451532,7.5736556258418615,23.157510857596325,0.21891221547756842,0,0.0,0.3885529864128731,0.36261210234891417,17,4,10
2025-10-10 18:00:00,45.850674733102714,31.227975738090908,217.21008647232526,2.271205895858542,3.758766471536248e-17,8.23638475026228,16.501851449029367,0.16067631987472647,1,10.287385412211277,0.47579543734961377,0.6603116947888732,18,4,10
2025-10-10 19:00:00,30.82014260065469,30.75665583841573,227.44901829129154,2.731654221265673,0.0,6.164799068093411,24.149364424145276,0.17768975784952126,1,10.346569323434005,0.2127123390361679,0.7206395878396613,19,4,10
2025-10-10 20:00:00,54.856526969377654,45.927046521132254,151.13044400445423,1.9200758264912923,0.0,5.863284090345356,17.180630838832265,0.22221371784026578,1,7.920408899527814,0.6334270826163474,0.2709697522776756,20,4,10
2025-10-10 21:00:00,31.96544352026017,33.07250906469882,200.37071983478234,1.5441796034301436,0.0,3.9048509528895456,16.19382436304276,0.2304043433858896,1,9.64910540797315,0.23275882253894284,0.5610939709564996,21,4,10
2025-10-10 22:00:00,37.755894211313056,30.630104359625616,124.10911059655128,1.9193425637039936,0.0,5.231771207976057,16.576690194439077,0.19689245122945132,1,9.754305472481168,0.33411050423654326,0.11175977405494374,22,4,10
2025-10-10 23:00:00,26.705328450142915,13.84659485725794,164.37490873784884,1.80156935169979,0.0,4.690181808756373,21.469321728610232,0.22893451084443706,1,7.573461013160772,0.1406897355673488,0.34900627660251804,23,4,10
2025-10-11 00:00:00,34.919520658602075,28.373096914164165,166.51154471174095,1.4018051754967886,0.0,3.892649973419816,18.814672175905084,0.24351270509575684,1,11.05259677078859,0.2844647607827493,0.361595358041918,0,5,10
2025-10-11 01:00:00,25.893514151745006,25.693787993147495,137.45895420655845,0.9236914006911745,0.0,4.524195286474774,25.99925585427833,0.243578743476484,1,8.828442552385374,0.12648035036423866,0.1904171918196974,1,5,10
2025-10-11 02:00:00,29.819247074039517,19.146894287360173,119.26100863694595,1.7574777428652444,0.0,5.182584800796925,24.997188794378104,0.18424744554328043,1,10.593395205337455,0.19519341862073336,0.08319470675206223,2,5,10
2025-10-11 03:00:00,46.81761551327441,30.660941027301487,171.38347800619857,1.5484125005943123,0.0,4.653557942316104,24.591902484098195,0.1812139841436975,1,9.157018386695746,0.49272003949221,0.39030083981826663,3,5,10
2025-10-11 04:00:00,25.12972020209274,25.07270227548601,110.4705651108485,1.327605287177753,0.0,4.602865433900551,24.751255292082853,0.22264446521920853,1,3.925004823305628,0.11311147712828794,0.03140132182795599,4,5,10
2025-10-11 05:00:00,30.544282896166507,24.291099524521826,155.8933145904664,2.9433545770778182,0.0,8.597628063839133,25.679416185045227,0.21540945027685154,1,4.674217765852575,0.20788389882413377,0.2990326354385379,5,5,10
2025-10-11 06:00:00,51.71372487276864,40.74922275357696,149.82795269640258,2.6369779949345538,0.0,6.924622101212092,25.426008682030982,1.4191988312031367,1,4.561641029865604,0.5784178450407227,0.26329545990801956,6,5,10
2025-10-11 07:00:00,56.57899513577797,50.92757233966304,166.3439685787775,2.806781337709502,0.07946892818853346,8.226977133869969,26.082546511810907,1.2965049781090061,1,8.527919771255087,0.663575866303427,0.36060799771898294,7,5,10
2025-10-11 08:00:00,43.238973978980916,45.58898908543399,183.29085506510063,3.5340139535119723,0.15389342729112773,10.047506394421946,26.087902160762756,1.5888239157334372,0,0.0,0.4300821971125219,0.46045922962160607,8,5,10
2025-10-11 09:00:00,59.44882173044297,56.30545378350322,193.66000991275956,3.8615567248333384,0.21737617047235766,13.176430015471475,19.20027521937306,0.19302389924017221,0,0.0,0.7138071465730649,0.5215543981154407,9,5,10
2025-10-11 10:00:00,54.81243214418024,45.745693215490206,170.3623663756432,3.3297218428011037,0.26298372508731405,8.869033343491024,18.270369303451428,0.16321134416138472,0,0.0,0.6326552800527186,0.3842844394426971,10,5,10
2025-10-11 11:00:00,43.542506225475314,44.36421337182144,226.9988549308177,3.5730148341603805,0.29804281841222124,10.852438650509495,22.641199030064463,0.213924875170683,0,0.0,0.4353949966290072,0.7179872206253644,11,5,10
2025-10-11 12:00:00,64.39373801542226,57.29327703309882,163.03576645305552,3.9491315625851966,0.30055202118252256,9.786673332174113,17.044977756716648,0.21976744117921118,0,0.0,0.800359231734742,0.34111603629569703,12,5,10
2025-10-11 13:00:00,58.34923966431469,38.78941543119192,166.29358854196394,3.30489915839418,0.2911745082603454,9.842605740431235,17.85630445809954,0.18642320100744725,0,0.0,0.6945608914000742,0.3603111580167053,13,5,10
2025-10-11 14:00:00,63.388317345492744,32.02319185963277,217.6336075406141,2.808710132499639,0.26277237225890565,9.350876999737485,23.58192547565454,0.2331954407110053,0,0.0,0.782761106623628,0.6628070853397856,14,5,10
2025-10-11 15:00:00,42.201961503688466,52.58528252422427,223.2177937608667,3.7066939973476742,0.21274925715788734,8.458073728433618,22.188069577457227,0.1573673083261301,0,0.0,0.41193111286709677,0.6957091687824211,15,5,10
2025-10-11 16:00:00,54.58731189775897,38.54130523792814,190.4820409542679,3.4536173050325667,0.15109205300975576,8.91051383966202,22.118272422262535,0.1995909779989474,0,0.0,0.6287149450466322,0.5028297718715709,16,5,10
2025-10-11 17:00:00,51.761030995629554,35.816870059991125,213.6658716788563,3.639741986670472,0.07814243562899414,6.743157809423274,25.139920456361594,0.2456334472617106,0,0.0,0.57924585573667,0.6394291442660391,17,5,10
2025-10-11 18:00:00,33.473632063667864,27.5434026522583,201.61092329855902,2.742414346108158,3.737289541320836e-17,8.377410403789971,22.21815072907104,0.16904631367119827,1,12.950631310390825,0.2591570173163566,0.5684012626981385,18,5,10
2025-10-11 19:00:00,40.10782176654573,36.0295862398022,176.00211989294223,2.808667823481391,0.0,6.698549435969783,19.807220930467725,0.16723242419272236,1,11.985782790483348,0.3752768703230515,0.41751392597899595,19,5,10
2025-10-11 20:00:00,39.300022518280535,34.136955022662725,193.6597172890605,2.4135933370183182,0.0,6.331840733417154,18.308037278726264,0.18786966857838105,1,10.8653697173175,0.36113776152928534,0.5215526739735543,20,5,10
2025-10-11 21:00:00,34.16278875691545,26.93094743005654,208.4911302230376,1.4584960262630509,0.0,4.811300263037169,18.979817769072444,0.17680840425788544,1,8.857788917534927,0.2712194963081429,0.6089395136452125,21,5,10
2025-10-11 22:00:00,30.587054860439007,32.188812479256136,159.26421555401083,1.7679872212625607,0.0,4.422933869214102,18.444814896330605,0.17215333936717314,1,12.297218266659128,0.20863254702784367,0.31889401906810866,22,5,10
2025-10-11 23:00:00,23.15834269481334,17.651578809644597,173.4149284543483,2.069773761986503,0.0,4.767406580974432,16.018053647035476,0.24498430615322234,1,5.525887502231354,0.07860597206763424,0.4022701670430988,23,5,10
2025-10-12 00:00:00,32.87417988292844,19.298736281552376,127.01443032915715,1.7162433536066324,0.0,3.20297701127275,18.496527233968667,0.18448477732490162,1,12.912432085266875,0.24866465845573957,0.12887794821665888,0,6,10
2025-10-12 01:00:00,27.245487220491547,21.97582579080176,159.87802349449805,0.8984917686061712,0.0,4.100668573961033,24.672495276339134,0.15598380747013596,1,9.928871223045183,0.150144267291992,0.32251058185435993,1,6,10
2025-10-12 02:00:00,34.63939388733343,19.53370129930887,150.4234168151396,1.8638413747983116,0.0,3.8881569655797286,23.674933048258808,0.23997817151365838,1,10.809388897590638,0.2795616330520418,0.266803940705226,2,6,10
2025-10-12 03:00:00,34.446795500210236,25.52177790374928,151.2370132718247,1.2249471347621854,0.0,4.3233691056867585,22.65439316691247,0.19482460476488483,1,9.739675787757447,0.27619053614289396,0.2715976595123461,3,6,10
2025-10-12 04:00:00,35.471168461628984,28.949025694637452,173.92459270026225,1.3796806803568304,0.0,3.714832959140591,25.743249062681016,0.22359417622528005,1,4.8147775221753095,0.29412038787028394,0.40527311409489497,4,6,10
2025-10-12 05:00:00,42.755299059427614,25.085561937498525,131.48824855673928,1.9675614469788076,0.0,7.876954970215604,18.949316426337933,0.18673472472532812,1,7.0262559494921595,0.42161631611168304,0.155237731867361,5,6,10
2025-10-12 06:00:00,42.251520092983604,44.02228826549856,149.47600936727537,2.3103865638350807,0.0,6.616962460962846,22.335107738469276,1.8263767777493596,1,4.776904165807894,0.41279854903668267,0.26122180614267315,6,6,10
2025-10-12 07:00:00,49.02952412505764,42.87993932183854,134.28151097985955,2.452690283673331,0.08085751593292001,9.232751489900927,16.448714391222627,1.3408501915793316,1,10.20782454427144,0.5314356195958498,0.171695663193033,7,6,10
2025-10-12 08:00:00,49.994546896397416,33.17323192952941,200.35079790922907,2.310735514905685,0.15661833514873613,9.851129098822257,25.633953335941772,1.6220749824158949,0,0.0,0.5483266503584279,0.5609765907633902,8,6,10
2025-10-12 09:00:00,56.996895053701856,46.56633802672141,223.08080552953072,4.063047956317623,0.22034977023022317,8.107077290597973,20.79555243524012,0.2324344924720491,0,0.0,0.6708904712837127,0.6949020326948513,9,6,10
2025-10-12 10:00:00,49.70977544484284,36.174760594617474,190.5833503631803,3.2241446545120085,0.26890246696597747,8.770842908934291,17.827383943019385,0.17379327845082293,0,0.0,0.5433422256470458,0.5034266879653556,10,6,10
2025-10-12 11:00:00,59.619273328204244,42.893091509889146,193.37391035870232,3.9084000641526115,0.3021697680660273,12.70888106018916,18.375366552436564,0.2301510841337211,0,0.0,0.7167906027844857,0.5198686965594373,11,6,10
2025-10-12 12:00:00,46.381278044943144,53.5116668466938,231.66761392905102,4.1281196923505235,0.31173372862620663,11.99095066706195,24.6565103224613,0.22922760110362528,0,0.0,0.4850827175353234,0.7454955973296209,12,6,10
2025-10-12 13:00:00,47.1530503272898,34.97745456181808,172.24121182566262,2.9157102918551225,0.3038502612123421,10.095709213738687,16.788367295891785,0.24642236018453714,0,0.0,0.4985912374894421,0.3953546164271527,13,6,10
2025-10-12 14:00:00,51.69369693752011,44.86290825566121,197.3226085749945,2.914444645881214,0.27140860783097415,10.074326514372121,25.161478469291147,0.2422811915376745,0,0.0,0.5780672911673418,0.5431344676275723,14,6,10
2025-10-12 15:00:00,41.95291372037983,36.759169225143324,204.01161465729317,2.480355624072024,0.2186789503948834,8.698779516391255,19.340173348758242,0.18886087250628084,0,0.0,0.40757196830165016,0.5825461612186452,15,6,10
2025-10-12 16:00:00,50.735741397211164,42.952191954068226,216.6361348788292,2.6124045588243177,0.15263654255919357,9.130088105371643,18.007274200163835,0.20905437543623126,0,0.0,0.5612999598865722,0.6569299660147231,16,6,10
2025-10-12 17:00:00,58.241601390165414,51.21358743358001,205.84413972363362,3.958681465200499,0.07890129050387859,7.24644188280229,18.79215637872053,0.24252943215791822,0,0.0,0.6926768722309079,0.593343418019427,17,6,10
2025-10-12 18:00:00,50.08908058830544,34.95761187290431,170.86804227746268,2.922473449847513,3.767055068356777e-17,5.144245588053282,19.5670780031697,0.150437567286295,1,11.930204204460365,0.5499812968036114,0.38726388712949744,18,6,10
2025-10-12 19:00:00,30.604481364679774,35.18825735208743,194.23480402310219,2.9627934843209505,0.0,5.068020587193835,21.010606511879292,0.21273501420770524,1,12.542174531003914,0.20893756741488215,0.5249410910076368,19,6,10
2025-10-12 20:00:00,60.32890087193373,41.54304306077686,218.32818217980926,2.3787361366690525,0.0,5.676561871487123,21.45967161432624,0.17153635101354464,1,9.278225780994829,0.7292113881038479,0.6668995263570738,20,6,10
2025-10-12 21:00:00,38.30183752050387,33.990230979964,129.53312153565517,1.2061262232265217,0.0,3.892518622594179,20.107773333922022,0.2238766010263049,1,11.428251743583175,0.34366628416634015,0.14371810307071411,21,6,10
2025-10-12 22:00:00,32.355328422622954,23.434797312130467,174.4245257923738,1.7927950800031398,0.0,4.46899107224081,20.193525544475555,0.22964696911098176,1,8.067241121653996,0.2395830738159687,0.4082187250870092,22,6,10
2025-10-12 23:00:00,21.76385570398062,21.879598772448826,161.17588922909877,2.0076461094036806,0.0,3.1513462513240875,18.630130354536483,0.22129592370404924,1,7.728365561429891,0.05419792351198316,0.33015762029700674,23,6,10
2025-10-13 00:00:00,34.19728780570186,25.756222865450194,176.2061192760487,1.7015325459223039,0.0,3.330872347935556,19.78000247730516,0.24960780019935563,1,10.74390921808822,0.2718233416386754,0.4187158924716018,0,0,10
2025-10-13 01:00:00,34.902410466281665,24.045418191518653,151.63616295188172,0.6980250375317404,0.0,5.058057083926278,20.7822357630152,0.19792576259928468,1,9.418818121377504,0.28416527688100013,0.2739494535896473,1,0,10
2025-10-13 02:00:00,34.096591783297725,29.54485424798149,148.73898987367303,1.4910355111658453,0.0,4.74151806916982,22.286872750352238,0.20613454773238288,1,7.567702655202034,0.27006083440816087,0.2568792796005952,2,0,10
2025-10-13 03:00:00,42.82391461437607,32.81963318666947,160.43323125392166,1.3784576923122902,0.0,4.950574940504195,17.41061846518829,0.19089924226450902,1,8.618576219676937,0.4228173110351673,0.3257818717626911,3,0,10
2025-10-13 04:00:00,30.858782039948473,29.08079912977903,128.48323818098785,1.491525940508686,0.0,6.44997115236262,24.26188954844684,0.2473983154157347,1,5.074441716537822,0.2133886546394297,0.13753217939664017,4,0,10
2025-10-13 05:00:00,34.29763982419377,28.622162969679867,158.97777373255613,2.5537148119860116,0.0,6.764607618094616,23.422565439297557,0.2422756351014885,1,4.640076314370686,0.27357982768416045,0.3172063008690303,5,0,10
2025-10-13 06:00:00,43.77359540984236,42.41648888088813,161.5536887489477,2.33725790711202,0.0,8.496469944347707,19.336754385173645,1.8649775851127228,1,6.081738828367344,0.43943980742308164,0.3323836190077186,6,0,10
2025-10-13 07:00:00,53.85854577231801,41.517595916418315,164.42825353634902,3.035594472311782,0.0780499575669871,7.3559565368342525,21.046256622822916,1.8636684020293879,1,11.059075176177041,0.615959172427445,0.34932058471157035,7,0,10
2025-10-13 08:00:00,43.2585662187406,31.6961640501497,142.15384506325148,3.057067951580678,0.14946081105289935,8.099177219191008,26.222529968729308,1.7965925885233642,0,0.0,0.4304251249006705,0.21807953770650648,8,0,10
2025-10-13 09:00:00,46.67459352075283,47.389812545206794,170.61592700623783,2.6539413635972884,0.21140146278904468,7.838478337320451,16.23379747936049,0.24308775281119158,0,0.0,0.4902166904033037,0.38577842132233686,9,0,10
2025-10-13 10:00:00,49.80972325685236,57.120118448444636,177.99817139901694,3.196482321780024,0.2647535447658445,9.176819350548955,24.558110733678596,0.16198811728307583,0,0.0,0.5450916367671185,0.4292746822679754,10,0,10
2025-10-13 11:00:00,65.50904994837593,53.10947506217794,231.63824484218677,4.875237171516071,0.2963014440517274,10.859729365559025,21.2532775692738,0.16735280351634071,0,0.0,0.8198808106330682,0.7453225543635505,11,0,10
2025-10-13 12:00:00,67.92949326224802,59.45483310363234,259.78604630731706,4.081557673510936,0.30482332662845973,11.286629045302615,22.247531165519298,0.23851875803240574,0,0.0,0.862246424883734,0.9111696941264792,12,0,10
2025-10-13 13:00:00,46.26377012452082,43.37406378133208,189.207091626674,3.9222337154348317,0.2932810064991112,10.83418555089712,22.796242224473556,0.22268004620930154,0,0.0,0.48302594752155004,0.4953177571379848,13,0,10
2025-10-13 14:00:00,61.21032448717687,38.37747098283458,173.20863327804585,3.778185349482175,0.25956566619129434,7.769450035324024,20.293709464205705,0.2374988711772606,0,0.0,0.7446391622891811,0.40105467371304115,14,0,10
2025-10-13 15:00:00,43.448800427126244,39.549681644160145,273.29158562990443,2.2631301169149105,0.21007604410663613,10.1594955944115,17.465444470643025,0.22700335156737578,0,0.0,0.4337548410082765,0.9907444726533785,15,0,10
2025-10-13 16:00:00,39.16417374789309,37.32008365532688,235.16126932814413,2.5179740285798506,0.14713467174158867,6.605977329105281,24.77900927145755,0.16395835529631456,0,0.0,0.35875996711052044,0.7660802513735501,16,0,10
2025-10-13 17:00:00,43.99966735778545,34.82812865269596,248.5321706093395,2.6607814978270037,0.07666762743895095,8.60853789792775,22.981038412777945,0.24165657028400409,0,0.0,0.4433968002948262,0.8448617411565378,17,0,10
2025-10-13 18:00:00,35.83855199126327,39.368812726399206,164.38794158637964,2.472519593109223,3.655391887847464e-17,6.555647975400052,21.110794407274135,0.22712285249341566,1,14.076123386886948,0.3005507920897636,0.3490830662819704,18,0,10
2025-10-13 19:00:00,30.120011387279874,34.258994312520265,218.9787754486511,2.577610969928589,0.0,6.838979326840504,19.988276000959328,0.20708061975800096,1,12.212668191856366,0.20045777032113465,0.6707328286815947,19,0,10
2025-10-13 20:00:00,52.3541568838609,34.464970090911976,208.19913713892902,1.6205392907963074,0.0,4.069927034751464,20.560114102549935,0.20323615684464913,1,7.393610716427707,0.5896274839445598,0.6072190873486879,20,0,10
2025-10-13 21:00:00,38.204993567579365,22.008346013946404,140.08526760270928,1.1461458535711586,0.0,5.941696499826707,23.986403778508773,0.20737986757688748,1,9.64484039074493,0.3419712006547393,0.20589145773749076,21,0,10
2025-10-13 22:00:00,37.2942857005128,24.112642672019213,132.91233440752765,1.8267972187241914,0.0,2.8182736802752126,15.692222846182728,0.18904169431645412,1,11.633166894204228,0.3260308570118773,0.16362846055083174,22,0,10
2025-10-13 23:00:00,27.229705334920816,16.077387818313532,136.1990948467749,1.7702807508562217,0.0,3.3045692795001855,24.682969001768253,0.23032193394935563,1,5.662062501170717,0.1498680330697709,0.18299408733381076,23,0,10
2025-10-14 00:00:00,37.232516419444636,23.849756772285122,124.77523943620062,1.7485913774650772,0.0,2.8621856827852374,16.240895717941775,0.2409017500789511,1,9.843783182193704,0.3249496941028858,0.11568461212467009,0,1,10
2025-10-14 01:00:00,25.01754985015996,18.893181137381646,174.9656445082192,0.7020948231210865,0.0,2.1976982354581662,22.353996847741715,0.17529150211968292,1,10.374871593790674,0.11114813188772393,0.4114070022036545,1,1,10
2025-10-14 02:00:00,35.813399887584154,22.627389249211827,130.40606835455043,1.67266398298193,0.0,4.33569380064799,19.47692733263899,0.15380472066252784,1,6.868020274093808,0.3001105486368576,0.1488615148308928,2,1,10
2025-10-14 03:00:00,41.21072301174738,38.52143772311478,159.83249177346846,1.7697092504518976,0.0,6.51349472203867,23.256542344489397,0.1702927404024079,1,9.436465791982167,0.39458122190319417,0.32224230847924057,3,1,10
2025-10-14 04:00:00,40.59240816258119,22.5886513493997,167.52992125684602,2.0130926032265535,0.0,7.985116304923331,16.99148072826106,0.22573386420416908,1,4.013670618940548,0.38375870512079197,0.36759564326549243,4,1,10
2025-10-14 05:00:00,31.467866561317294,32.04024492334613,143.06344803943983,2.143125288476701,0.0,6.128396506125508,22.08698375694821,0.2368401053101875,1,5.288899818523035,0.22404961072564467,0.22343892792771314,5,1,10
2025-10-14 06:00:00,38.19945024698931,42.95467205222844,174.60684434258684,2.3784661685683854,0.0,7.913867543470501,25.3187678380518,1.3864241344991506,1,5.36460185334994,0.34187417455194224,0.40929294788611537,6,1,10
2025-10-14 07:00:00,52.58530633247348,39.221743808165115,136.37942673696884,2.666787540160013,0.07799236835700069,7.795228103414379,21.425365585450063,1.2392902617238175,1,8.77593835743471,0.5936733495585365,0.18405660471136712,7,1,10
2025-10-14 08:00:00,52.1231249492403,44.642243675152294,170.72658463337422,3.085696017704952,0.15007415426281362,8.775051239846594,16.978660420838665,1.768900540065217,0,0.0,0.5855836752068688,0.3864304172153823,8,1,10
2025-10-14 09:00:00,49.22762240903136,48.34921152970408,234.82969918888162,3.292114771033301,0.2112652022510068,8.544833110943781,16.414246137276844,0.17146428575489245,0,0.0,0.5349029825514084,0.7641266366553418,9,1,10
2025-10-14 10:00:00,55.17725245351885,34.78275725855733,166.8530653913604,3.8187050072803514,0.25891696822638044,9.548309592658125,22.537764331108434,0.17418741860871556,0,0.0,0.6390408195973416,0.3636076014476753,10,1,10
2025-10-14 11:00:00,43.40323948733508,36.42656585699757,196.3820024413358,3.004393132097707,0.29037169883129144,10.179909346067877,16.581627150546396,0.15926125880246977,0,0.0,0.4329573766805528,0.5375924064792439,11,1,10
2025-10-14 12:00:00,74.66076036544726,59.59083396871364,245.8199321999067,3.3623845898439186,0.3048469900060726,9.15569181517569,16.49853315713522,0.24103242204019237,0,0.0,0.980065447489197,0.8288812041644453,12,1,10
2025-10-14 13:00:00,40.59715508198873,39.39181343821222,236.72085787724043,3.2613565275182634,0.2956187022168664,9.543934784631718,20.092529709525557,0.1826723340772205,0,0.0,0.3838417916179417,0.7752693633684978,13,1,10
2025-10-14 14:00:00,39.86668762508602,39.57369270159861,234.46704617318383,3.7907133145679346,0.2644114893183604,9.252799445169016,17.73614880536639,0.16718413527100473,0,0.0,0.3710562401760042,0.761989881305039,14,1,10
2025-10-14 15:00:00,42.60118355521351,38.98619358012297,257.25461445854285,3.402626776173819,0.21763132164048204,9.650380451809125,17.592794769822177,0.24536449213713657,0,0.0,0.4189187945609153,0.8962544712752709,15,1,10
2025-10-14 16:00:00,48.70451824278465,35.86513068744829,164.10312812871072,3.226010434651159,0.15523987028949396,7.126129753748206,20.37135632532061,0.18355204203749495,0,0.0,0.525746961754263,0.34740494241929876,16,1,10
2025-10-14 17:00:00,43.18020123852617,53.127029404637504,236.52390765499425,3.427441380387093,0.08001601131802846,7.406583688282715,18.268387541895002,0.22474858483953516,0,0.0,0.4290534833904158,0.7741089306051906,17,1,10
2025-10-14 18:00:00,49.766281669204254,42.18608941763803,238.2549039215818,1.9178819549806374,3.777079783737365e-17,8.583182773990677,17.622481565668743,0.17303955887391764,1,9.627705979417726,0.5443312679808766,0.7843079786590678,18,1,10
2025-10-14 19:00:00,45.50482147386847,30.526536780601212,144.3039995841453,2.6613878069973507,0.0,7.048290578116539,20.664908382266812,0.2226825775557024,1,9.29862517072192,0.4697418827449353,0.2307482705658143,19,1,10
2025-10-14 20:00:00,42.6377463810274,34.97576417971103,185.3066655996575,1.603985775442653,0.0,6.499378583570564,18.416541558657777,0.17321622198700057,1,10.319024282058548,0.4195587626880215,0.4723364063124531,20,1,10
2025-10-14 21:00:00,38.71292968736432,33.6336387725882,156.80396553836215,1.6139487720557997,0.0,4.542824728480651,16.312968424426643,0.2137739983156946,1,9.799464610315217,0.35086173140646537,0.30439820031997306,21,1,10
2025-10-14 22:00:00,26.78350861288468,27.898671366022324,124.06101670508342,1.627121408077141,0.0,4.3521500101082475,22.64591785754827,0.19408630303761254,1,10.5727885122047,0.1420581421719527,0.11147640434488329,22,1,10
2025-10-14 23:00:00,23.47440665231678,20.604325048404295,145.47627674308075,1.6225144661553133,0.0,4.7232045056517435,21.7639354465561,0.22987177894418745,1,6.274351057076092,0.08413811720211738,0.23765533981098091,23,1,10
2025-10-15 00:00:00,29.578778667288844,18.377859678668397,155.82702133078195,1.3124742235484985,0.0,5.16852024690661,17.97722996046527,0.22302718310265635,1,9.014190639750474,0.19098444099193126,0.29864203486115903,0,2,10
2025-10-15 01:00:00,25.331770668204157,20.887533918385728,170.97947202509525,0.6455588660791329,0.0,1.7484049700970454,21.998318450395978,0.2435485624171724,1,8.737724970630516,0.11664801609922121,0.3879204323645582,1,2,10
2025-10-15 02:00:00,36.191732004106484,29.16096871592191,148.437134054725,1.4199473937844973,0.0,2.6737902382182774,26.09064014784313,0.18766223083958944,1,8.935165874432608,0.3067325886637244,0.2551007419675461,2,2,10
2025-10-15 03:00:00,32.29870226441034,29.412161063993015,166.5780971719786,1.8944702038759742,0.0,5.764955664931901,26.227272942794567,0.2254335126668346,1,6.510188871115499,0.23859193225046138,0.3619874858316594,3,2,10
2025-10-15 04:00:00,39.21450778893196,27.411063432343592,117.85499322404725,1.6852017849592849,0.0,4.789468462870726,21.775323744999543,0.24688435317656054,1,4.870144008539306,0.3596409762025775,0.07491044927707927,4,2,10
2025-10-15 05:00:00,39.32350301588504,30.24803499625567,129.7564827387073,2.342357916487907,0.0,5.107707572094455,17.165206561818955,0.18363090275744365,1,5.369139006646546,0.3615487464501983,0.14503414960834837,5,2,10
2025-10-15 06:00:00,54.17824207575485,33.38478361591691,197.62342913716543,2.9908210659468644,0.0,5.291253959545069,21.050494433595752,1.342503182860647,1,5.382055692607167,0.6215548954056056,0.5449069055168949,6,2,10
2025-10-15 07:00:00,59.46766644456947,48.557198676040855,202.50796678449453,3.0659328334345823,0.0808191491245622,6.756386607430096,16.402063699987984,1.70178809002857,1,10.633570370863746,0.7141369902363192,0.5736866522718028,7,2,10
2025-10-15 08:00:00,56.82780545652388,31.05840807136242,156.1704257718023,2.6424627419795907,0.15494444447387756,6.622109899998655,20.524266680193804,1.4591410517113705,0,0.0,0.6679308545032715,0.3006653774087347,8,2,10
2025-10-15 09:00:00,56.63873493584146,51.414787027720806,201.8666180572669,2.668948007164724,0.21662255205941164,10.72642859748764,25.72482686713461,0.18986517644265588,0,0.0,0.6646215067075614,0.5699078188828767,9,2,10
2025-10-15 10:00:00,53.166409609749195,57.43183841741053,186.26327585285324,3.875692646666384,0.2697972952313364,9.079190731740681,20.904089214118983,0.20456125140540068,0,0.0,0.6038445430517966,0.4779727638999878,10,2,10
2025-10-15 11:00:00,51.08025986256254,57.07542097568143,205.01405288471287,4.44361717478686,0.2961411741794629,9.33291589942767,21.662793793174774,0.24355307390135292,0,0.0,0.5673301512658361,0.5884525377082098,11,2,10
2025-10-15 12:00:00,67.2411568657657,60.85009171717683,253.37064246537625,4.308576652972916,0.31172362125731246,10.070705831611685,17.409383276510567,0.158385018120879,0,0.0,0.8501983037478534,0.8733700677887686,12,2,10
2025-10-15 13:00:00,51.397104614533305,41.17245653560747,244.40478591772575,2.7079900593363044,0.30025548110819317,10.332293808244176,15.816262034807572,0.19656858638793492,0,0.0,0.5728759628377945,0.820543147512433,13,2,10
2025-10-15 14:00:00,61.87324180827251,45.1668787796791,191.2286817892105,2.5123984623487954,0.26579466150267816,10.005679346611698,25.86885888344284,0.16101410250322323,0,0.0,0.7562423671007388,0.5072289874571588,14,2,10
2025-10-15 15:00:00,47.96777141807351,52.7792139160076,198.52166894695566,3.586710944104023,0.21896543958693687,9.646202905069348,18.976740351604143,0.23835860597078995,0,0.0,0.5128515009941501,0.5501993438431866,15,2,10
2025-10-15 16:00:00,45.747299425693974,32.64249734149153,192.07263585614945,3.563033922365071,0.15555522404431413,7.309962531393479,18.29793424443678,0.16367012412811083,0,0.0,0.4739860339351143,0.5122015736204693,16,2,10
2025-10-15 17:00:00,49.09912819190788,37.048794065702154,237.51309237395682,3.954107685486431,0.0794452000485729,6.9089477081798645,21.248281248258728,0.15897033870388713,0,0.0,0.5326539166861203,0.7799372172847159,17,2,10
2025-10-15 18:00:00,51.12648232551734,37.984574166476435,199.00884211368313,2.392699689556268,3.757029177786787e-17,7.188940165353551,23.01451496347774,0.24637543965954967,1,12.807511168343046,0.5681391943960904,0.5530697732218751,18,2,10
2025-10-15 19:00:00,30.33258101833572,22.32486666577562,233.25107013126654,2.386732671460538,0.0,5.1056152868589235,17.96684937285616,0.20633428415424443,1,9.719484007901181,0.20417842882162715,0.7548253377856433,19,2,10
2025-10-15 20:00:00,47.37164775342745,46.93443860231162,208.50184595061458,1.852094227171915,0.0,4.893909672862954,20.815064755227667,0.23258929309854848,1,9.498386861498014,0.5024174019688412,0.6090026508238416,20,2,10
2025-10-15 21:00:00,35.05413369903743,27.50835471316301,145.14970460534164,1.1975623728851048,0.0,4.666016399399808,18.918706798555743,0.1970256782847271,1,12.151486909251771,0.286820925916429,0.2357311733698686,21,2,10
2025-10-15 22:00:00,27.318387005345333,23.088622561411263,182.875423628364,1.4739642937127573,0.0,4.56524038107063,20.552517142211162,0.19356418505550435,1,10.065598669315532,0.1514202501445428,0.4580115032641594,22,2,10
2025-10-15 23:00:00,23.77593050589391,16.990416848774192,152.1768950489884,1.3649255156319224,0.0,1.692233463761695,17.33625943324338,0.24116097596692945,1,6.383153616355211,0.08941576332372289,0.2771354527446523,23,2,10
2025-10-16 00:00:00,33.21538453201702,28.738594996065558,127.45876095333335,1.4096191542911967,0.0,4.071999818449914,21.10624193871527,0.24898725697492835,1,8.555039006361818,0.2546368472944428,0.13149594888786545,0,3,10
2025-10-16 01:00:00,22.935575121151363,25.99475155480021,131.7030517869697,0.9529403063928988,0.0,3.2153167694505633,16.347264247121032,0.2118531880960104,1,6.738095561282329,0.07470681647112402,0.1565033547398857,1,3,10
2025-10-16 02:00:00,33.91597652080804,19.8785279596331,173.04882817203352,1.4187074506695199,0.0,4.445765822704409,24.862471671350864,0.24181883407019683,1,7.218725746497739,0.2668994810748411,0.40011310036193987,2,3,10
2025-10-16 03:00:00,48.72336599194357,36.44790118559444,140.2293379174968,1.2246415245270175,0.0,4.981563573795574,22.716546930603858,0.23627186093505578,1,9.014493689461027,0.526076858540436,0.20674032153461017,3,3,10
2025-10-16 04:00:00,41.17802842592891,25.585046486231132,161.31982542193217,2.0988917376936174,0.0,6.423437078077299,26.16424770795678,0.20440098884623117,1,4.375255819459769,0.39400896053151385,0.33100569384617384,4,3,10
2025-10-16 05:00:00,36.90476754642346,29.236268442285777,149.97746818077343,1.9327168003276802,0.0,6.882090216744425,22.554231422788554,0.2441103694514395,1,6.9774275859322765,0.3192130250200256,0.26417640670110726,5,3,10
2025-10-16 06:00:00,49.38375725556727,46.05869139455883,149.72458190768953,2.8496097935446336,0.0,7.64123895539605,18.083285405498707,1.282542121659647,1,4.87691651484769,0.5376358491471749,0.2626863981429529,6,3,10
2025-10-16 07:00:00,43.599586184603986,36.77364763379587,194.79065691773826,3.5676536580744767,0.08000351092792399,8.504370241859533,21.31164444440035,1.7886337995736687,1,7.890246518700042,0.4363940811834893,0.5282161820593673,7,3,10
2025-10-16 08:00:00,58.10152654603994,39.11936459326483,211.3491916597557,2.495545250745467,0.15573677699675528,8.06519917840836,23.19797228942514,1.3570173082240289,0,0.0,0.690225107804767,0.6257792414347387,8,3,10
2025-10-16 09:00:00,48.98008038031953,41.986191207130176,149.60672196722112,3.8116691723627967,0.22344426566470416,8.416904947366776,20.01066409447132,0.15305155534487025,0,0.0,0.5305701935787736,0.26199196614464826,9,3,10
2025-10-16 10:00:00,52.034579866516566,36.76312299885277,177.89775891316663,3.7423556237178377,0.26977989853368844,9.72387405681029,21.809402853650536,0.22870875556362003,0,0.0,0.5840338488601962,0.4286830508542257,10,3,10
2025-10-16 11:00:00,41.82795658665287,37.27065789387633,209.10397895733794,3.6196983798863958,0.29547861653677604,9.872422365778327,17.56581322998155,0.24300175172525584,0,0.0,0.40538481287644146,0.612550424778608,11,3,10
2025-10-16 12:00:00,56.12299687433593,43.290858180733345,194.94746117408073,4.206488450773885,0.31087695582977287,8.92308280498945,23.909803663397895,0.1716782486703532,0,0.0,0.6555944166522376,0.5291400743729203,12,3,10
2025-10-16 13:00:00,39.62669481122978,42.79915279622898,249.63790646579557,3.8232217859841113,0.30142960349503645,9.524336974060816,25.144156612402085,0.20340855873876046,0,0.0,0.36685558696653076,0.8513767483535911,13,3,10
2025-10-16 14:00:00,57.065286150352065,33.34997163322212,177.62066968237556,3.392367958361413,0.27004436654147784,8.774304819377283,18.829344499146487,0.22493466962564082,0,0.0,0.6720875374584325,0.427050438216868,14,3,10
2025-10-16 15:00:00,56.862299936044224,49.03641762218894,251.19189993233087,2.995660007997125,0.21980728311924083,7.468303447451969,23.67457203398952,0.1831623588013629,0,0.0,0.668534619856817,0.8605328940637429,15,3,10
2025-10-16 16:00:00,52.366317725581624,45.19170132494058,227.29264633995402,2.9671461104973575,0.15473716689316433,8.980969645748619,16.3707617142192,0.1646918353307816,0,0.0,0.5898403381462471,0.7197182426717056,16,3,10
2025-10-16 17:00:00,48.29943727048054,55.58121832211338,186.34857562465658,2.90352850942948,0.0806498415008917,7.011760134061308,17.918600403333684,0.18922460967173127,0,0.0,0.5186567299299669,0.4784753510449745,17,3,10
2025-10-16 18:00:00,51.32375697614063,38.515608975183056,184.4454688441179,1.9679451760069195,3.758297687682667e-17,8.218408830955944,20.109168181168137,0.19565700680262085,1,13.394469524353038,0.5715921410946733,0.4672622260480978,18,3,10
2025-10-16 19:00:00,28.515908090065498,36.83315294482981,160.17225100488938,2.1713519055926125,0.0,3.757349955319169,19.351742463336752,0.22422209291011364,1,12.931267289958182,0.17238075603266986,0.3242441734138435,19,3,10
2025-10-16 20:00:00,44.41528301135611,29.829427823690317,157.7316060268324,1.7853726713400542,0.0,4.0921213514395856,21.797158307598956,0.1698683862716475,1,10.859307266845065,0.45067142323468146,0.3098638677516431,20,3,10
2025-10-16 21:00:00,39.27166956033937,30.473724698897165,188.07676998031278,1.1362434599537918,0.0,4.049821362105688,21.296654787879774,0.2315112193984326,1,10.829750699235728,0.36064149273748325,0.48865789021042516,21,3,10
2025-10-16 22:00:00,41.81482614598343,20.050621529332755,150.07073124329543,1.2634434392155534,0.0,4.667412486527073,16.46794684480952,0.20021791097331856,1,13.134399397954239,0.40515498754603424,0.264725913638051,22,3,10
2025-10-16 23:00:00,21.583720550999093,20.00086120562805,165.93787511776188,1.5952634614957428,0.0,3.6194062171973376,17.027212864805865,0.24038905162100394,1,6.680075615916791,0.051044973653392334,0.35821529081186265,23,3,10
2025-10-17 00:00:00,33.672724967353325,23.054802294364162,146.3843127681988,1.5274357082207495,0.0,3.417795798133759,16.292972087291453,0.20657859322136682,1,11.821558495228214,0.2626417893452003,0.24300549754014097,0,4,10
2025-10-17 01:00:00,29.86541765911754,22.611685049976174,116.29208570162626,0.6837800055246965,0.0,2.071892495648675,25.911065851775298,0.19468545816805582,1,9.476530052998923,0.19600155371975947,0.0657017818566916,1,4,10
2025-10-17 02:00:00,40.06366457539189,22.25601697434203,139.93494534597846,1.575015486756897,0.0,2.3315288895748014,22.79428259764872,0.17867936461682193,1,9.558871245746845,0.37450397615275843,0.205005757433245,2,4,10
2025-10-17 03:00:00,30.719436189090406,26.546067400011445,159.49063611899874,1.5420166776204525,0.0,4.277345559290319,25.150048576814164,0.16062424031461445,1,8.5602207748438,0.2109496499616297,0.32022809139817215,3,4,10
2025-10-17 04:00:00,31.968071110141068,27.373654515128845,130.65414232814368,1.9803419167951053,0.0,3.2016720118023176,21.875217359986056,0.18717033053840665,1,4.431307070013698,0.23280481389047133,0.15032316927026462,4,4,10
2025-10-17 05:00:00,30.561412919180636,33.70991799507258,162.94888758897125,2.502438522849648,0.0,4.7470619070825695,18.194331479089847,0.1913623254549327,1,5.163755927743185,0.2081837298273894,0.34060414512252396,5,4,10
2025-10-17 06:00:00,37.288030850465745,34.0185272885591,135.92261236333667,3.395037582768277,0.0,6.545934938165473,22.86095945726877,1.5512152036308293,1,6.229337818816174,0.32592137683410544,0.1813650496581832,6,4,10
2025-10-17 07:00:00,40.218168021072856,51.66924208263978,138.74590536524354,3.287881384722908,0.08135930802656104,5.828773323190319,21.540310931728342,1.7698883714272675,1,7.941902363797989,0.3772082879383739,0.1979999214672302,7,4,10
2025-10-17 08:00:00,57.62117457881344,31.591069100402976,167.4203517561561,2.172513320310144,0.15531331525905315,9.12962131361834,20.449155281739742,1.4728612467079985,0,0.0,0.6818173892552626,0.3669500586248168,8,4,10
2025-10-17 09:00:00,47.340794080078645,51.593586904514574,179.8075608354823,3.0628474764857883,0.22362742222864876,9.359148975508223,19.984847004930327,0.18142845247131514,0,0.0,0.5018773625406009,0.4399356236962706,9,4,10
2025-10-17 10:00:00,64.88080233446645,56.705039094820826,226.1009630367102,4.0007384436687605,0.27575594918645074,7.03017748787179,22.844563019518144,0.2373258612103213,0,0.0,0.8088844382279605,0.7126968322219033,10,4,10
2025-10-17 11:00:00,47.45870535201686,38.252683833340434,204.12678714772707,3.9026181976936787,0.30797784011229534,7.958558553716089,22.373526618639314,0.2233918038077977,0,0.0,0.5039411925150977,0.5832247587333215,11,4,10
2025-10-17 12:00:00,73.78822829229512,51.190448648049404,169.6989323539121,3.4129271574608806,0.31487364359327236,6.697008178072439,17.341442559408588,0.18070296605801836,0,0.0,0.9647933041505611,0.3803754792682471,12,4,10
2025-10-17 13:00:00,54.33264388089726,37.18456152179238,233.28565942697344,3.912488202386691,0.302787481480733,8.087606710118573,24.170460970207124,0.16669456986181916,0,0.0,0.624257428151892,0.7550291382766517,13,4,10
2025-10-17 14:00:00,41.027615419545576,39.220011843252614,216.6178585852652,2.8637173116066927,0.2699311737462316,9.326522524985734,22.16194666664241,0.17910274052597214,0,0.0,0.39137624471032606,0.6568222819024554,14,4,10
2025-10-17 15:00:00,57.43893926516012,53.372154061108596,200.23251749033457,3.6010200389618396,0.2174859954631215,7.6591225589639125,21.016105404328705,0.16236376162487012,0,0.0,0.6786276797682286,0.5602796813018143,15,4,10
2025-10-17 16:00:00,45.95607387689922,46.76911475488059,247.07529224153794,3.1985443681983656,0.15528226251686894,7.902135804603365,23.12672903701007,0.24034163375468998,0,0.0,0.47764026446985314,0.836277798620859,16,4,10
2025-10-17 17:00:00,50.91220998476054,57.07925801423368,172.29116519771878,3.4285485545986285,0.07996046176219254,5.1851048693411235,16.96416708766879,0.2111726871148342,0,0.0,0.5643887329491881,0.3956489422162305,17,4,10
2025-10-17 18:00:00,43.01569066025256,30.529525954688367,241.3212343977963,3.07610361516345,3.773670395532054e-17,6.718602891570287,24.802090699724523,0.23635125459127126,1,13.656895654318925,0.4261740143033483,0.8023748298011741,18,4,10
2025-10-17 19:00:00,36.472292395675154,30.278447161769016,174.55933500020365,2.8459679907482056,0.0,4.578708957099593,18.16360167149365,0.2320360872011615,1,11.403716668956903,0.31164330615712416,0.4090130223453575,19,4,10
2025-10-17 20:00:00,52.42116438974456,37.97622433695364,176.4847300358365,2.0402482193628426,0.0,4.41209478996475,18.127304250696923,0.16532355813019442,1,9.387760015728752,0.5908003327900158,0.42035746997367507,20,4,10
2025-10-17 21:00:00,41.251541909406285,33.44222686697335,206.05633431556873,1.7199179761601868,0.0,3.675382159399437,23.897255965967503,0.19430012651859194,1,8.32763021757313,0.3952956851019162,0.5945936707679125,21,4,10
2025-10-17 22:00:00,31.76462111032323,19.842286146281534,180.89918653901663,1.6166072743522288,0.0,2.0096062834241097,19.02765875349227,0.24720633938453807,1,12.531149584008466,0.229243778537079,0.44636749372516576,22,4,10
2025-10-17 23:00:00,30.16621290380095,22.331592547172495,119.42322051079628,1.7497209716382258,0.0,1.8180253363511711,24.321628404347173,0.17337943022806232,1,6.1825833671711115,0.20126644682081127,0.08415046080436328,23,4,10
2025-10-18 00:00:00,40.228211970609934,24.202549592998487,151.04955976223235,1.6650786904484127,0.0,3.826339872541399,19.194103686476105,0.15502388998054606,1,10.560047599357882,0.3773840896558536,0.27049318147902873,0,5,10
2025-10-18 01:00:00,22.577800340732576,22.764105665829643,127.95913339650792,0.6200074834762761,0.0,3.349420469364761,21.66491310823265,0.18460101476789248,1,9.29491734951685,0.06844459655092636,0.13444414854102463,1,5,10
2025-10-18 02:00:00,25.56374896952874,22.87730879704826,140.5941774888504,1.4859110717399668,0.0,4.289841144053777,18.39022751711304,0.20109458067443403,1,10.55312134078254,0.12070838932594216,0.2088899600936388,2,5,10
2025-10-18 03:00:00,38.14015357525686,37.640975140402375,158.536379249449,1.4153695394669699,0.0,4.03087087017029,23.825444687836033,0.1555877447245968,1,6.626859787369436,0.3408362903319039,0.3146055999716213,3,5,10
2025-10-18 04:00:00,34.72836828983594,25.385126085341255,145.08083317667936,1.87856743134108,0.0,4.460190423976826,17.863784925679067,0.19266737739784703,1,4.067743900136946,0.2811189738883263,0.23532538219398672,4,5,10
2025-10-18 05:00:00,32.295030996441334,30.320037165964912,119.17436447344888,1.7946230654330302,0.0,3.3044009980156464,25.77344881421014,0.17534126663319013,1,4.667237507238184,0.23852767314482803,0.08268419843719643,5,5,10
2025-10-18 06:00:00,43.11775785569441,43.42084566468668,162.3984414887747,3.0352412795803336,0.0,5.526173175250248,20.12022492705248,1.2840884669632762,1,5.848294956269465,0.4279605215125666,0.3373609109600141,6,5,10
2025-10-18 07:00:00,53.191833749975515,39.78618788682717,129.28219429218257,2.8525975428620143,0.08051331628654612,6.535285969448271,21.177630734800857,1.3229303497279454,1,7.702307371718494,0.604289548027253,0.1422396371354587,7,5,10
2025-10-18 08:00:00,48.90131380392973,30.3547027922927,166.3568421623947,2.275587718926366,0.15303618661686294,9.228995803173031,16.33219030428268,1.204049060148228,0,0.0,0.5291915228319518,0.3606838490079037,8,5,10
2025-10-18 09:00:00,46.0239236714703,53.25619345904597,188.2617864856425,4.0376863602924296,0.21366184568655364,8.573843204051808,26.43345661235292,0.15766478551391647,0,0.0,0.47882785610123363,0.48974800938921353,9,5,10
2025-10-18 10:00:00,63.534447842732355,41.263742282877715,214.46735633766275,3.11506588781182,0.2638853541540721,9.88938342339543,24.57748777253875,0.20958454810543553,0,0.0,0.7853188646346626,0.6441515002337542,10,5,10
2025-10-18 11:00:00,60.670622206773544,54.543203580691504,208.93065936574664,3.653672277645442,0.293947719412678,9.2402432007886,20.5695742728599,0.24478307205417746,0,0.0,0.7351926206202528,0.6115292239375438,11,5,10
2025-10-18 12:00:00,56.52797732562464,55.7815807277634,177.28777102193573,3.0353402779092,0.30057079761591743,8.023308963835472,25.412744060312978,0.230474006847875,0,0.0,0.6626828890324938,0.42508899583802884,12,5,10
2025-10-18 13:00:00,55.064025746966806,37.513340871754096,265.88641596017084,3.8952739158326084,0.28694404738356155,8.739200254931056,25.368825042755503,0.23338986528046704,0,0.0,0.6370589847222321,0.9471131357368552,13,5,10
2025-10-18 14:00:00,41.01323377487202,43.493442259214575,236.53296400262562,3.660391516057522,0.25962424271827056,8.548286986337832,21.0929157618933,0.22350816013517627,0,0.0,0.3911245192486976,0.774162290699876,14,5,10
2025-10-18 15:00:00,54.30314665768168,50.8222213318302,198.62822284498955,3.5287639980534986,0.21420136400151218,6.885842676296541,17.89892889741627,0.24559828049176666,0,0.0,0.6237411310037396,0.5508271605215657,15,5,10
2025-10-18 16:00:00,42.17727729440927,47.75363595959149,264.64590096547244,3.0277696602718795,0.14940806945041735,6.808983509987069,20.434436506275297,0.245055047972057,0,0.0,0.41149905908487777,0.9398040084517768,16,5,10
2025-10-18 17:00:00,41.67354685455863,53.69548245039137,248.12672050189306,3.2569545771836284,0.0776385870697648,6.253756227871844,18.719730348896707,0.22783031116414176,0,0.0,0.4026821413827686,0.8424728248953561,17,5,10
2025-10-18 18:00:00,40.75768367524624,30.063570328776006,164.3490088678164,2.680705564383917,3.694665530554026e-17,7.278383339356014,19.966852697358622,0.22159462585798084,1,10.401470734757,0.38665156304252835,0.3488536742981983,18,5,10
2025-10-18 19:00:00,31.313198795204094,36.21901526179912,205.14594056322414,2.6517615210092824,0.0,2.80526549283199,24.73730986331333,0.1805279516536097,1,12.453322919983025,0.22134242279911498,0.589229621285347,19,5,10
2025-10-18 20:00:00,51.68016084670555,37.23027984423297,185.40625068778937,2.225435123789518,0.0,5.357983452474836,18.323484648066234,0.1591166392552434,1,9.843717014136745,0.5778303656427386,0.4729231626902175,20,5,10
2025-10-18 21:00:00,39.53664049753739,32.63472932318227,143.59017928050886,1.654558500672887,0.0,2.5837535682545907,24.145676523824065,0.1592867974008749,1,8.405813146912914,0.36527934417925517,0.22654243389294082,21,5,10
2025-10-18 22:00:00,28.630398645232365,22.598844041029338,138.67801123912233,1.2533681677733521,0.0,1.6614201052485351,25.266248437033024,0.22362610760106547,1,13.098100538193277,0.1743847123607297,0.19759988856811173,22,5,10
2025-10-18 23:00:00,18.970666636604417,13.717683606383426,156.55347101733045,1.5033984618772196,0.0,3.903448759520279,24.05390637887746,0.1528373860781732,1,6.829968597147254,0.005308048719446948,0.302922283989852,23,5,10
2025-10-19 00:00:00,37.82527925509756,25.346942604788126,132.37030715309393,1.567471718791284,0.0,3.3428930347341614,21.286160108208207,0.23164092489684818,1,10.098605256853393,0.33532496771225984,0.16043483031534972,0,6,10
2025-10-19 01:00:00,22.011653150202665,19.541811904445876,165.02934921203848,0.8025074972880456,0.0,3.957449304131762,21.805310936522627,0.18664764492147162,1,9.354375305744245,0.058535183120079104,0.3528622467010674,1,6,10
2025-10-19 02:00:00,31.1156233823676,30.557095983294705,111.8417464714392,1.501154222654091,0.0,3.7930491951867746,24.6461218295245,0.16920805390173033,1,7.380042245659174,0.21788421178558928,0.0394803367034844,2,6,10
2025-10-19 03:00:00,39.51745044553069,25.67162930853893,170.62727620234034,1.5017263713716433,0.0,5.518665764099813,16.490290291161664,0.19075885046872165,1,7.035520389004563,0.3649434559822019,0.38584529090412434,3,6,10
2025-10-19 04:00:00,38.51569739910373,19.048839950155106,170.11017008843484,1.5883423737142806,0.0,4.628584863633721,23.961357946537998,0.22032722274596633,1,4.2773002828455695,0.3474095261867293,0.38279849628851675,4,6,10
2025-10-19 05:00:00,42.47911704084067,21.659312376992393,169.81719657157362,2.480967994987258,0.0,4.6266487151543965,21.793042502123978,0.17751106139269918,1,5.4590552613327334,0.41678223435675577,0.38107229327198944,5,6,10
2025-10-19 06:00:00,54.52634434886193,34.69121151181719,141.00538007481308,2.5611340928940742,0.0,5.8922340882185855,20.394227511480825,1.2552137814653115,1,6.276272912921348,0.627647815052892,0.21131277001822613,6,6,10
2025-10-19 07:00:00,42.66409684272398,44.37976450400534,187.88074149892776,3.301344418782144,0.07857494720204318,7.558960748566176,24.35016164544496,1.6784132078262335,1,8.928191028289946,0.42001998129585516,0.4875028883538841,7,6,10
2025-10-19 08:00:00,51.658103745227464,38.628571038842814,174.48928016567692,2.4247550935992557,0.15105159924557454,6.249388228654421,18.927999632879505,1.7855109785575856,0,0.0,0.5774442947740871,0.4086002585297815,8,6,10
2025-10-19 09:00:00,48.2156599025815,42.695206981731666,203.08335437944126,3.6752516234593187,0.2153763370005019,6.9879266842176415,25.57657867685995,0.20855448003964044,0,0.0,0.5171903540677415,0.5770768419814751,9,6,10
2025-10-19 10:00:00,45.68531797912534,36.631260091346384,181.25544172033545,4.150925687271114,0.26149301476662823,7.79734479477397,23.252682644586653,0.2023855581242303,0,0.0,0.47290115744121924,0.44846655296859,10,6,10
2025-10-19 11:00:00,56.973344074767375,40.258145674274864,243.26122540903282,4.106922810486851,0.296541586985308,6.291159263785152,22.29317080485206,0.22548754506776691,0,0.0,0.6704782527107573,0.8138052770699578,11,6,10
2025-10-19 12:00:00,66.1268147555512,44.55205791595119,165.33540970816475,3.3238886592542563,0.31044278060492136,8.625781293882538,21.242763089087912,0.22326465306143461,0,0.0,0.8306936998953065,0.35466555833589775,12,6,10
2025-10-19 13:00:00,39.162994820726105,45.44547967254154,239.56712853476222,2.7284983756384147,0.29625278135898503,6.489092283558571,17.87313184019565,0.1506278402546456,0,0.0,0.35873933205854475,0.7920396197640429,13,6,10
2025-10-19 14:00:00,39.674727415952496,47.35005436763841,256.14943644216464,2.6003948662227754,0.269232952246034,8.118321982779978,21.963303955129405,0.17818444986563511,0,0.0,0.3676963134530692,0.8897427508777735,14,6,10
2025-10-19 15:00:00,63.01906253396376,53.93768553000114,234.64433737894643,2.3613683950221454,0.21979241167888147,8.443541839990639,22.968283852934906,0.2432012991276604,0,0.0,0.7762979488971977,0.7630344829382169,15,6,10
2025-10-19 16:00:00,59.6273813340352,53.43116412298654,181.58541771800793,2.5248798759871818,0.1571691282869445,6.469802898679724,15.545451612989979,0.24602021670369154,0,0.0,0.7169325192034357,0.4504107749879258,16,6,10
2025-10-19 17:00:00,56.89486141538671,55.12668672260756,185.89171045362917,3.5749459055389585,0.08124037371394559,7.890002326347746,19.146695436152577,0.2010287156998142,0,0.0,0.6691045514331312,0.4757834966930082,17,6,10
2025-10-19 18:00:00,42.76420521981614,36.18675383469675,201.49052945027503,3.0435542000216267,3.8281177709300656e-17,3.9656807307372732,23.90775699719845,0.20600900151843105,1,13.661818147851664,0.4217722028260351,0.5676919008885604,18,6,10
2025-10-19 19:00:00,44.488872928630215,28.37684115508743,174.12034145795664,1.8817649154468632,0.0,5.830739838828489,21.873323962967994,0.150065652145929,1,11.601980592942747,0.4519594856446148,0.40642646781653385,19,6,10
2025-10-19 20:00:00,53.98858836705774,47.06815276697326,135.44247795364782,1.6195371245354389,0.0,4.580830369577709,21.752370119562674,0.2172340015858213,1,8.504053761072216,0.6182353399267306,0.1785360927093678,20,6,10
2025-10-19 21:00:00,37.8185835089986,29.18903426530545,130.68589336254425,1.7208570845266302,0.0,1.5580991055527458,17.84485475586383,0.17124358475171372,1,9.250420553617667,0.3352077704225223,0.15051024669605834,21,6,10
2025-10-19 22:00:00,31.60102806456169,23.56978585083059,181.42147448080067,1.7170859496147124,0.0,5.497932538216976,22.120420609819003,0.16279118869243134,1,11.68192525194559,0.22638036924709334,0.44944481972467076,22,6,10
2025-10-19 23:00:00,21.128048984826023,18.521339270715306,120.1366445997082,1.716429753225018,0.0,2.413455813387849,23.856650912258235,0.18046841299375332,1,5.054530940118815,0.04306924222979523,0.08835396297594816,23,6,10
2025-10-20 00:00:00,31.653004711350473,30.466901320080744,176.46739484891,1.7488033076899054,0.0,1.487261062220152,19.968442041056374,0.21648921890525386,1,9.934677022071885,0.22729012927133208,0.4202553308715297,0,0,10
2025-10-20 01:00:00,26.184704202448085,25.162355723460962,137.31549399538378,0.8418663785610683,0.0,1.049649301994264,17.770806896810026,0.19363333711796993,1,6.717936492235769,0.1315771213941635,0.18957192275942714,1,0,10
2025-10-20 02:00:00,31.03707970534751,21.90845951691972,158.0730646855057,1.6901118883038289,0.0,2.5261910178179208,16.758538994386797,0.18490582871819877,1,8.340719575228512,0.21650944250122262,0.311875745729339,2,0,10
2025-10-20 03:00:00,39.934456697201405,39.247842651850135,114.8930762442897,1.653582582674458,0.0,3.085331717245774,21.414364749394107,0.22268077059418845,1,6.53208233438061,0.37224241890240156,0.05745880354494012,3,0,10
2025-10-20 04:00:00,27.725846659050074,30.549271020242546,176.35732644177037,1.461646353578933,0.0,3.926480538538546,23.403334483059748,0.2313720089821609,1,3.9667742324747803,0.15855211661405735,0.41960680666884964,4,0,10
2025-10-20 05:00:00,41.890909776235105,24.268901950801094,116.35146219329009,2.358830119560687,0.0,4.239360200970083,17.85920879024599,0.23692024680654616,1,5.610594618542073,0.4064866980271511,0.06605162876476368,5,0,10
2025-10-20 06:00:00,40.32680819440151,48.4054203347436,123.3709728583645,2.410957007569713,0.0,5.936619696077228,20.65551896826258,1.458564612038034,1,5.396685488074474,0.3791098435951367,0.10741065880411296,6,0,10
2025-10-20 07:00:00,48.37306517977807,50.868808809490574,131.86559207587828,3.1045894323426926,0.08107490441671016,5.682004998282805,22.220292671288444,1.6633709413900364,1,9.168112078129559,0.5199454573236244,0.15746104381713472,7,0,10
2025-10-20 08:00:00,52.25804124774986,29.656744367989482,144.30673448671342,2.1800121256966953,0.1558219580904841,4.84799930954431,17.745017316028058,1.7889100522915167,0,0.0,0.5879451483411602,0.2307643846402658,8,0,10
2025-10-20 09:00:00,54.79927588105968,50.07109921754198,189.09944532673248,3.063607868336071,0.22063898081740851,7.244710432568333,18.896719804597527,0.24089063990198506,0,0.0,0.6324250027456024,0.4946835040161741,9,0,10
2025-10-20 10:00:00,49.58647996155086,41.62260462248038,228.82764421149685,3.406120691674105,0.27215409222576553,5.493140732491348,22.401892227165156,0.19921213853412678,0,0.0,0.5411841544978226,0.7287624661380723,10,0,10
2025-10-20 11:00:00,54.96293558220616,50.49547140987566,185.8882791448097,3.540060129017606,0.30417386561183285,8.50388331135423,23.506721019404946,0.18553265627329416,0,0.0,0.6352895787211742,0.47576327938566154,11,0,10
2025-10-20 12:00:00,71.28062760950056,63.84775354571341,241.01790952876217,2.808064669293901,0.31709706287553796,7.262830440880781,22.42793074558992,0.24001860712581113,0,0.0,0.920902153048976,0.8005876365096981,12,0,10
2025-10-20 13:00:00,62.80071652602807,40.44922433794372,248.59697225086728,4.091616452756761,0.30116999127187577,8.293066422246943,23.099926556417216,0.17614304682648402,0,0.0,0.7724761850523844,0.8452435531041826,13,0,10
2025-10-20 14:00:00,54.19955392052749,39.75863305198393,264.9105062836933,3.079766242582662,0.2685042177096671,9.133880151623858,21.595608968328282,0.2296847441877221,0,0.0,0.6219279218629629,0.9413630657460863,14,0,10
2025-10-20 15:00:00,63.27490952230127,57.36099622449921,180.304705139503,3.4590036425061936,0.2190757470917466,6.384103435548348,24.113324746690566,0.24086549016407696,0,0.0,0.7807761016194615,0.4428648031198716,15,0,10
2025-10-20 16:00:00,38.272981406844224,53.54097587740663,175.52639448488787,3.905053023010527,0.15361660509042002,7.762593337753786,23.92697457948206,0.2239718799664725,0,0.0,0.34316120851632537,0.4147109469137888,16,0,10
2025-10-20 17:00:00,64.35462366576458,36.120938667796985,168.9284432680175,2.756711127419863,0.08020950994489986,5.5342124085687345,23.55609790634592,0.21798601634192727,0,0.0,0.7996746036586512,0.3758357495393561,17,0,10
2025-10-20 18:00:00,54.40894005326377,43.88567340274856,185.93106090541235,2.3809093599849387,3.772400740315045e-17,6.934149876680281,21.27344575185127,0.1550677159790087,1,13.506980798742218,0.6255928588098862,0.4760153499652683,18,0,10
2025-10-20 19:00:00,39.364386833891,23.454554497177014,189.3450974984988,2.7656423557144025,0.0,4.029158039981518,25.586080926304966,0.17034729897009002,1,11.884139288243283,0.3622643459657119,0.4961308891739267,19,0,10
2025-10-20 20:00:00,54.59386803318105,35.7971666300989,176.54484195140552,2.007984822158105,0.0,2.820090001300665,15.827448619286091,0.2166569624800098,1,8.491013789686301,0.628829698696377,0.4207116500070657,20,0,10
2025-10-20 21:00:00,36.60288877577828,31.28152882945249,149.0392323287917,1.7167693026473647,0.0,3.716318781647726,17.504605597630636,0.2285195588303815,1,12.516208918831941,0.31392916669774196,0.2586483112771373,21,0,10
2025-10-20 22:00:00,31.01835615882339,29.90933677391919,169.75837003707997,1.625340818202617,0.0,2.106354916764637,23.954601915034473,0.15633909733870094,1,11.239744969483073,0.21618171966429478,0.38072568671729906,22,0,10
2025-10-20 23:00:00,29.268878042567227,19.968961357529476,139.44751176415357,1.919071866178722,0.0,1.3908165478363532,24.2755492465819,0.15190594537173707,1,4.816168452396792,0.18556017418603232,0.20213379368608694,23,0,10
2025-10-21 00:00:00,34.592231696203996,18.815881530703134,135.62596346222003,1.6044447156175268,0.0,1.6420288786165032,24.346904623031175,0.18115125738892784,1,11.885377575013045,0.278736141628568,0.17961719123929537,0,1,10
2025-10-21 01:00:00,30.471985134502102,17.488740666076776,113.48124660134268,0.658603489194426,0.0,2.1673124173898106,25.067022217431965,0.21449550750930726,1,10.024565379896119,0.20661845333143977,0.04914028856588055,1,1,10
2025-10-21 02:00:00,36.43487585263733,29.963710945841814,146.4561934563753,1.6236238606218643,0.0,3.8436305633158074,20.427709320809317,0.20120426430206528,1,8.734778473833318,0.31098839520760974,0.24342901930446173,2,1,10
2025-10-21 03:00:00,46.67803969198942,25.303750887474944,152.33841422400621,1.2175682667803127,0.0,1.0339512904868156,25.964143473853124,0.1508359315706362,1,7.940940874085232,0.4902770095855024,0.2780871254082085,3,1,10
2025-10-21 04:00:00,37.07489727752597,19.43347303689625,164.10667481353508,1.4937601991323475,0.0,3.60227530086597,18.316336285813943,0.1651612168466647,1,4.989639173850171,0.3221908475202056,0.34742583952326933,4,1,10
2025-10-21 05:00:00,31.08198511205574,32.74297834009821,182.36300484870267,2.03189785465883,0.0,4.917478895227237,26.176437005699828,0.22522008548008776,1,6.384963390680461,0.2172954328722703,0.4549923264707989,5,1,10
2025-10-21 06:00:00,48.20072667972403,43.2664926690387,181.2803564525613,2.903518282692574,0.0,5.252321341623315,22.10929408596999,1.348246278803195,1,4.4773377494059625,0.5169289741975859,0.44861335083068005,6,1,10
2025-10-21 07:00:00,60.565380166255245,39.52309100111849,147.23205958919198,3.6212903711428224,0.08011519967809225,7.135037944135746,17.87257990694799,1.212891531136667,1,10.749880468713236,0.7333505433173066,0.24800043064989039,7,1,10
2025-10-21 08:00:00,47.804402801322055,32.08276373887902,156.20896435179327,2.325312529340133,0.1539919675261936,6.4642157296351295,23.962934517974556,1.1631475694109952,0,0.0,0.5099920199402911,0.3008924471239289,8,1,10
2025-10-21 09:00:00,67.31117679173944,55.020799305141665,229.85925883646382,3.692682357877459,0.21623466257766133,6.965177933228821,19.174201887348552,0.23504422209799142,0,0.0,0.8514238797225777,0.7348407502662422,9,1,10
2025-10-21 10:00:00,61.6391669508339,57.375798913826365,229.0133569415173,2.989238018016272,0.2600667421043811,8.208665320367125,18.2798618208147,0.1971665996356935,0,0.0,0.7521452973370352,0.7298566874799988,10,1,10
2025-10-21 11:00:00,60.28230847473702,35.9910322170627,237.67801727221408,3.3386008191806287,0.28878251865178867,8.005203948869312,17.664981562939992,0.20036786464191014,0,0.0,0.7283958699236301,0.7809089565051144,11,1,10
2025-10-21 12:00:00,56.12703065949164,54.33906591554777,238.22079778560945,4.297619043381271,0.3001832346303489,7.607559577946733,16.058755797379376,0.15613412541126187,0,0.0,0.6556650209852941,0.7841070249502536,12,1,10
2025-10-21 13:00:00,45.499159019077496,35.64343781572692,193.18790008527023,2.7200890580789623,0.29079601850688735,8.40174806920171,23.632333244052187,0.19885799251767633,0,0.0,0.4696427714069373,0.5187727220886266,13,1,10
2025-10-21 14:00:00,54.511804150778254,48.439140586087554,258.215137664775,2.7216504923843123,0.2626744105224092,6.923235281967902,20.609981830987284,0.21457731545733472,0,0.0,0.6273933143919548,0.901913884022901,14,1,10
2025-10-21 15:00:00,53.318343673054514,43.729599079477886,179.59771583065526,2.5644699874319596,0.21719661557400483,6.477693952233024,25.58850546568515,0.1622798646562774,0,0.0,0.606503882306155,0.43869921473952794,15,1,10
2025-10-21 16:00:00,58.092315557732036,47.9255884597738,198.5448297788221,2.979088468765918,0.15356435956896272,5.9294227247812055,19.94248688302057,0.24025157121201535,0,0.0,0.6900638856124176,0.550335807706069,16,1,10
2025-10-21 17:00:00,61.11284566504893,47.15643792800703,192.29580196382585,2.997721529096214,0.07951203456739597,7.076811622082825,24.039305055914227,0.22833479731354675,0,0.0,0.7429329665058662,0.5135164706541152,17,1,10
2025-10-21 18:00:00,40.17689479309642,36.978640761510825,206.0132141708035,1.9866557582663016,3.800016883224912e-17,1.7161401501028157,25.297969988608425,0.2301885083256827,1,11.235340813052533,0.37648587248443294,0.594339606425291,18,1,10
2025-10-21 19:00:00,41.78409258549988,34.94245999436831,186.87345176511144,2.4511950698042617,0.0,4.546171989653386,15.618205372907177,0.20365330771136225,1,12.255659475001446,0.40461705048279734,0.4815679267380382,19,1,10
2025-10-21 20:00:00,48.31394753678209,38.390804355739036,176.38273197898835,1.9074138765496307,0.0,3.4511784983483293,16.508286616703902,0.18339218809784963,1,10.21983956949791,0.5189107066875644,0.41975649635907153,20,1,10
2025-10-21 21:00:00,33.15758652719218,32.42940804559227,174.19144570091032,1.549008682484148,0.0,1.1045948903467806,19.075910332128732,0.214045222226076,1,11.07126600274,0.25362519460965005,0.4068454147575049,21,1,10
2025-10-21 22:00:00,33.21965896184381,24.476484569809195,153.2334763929703,1.8575403639166173,0.0,2.6083178901785815,24.58995544813757,0.17253701480371011,1,9.336363268383574,0.254711663690326,0.2833608410416156,22,1,10
2025-10-21 23:00:00,29.805217181829363,15.025315367940124,132.74999062204586,1.6200155929997049,0.0,2.4645260900713843,24.397203165486367,0.1636884717030782,1,7.017918861680101,0.1949478499689301,0.16267192927382257,23,1,10
2025-10-22 00:00:00,30.67709873691774,23.906004895268577,157.28719423020578,1.435698647560814,0.0,2.4660776938395657,19.600717752894756,0.2038330618283263,1,9.426324622122436,0.2102086071300032,0.30724538881151225,0,2,10
2025-10-22 01:00:00,26.193155321193373,21.40199183035453,161.90536531186015,0.7597576557352996,0.0,-0.6832775581879562,17.95898420728223,0.19786261881556774,1,7.74177254826212,0.1317250434027879,0.3344557009837458,1,2,10
2025-10-22 02:00:00,31.248835096599464,24.332690595210785,138.52971151912126,1.199850892138726,0.0,3.62453334653518,24.462159369293996,0.16502823956017076,1,9.728022361040225,0.22021584916229317,0.19672610507136906,2,2,10
2025-10-22 03:00:00,33.97067906477519,36.93382471223131,151.92866033987224,1.782524578251856,0.0,1.9870579063683806,22.388288816526618,0.20304038727951737,1,8.226308588695534,0.2678569531473992,0.27567285124990326,3,2,10
2025-10-22 04:00:00,33.96407727568264,25.418254931507082,147.92916920429698,1.8108009087455608,0.0,4.022580161412094,16.41340613536038,0.2046468270917525,1,4.364567273089635,0.26774140041023897,0.25210780777167463,4,2,10
2025-10-22 05:00:00,29.92511879612808,33.483145387698634,118.26214039763398,1.7822673363417159,0.0,4.79052917674289,24.750692713254878,0.2371514775453142,1,6.293676607570036,0.197046517394975,0.07730936466965692,5,2,10
2025-10-22 06:00:00,56.793338102595705,40.69870440822089,153.8467729251309,2.4575361004914527,0.0,3.93911822431979,26.412329313362402,1.6944075422309963,1,4.588520713783448,0.6673275639356332,0.28697439060467334,6,2,10
2025-10-22 07:00:00,42.13623108721798,36.81357072581873,128.07115331351895,2.7948586827598265,0.07783937111139781,6.242637843223437,16.564298825222778,1.2881742483435783,1,10.68633073729662,0.4107806172315392,0.1351041710602176,7,2,10
2025-10-22 08:00:00,48.8164048713649,31.38524399191588,194.5691350348282,3.291892221678936,0.15170681784768883,5.910135632524878,19.138325806554164,1.7384490164080564,0,0.0,0.5277053409152505,0.5269109728151908,8,2,10
2025-10-22 09:00:00,44.861104110452914,54.655998734692574,191.12954097055825,3.680174822410112,0.2132867469108457,4.835482832972983,24.76440959969003,0.2469014162015044,0,0.0,0.45847473951186707,0.5066448487198013,9,2,10
2025-10-22 10:00:00,66.03778094526541,35.879165309537704,162.68315351796969,3.4496635301108034,0.25988242112797455,8.54127128357726,22.149402878542496,0.2216619512633714,0,0.0,0.8291353192299894,0.33903843720505966,10,2,10
2025-10-22 11:00:00,54.39752796571098,37.56161392422577,212.67818750338927,3.2747213786296503,0.28902369196239447,6.888101828310905,26.299313559181638,0.22870031577730915,0,0.0,0.625393110236439,0.6336096988044376,11,2,10
2025-10-22 12:00:00,70.47638933181658,41.36468028966004,257.40029722690724,3.353598779385809,0.2954231646744736,6.900794708493526,25.362781542014538,0.17664298130216968,0,0.0,0.9068253727985545,0.8971128356656802,12,2,10
2025-10-22 13:00:00,57.20803735441254,38.93054032187428,201.19972008489003,4.1622059898617625,0.2877323777940215,7.239921339027199,17.51325907666052,0.2491902549194355,0,0.0,0.6745861468703461,0.5659784490750992,13,2,10
2025-10-22 14:00:00,56.29897167180769,42.213475133591345,273.0605642856263,3.1309816833640762,0.2601754496882956,7.6054469252217105,22.555543245633913,0.16763945424682852,0,0.0,0.658674546785755,0.9893832924837592,14,2,10
2025-10-22 15:00:00,64.21076726196421,36.002644171986674,268.85576297836826,2.4154562025174826,0.2129888797208555,6.789110890185009,22.22886233442753,0.22508600739333753,0,0.0,0.7971566496640399,0.964608559332964,15,2,10
2025-10-22 16:00:00,40.44567285075195,43.61820446037286,245.26061340280262,2.572265014767416,0.15280322755171136,6.763057564805005,16.565240603838,0.18952192973075258,0,0.0,0.38119036089133596,0.8255856919792302,16,2,10
2025-10-22 17:00:00,58.89701876706861,43.786185545082866,240.96407109620733,2.9493367433893494,0.0789122693422265,4.14189081045353,16.30610948670231,0.18568690670710147,0,0.0,0.7041488036758313,0.8002704199036481,17,2,10
2025-10-22 18:00:00,39.15030157793283,41.183122945910384,191.05453601998423,2.042648692811541,3.7570069065574357e-17,3.9524717969239864,21.211802199666945,0.1785159229625653,1,10.097438009884348,0.35851715911002413,0.5062029187688539,18,2,10
2025-10-22 19:00:00,43.361249911651505,34.52690232551271,181.07697596780005,2.795611726618178,0.0,3.7923418146882906,19.521685143635164,0.19410607968850205,1,11.510310835340404,0.4322224228166205,0.44741503089357815,19,2,10
2025-10-22 20:00:00,59.512680582014376,42.571289563868895,220.89576224402933,1.7863083548813836,0.0,5.0726239043991885,21.034330078537725,0.22908746030842686,1,11.363874313321348,0.7149248837481762,0.6820277348706493,20,2,10
2025-10-22 21:00:00,43.672430130287964,27.284833177748755,158.29751983416023,1.7330871052252694,0.0,2.4295470588232946,17.950314428601125,0.24409725800629128,1,10.31683719484568,0.4376690866693261,0.3131982378058705,21,2,10
2025-10-22 22:00:00,28.04448455773292,22.541955484392076,127.74983112584346,1.6612597570253727,0.0,3.1417720669698315,21.337878989927237,0.1916238243462472,1,9.376381573834658,0.16412931407366024,0.13321093737962753,22,2,10
2025-10-22 23:00:00,23.262726739106867,21.057141311763466,125.37037500252525,1.7064750766984145,0.0,1.785352528423795,19.65378602555348,0.21516716409854394,1,7.776876215739908,0.08043303165176867,0.11919115708763647,23,2,10
2025-10-23 00:00:00,30.756369537281383,22.51468208245266,160.65067374024486,1.4802955654672112,0.0,1.1508677800655491,25.069143938934097,0.22882241430327577,1,11.782396035158364,0.21159610343297391,0.3270630451596371,0,3,10
2025-10-23 01:00:00,23.7736798464909,19.880515859455105,133.09188584580744,0.7288199543024162,0.0,1.4799788538388639,19.080772364304078,0.15997361686668757,1,6.552903405199255,0.08937636947899573,0.16468637949757123,1,3,10
2025-10-23 02:00:00,26.968021803837292,29.71520457834072,118.95399877985349,1.2785869574135371,0.0,1.8479419382442404,25.19011713758938,0.24605436666283986,1,8.924024964775324,0.1452877219052424,0.081385801472519,2,3,10
2025-10-23 03:00:00,37.3441673641292,39.6101332052787,163.54183601738828,1.8924233120626892,0.0,3.0867231324896856,20.179026412935443,0.1711633464801473,1,6.931468601155247,0.32690394803071754,0.3440978034461309,3,3,10
2025-10-23 04:00:00,41.39658728298339,29.523381473253757,144.53577890548138,1.7505134673708564,0.0,4.468971655948357,22.270677943736747,0.24150793031915296,1,4.6260086519203405,0.39783444992677014,0.23211391674416335,4,3,10
2025-10-23 05:00:00,37.581634866435095,35.02227975553788,156.84684609021184,1.7883845472600912,0.0,4.167549533017242,19.18833585185944,0.2486602847729138,1,4.568471352315653,0.3310604000914215,0.3046508529786376,5,3,10
2025-10-23 06:00:00,51.99826727986004,47.86625713039902,132.3159483720085,2.542857720208226,0.0,5.761371717795262,24.822706215291678,1.2003034547957876,1,4.517902418771449,0.5833982607305681,0.16011454781033116,6,3,10
2025-10-23 07:00:00,48.129496383833974,47.05140703257186,143.58553760735947,2.5639533197126734,0.07829820908054558,4.375932446453737,25.174236000655483,1.7945604549640195,1,9.479583015200427,0.515682212820716,0.22651508510634039,7,3,10
2025-10-23 08:00:00,50.31193287183723,34.550232128180554,146.3270433276425,2.50385939862384,0.15278670691669127,5.639608346151721,24.744953032105055,1.6056819552747736,0,0.0,0.553881935097794,0.24266806539916716,8,3,10
2025-10-23 09:00:00,67.81959633356237,56.60822580699588,191.7368928034191,2.532521622026549,0.21436633848772804,5.941233272133255,22.846556181199325,0.23179267363373712,0,0.0,0.8603228719290562,0.5102233720525925,9,3,10
2025-10-23 10:00:00,55.652848641092596,54.79557734893365,227.56570117272545,3.174842584313616,0.2604081639115948,7.446715679607608,19.17583103390148,0.1609097656496079,0,0.0,0.6473652965666467,0.7213270845938602,10,3,10
2025-10-23 11:00:00,43.5563758834287,40.420913967587396,232.47495261915782,4.313393711987322,0.29055108165161003,7.062996197602214,22.571368112969054,0.23342619812202595,0,0.0,0.4356377606612298,0.7502524453108046,11,3,10
2025-10-23 12:00:00,60.48293215198676,52.620868785847364,189.01618649700598,4.126331215993553,0.3026721590658366,8.243935084575162,25.824872612877556,0.2126034318671649,0,0.0,0.7319074354584227,0.4941929421231874,12,3,10
2025-10-23 13:00:00,62.8592087826622,31.773160394566165,257.06797807776667,3.3284584819839464,0.2906543437917467,6.470925780645444,22.419035453273015,0.2010618715650192,0,0.0,0.7734999893972373,0.8951548077734596,13,3,10
2025-10-23 14:00:00,48.000707431881146,50.95045608195118,176.62269329544546,3.243357526899386,0.26200909628187774,7.135247891349689,25.48507745304744,0.20600326801570007,0,0.0,0.513427988139266,0.421170350937997,14,3,10
2025-10-23 15:00:00,57.76907714834716,49.09953368572042,176.44554832796751,2.3047195791392445,0.214245041351483,7.292312487054462,18.629086984959425,0.22444676819533518,0,0.0,0.6844061642832238,0.42012661094231707,15,3,10
2025-10-23 16:00:00,40.60167602189411,37.766936232770256,252.12852923347248,2.659626249952519,0.1518699770667007,3.908827820941422,24.12508711088704,0.1797636729038008,0,0.0,0.38392092274032075,0.8660515236734094,16,3,10
2025-10-23 17:00:00,44.370329576923254,41.4426066810519,181.6675785246695,3.3009866541073345,0.07687968591937251,7.362218244958035,22.758200077386164,0.2443477242061114,0,0.0,0.44988459222256477,0.45089486731756356,17,3,10
2025-10-23 18:00:00,52.649258764030236,44.932770147636354,220.8115844640095,2.9004393543558358,3.649228274432616e-17,4.170979971760387,23.771841887990025,0.18076365718411258,1,13.21225381951168,0.5947927246871327,0.6815317585129513,18,3,10
2025-10-23 19:00:00,34.15117068026411,31.3506300202435,143.62873405224826,1.977423763725964,0.0,1.6426397151031162,22.679152889242246,0.23770801479959658,1,10.762777925845427,0.2710161422568729,0.2267695990100855,19,3,10
2025-10-23 20:00:00,43.733408431712625,37.4220485281033,143.42409797572375,1.9266916738210875,0.0,3.0922384283801825,20.365048946804478,0.15121114936063262,1,11.716821508298983,0.43873640486720006,0.22556388111322098,20,3,10
2025-10-23 21:00:00,34.320023753874864,27.649137699894492,178.91750199626486,1.8008604504601762,0.0,2.3362782833415356,22.572501791314995,0.24164800657304575,1,13.614967300182592,0.27397161910718126,0.4346913877339064,21,3,10
2025-10-23 22:00:00,42.83168386758661,20.99727533804855,134.59327639023235,1.7565434189915932,0.0,1.7341980656754592,25.23293284436461,0.2351577819736952,1,9.068123963985641,0.4229532981837392,0.1735325882420958,22,3,10
2025-10-23 23:00:00,19.71447430400455,14.130316879724749,115.92702655427169,1.529795123615375,0.0,2.497598662020661,20.01010838568352,0.16241804227916046,1,7.880518512012374,0.01832709714465086,0.06355084955357543,23,3,10
2025-10-24 00:00:00,38.25344368753667,25.583666744157295,142.95669091791575,1.2523760528975667,0.0,2.1416492495700234,25.743325568866087,0.2236922930315346,1,12.926277638348534,0.34281923501305106,0.22280991385441062,0,4,10
2025-10-24 01:00:00,26.98681386485014,21.548161919827756,129.38390441897306,0.9938257926457436,0.0,1.7843251244384277,16.368953415474778,0.187411508199128,1,9.722008275131458,0.14561664396810686,0.14283891426315995,1,4,10
2025-10-24 02:00:00,39.64675052978707,22.866247260439838,161.15798496582008,1.3406448576893413,0.0,2.2263308581036987,16.088084745591157,0.19797782678089781,1,8.186816936217582,0.3672066271379937,0.3300521281910598,2,4,10
2025-10-24 03:00:00,49.367620042816725,33.0583048964053,163.89827301420726,1.4905656085019354,0.0,2.1386005599637206,21.2873878329994,0.15685932392184024,1,6.890361177938569,0.5373533955459886,0.34619793394837806,3,4,10
2025-10-24 04:00:00,30.708797983264255,19.361207887931833,153.67519816250092,1.5744140605183994,0.0,4.629801019004918,25.167853967078358,0.17125737920644624,1,4.150524898546773,0.21076344683025833,0.2859634703140448,4,4,10
2025-10-24 05:00:00,29.59670051305482,34.261849664762934,136.0157107524228,2.3611015049450805,0.0,2.088690737382638,18.77434110138849,0.2453646034583093,1,4.465992075242979,0.19129813146343694,0.18191358633752552,5,4,10
2025-10-24 06:00:00,40.298528133083934,36.24380274754566,156.93013210099605,2.439287235238485,0.0,4.474032196156379,23.57930645036418,1.438462865291505,1,6.057299209983584,0.3786148507308548,0.3051415750226998,6,4,10
2025-10-24 07:00:00,55.155260556037156,33.5491874861189,186.80332639928514,3.350065517099482,0.08104751347502073,5.165901834062554,21.986791788001234,1.1445227601726469,1,11.561237114149465,0.6386558900102655,0.48115474735130964,7,4,10
2025-10-24 08:00:00,38.27314127920563,32.155834734647286,141.23776978397714,2.4702611558795415,0.15517137003739184,6.627742939114693,19.19106715864735,1.5113085819027905,0,0.0,0.3431640068015626,0.21268201260802286,8,4,10
2025-10-24 09:00:00,48.59890218141878,36.81962049058466,174.41044088061594,3.4219734032698326,0.21925064470351363,5.5819743896496705,19.06651728870763,0.2494699133613566,0,0.0,0.5238983378724903,0.40813573664005187,9,4,10
2025-10-24 10:00:00,45.41327906211296,38.70195427123656,232.23697009091717,3.379848545779204,0.26692083026830155,5.148959853039077,16.716059633258517,0.1832820626889078,0,0.0,0.46813959341149697,0.7488502497726857,10,4,10
2025-10-24 11:00:00,51.64514172268566,44.50788080422378,198.4978829493911,3.460719383747968,0.2962119166352609,7.339207994836345,21.511999984547256,0.16412135628914243,0,0.0,0.5772174173075637,0.5500591964974916,11,4,10
2025-10-24 12:00:00,47.78100123524525,59.20490860351762,228.02045046653902,3.902986559769259,0.3016375280559737,7.555892188218717,20.476479589986468,0.2143553428729538,0,0.0,0.5095824165773082,0.7240064721752179,12,4,10
2025-10-24 13:00:00,59.429502388878774,35.86695028142931,174.50890511298684,4.441638900906167,0.28629553463685736,8.65209572590067,18.673157502909,0.24198243412155596,0,0.0,0.7134689953891082,0.4087158889239841,13,4,10
2025-10-24 14:00:00,60.02359293702989,40.20543267338869,250.4750572702457,3.7996844584318756,0.26045245408248224,5.582493094772193,25.630735718089028,0.23591494311659453,0,0.0,0.7238675082766804,0.8563092496233716,14,4,10
2025-10-24 15:00:00,52.77680807678907,57.53216540229413,174.96051311064716,2.372054029477498,0.20936654513442793,7.520856087863551,23.93413256073869,0.2156987516510189,0,0.0,0.5970252516590756,0.4113767679556488,15,4,10
2025-10-24 16:00:00,53.37503607495437,38.86240195878231,253.4400901468061,3.2675431222728033,0.148900690771001,8.102322350255792,20.82356912646375,0.16841474556501548,0,0.0,0.6074961833512023,0.8737792542519666,16,4,10
2025-10-24 17:00:00,57.90898515550034,53.056909503897415,167.31486391012976,3.530802705147627,0.07632056539171307,4.623669208563775,20.739690519726874,0.2284359864639087,0,0.0,0.6868550085208311,0.3663285231359832,17,4,10
2025-10-24 18:00:00,49.868487575316436,30.028465570647693,239.08927631696767,2.5559904191100857,3.5949284198865605e-17,2.9241066868530963,17.359519770080112,0.2323221954662481,1,11.735591535857266,0.5461202030770519,0.789224109513668,18,4,10
2025-10-24 19:00:00,38.33095674501616,24.870527829989562,177.3868714632097,2.7723452603296024,0.0,3.0216923263575324,22.046861614357844,0.23495477804883544,1,11.74693891495615,0.34417596511027965,0.42567289667145247,19,4,10
2025-10-24 20:00:00,48.696327980615564,38.113131125507905,191.20776585968778,2.485628026150646,0.0,2.7092066983345098,25.231945011789048,0.19039413075126493,1,9.824923266862633,0.5256036055824086,0.5071057505822958,20,4,10
2025-10-24 21:00:00,38.75895111975859,23.97506848655878,199.04291018626404,1.342957137876362,0.0,2.6277501516696207,24.758078168911215,0.1908858944803864,1,8.600139823351165,0.35166725584940706,0.5532705026607898,21,4,10
2025-10-24 22:00:00,38.257080211120375,31.564254997329837,120.81931367924533,1.7817136791784811,0.0,0.9858955597291624,16.441999407771668,0.16551571054452852,1,13.163669990545003,0.34288288597916866,0.0923762563115779,22,4,10
2025-10-24 23:00:00,22.978255724495526,13.912574364652366,133.94171236806517,1.4364973504866156,0.0,2.8228744334396474,16.207027718822406,0.22726867637390882,1,7.136769832427399,0.07545386556204937,0.16969356622885895,23,4,10
2025-10-25 00:00:00,30.196247108309862,25.639472389616838,175.03680557338936,1.662479676783444,0.0,0.04101094203012168,25.84307298329566,0.2237226226087412,1,12.374398139256897,0.2017921428845272,0.4118262839417175,0,5,10
2025-10-25 01:00:00,25.934053865408377,22.53587712722079,133.45908502264064,0.9250172449602603,0.0,-0.49134648838457573,17.95900337802188,0.1599749714042463,1,9.741663925195777,0.12718992693686546,0.16684992087669206,1,5,10
2025-10-25 02:00:00,34.57383005594489,19.260992715621114,154.44631480583374,1.5743283013423477,0.0,2.6443662530415546,21.785649678319775,0.15201342209575103,1,7.413919637857815,0.27841405319611895,0.29050689761790605,2,5,10
2025-10-25 03:00:00,36.85411903078569,35.7215478973441,115.9184850445331,1.7824924046765085,0.0,-0.27011042027500176,16.812824957946596,0.2451719926032384,1,9.722061612800694,0.3183265116017684,0.06350052288912324,3,5,10
2025-10-25 04:00:00,33.892287825548244,24.239090502389626,158.3229412129188,1.838297011521392,0.0,2.4118031220258853,25.111963156379602,0.15172684088777016,1,6.4312105783271,0.2664848520191941,0.3133480208346148,4,5,10
2025-10-25 05:00:00,34.62156067659925,31.164844867996226,119.33663344065098,2.4348843694746103,0.0,6.447261848322075,17.378261650453794,0.21285986592300254,1,4.542818717651039,0.2792494939812835,0.08364028888412149,5,5,10
2025-10-25 06:00:00,57.266085702838,47.01792978934504,177.3860111811734,3.4357744438773974,0.0,4.0841022971929535,23.045389342067587,1.4652311302559213,1,4.328519461371531,0.6756021813807133,0.4256678278807233,6,5,10
2025-10-25 07:00:00,38.41361734292614,38.909287039121736,154.70173675985745,2.5187327711248324,0.07850515602486886,3.741946367791561,16.720490583878018,1.7080601156238049,1,11.77270602891072,0.34562279387289224,0.29201184643460026,7,5,10
2025-10-25 08:00:00,48.21507061936472,38.22260363941758,176.92628903579399,3.550278568155965,0.1512263599195017,5.518973494803061,17.753734685344412,1.1907965533748102,0,0.0,0.5171800396987565,0.42295914020608194,8,5,10
2025-10-25 09:00:00,57.30049973438058,40.63403550335796,158.58861366563997,2.6932218520713835,0.21017384661800234,6.13700763640973,21.483180965431316,0.2182373595098567,0,0.0,0.6762045386335302,0.31491336569652845,9,5,10
2025-10-25 10:00:00,50.1911892931219,39.23014389995012,212.78490177342104,3.602543547300744,0.2538206484967948,6.815334408610027,16.42290587091505,0.21149425513510992,0,0.0,0.5517685305616162,0.6342384603963006,10,5,10
2025-10-25 11:00:00,53.46367537729312,34.844477025221295,191.36821721428583,3.421072938895901,0.29015217676225746,7.606771951000361,17.91364834381952,0.23535941757711407,0,0.0,0.6090476588469552,0.5080511316368034,11,5,10
2025-10-25 12:00:00,69.80749028232147,65.17236891290952,202.12476254627035,3.150681945593952,0.3051265315848507,5.997746617393922,17.179809183696246,0.2018545134165992,0,0.0,0.8951174683245542,0.5714288089040626,12,5,10
2025-10-25 13:00:00,44.902891727753534,39.27850019394856,235.27453783326848,3.84093583737071,0.29360106849142126,8.61231268345089,16.07635528368489,0.22282920817482832,0,0.0,0.4592061584485826,0.7667476305869271,13,5,10
2025-10-25 14:00:00,60.309894837526244,31.42351791714336,184.67478273448057,2.461160935253742,0.26543408739458657,6.8603100815339015,25.636591490995283,0.19375830624011814,0,0.0,0.7288787208120641,0.46861334588144155,14,5,10
2025-10-25 15:00:00,66.11384578556336,35.74358963716354,257.11812310076203,3.64850901272296,0.217221223878574,6.855369490181777,20.132002026005058,0.2483978530063495,0,0.0,0.8304667008259277,0.8954502627718697,15,5,10
2025-10-25 16:00:00,54.34878015452428,38.700765694674466,240.32135477342285,2.9753126315089786,0.1553682681286523,4.869244297904215,24.258101570650464,0.2059411066488601,0,0.0,0.6245398653153685,0.7964835286274394,16,5,10
2025-10-25 17:00:00,61.44811366959099,35.004210993340116,216.37923977630945,2.8515217607787635,0.07950345515312363,6.050374655502591,19.06261263362413,0.22535391722235856,0,0.0,0.7488012447958861,0.6554163373917279,17,5,10
2025-10-25 18:00:00,46.846334285132,33.95356784718348,162.83330670824486,2.9289245856683506,3.723614954260022e-17,3.720627753097832,15.811567687218735,0.1592935146025616,1,11.914838702558026,0.49322271121490574,0.33992314136798574,18,5,10
2025-10-25 19:00:00,38.41762770302996,23.160699420885358,208.16118534880493,2.820261233044784,0.0,3.468923417049473,22.52415492608979,0.19627559270145864,1,10.274915009005658,0.34569298819150773,0.6069954750055087,19,5,10
2025-10-25 20:00:00,59.75028364825769,29.99034406978839,136.62894348805736,2.1809417674328446,0.0,1.524872941940676,15.823768952947544,0.15644376748134253,1,8.400082471303444,0.7190837086177976,0.18552676001078663,20,5,10
2025-10-25 21:00:00,32.418577472096864,29.993079982691523,195.46719172022947,1.2001425744956717,0.0,0.8298811378064144,21.191329271576596,0.16217109775975957,1,11.994041222318518,0.24069013747508258,0.5322023321706731,21,5,10
2025-10-25 22:00:00,28.72519077266293,31.614342348537075,144.30381574448734,1.7807278837936895,0.0,2.0284194049510127,17.005787178673472,0.20061353806430726,1,9.622297681242435,0.1760438822663859,0.23074718738063252,22,5,10
2025-10-25 23:00:00,22.241571347848563,17.13006195968101,122.6782144678668,1.6768295233288764,0.0,0.5870663213671095,22.653116025130462,0.18523048273631254,1,7.411611284115865,0.06255949784575304,0.10332891914309031,23,5,10
2025-10-26 00:00:00,34.88570119804812,28.567369780692452,120.97421149443258,1.7495694834698214,0.0,0.06479098709566888,25.123390976395246,0.19598230167141223,1,9.476623797056755,0.28387281045208757,0.09328891585396373,0,6,10
2025-10-26 01:00:00,24.69524979548138,16.378128064421823,174.097993282951,0.8815023044877837,0.0,0.36781982649328604,25.944419570472316,0.19961441876560282,1,8.52140680824745,0.1055068348115955,0.4062947921363498,1,6,10
2025-10-26 02:00:00,40.64820137502557,28.013949708977297,159.16812924955815,1.8196545222255096,0.0,1.9998272142269689,21.54512373309893,0.16597502035885522,1,10.070661964471537,0.3847352674317857,0.31832787756026804,2,6,10
2025-10-26 03:00:00,37.86194947460424,25.005164199928526,122.83536916368449,1.71548810799911,0.0,1.138764994320114,21.70272372206909,0.1865831417600252,1,9.283179460930825,0.33596681557756747,0.10425487624968585,3,6,10
2025-10-26 04:00:00,39.03597526467383,28.78851922550371,179.0434749475784,1.77688102439434,0.0,2.2616442565031654,16.484977174838715,0.2360597518147138,1,5.400823636104327,0.35651607754844716,0.43543362167671457,4,6,10
2025-10-26 05:00:00,31.77428290611462,33.397942884788215,124.41582382224153,2.6295739409932652,0.0,3.1080489409606,24.381832497449512,0.2356610978799751,1,5.409697764942901,0.22941289132361725,0.11356693157917191,5,6,10
2025-10-26 06:00:00,44.43511597986496,46.19046951280195,178.6821769521153,2.946230510223768,0.0,1.9423117317552014,26.404240466933846,1.4929627400853078,1,5.371226483995484,0.45101856455729616,0.43330485011976494,6,6,10
2025-10-26 07:00:00,38.07403190012605,49.53575184387996,182.9424606015774,2.396576142348206,0.08006925167868285,3.1551767984422154,20.8195058995143,1.6868595498470058,1,11.107979637426563,0.3396789463998461,0.45840648580940657,7,6,10
2025-10-26 08:00:00,40.89878397143911,39.70565281680987,208.9329095147019,2.628241564146643,0.15556637067143866,5.676312572504526,24.58036592366134,1.690164535963692,0,0.0,0.3891212762082537,0.6115424818386531,8,6,10
2025-10-26 09:00:00,54.94539962870285,40.72921105483396,179.093274181694,2.9569137689917406,0.22061167009819455,5.214517449468881,24.529429913590654,0.1544106760427751,0,0.0,0.6349826426167915,0.43572703928343914,9,6,10
2025-10-26 10:00:00,65.17672284873271,49.41439632876607,190.18354583107765,4.027891989275005,0.26927047580912544,7.475222547601002,24.28557160327699,0.21108912068202998,0,0.0,0.8140640077243463,0.5010710354929726,10,6,10
2025-10-26 11:00:00,52.569805826242266,45.03701886767481,221.2569465763747,4.102284187124915,0.2981081519921871,7.675204145135456,23.86229755991594,0.23045265660497294,0,0.0,0.5934020403880559,0.6841558367233239,11,6,10
2025-10-26 12:00:00,64.93983457377551,39.821843975150166,203.71640626970495,3.7527105054677925,0.31320481657188587,7.519989549611875,18.008515735072756,0.20939712020662204,0,0.0,0.8099176940222967,0.5808067903204888,12,6,10
2025-10-26 13:00:00,48.61067931111365,40.0049513006631,168.4981930358946,4.228572320602156,0.3040443343812866,8.508574659903593,23.494283227958693,0.20415527958325616,0,0.0,0.5241044758682754,0.3733007106849604,13,6,10
2025-10-26 14:00:00,39.338240999966686,44.67599148028599,245.26788349929143,3.2479141651596075,0.2714915646917576,6.2962199820699745,17.060602079355082,0.203121571176992,0,0.0,0.3618067090080724,0.8256285274635561,14,6,10
2025-10-26 15:00:00,55.276406692784136,35.8607282594799,234.04504757489843,2.568537590460082,0.22460240095904824,6.541646271964788,22.840162907344983,0.2007949183372756,0,0.0,0.6407763406186173,0.7595034611632633,15,6,10
2025-10-26 16:00:00,39.57255305551971,45.907205752056065,206.45383645668423,2.528615942946835,0.15914190740693038,4.677257134288666,15.461631575669966,0.22783081779522238,0,0.0,0.3659079305086742,0.5969357575285894,16,6,10
2025-10-26 17:00:00,64.44480137821614,49.7693412844497,187.7505206356487,2.6696792043801136,0.08100114745654888,6.980702476822145,24.813561507352834,0.21424322734098622,0,0.0,0.8012530063247392,0.48673562566947715,17,6,10
2025-10-26 18:00:00,49.95226869571522,30.033731199165572,182.07258383273683,1.8966912861970646,3.809136216266758e-17,5.725729613251813,23.855735320884317,0.17155028627129212,1,9.205231177378538,0.5475866446202027,0.4532811628161651,18,6,10
2025-10-26 19:00:00,35.63659203725647,28.615987590467647,213.29299390279178,2.1630601268099885,0.0,2.9677430116357884,22.39397114151388,0.19333482361881835,1,13.11787242286038,0.29701583737444465,0.6372321445210298,19,6,10
2025-10-26 20:00:00,51.84247198641285,48.014361672889486,200.62447910815885,2.144061116262533,0.0,2.6091329184117567,16.396699279684885,0.20286252504094612,1,8.065645282594671,0.5806713374159734,0.5625891232414818,20,6,10
2025-10-26 21:00:00,29.31563352915803,32.962935147591224,196.69905280624513,1.2038315209324397,0.0,2.9507541498893364,24.001375998625655,0.1918950857288423,1,10.084046708573014,0.1863785469600013,0.5394604705355484,21,6,10
2025-10-26 22:00:00,38.248511912518154,25.099022064368267,180.97443425888872,1.2411676304435115,0.0,0.9577946180185443,24.642428324338418,0.17375815083862706,1,13.136213337129112,0.3427329129427064,0.44681085407534904,22,6,10
2025-10-26 23:00:00,28.901617692533247,16.595896014066565,171.28282505254495,2.2266105840889243,0.0,0.13884546416994892,22.832298708495607,0.1624740715668065,1,5.299825032050458,0.17913192600937353,0.3897077915657123,23,6,10
2025-10-27 00:00:00,38.30263127043317,19.854630461780584,127.31798861775628,1.7516856005834136,0.0,1.5574766890655445,25.996809658121116,0.16173123257137084,1,12.833385634551489,0.34368017736645085,0.13066651681864588,0,0,10
2025-10-27 01:00:00,26.14740849479263,16.441568889568572,113.20435130997362,0.8676069294463823,0.0,0.8543918790895371,16.828300248078435,0.17962879033702417,1,9.396262413231842,0.1309243254560471,0.047508818621619715,1,0,10
2025-10-27 02:00:00,29.762824872950095,22.107499534028012,158.3226586225212,1.2530689630044878,0.0,1.2488947785913571,23.466901807973052,0.19026551530330482,1,8.342737503550762,0.19420584696688456,0.31334635580904524,2,0,10
2025-10-27 03:00:00,40.04870743712373,39.04510243658565,112.99269313788622,1.7828665322927981,0.0,0.6986345417279204,21.61829511549,0.21828776440757403,1,8.372161605834906,0.37424217768529133,0.04626172646447095,3,0,10
2025-10-27 04:00:00,40.992942468081274,30.267981248376287,180.3985958363773,1.7301947164639992,0.0,0.4268070326947677,17.63514853055644,0.24849169492761516,1,5.198366249894048,0.3907693555184785,0.4434180080849642,4,0,10
2025-10-27 05:00:00,43.96797111960845,32.418770951317356,180.16919953175483,1.995713074965523,0.0,3.0944206779915877,23.184565173366906,0.2397355936414597,1,6.632159535361585,0.44284201324730155,0.4420664026659423,5,0,10
2025-10-27 06:00:00,45.57395422537909,37.39783261620047,162.67692815369497,2.9156208940398596,0.0,4.529956941950649,24.71992842011268,1.7352733361539656,1,4.079023184692439,0.47095193028697035,0.3390017572938338,6,0,10
2025-10-27 07:00:00,55.67021473809948,35.08275571674256,157.10891322570805,2.3783198958766842,0.081859978694942,4.165908063408706,17.881862362079353,1.7353020527501652,1,10.936413515677694,0.6476692596310227,0.3061949552738649,7,0,10
2025-10-27 08:00:00,56.33790665287164,40.36145892493145,182.4158732352686,3.5210890585225005,0.16187630284476362,6.5419532581492295,24.578207765382576,1.5720487252776107,0,0.0,0.659356035329262,0.45530382755576654,8,0,10
2025-10-27 09:00:00,48.61284057506569,49.53606513341546,212.65276231759586,3.786397862558722,0.2259786497812001,5.01319710785029,17.007791620412082,0.17527596786827027,0,0.0,0.5241423050024514,0.6334598933446044,9,0,10
2025-10-27 10:00:00,62.090160452319495,44.37302418474493,225.63299785606142,3.203389821907201,0.2695451637448015,5.129437491916351,22.221126179806944,0.19719402093682784,0,0.0,0.760039147444572,0.7099395764974948,10,0,10
2025-10-27 11:00:00,49.20206654988133,50.89101238421894,163.8849378578537,3.7915535699504646,0.30108454840407867,6.40688885273467,24.282658108828112,0.1642554012945724,0,0.0,0.5344556720672549,0.3461193630680815,11,0,10
2025-10-27 12:00:00,55.942413237240146,59.43323096968939,247.35811250444354,3.3700489641478972,0.3142527250581977,6.484028355961459,17.28254675850141,0.20664306017734677,0,0.0,0.6524336168659608,0.8379441785591999,12,0,10
2025-10-27 13:00:00,42.83882055797097,46.20223744076991,234.10528411629764,4.254719751992309,0.29844318996402536,7.224649701479603,21.616913346001233,0.15230007215586316,0,0.0,0.423078213429685,0.759858375493345,13,0,10
2025-10-27 14:00:00,51.04435273749861,41.583839488449506,169.46375752957232,2.974212211031563,0.26939654019177145,5.370302753245958,19.970611469550466,0.16894651222757778,0,0.0,0.566701660030123,0.37898982675079135,14,0,10
2025-10-27 15:00:00,64.6507096138969,54.28416289873239,198.21209324166048,2.3139719526594087,0.2189161786829648,7.026893140722134,21.753874386360398,0.22122947228196416,0,0.0,0.8048570687846572,0.5483753205592758,15,0,10
2025-10-27 16:00:00,51.25135793851437,33.0120060126799,215.78305324627223,2.866752062371278,0.1551024569653531,6.994688041954571,19.78772163553755,0.17768923538295997,0,0.0,0.5703249229439258,0.6519036001396074,16,0,10
2025-10-27 17:00:00,43.89070448613006,50.41378887482036,175.83894429535349,2.7598839683510064,0.07949307213353297,4.255380036587522,17.96176187524512,0.19199622425512267,0,0.0,0.4414895963699336,0.4165524936563783,17,0,10
2025-10-27 18:00:00,38.83876897675372,31.437986539789975,165.5240528874555,3.0350957881486185,3.725374430983484e-17,4.758076531927781,17.976561715020342,0.2332060967226572,1,11.300183839139383,0.3530643274190613,0.35577704591548415,18,0,10
2025-10-27 19:00:00,39.13092338756796,26.236789391650813,144.12380091451587,3.0185263417108765,0.0,1.6657144289916066,24.258320718301697,0.15445580523514946,1,8.81374229224608,0.3581779778810448,0.2296865381252133,19,0,10
2025-10-27 20:00:00,50.46100616440973,31.004473845833484,217.03955701061327,1.8082375324978408,0.0,3.0641960439619886,17.034137458618826,0.15227340399227837,1,7.729329608296071,0.5564912015788586,0.659306933422154,20,0,10
2025-10-27 21:00:00,37.769695363063796,23.39840134274436,131.99470845276988,1.0954690794903628,0.0,2.405239785295646,16.75577086432158,0.17289871493986142,1,12.172053435446541,0.3343520691878626,0.15822179885622903,21,0,10
2025-10-27 22:00:00,27.385485141683578,32.7330272083434,149.2809137171223,1.5825244380146481,0.0,1.7349573612951987,16.56969611594417,0.2184443370131337,1,11.337127784134362,0.15259468531712167,0.2600723005374785,22,0,10
2025-10-27 23:00:00,28.042600530314182,17.18392278465041,129.3961935170271,2.070157730777338,0.0,0.5465716565151943,16.42676973827912,0.1736120835330513,1,6.961405894312271,0.1640963374786694,0.1429113217570472,23,0,10
2025-10-28 00:00:00,39.74916026506338,29.679796948183863,162.87714725399405,1.240751991088229,0.0,-2.5040174205829833,15.902167985674089,0.23636984069736855,1,9.55856942388378,0.36899912990612843,0.3401814503207171,0,1,10
2025-10-28 01:00:00,29.46282672270025,17.809322268209332,156.00708589233,0.7872295385769975,0.0,-0.09895043586059737,17.541697440867047,0.1851848198773748,1,10.211438532494745,0.1889549056056237,0.29970297713554606,1,1,10
2025-10-28 02:00:00,37.442250853331366,20.958698299866903,161.43556883733868,1.303098362716232,0.0,0.20688799819174475,17.9852289958481,0.1783511194558745,1,6.986887162217511,0.32862072745045573,0.3316876552567424,2,1,10
2025-10-28 03:00:00,47.82740218208401,32.92549338221402,149.61915096253622,1.4033913040643253,0.0,0.3216343657291213,18.894948603703305,0.17329130990460123,1,6.125866044916021,0.5103945837548538,0.26206519791465666,3,1,10
2025-10-28 04:00:00,35.591783017642555,22.769588377230576,152.0202889749067,1.9165502587588796,0.0,2.0337854565400897,17.404029403081587,0.20739703549106922,1,5.804843302872595,0.29623153409040004,0.2762127281230463,4,1,10
2025-10-28 05:00:00,39.49588231174569,30.055141536032313,144.66934600479564,2.287828632472711,0.0,2.2064580653038606,17.12359554377092,0.23563112774862224,1,6.2647940521816485,0.36456594363526723,0.23290089548618492,5,1,10
2025-10-28 06:00:00,54.43971182830132,38.836942099686546,170.90869600870946,2.735233851217334,0.0,2.5676062249772507,21.945874801276673,1.4295467314094608,1,5.203197240754829,0.6261314647518547,0.38750341933794796,6,1,10
2025-10-28 07:00:00,42.98898196272817,49.340409459887546,137.0075833041007,3.5373193902936375,0.07794403529415868,3.1002182098502207,23.831979282370444,1.3143877445908296,1,7.297710679861423,0.42570652540576864,0.18775770975543873,7,1,10
2025-10-28 08:00:00,48.45861763122381,37.20319575883522,196.60615642819664,3.2227387935957332,0.15204445810601616,4.1573946297588895,22.82816441495283,1.440649673479184,0,0.0,0.5214429029094708,0.5389131241073464,8,1,10
2025-10-28 09:00:00,64.65902333737499,47.824730776685094,152.6531839303219,2.7464860240022904,0.21739308721316325,6.606076972481647,21.958994629193082,0.24047897537922022,0,0.0,0.8050025859301492,0.27994175180029607,9,1,10
2025-10-28 10:00:00,47.858318810048374,41.98671666187246,236.17399025326665,3.4844637869247483,0.2594626746015813,5.290661789963063,20.61849007904059,0.18345375818072518,0,0.0,0.5109357250932041,0.7720472136252093,10,1,10
2025-10-28 11:00:00,66.71533129972289,51.17881102665365,208.8760907826264,4.641078285496419,0.28906739373171586,5.726806041137038,22.544871287631423,0.21557479120245393,0,0.0,0.840994649621176,0.6112077052767483,11,1,10
2025-10-28 12:00:00,64.35221260417744,57.0008672512178,217.89893456974764,3.479321969375054,0.29735449407191433,5.877629713407556,25.21960109264397,0.1829739532204982,0,0.0,0.7996324022550695,0.6643703949623188,12,1,10
2025-10-28 13:00:00,48.49631441731778,38.38954222742218,227.91354024057398,3.894863641347099,0.2871066897986694,6.561461810056131,22.200239324451935,0.2174757829740145,0,0.0,0.5221027190220787,0.7233765560089527,13,1,10
2025-10-28 14:00:00,53.99710567463947,36.884734330946515,250.3657748876743,2.896158283256479,0.2568252446907682,6.369383440389184,16.193933725695103,0.23810107486892937,0,0.0,0.6183844204548282,0.8556653566856445,14,1,10
2025-10-28 15:00:00,52.47131005541689,50.07869793182564,216.28347326358696,2.331279720377906,0.21027586438037618,2.382091907085566,21.373396518333095,0.20985587728708036,0,0.0,0.5916780447017309,0.6548520801000964,15,1,10
2025-10-28 16:00:00,59.0850192119979,52.87091661644345,206.8697314244688,2.783509517118047,0.15054048248564508,5.817437122946846,20.815996523902605,0.244744197855949,0,0.0,0.7074394216726175,0.5993862150158042,16,1,10
2025-10-28 17:00:00,53.593208542125154,37.7488331874556,186.2408653956992,3.0593505659613633,0.0778189390444134,5.499004334062793,20.024866681841626,0.21015171907220476,0,0.0,0.6113149096693523,0.4778407212527358,17,1,10
2025-10-28 18:00:00,53.237499858115044,41.64449364875671,162.80393507175913,2.2968135275772323,3.6538381173403215e-17,2.226373336532167,21.205151927532327,0.2474875893448325,1,12.876606488242448,0.6050888531424277,0.339750083379519,18,1,10
2025-10-28 19:00:00,38.12453334018869,30.274459504188123,160.88068554439235,2.9831441257666724,0.0,1.5181886621746086,22.287838581668165,0.22237304458151874,1,11.829345913877658,0.34056288551816166,0.3284182771082789,19,1,10
2025-10-28 20:00:00,52.33055831599677,39.46543407290699,135.0475059317249,2.0543071646503788,0.0,1.307078286648985,15.808404404315063,0.2152788309558937,1,8.433373537969457,0.5892144324108718,0.1762089134373581,20,1,10
2025-10-28 21:00:00,45.422879156538926,34.034351788965736,200.9829193342075,1.5506281476469024,0.0,0.3703984124534977,20.442056016857823,0.232983326084831,1,10.297166891256268,0.46830762622387034,0.5647010567912402,21,1,10
2025-10-28 22:00:00,28.6004176795582,27.66108720400878,181.19667159191053,1.7172275415612703,0.0,0.8639680128807826,24.041240843445568,0.1511092776569628,1,12.842775353889769,0.17385994814942402,0.44812027875904475,22,1,10
2025-10-28 23:00:00,27.831484370817872,20.90824096942614,130.37557859122506,1.8307996852254815,0.0,-1.6157873614029448,21.191759678239418,0.17572494636445868,1,7.406029822367025,0.1604011194481366,0.14868186882742696,23,1,10
2025-10-29 00:00:00,27.03703512257646,24.62728718996524,109.19294845660124,1.592253449516955,0.0,-0.8990106670213087,16.462506789936025,0.17160906381190774,1,9.133597162851068,0.14649567898612292,0.023873591177912885,0,2,10
2025-10-29 01:00:00,34.27454117747793,18.74058054092129,140.80573568082772,0.9269124974267968,0.0,1.8507416881108565,24.035442767168227,0.16108980680492346,1,8.824589375241827,0.2731755263932079,0.21013646316693646,1,2,10
2025-10-29 02:00:00,35.377184656682246,26.990652191824033,133.88012395205493,1.4422247716565673,0.0,-0.32656569257953305,25.939147797333,0.24377866381857302,1,6.958807891423681,0.2924753662317422,0.16933068663947143,2,2,10
2025-10-29 03:00:00,48.305753742632874,38.77139536648903,160.8715243936009,1.2170731424789134,0.0,2.3122504384501332,25.110112761741423,0.16310021315001622,1,8.607703959923837,0.5187672886945937,0.3283642995122816,3,2,10
2025-10-29 04:00:00,39.30165205756144,28.822875183416848,138.3014786118304,2.109576335268293,0.0,2.0358962206800544,19.96023036960258,0.17628366683609295,1,5.492105706506068,0.36116628375584836,0.19538135440155707,4,2,10
2025-10-29 05:00:00,28.607011336447176,23.809037951237226,179.33654872333793,2.542133791190701,0.0,0.5852522047057203,21.85702253063096,0.18351639824069155,1,5.075883873688232,0.17397535854662632,0.43716041541971623,5,2,10
2025-10-29 06:00:00,40.12519197662018,36.71212675588711,127.66705832522022,3.1027538039538056,0.0,3.796728792588957,22.4816056809101,1.5934709730329557,1,5.016005900697865,0.37558090537946015,0.13272323917518566,6,2,10
2025-10-29 07:00:00,51.307624749901926,43.04976518950442,158.2688355991153,3.486557970311019,0.07877404476619777,3.8106154914441928,23.800959426548495,1.7005981823723304,1,10.789459142551928,0.5713097747736292,0.31302922999386146,7,2,10
2025-10-29 08:00:00,46.9610488418677,39.90054670219771,219.05468088018577,3.0091079142318162,0.15043074664442807,4.186788186146104,23.21268996291253,1.5785069939731493,0,0.0,0.49523058829748284,0.6711800642757525,8,2,10
2025-10-29 09:00:00,46.06307660358205,39.08907084587884,143.88095435549582,3.208395444455557,0.21470278807233167,5.498965791229563,18.140606637899573,0.22489543885169938,0,0.0,0.47951315949550116,0.2282556836670192,9,2,10
2025-10-29 10:00:00,43.413880095039495,39.88721482519934,189.07894240069245,4.520371394293109,0.2648889957237266,6.19583469647618,24.894782891244848,0.19021242042871625,0,0.0,0.4331436218525898,0.4945627005621381,10,2,10
2025-10-29 11:00:00,57.44265121735781,52.45106106563107,183.25925556737016,4.401599906985873,0.29980973310102105,6.718934483331679,24.818418414839453,0.24957782369192208,0,0.0,0.6786926509799165,0.4602730450514529,11,2,10
2025-10-29 12:00:00,47.00876121563672,59.00032888941354,218.06032507162718,4.171209665016626,0.31187895656974746,7.282261755766443,19.995691522573864,0.16700923244308696,0,0.0,0.49606570970292824,0.6653213094824024,12,2,10
2025-10-29 13:00:00,59.85800693563415,47.33848533368183,194.4521478517704,3.494726014303795,0.3004073562955691,6.400369573303181,17.01907639542432,0.18997602088113819,0,0.0,0.720969215794375,0.5262216831126507,13,2,10
2025-10-29 14:00:00,58.674076839132596,50.52722270412294,260.689885000762,3.856457498868485,0.2701074090197652,4.307349130289356,21.87637999243357,0.23321830142125585,0,0.0,0.7002465963136077,0.9164951211336506,14,2,10
2025-10-29 15:00:00,63.05215017062162,42.83391275943518,266.4243383701546,3.336693221569358,0.22027186971882368,4.723036277232874,19.172908970971037,0.1746760197749634,0,0.0,0.7768770899343288,0.9502825801860321,15,2,10
2025-10-29 16:00:00,38.311102058253766,51.062711656769935,252.11028630000135,3.7552539340865723,0.1550012541997356,7.508867672643554,23.049326295433985,0.2250843015598093,0,0.0,0.34382844364773496,0.8659440361191569,16,2,10
2025-10-29 17:00:00,41.841429860291086,50.081013784195385,197.72091002858372,2.5529398234542304,0.0797214662115841,4.557229046473617,18.625952081267837,0.18642803936707675,0,0.0,0.4056206388965672,0.5454812639456799,17,2,10
2025-10-29 18:00:00,45.447152573141295,44.518231041936815,248.99337655361987,2.6239491345963204,3.7089138182753145e-17,5.416033237268795,18.070742577246353,0.16775962753691395,1,10.023808475545055,0.46873248980089693,0.847579171389777,18,2,10
2025-10-29 19:00:00,47.317361417291295,26.259815623833525,212.72266780093986,2.2852825480963275,0.0,3.6561915461920877,24.289200752279363,0.1903340464642811,1,8.676563882317605,0.50146721488425,0.6338717771814543,19,2,10
2025-10-29 20:00:00,44.62638680230784,34.479780647818615,167.0048042965757,2.178209953667676,0.0,1.7694889157743516,21.758027039944977,0.22847885064759244,1,9.897226867309527,0.4543664247755384,0.36450164865956486,20,2,10
2025-10-29 21:00:00,33.54098750070387,30.475761381814415,135.18279282450328,1.5076618368525134,0.0,1.198249402332845,16.372545893684308,0.16119551474695737,1,9.89751121715856,0.26033595608629106,0.17700602522040448,21,2,10
2025-10-29 22:00:00,28.38008615171363,31.89766184836087,173.3637133105383,1.26412977862071,0.0,0.3739858486486892,22.71463954020592,0.20161015527473747,1,12.904156091306232,0.17000343126161885,0.40196840688168933,22,2,10
2025-10-29 23:00:00,27.05512778467322,20.854752859141183,169.0543669379071,1.8293234324626417,0.0,-1.6364569742936828,23.50793970305268,0.22413564180968223,1,6.23142151936029,0.1468123592978518,0.3765776931155005,23,2,10
2025-10-30 00:00:00,35.41445882633154,27.225893369508313,117.9195054462919,1.3688911990822985,0.0,0.007658995098187155,18.219637941049722,0.2251572044636567,1,8.515785246720172,0.29312778518484284,0.07529055596328987,0,3,10
2025-10-30 01:00:00,23.466321933561343,20.212705072138775,144.8784060759924,0.9242098352155348,0.0,1.2929990450786295,26.070060764977818,0.18895867141104544,1,6.443022192463058,0.08399660838257388,0.2341326796057925,1,3,10
2025-10-30 02:00:00,33.19964488638628,27.276943330241703,174.09615888376743,1.5600499123955724,0.0,-0.22712039454178856,19.899118869672566,0.19664383791837303,1,7.500019006591062,0.2543613524082737,0.40628398383723074,2,3,10
2025-10-30 03:00:00,42.93492049443827,36.8180656584579,129.08150098771503,1.5214802206893556,0.0,1.251725923710989,26.057462002026668,0.23567659465195862,1,7.273128950377814,0.4247602742383615,0.1410571500926698,3,3,10
2025-10-30 04:00:00,33.114925902045044,27.740191800439653,130.96081473136593,1.88315308847481,0.0,2.303185391912786,19.221307150991922,0.17083778394621285,1,4.419282535234577,0.2528784952020178,0.1521300862680856,4,3,10
2025-10-30 05:00:00,39.496569979066834,30.516298582136958,182.30936977067373,2.5729428234220357,0.0,1.2559614753321502,22.655889520147568,0.2492592467720301,1,5.368492004014004,0.36457798004541303,0.45467630803173603,5,3,10
2025-10-30 06:00:00,56.764581988250626,31.261389604986938,129.39328357320446,3.500183074466903,0.0,2.4813045205479476,21.688876055591972,1.4394278784387855,1,6.209102500420184,0.6668242385982005,0.14289417633769885,6,3,10
2025-10-30 07:00:00,53.3745239324799,46.09852330216347,206.42061001068507,2.8612362634425725,0.0781643071424683,2.6816650005520293,26.769474786539124,1.3315884892082595,1,7.317847144043281,0.6074872191955907,0.5967399869622709,7,3,10
2025-10-30 08:00:00,49.236596721441224,38.1033562136756,205.15383542461404,3.1164766046508405,0.15003315144432453,3.591469360632094,20.450905007362113,1.1269495136467746,0,0.0,0.5350600621473413,0.5892761378909852,8,3,10
2025-10-30 09:00:00,64.97415432577121,56.806974759685126,179.96334698558834,2.714100546429803,0.20880359144234018,3.7378692844796233,17.929411420458685,0.16250231041160387,0,0.0,0.8105184010770313,0.4408535173172617,9,3,10
2025-10-30 10:00:00,63.963098152131984,48.583431234375595,158.35476203521517,4.192698348389913,0.2565869734371531,4.592304882327598,24.790344170439226,0.2256509024232364,0,0.0,0.792821636359319,0.31353550945141834,10,3,10
2025-10-30 11:00:00,52.56934559512132,48.953973616205275,158.21008111137087,4.517185772060427,0.2857657822328653,7.202436855199512,16.29124129893967,0.2149230839815608,0,0.0,0.5933939848496245,0.31268304793936874,11,3,10
2025-10-30 12:00:00,50.78204543602403,65.97719016152509,201.31515706592978,3.9577848778672187,0.2978955478352996,4.96025688990396,25.042038302841036,0.17465064017496174,0,0.0,0.5621104308591212,0.5666586049711831,12,3,10
2025-10-30 13:00:00,58.44902081808365,32.24937925280769,241.08598226982306,2.917054528700591,0.2903728181830911,5.890504505530844,16.806976872209063,0.24270031172350373,0,0.0,0.6963073854599992,0.8009887218099039,13,3,10
2025-10-30 14:00:00,43.58442457265246,36.890636245095735,218.62821348157922,3.989188181372686,0.2621848348459498,4.952012823913371,21.49712904393902,0.23356880060563828,0,0.0,0.43612870376288404,0.6686673139158833,14,3,10
2025-10-30 15:00:00,67.0134657765654,51.07299915139138,244.7261039396862,3.6512951196117127,0.21095128548347616,6.147532880342032,22.8495805908915,0.17692738313444342,0,0.0,0.8462129706487104,0.8224363566485866,15,3,10
2025-10-30 16:00:00,38.48498824390744,39.28254096012912,232.94676629956507,3.1265664402310653,0.14951156480403352,5.649053809616448,18.883819410612826,0.18300878719127628,0,0.0,0.346872016295234,0.7530323764359227,16,3,10
2025-10-30 17:00:00,65.46056357032651,42.685395979150314,215.87698165060732,3.341835046867816,0.07630946820387863,4.468967228345333,24.053573540832335,0.16847536367788452,0,0.0,0.819032141640458,0.6524570272774521,17,3,10
2025-10-30 18:00:00,46.3194487990605,43.33859631305334,246.74990807248545,2.9603051065031774,3.6856434118753243e-17,3.125126951366057,21.460475936305563,0.2142558848837608,1,12.262706015464358,0.48400050504744524,0.8343606317036366,18,3,10
2025-10-30 19:00:00,43.15013084470379,30.813298629429244,212.08956572022603,2.4838075059999847,0.0,1.8020317078195631,19.44149184406941,0.22011374210148787,1,13.201216477576901,0.42852715389625107,0.630141533119785,19,3,10
2025-10-30 20:00:00,45.98714622765653,31.22978114967844,217.31521042632983,2.108075135874682,0.0,0.10823335668160117,18.771114269233486,0.18958811091535155,1,10.324943150037212,0.47818413146252386,0.6609310862221198,20,3,10
2025-10-30 21:00:00,45.31325425766846,25.03632902904654,147.776364115351,1.533196673474692,0.0,2.6128799833950076,16.641120992920474,0.22371587026887002,1,12.003573191583111,0.4663888346739106,0.2512074785941256,21,3,10
2025-10-30 22:00:00,29.999828266660874,20.701842408339875,177.0911701421761,1.6862927639876095,0.0,-0.5765106894039927,22.206271944969,0.24915666515186402,1,11.271459135329565,0.19835417562077354,0.42393062140429555,22,3,10
2025-10-30 23:00:00,21.95362057997601,18.446569942996387,159.13484510109603,1.8703371261973851,0.0,0.5376782155006302,19.451838482647826,0.21119482073284282,1,6.48084401472398,0.057519424779403895,0.3181317670104361,23,3,10
2025-10-31 00:00:00,25.594511131039457,20.455955231554665,176.19660859233866,1.337101338991421,0.0,0.8219494462051204,19.115885759659463,0.21492838557600036,1,12.731646384803126,0.12124682699998746,0.41865985542400314,0,4,10
2025-10-31 01:00:00,35.76352458574512,25.244233111123158,142.10180174091013,0.8280051291994508,0.0,-0.7000958524807274,25.882977114388922,0.1873842385567682,1,8.64158534923101,0.2992375689697701,0.21777289790855406,1,4,10
2025-10-31 02:00:00,33.0075595713637,25.54946864450259,124.57489653204061,1.8473475722394053,0.0,1.183480417274295,18.83597438338217,0.15105863551927992,1,9.366128811417642,0.25099923592621237,0.11450418964414714,2,4,10
2025-10-31 03:00:00,43.08901142871536,24.950373795369025,133.22321382955934,1.8155689316772223,0.0,1.3770226722666945,25.374054988743463,0.24539213691657766,1,8.94727713689216,0.4274573657354825,0.16546016534734947,3,4,10
2025-10-31 04:00:00,36.336268508312614,22.170573738490663,124.9236769627434,1.928168027605022,0.0,2.9526830970439306,26.522238938793766,0.22723447053989318,1,5.249674551381479,0.30926244662290164,0.1165592075789936,4,4,10
2025-10-31 05:00:00,43.13201749490889,29.668537203531457,130.47347851843375,2.2710121424417022,0.0,1.4695088519413702,24.949668088763485,0.21955681262738072,1,6.870952602142728,0.42821011148265675,0.14925869621945875,5,4,10
2025-10-31 06:00:00,53.055583244955315,37.08814490150756,157.63372688213286,3.2109911812549825,0.0,1.420045376089438,16.33480843007152,1.147357917587629,1,3.9745058615446247,0.6019047219484674,0.30928716281037194,6,4,10
2025-10-31 07:00:00,50.351643270717155,42.97070420988606,202.9463475505159,2.916706802811974,0.07982026322797067,2.96747746544332,25.442530666597605,1.6942591087169308,1,8.959759993158077,0.5545769959699264,0.5762695963167148,7,4,10
2025-10-31 08:00:00,51.42849093816192,46.40602425308842,152.26824085751304,3.081887825194707,0.15404622338015303,4.395968077676955,18.361826343106294,1.6275631822720316,0,0.0,0.5734253253748038,0.27767366320105014,8,4,10
2025-10-31 09:00:00,62.14120051087674,42.6942877032654,170.16299727727832,3.3655294934179443,0.21356621538725692,4.8572558175370215,19.787031365598715,0.2068906120072077,0,0.0,0.7609325141347874,0.38310975463607405,9,4,10
2025-10-31 10:00:00,44.921139818226116,42.32793810964619,235.29881280515386,3.274793439277457,0.26537463583276344,4.872973040738424,26.47307142415683,0.2123600709627132,0,0.0,0.4595255592613766,0.7668906589744197,10,4,10
2025-10-31 11:00:00,44.7984278989075,53.865784568416075,191.54407670450573,3.8586673201878607,0.29457776129595825,3.6475304961639354,20.12552866180969,0.24183661505872467,0,0.0,0.45737770237581515,0.5090872975870737,11,4,10
2025-10-31 12:00:00,47.79563797790921,48.112987065271426,264.26745739392135,4.143671856678495,0.3090916295381607,6.120052999693225,22.625766352085613,0.15066903946494523,0,0.0,0.509838607081764,0.9375742149817196,12,4,10
2025-10-31 13:00:00,47.2576310144214,31.933086718938977,193.37574047536935,4.347072777517755,0.29643552423013286,7.510315270304841,18.895389312137223,0.1656972162221055,0,0.0,0.5004217389615048,0.5198794796259243,13,4,10
2025-10-31 14:00:00,50.81344003312839,34.90995909622098,213.63577638684356,2.7347225876952748,0.2664533085065551,5.693147856948351,19.395322437433926,0.23947571968682554,0,0.0,0.5626599382088103,0.6392518224916609,14,4,10
2025-10-31 15:00:00,58.36966300714843,58.006941149928196,174.42971150634264,2.924214599728027,0.21755134562541406,5.351907156349033,21.654254675255842,0.15082106665035502,0,0.0,0.6949183661896075,0.40824927936779115,15,4,10
2025-10-31 16:00:00,62.117538631495,52.65756645982903,267.4615725653797,3.232587094199502,0.15288195700167687,4.684531282121492,25.17693091750557,0.24036361428790842,0,0.0,0.7605183544440449,0.9563939748807647,16,4,10
2025-10-31 17:00:00,49.49648075305383,39.87990205838773,248.9144969974184,3.199783469988028,0.07950113444199537,3.776228264173362,18.285353464313737,0.15296318518470853,0,0.0,0.5396088762303259,0.8471144122220677,17,4,10
2025-10-31 18:00:00,50.12602546863807,37.19561027465675,231.75622528761247,3.0690307671076904,3.8053392452315734e-17,3.5250327144686295,17.910501572192224,0.22793377861464148,1,13.339303092490791,0.5506279521248654,0.7460176963783203,18,4,10
2025-10-31 19:00:00,38.533311728661154,24.263648493097506,157.73985826325338,2.513815914336414,0.0,2.2029293925113587,15.657315879340937,0.23909232111390796,1,10.468218411787417,0.3477178341264514,0.30991249001469134,19,4,10
2025-10-31 20:00:00,41.66570244760054,42.37080584805039,222.24222520631224,2.3399688045256988,0.0,0.7619855912417808,17.503625068857428,0.21125272585565621,1,9.213891022102747,0.402544838799681,0.6899611086855802,20,4,10
2025-10-31 21:00:00,38.468012210694795,23.30042641329983,206.0494033878084,1.5774408119102679,0.0,-0.35199275837468935,18.19377835893176,0.2141441052748454,1,9.260013281499003,0.3465748806133234,0.5945528336692717,21,4,10
2025-10-31 22:00:00,42.84379641106092,20.356807577482076,154.85371535980153,1.2609924967390198,0.0,-0.29107581229477103,16.214835978650413,0.15505637319296792,1,13.193784500300826,0.4231653070093482,0.29290730593033115,22,4,10
2025-10-31 23:00:00,20.211169094658107,20.857811982984067,165.49432591733577,1.9786161025847804,0.0,-0.03701253927905929,21.534366862984754,0.17108912186465972,1,5.816743241186203,0.027020868149550306,0.3556018942975405,23,4,10
2025-11-01 00:00:00,33.11478013387774,22.315794078635996,181.1506121671256,1.5062537767203608,0.0,-0.7787822947306844,17.081025786038214,0.23994717781122424,1,8.861277275127934,0.2528759437859566,0.44784889614789586,0,5,11
2025-11-01 01:00:00,22.737795200312938,17.226954109349602,134.98362517202773,0.9169123557687158,0.0,-0.05546906682904923,21.246428407719684,0.23237160226403486,1,6.479599715931053,0.07124502590377395,0.1758325273350621,1,5,11
2025-11-01 02:00:00,30.73262009294209,28.70534019045378,112.9131982337858,1.2264912309911036,0.0,0.35971655782759315,17.945426515202175,0.15595476750512538,1,8.631034233548442,0.21118041107125665,0.045793341660524026,2,5,11
2025-11-01 03:00:00,42.0141947987782,36.1988870549324,167.35813472016028,1.33727821677048,0.0,1.2211784786235635,26.00569727176665,0.23129851110026334,1,6.123510683134392,0.40864458607931536,0.36658347519991885,3,5,11
2025-11-01 04:00:00,38.888035846130684,26.884242332930963,143.64993420436278,1.925404539394761,0.0,2.2827949688393314,19.365772496751205,0.19234845073466214,1,5.062364454886238,0.3539266575432167,0.2268945105274233,4,5,11
2025-11-01 05:00:00,40.5131521332133,33.80283929285085,188.65619162980974,2.2194110576441104,0.0,1.7922347507068144,17.110411673884645,0.20607226676514606,1,6.913897322167843,0.38237146735819066,0.4920718486115754,5,5,11
2025-11-01 06:00:00,48.10351358017618,40.194373713354814,164.0714288323846,3.3863566750237557,0.0,1.1735962331651417,25.113658997957558,1.206304093479332,1,5.214707739783911,0.5152274294219029,0.34721816983477927,6,5,11
2025-11-01 07:00:00,58.82981507001141,34.75041971534768,129.73582566569524,3.117267379178163,0.08255276471858884,2.9034180356111414,20.430688475315854,1.4239830293518336,1,7.295903092327581,0.7029725208480426,0.1449124379187457,7,5,11
2025-11-01 08:00:00,41.94458572354315,30.072637695447302,179.25542672439423,2.137638816034241,0.1596305398443144,4.0068236361585665,24.863590525798845,1.4511828854785007,0,0.0,0.40742620132605456,0.43668244375598503,8,5,11
2025-11-01 09:00:00,62.22436786164514,41.96515377533034,211.10712608542616,3.579445951885756,0.22342386937767153,2.7390126053719346,19.351546541703087,0.21694883452764452,0,0.0,0.7623882127172371,0.6243529885464855,9,5,11
2025-11-01 10:00:00,52.596989963708154,36.586017769321636,152.60300282030798,3.6631045809290694,0.26991398823204943,6.4309055810738895,21.2504013675965,0.2157535303339901,0,0.0,0.5938778510277914,0.27964608417679643,10,5,11
2025-11-01 11:00:00,66.75611061760817,47.26543362133938,199.27063552018566,3.590373596737416,0.2997804668160863,5.475027959797854,20.552125552302083,0.20488744803596967,0,0.0,0.8417084200453919,0.5546122627030171,11,5,11
2025-11-01 12:00:00,69.72559137245038,40.06422560510395,177.67556186235228,2.7035318901189913,0.305603403618967,5.8069370137574845,21.60801668162501,0.15314459867356908,0,0.0,0.8936839715749039,0.4273738635137164,12,5,11
2025-11-01 13:00:00,60.55737868640305,39.33586859164108,234.28016524517287,3.0606423823895925,0.2943328314623792,6.679603628060402,19.84429156021213,0.16615010648447054,0,0.0,0.7332104914487461,0.7608887769283701,13,5,11
2025-11-01 14:00:00,43.597006915880655,34.85835744692755,270.3080433655845,2.664640004670208,0.2660005158426602,4.37495247687755,20.716822312747258,0.16602691726941432,0,0.0,0.43634893560905874,0.9731654105190856,14,5,11
2025-11-01 15:00:00,59.81812499966259,44.25535093670998,232.2564699990534,3.1135192656880135,0.219106511167075,5.093104685393766,22.497684618191887,0.23877324325438504,0,0.0,0.720271152466365,0.7489651434347728,15,5,11
2025-11-01 16:00:00,56.56870809294313,47.06872995061981,235.5553906133361,3.794419418834162,0.15424604371721118,3.7786055141875776,19.689628190546312,0.24017096751340242,0,0.0,0.6633958096642059,0.7684024180958693,16,5,11
2025-11-01 17:00:00,60.6250562172647,42.796693215330976,197.51211079506035,2.790508925319053,0.08196759981732835,2.971571047748705,22.408756597505977,0.2306498254847442,0,0.0,0.7343950679060793,0.5442510166843639,17,5,11
2025-11-01 18:00:00,44.430859616878195,33.35266537844945,206.31408689519165,2.7234151712700894,3.910246510769306e-17,1.5977434544143136,22.696594671987203,0.16748793706554035,1,10.250377475714568,0.4509440643897547,0.5961123516549414,18,5,11
2025-11-01 19:00:00,28.667274986936665,36.90966023457389,194.5269798866538,2.988353578278808,0.0,3.249820908721105,23.070656928169512,0.2340151623899714,1,12.212583938620451,0.17503016803352578,0.5266625942425458,19,5,11
2025-11-01 20:00:00,42.667101035635945,43.230760548991654,203.36457107411493,2.1305930106106707,0.0,0.47591770851754134,20.26811643610988,0.16875943936022908,1,8.357348617567093,0.4200725644228028,0.5787337736790712,20,5,11
2025-11-01 21:00:00,33.15774609075127,27.842921287414235,199.92177579437055,1.6588742260110443,0.0,0.9203085050675869,15.523960803763913,0.2054630696856009,1,10.782906803178774,0.2536279874898444,0.5584487879887234,21,5,11
2025-11-01 22:00:00,40.84433810156035,27.313015606885376,173.030875542648,1.3371299818036961,0.0,-2.140168204305753,23.38017737889401,0.22338763549170101,1,12.236407450098367,0.3881682967653535,0.40000732328238714,22,5,11
2025-11-01 23:00:00,29.12749944243274,19.021218731380937,188.1129997754325,1.4192558320408724,0.0,0.6058811825373511,25.139514460746607,0.15515610054555684,1,7.666319408372621,0.18308558979801165,0.48887135654108155,23,5,11
2025-11-02 00:00:00,26.472955972010457,18.6381634309481,169.21881742195194,1.3086492756546482,0.0,0.36663997403070603,22.602487692272877,0.20979293150577633,1,10.947269452511856,0.13662246296707367,0.37754663708241215,0,6,11
2025-11-02 01:00:00,35.90072611112587,16.924318567995297,114.83244233501469,0.8968313657754385,0.0,-0.49515191021930566,21.38874158507023,0.17511335205846315,1,8.476911237991413,0.30163904099168054,0.05710154791919034,1,6,11
2025-11-02 02:00:00,28.39109598959769,26.433483452308213,140.52327788703198,1.7029650147763848,0.0,-0.5290606201938836,21.883157836386832,0.19978564742980526,1,6.824143835578108,0.17019613916024434,0.20847221890037082,2,6,11
2025-11-02 03:00:00,37.92802477883043,29.83193638992736,169.86429118083973,1.885436016655453,0.0,0.56540828171909,22.856969094579043,0.1883902257636682,1,8.460441940307708,0.3371233478682841,0.38134977520089647,3,6,11
2025-11-02 04:00:00,28.49101384648236,19.149065916441675,177.6239445554929,1.8072051109007448,0.0,3.066293811082082,26.775455225595316,0.2186578491726218,1,4.728998044452181,0.17194502596840402,0.4270697338034263,4,6,11
2025-11-02 05:00:00,42.87463113645032,25.198997985973616,142.62840707706053,2.2676625926761247,0.0,-0.2714121805590819,16.778794890459785,0.19891903316992468,1,5.7969612443965195,0.4237050147867977,0.2208756620406882,5,6,11
2025-11-02 06:00:00,55.12584636215477,32.94156531105515,178.05632492132196,3.2266654939146004,0.0,3.0410915223363912,16.35271614547858,1.3512226719574802,1,5.858412407992049,0.6381410461449398,0.42961732342783204,6,6,11
2025-11-02 07:00:00,45.26055409970323,51.57555668727179,162.05938237378896,2.5539625568282114,0.08064477548312081,2.114690431426432,26.468814661490246,1.807769058263891,1,10.117673160121178,0.4654664108557165,0.3353631711187482,7,6,11
2025-11-02 08:00:00,50.766766834123274,32.79954917632099,146.12937499614887,3.2940152927478796,0.15512993754746945,3.7207226526238566,20.795108780252104,1.8442902169918312,0,0.0,0.5618430057346794,0.24150340152868538,8,6,11
2025-11-02 09:00:00,46.49930613473016,37.93235698961148,226.9586738606316,3.0375150146714582,0.21641947858042218,4.1048757159354325,22.55312868505779,0.23019076485623102,0,0.0,0.4871485922013409,0.7177504733408122,9,6,11
2025-11-02 10:00:00,50.153347925819745,49.0210100819918,243.1953122712308,3.0091482775086793,0.2685534051648501,4.3919918841554075,23.942810038705463,0.2080740995990209,0,0.0,0.5511061838085843,0.8134169161746742,10,6,11
2025-11-02 11:00:00,52.2415300297836,46.94969339586962,208.7790017188303,3.2842024914137693,0.301688349235716,5.100348720907664,23.687084718080445,0.2384400485860931,0,0.0,0.5876561484347552,0.6106356555003993,11,6,11
2025-11-02 12:00:00,52.745247547073234,54.91626287020713,162.94552489071148,4.416143975759306,0.311702032753511,4.069671672389479,22.545539027914582,0.21016732898455792,0,0.0,0.5964728399501029,0.3405843320693106,12,6,11
2025-11-02 13:00:00,59.92298423846345,39.17771360968224,253.18564714604778,3.8254245691590496,0.29695799269963574,6.1216111900462735,20.57727037791724,0.16488300952036586,0,0.0,0.7221065294967607,0.8722800734381206,13,6,11
2025-11-02 14:00:00,55.4127296452162,40.8542825907904,217.465640285387,2.684959524240684,0.27025873325932126,2.9894004481277476,21.53931185320279,0.151742737667241,0,0.0,0.6431624347622599,0.6618174205203945,14,6,11
2025-11-02 15:00:00,49.10758524591706,53.97993391728884,172.1797635324822,2.643705777200278,0.219493381834554,4.837371097545604,23.017133716872216,0.2225914567010431,0,0.0,0.5328019425811273,0.3949925624429398,15,6,11
2025-11-02 16:00:00,44.02552233593887,37.21990096278113,181.3063522805101,3.129890615187302,0.1540177572322751,3.3405729067948164,24.17458614987041,0.22524854289470012,0,0.0,0.4438493463324175,0.4487665185200436,16,6,11
2025-11-02 17:00:00,41.03881068689314,43.85022765792998,172.05523639686618,2.503018158214279,0.07963615869943137,1.7634675487101954,16.693728742459125,0.24258259870632598,0,0.0,0.39157219822642864,0.39425884726129856,17,6,11
2025-11-02 18:00:00,40.940727767867266,44.51922656539248,218.62788663197142,1.993146313823114,3.779282463908442e-17,2.351149260115766,18.224075697358238,0.23242375163338416,1,8.829031508967937,0.3898554287866262,0.6686653881145856,18,6,11
2025-11-02 19:00:00,38.4463124116289,25.043372349409825,171.2612832919205,2.816423542165395,0.0,-0.19380771104510575,19.466511024207,0.21395823696109467,1,8.763629104721911,0.34619506369661496,0.38958086728747165,19,6,11
2025-11-02 20:00:00,43.06145496330673,34.949379041021,146.4921465580299,2.2965826729635506,0.0,0.6701529980018179,22.268887631203334,0.16903034355064384,1,10.757955912088711,0.4269750381482496,0.2436408553543361,20,6,11
2025-11-02 21:00:00,40.01656436048996,23.386990500962007,205.0737231492341,1.813843328795816,0.0,-1.4229153612037218,19.569439326166794,0.20940504826068482,1,9.444391393161316,0.373679569514428,0.5888041155290212,21,6,11
2025-11-02 22:00:00,33.19852401731586,19.97201285025388,196.52248472126422,1.229926872860465,0.0,-0.024675469698204444,18.040932367298897,0.19346851578741697,1,8.509044749171887,0.25434173356143236,0.5384201295375568,22,6,11
2025-11-02 23:00:00,22.60033206158447,15.878029383461847,124.29886632658368,2.1530135067207086,0.0,-1.719155329996604,15.998799637163902,0.1732108469265226,1,7.444199544725885,0.06883897479913577,0.11287781679510184,23,6,11
2025-11-03 00:00:00,40.23796758735847,18.905796996665,125.75266272778877,1.274854730075743,0.0,-1.3571596466648899,24.596333382845444,0.22991291076321207,1,8.985617610286534,0.3775548446136653,0.12144360035145492,0,0,11
2025-11-03 01:00:00,25.832682080816593,17.721347663508258,147.87419606893127,0.7420862826597601,0.0,-0.5191347652911174,20.272968661705335,0.1649555886018154,1,8.466794495249195,0.12541559167468297,0.25178390548483004,1,0,11
2025-11-03 02:00:00,32.03267525791165,22.909649931479084,115.53554946489318,1.2676485670242255,0.0,-1.2950619701868646,19.435558113478702,0.21303391736871014,1,7.964111116487726,0.2339355961681455,0.06124426246056312,2,0,11
2025-11-03 03:00:00,37.29266811385149,24.33189398638537,117.23172133244294,1.9094128707805558,0.0,-0.11286088603461382,21.68267806992577,0.21107539174971712,1,9.577567909608852,0.32600254399495293,0.07123812479215433,3,0,11
2025-11-03 04:00:00,28.923595423737023,27.736140080908772,133.48141359383612,2.105024345515374,0.0,-0.95653585835989,17.392030201170808,0.18036138945232416,1,5.708026626673445,0.17951660764060517,0.16698148105102228,4,0,11
2025-11-03 05:00:00,31.197376927719787,32.18142790417055,185.78883094508285,2.8057757760462705,0.0,1.9025883830671764,20.380439619973007,0.19292391410497645,1,5.6226338349190454,0.21931516418433578,0.47517732955580705,5,0,11
2025-11-03 06:00:00,44.170727418254415,38.622095900688116,196.99537570850146,2.2344891347656417,0.0,3.8039630831217575,24.206696683495377,1.2124287997934058,1,6.1675915092608795,0.4463909065785757,0.5412064081657516,6,0,11
2025-11-03 07:00:00,57.73130618526319,53.03451432040858,198.6389545112412,3.617809905544823,0.08017597081728368,5.598598739169952,24.01921411475433,1.1441496882760718,1,10.5267318190326,0.6837450498325278,0.5508903916110321,7,0,11
2025-11-03 08:00:00,52.749253307102144,41.9689660957417,197.61416261361455,3.039940869102855,0.15417982154451143,3.611988441280124,24.346791805993572,1.1347640945555886,0,0.0,0.5965429537524765,0.5448523070635002,8,0,11
2025-11-03 09:00:00,60.209545225360486,51.77958880883207,211.35565412782063,2.651454576355757,0.2173231811486303,4.9212364425996,21.005672958885356,0.16743225860674935,0,0.0,0.7271222768850971,0.6258173183639691,9,0,11
2025-11-03 10:00:00,52.14653293267418,39.017727785083444,196.9572843087401,3.205174268407014,0.2643872513932728,2.820058269971744,19.857208320023943,0.23669730680740733,0,0.0,0.58599339089443,0.5409819732411337,10,0,11
2025-11-03 11:00:00,55.87753239731147,54.276340170970904,211.42463862252026,4.325660081311633,0.29369914550174103,6.394019424318675,24.63098053572051,0.20226087385777936,0,0.0,0.6512979915774345,0.6262237757261222,11,0,11
2025-11-03 12:00:00,53.63151421792915,64.6807223725243,229.070543935348,4.095803010981558,0.30382178409202715,5.760640130509421,17.569555897821758,0.16171159527384663,0,0.0,0.6119853833282157,0.7301936338440057,12,0,11
2025-11-03 13:00:00,39.6992085730959,35.13764690054658,243.92094515470737,4.2305640438096495,0.2931619755417405,4.3891637900390155,23.21996968265718,0.24054950847266415,0,0.0,0.3681248131638467,0.8176923526911496,13,0,11
2025-11-03 14:00:00,46.56729647574918,45.408613107738844,175.65307897616066,3.277619015699389,0.2624817888307272,5.801489026479501,24.774953170026482,0.20688887674146983,0,0.0,0.48833864385174497,0.41545737325745685,14,0,11
2025-11-03 15:00:00,55.05710157146948,53.22532008676021,188.56208907276005,3.041417146614408,0.216403297777931,3.8239926735162455,18.4388488250348,0.1527885528599934,0,0.0,0.6369377891765886,0.49151739536412004,15,0,11
2025-11-03 16:00:00,39.35520536982177,39.06468466340953,264.32431465216183,3.651732903603322,0.15518210032445168,2.9900437530769537,17.459268441759907,0.22627289150413088,0,0.0,0.3621036405433688,0.9379092185401903,16,0,11
2025-11-03 17:00:00,42.93886937577512,45.66478053356135,191.11563469843648,3.6642347459492277,0.07925972109765143,3.1907856687122553,20.64552097645795,0.19734351531961827,0,0.0,0.4248293924790076,0.5065629128194427,17,0,11
2025-11-03 18:00:00,39.08817815137757,28.9366385790978,176.84742108082028,2.070187363761706,3.8022012163005827e-17,0.8665679270955777,17.593004489632825,0.20328631668695066,1,11.301537549421855,0.35742979750552556,0.4224944493929276,18,0,11
2025-11-03 19:00:00,35.417097100048295,24.79307139818703,182.9205631027041,2.7891321044958577,0.0,2.1660230266980287,24.320572806159156,0.21132268556202988,1,8.350184194734675,0.2931739635381763,0.458277465517694,19,0,11
2025-11-03 20:00:00,45.861773515180204,30.425199858601793,161.18286753899358,1.8495052923207986,0.0,-0.6441972872444888,17.938700122813092,0.15944503943666177,1,7.772779084109172,0.47598970206031876,0.33019873657167803,20,0,11
2025-11-03 21:00:00,29.42216291626205,28.483100530077884,134.96966256922065,1.3731996942795373,0.0,-1.2686413205667932,18.72597527439247,0.24477401861978293,1,9.177469644630632,0.18824315700665792,0.17575025953371823,21,0,11
2025-11-03 22:00:00,29.96978464943152,27.915753776485893,136.63689055233624,1.2378642814562113,0.0,-1.6140867330932105,24.77985274400885,0.17553924611149607,1,11.135903649172574,0.19782831480389812,0.18557358419639122,22,0,11
2025-11-03 23:00:00,21.92006930766133,21.676217130759134,162.34795166854406,1.8819803473557013,0.0,-0.2536485504529048,17.798665169930892,0.21218322225601538,1,6.081692312361948,0.05693216861341298,0.33706342441269815,23,0,11
2025-11-04 00:00:00,25.86180819057909,24.966016297419884,125.24003273942806,1.117852306669349,0.0,-1.741192671359427,25.040232271599972,0.23555629663901223,1,8.723785902154342,0.12592539313284912,0.11842317911423506,0,1,11
2025-11-04 01:00:00,26.7602845114181,18.855796613203374,151.80030347130747,0.9797052580121592,0.0,-2.3792325941251926,18.063563465982952,0.1831917535044267,1,9.457204798459045,0.14165164501566213,0.274916571241791,1,1,11
2025-11-04 02:00:00,26.530889453769664,19.180403142286,112.00566264324291,1.6522302546624963,0.0,-1.3462533788929911,25.625435152842723,0.2127552959817589,1,9.970841571065348,0.13763648693794792,0.0404461324970995,2,1,11
2025-11-04 03:00:00,43.655753163690925,38.15980482858488,108.98210772300912,1.9124706944585592,0.0,-0.30489352956839255,19.40655671137158,0.24888771467637702,1,6.834366903551749,0.4373771856238969,0.02263131537690268,3,1,11
2025-11-04 04:00:00,31.32973488365935,24.36171460039586,171.63753932054317,1.4811189929495083,0.0,-0.841532753081319,18.713534089710382,0.2351799216451835,1,5.754663378446909,0.22163185801980168,0.3917977717317825,4,1,11
2025-11-04 05:00:00,33.18233168697279,31.36459351816777,171.44076062821705,2.586008920454394,0.0,-0.09772376956790452,21.237947261471064,0.22792846835771582,1,4.499489174300669,0.2540583152234765,0.39063834962455307,5,1,11
2025-11-04 06:00:00,39.860998639194854,30.605059105129136,173.28221462770986,3.461661406584638,0.0,3.9326897559897414,20.094152660722074,1.4544751508869318,1,6.149006675724047,0.3709566644576383,0.4014882157925812,6,1,11
2025-11-04 07:00:00,42.158779410504806,42.43628038548724,129.85641341197984,2.778773642770574,0.07846774905400371,1.7282683080648962,18.279312707048955,1.4634521545976784,1,11.642376007431546,0.411175286076248,0.14562294217736543,7,1,11
2025-11-04 08:00:00,40.31564372336122,35.16471081043179,156.54185416383655,2.2733508142601355,0.1514405345935439,2.9803215746816925,19.700730152510392,1.4891549201237033,0,0.0,0.37891442911437,0.30285383736792326,8,1,11
2025-11-04 09:00:00,68.60754190827842,35.31628826460014,220.07770916631196,3.4738625107830168,0.21758649879233224,3.548438869939591,23.630155473057783,0.21904316188884954,0,0.0,0.8741144769947982,0.6772077576059327,9,1,11
2025-11-04 10:00:00,62.224815855710894,52.46797842307176,164.46676650585445,3.395003091094866,0.26221818086472237,3.9620707359618725,24.776444279712692,0.164433722683679,0,0.0,0.7623960540674838,0.3495475035295166,10,1,11
2025-11-04 11:00:00,42.17106201219418,46.74047075158958,240.865496615229,3.503361998278373,0.29491861826929006,5.295475582521586,24.51816357150147,0.23610280249550072,0,0.0,0.41139027147259427,0.7996896180337711,11,1,11
2025-11-04 12:00:00,64.24461326530923,48.49454899982762,223.68100350318554,4.4339077095685,0.30403371097854515,5.715498576201262,23.696581108205166,0.15180790441831749,0,0.0,0.7977490645796976,0.6984384054145989,12,1,11
2025-11-04 13:00:00,44.278432645459624,46.662361662737254,244.9137464388519,4.0612437790476585,0.2927937584105443,4.350187170473653,15.709660278937013,0.1669993139704662,0,0.0,0.4482760976435367,0.8235419482104408,13,1,11
2025-11-04 14:00:00,40.802753291825965,40.43381545375687,235.89577862962904,3.183907876545351,0.260241398812331,3.110974785299197,19.988515951391523,0.19818143524031728,0,0.0,0.3874404276193184,0.7704079878374952,14,1,11
2025-11-04 15:00:00,60.851332257766636,35.61471273360632,209.56245709013658,2.31699634492516,0.2123680369357669,5.136154413960879,17.22917247902522,0.17521169395325786,0,0.0,0.7383556330600458,0.6152517827181506,15,1,11
2025-11-04 16:00:00,41.23266778338817,52.898962276245854,192.31591954374375,2.8281765130785383,0.1490371209030128,3.1360739826060864,16.180828662415152,0.18655816984832896,0,0.0,0.3949653266350936,0.5136350036447813,16,1,11
2025-11-04 17:00:00,52.55023385071525,40.593671687246704,226.27265679044558,2.8937441956520407,0.07694818032789555,4.229219509073109,22.93683745272635,0.1832583091937434,0,0.0,0.5930594672897525,0.7137084536093657,17,1,11
2025-11-04 18:00:00,47.272410091978,42.21431690418371,230.69128818048944,2.4625310116254346,3.5646262454060795e-17,-0.5321155950790009,23.508168671861778,0.17689647326849695,1,12.16740338929306,0.5006804207885714,0.7397430758377941,18,1,11
2025-11-04 19:00:00,38.972205642258146,34.326238937250196,147.0220617711698,2.4870524120592084,0.0,1.1234503951260197,23.74453779237822,0.18802763560321703,1,12.251805844057303,0.35539990217318024,0.2467631213162084,19,1,11
2025-11-04 20:00:00,60.0155578261838,32.38922503688788,169.19180403514474,1.531206471972145,0.0,2.1141489173914856,24.580745883381518,0.20052883693829335,1,11.093428601590746,0.7237268677565675,0.37738747392564365,20,1,11
2025-11-04 21:00:00,41.567507718409225,27.29184479291598,156.98559826650316,1.781128455492079,0.0,-0.7879993488086279,21.57603419267761,0.19763588013174563,1,11.301978153369294,0.40082611231907084,0.30546838224827894,21,1,11
2025-11-04 22:00:00,39.49254976745658,20.230822034131446,164.75766723667618,1.6027744574744605,0.0,-1.1459376809063375,25.918096672979132,0.2311922393114761,1,12.03789033560446,0.364507613293459,0.3512614936690838,22,1,11
2025-11-04 23:00:00,23.08906030851895,16.63811055436754,122.42890804092809,1.3695021201104385,0.0,-0.9335827283778037,20.70073142339589,0.18081450600773097,1,5.202147003285836,0.07739330543119971,0.10186000307575482,23,1,11
2025-11-05 00:00:00,24.884515829568922,27.274051727843748,176.85968636767993,1.5443307313425232,0.0,-1.8990573687406223,25.02673948824785,0.17819104751049378,1,11.662124624306097,0.10881960472649133,0.42256671659100925,0,2,11
2025-11-05 01:00:00,32.74381578075989,18.603667552352704,144.79174468507242,0.6379506133181018,0.0,-1.559051278800331,17.040242978626086,0.20044487902292782,1,6.361619163181508,0.24638286353290295,0.23362206978677133,1,2,11
2025-11-05 02:00:00,42.18242310227034,19.88951060573566,169.66269629986454,1.730285881847447,0.0,-1.2940291961205799,17.519812193826425,0.1547934346256127,1,7.337942720280563,0.4115891274246735,0.38016197605992263,2,2,11
2025-11-05 03:00:00,37.76000895486596,32.11444471923445,163.76482159239552,1.6906880821545307,0.0,-1.1158106913308505,22.318194234855707,0.16118102934641793,1,8.530851909353924,0.33418252560432476,0.3454116367794076,3,2,11
2025-11-05 04:00:00,41.287732475036016,25.077331962034986,122.94745303248726,2.1083621320437564,0.0,1.3528595186088728,17.405050598091716,0.2303087987922938,1,4.713317906929916,0.3959291374675202,0.1049152755735027,4,2,11
2025-11-05 05:00:00,29.821065701356087,30.502533974990392,123.82575141061213,2.185503746116322,0.0,1.299700756263512,16.9210625934574,0.19937094618672938,1,5.498008181024773,0.19522525050166112,0.11009021877646927,5,2,11
2025-11-05 06:00:00,44.02692914888996,45.648218402252915,188.90001920007424,2.309704212308487,0.0,1.85678929595051,18.23269479621754,1.174901536502184,1,6.0710395321715485,0.4438739701252853,0.49350848319825197,6,2,11
2025-11-05 07:00:00,40.79679064008123,46.86895260668894,172.70938972573416,2.4594116727280397,0.07764694765685418,3.182274728910781,24.571534814873775,1.4552871929742826,1,9.790976643559109,0.3873360618602523,0.3981131254966183,7,2,11
2025-11-05 08:00:00,45.957321767512845,45.17430029590162,136.77684731081087,2.2383223997991717,0.14784493058260872,2.823980599253695,26.013869130953907,1.4236982767575541,0,0.0,0.4776621066059862,0.18639821087681818,8,2,11
2025-11-05 09:00:00,63.41138761285931,39.76045084774396,231.68089221142412,3.7609503239688604,0.2102455698381565,2.9265471308725326,19.57552117982102,0.1746134481815998,0,0.0,0.7831649111838547,0.7455738331078317,9,2,11
2025-11-05 10:00:00,49.04398280342787,47.720602295627295,197.30283993930644,4.036215057029032,0.2590851211008354,3.565981017657692,26.294280805091784,0.18721032453414632,0,0.0,0.5316886933972056,0.5430179906199474,10,2,11
2025-11-05 11:00:00,66.96743546279433,43.192240675910504,187.55335258679844,4.892129345558676,0.29381558597684565,4.461192472768307,24.399718808041676,0.16883554030918352,0,0.0,0.8454072907528476,0.48557390946954715,11,2,11
2025-11-05 12:00:00,62.05927262898606,65.13218151690221,216.4223081183862,3.2169568727524545,0.29718494221551883,3.493527427503321,18.124131024610378,0.19490595652683532,0,0.0,0.7594985102807568,0.6556700965123687,12,2,11
2025-11-05 13:00:00,49.561713154305146,39.265367498620485,253.93799245271765,4.149515003880107,0.2882389463892673,3.9413671270129496,21.769225916360387,0.1908528111499473,0,0.0,0.5407506549830937,0.8767128998306127,13,2,11
2025-11-05 14:00:00,58.164236572084896,51.083476932204896,177.13220085393692,2.5546609432705534,0.26137211034843827,3.616926113420428,25.748606676488954,0.21075003503210887,0,0.0,0.6913227368043157,0.42417237478586595,14,2,11
2025-11-05 15:00:00,44.18298004924034,53.749405578315006,203.21578730289093,3.5933991717543683,0.21285014132616137,5.771963351452745,24.24704044070167,0.2442104217703019,0,0.0,0.446605367390333,0.5778571381474752,15,2,11
2025-11-05 16:00:00,57.46050587878704,48.00857036684795,195.20169549465112,2.594472308337093,0.14845781036322503,0.2433964317438364,19.161841293774216,0.16854625096855583,0,0.0,0.6790051655074626,0.5306380256409228,16,2,11
2025-11-05 17:00:00,47.121785046776466,46.04754697576927,243.6560976267684,3.6805809178759206,0.07639320155099834,2.1051777432489005,18.530197325780126,0.19174409317420857,0,0.0,0.498043993599831,0.8161318682946551,17,2,11
2025-11-05 18:00:00,39.48254216680541,35.20091052509458,227.8467275977212,2.2396722223826395,3.629269628315449e-17,3.225167448448518,23.77235501955265,0.2062220531729798,1,11.918193733595048,0.3643324477994636,0.7229828952205297,18,2,11
2025-11-05 19:00:00,39.82504406259607,30.030787129398313,180.8450253484169,2.0934862705017947,0.0,0.8359986839244206,21.02139916921756,0.20469912438603755,1,10.804829423296884,0.37032734266604744,0.4460483754253495,19,2,11
2025-11-05 20:00:00,58.18200733911782,34.94664095291159,194.80394786981037,2.2138735819751907,0.0,0.7351709057266649,17.106000541970655,0.2161340630474592,1,9.218885773395137,0.6916337829076227,0.5282944924875767,20,2,11
2025-11-05 21:00:00,37.79699272814179,33.243881938757696,160.693721992004,1.7465183406301805,0.0,-0.5485941366534516,18.869123663803336,0.17679303792186235,1,13.37784002344261,0.3348298616783233,0.32731668590791685,21,2,11
2025-11-05 22:00:00,37.317622149406915,30.13649263640985,165.7051070652987,1.7764199288861895,0.0,-1.8013588544114993,22.42880964025268,0.2134550792870793,1,9.39287461668699,0.3264393206128061,0.35684381901940215,22,2,11
2025-11-05 23:00:00,28.32752762003714,20.64697318138632,188.97827195175944,1.633874995914181,0.0,-3.6844874374619794,17.25120103251377,0.17011701432400309,1,6.097746890065991,0.1690834863631674,0.49396954922721503,23,2,11
2025-11-06 00:00:00,29.02418168461281,23.633093302005726,147.94451805278206,1.3003590423861022,0.0,-1.348178703340497,23.08652017777088,0.16254555458508224,1,8.895518604548936,0.18127719368811035,0.2521982433470093,0,3,11
2025-11-06 01:00:00,34.10407174848135,16.826049269321388,175.89615385291754,0.6858382062937834,0.0,-2.235854439635577,23.347244908356604,0.2331645000225704,1,7.747291821345591,0.2701917580772928,0.4168895729661373,1,3,11
2025-11-06 02:00:00,32.36515105339365,26.85028107090108,157.30393743853207,1.8104378293853058,0.0,-1.9697135344264405,18.814180021464225,0.19737399075840228,1,7.57233374031456,0.23975500173668188,0.30734403996957194,2,3,11
2025-11-06 03:00:00,33.19873423997367,29.991054310229245,114.5550557755319,1.2342054665773792,0.0,-1.2004366675975753,20.264848576294145,0.1897277326057172,1,8.671051412565005,0.2543454131402832,0.05546718341808035,3,3,11
2025-11-06 04:00:00,30.732895508148165,29.182358946635055,166.86965460928073,2.039034974083828,0.0,1.6559096015463348,26.099522514293902,0.24285146399174784,1,5.71543667931546,0.21118523173130374,0.36370534529265736,4,3,11
2025-11-06 05:00:00,31.71787378238674,31.967632975198654,126.02158088086037,2.492911772893971,0.0,3.0306102835207813,24.15948001738575,0.2209757388500163,1,5.112770820331248,0.2284255485660418,0.12302806891368005,5,3,11
2025-11-06 06:00:00,42.365392780455444,33.24555949508658,162.58628867092904,2.9341099639042816,0.0,1.6106239189633247,24.59396454733689,1.6328465793174267,1,6.482235521249525,0.4147916906746089,0.338467708516172,6,3,11
2025-11-06 07:00:00,43.5276742351987,44.86054621987597,179.25310882886885,3.6118954654084825,0.07756062577221418,1.6962964254334458,21.65767514747203,1.2706947953258627,1,8.434814178470251,0.43513538865759666,0.43666878669137804,7,3,11
2025-11-06 08:00:00,39.110985239233685,42.22359287312211,215.3007409697424,3.0868217566510174,0.15100963594970965,1.6985750614620452,18.358874949022457,1.2819436565974605,0,0.0,0.3578289955700931,0.6490618111766537,8,3,11
2025-11-06 09:00:00,59.8424420229297,47.72753732933792,162.7919861395199,2.9370889952812327,0.20982892640154233,3.956861385699889,22.327872391728853,0.19831013558748825,0,0.0,0.7206967793015628,0.3396796801461599,9,3,11
2025-11-06 10:00:00,55.420874152092146,46.43581498766228,237.59420723638627,3.364831659775803,0.2562749238926782,5.739186535024645,24.141108082843775,0.2152303768652066,0,0.0,0.6433049900679719,0.7804151469000307,10,3,11
2025-11-06 11:00:00,59.792998742767004,40.12174832484737,253.53338099097826,3.3057664696333586,0.28015899741678363,3.9998501043172054,15.888082682097705,0.18952725208225168,0,0.0,0.7198313614160641,0.8743289248786826,11,3,11
2025-11-06 12:00:00,55.95584579678316,45.9212998000473,170.58459011705764,3.4923477214602894,0.2965295763113231,1.9616297109708678,16.944650659287852,0.15641852677978824,0,0.0,0.6526687302572708,0.38559378404450045,12,3,11
2025-11-06 13:00:00,57.23541187775922,45.897599793729654,260.75583059209765,2.901026547803455,0.28850123117003595,4.89967009655622,20.602341986011815,0.21830289316541465,0,0.0,0.6750652898809486,0.9168836732454929,13,3,11
2025-11-06 14:00:00,41.44445250049663,31.54023465207519,193.50980534685215,3.452749282275703,0.25848456766960304,4.906540522245644,20.098410029723876,0.2273751257552463,0,0.0,0.3986722465938386,0.5206693912467537,14,3,11
2025-11-06 15:00:00,57.14156764345269,53.98259896876242,172.83267841230722,2.495218481607769,0.21447360872205123,1.8497654201193228,25.625162187220845,0.2444302476567426,0,0.0,0.6734227111816279,0.3988395437235836,15,3,11
2025-11-06 16:00:00,44.867868090741666,43.86084958437993,263.85544901901386,3.9522075894758175,0.15255629032563037,2.982005486560423,16.372894241614272,0.1908767724614122,0,0.0,0.45859313112139993,0.9351466573402666,16,3,11
2025-11-06 17:00:00,54.81768740040729,56.32864083513052,197.05811219684355,3.5399445252446102,0.07908478468344747,2.5244395132546713,18.70832036760295,0.17580480554602834,0,0.0,0.6327472640941657,0.5415760522092907,17,3,11
2025-11-06 18:00:00,40.43201053488983,45.23463077218262,212.29835051369696,2.96355711573414,3.756507863459632e-17,1.2148885961839437,23.729881882348376,0.2425808005463805,1,8.724806812413625,0.3809512260187,0.6313716953001615,18,3,11
2025-11-06 19:00:00,43.449269105077974,32.06000470785054,195.38503399321948,1.9762320985330304,0.0,-0.28798813784097765,21.670377640967068,0.2215138841577219,1,13.320299189606294,0.43376304439366337,0.5317182579863746,19,3,11
2025-11-06 20:00:00,57.923727736417035,37.257880089459604,154.1863732193849,2.308267434666731,0.0,0.7864256449562452,21.20059901321875,0.15639863025869424,1,8.412211723892884,0.687113051538239,0.2889753190798315,20,3,11
2025-11-06 21:00:00,40.78259370783455,27.306821101145733,184.0304169340088,1.735530382840369,0.0,-1.262958672312708,23.13641879203394,0.20800273405981043,1,8.5635272988393,0.38708756946563255,0.4648167358654984,21,3,11
2025-11-06 22:00:00,29.097381895429873,22.385210940894414,123.6891991205812,1.2118603568764068,0.0,-2.8302634655311145,15.977323734515759,0.15285266594163113,1,9.28340654243193,0.18255843497013902,0.10928565125961495,22,3,11
2025-11-06 23:00:00,22.084560560562227,14.347530928306352,129.19314394008714,2.252042270030659,0.0,-3.7029910647265782,25.540298466788908,0.1726524029704243,1,6.838153910292281,0.05981129944373181,0.14171495153227923,23,3,11
2025-11-07 00:00:00,39.91297666608906,25.41319496927081,177.67691934366002,1.2632289535087706,0.0,-0.5036230844262111,17.758271468455725,0.1570952889190516,1,10.854805639188797,0.37186644863820145,0.4273818618077377,0,4,11
2025-11-07 01:00:00,28.388680946959482,24.691392649612673,173.41755155323335,0.6949390955189693,0.0,-1.0543151020877004,16.71164645097652,0.17048913769742943,1,7.2164495730794185,0.17015386807534727,0.4022856223690836,1,4,11
2025-11-07 02:00:00,41.19437660662687,21.668461210190372,138.78586342694175,1.4917061004285788,0.0,-1.292028745722099,19.53888176170695,0.19899227030585928,1,7.300610825117029,0.3942951067565382,0.19823535478344592,2,4,11
2025-11-07 03:00:00,37.4939797743474,30.714892476862545,117.97246653131961,1.158592136950955,0.0,-1.3522410257660349,23.514065699324416,0.17988664848471211,1,7.770357017259166,0.3295261514696048,0.075602603228561,3,4,11
2025-11-07 04:00:00,40.72720292285624,25.296311069390057,139.66236970758436,2.0243501372839794,0.0,-0.8283599009811499,18.55545126295403,0.1588012630604066,1,3.918416596199027,0.38611805094149143,0.20339973892935875,4,4,11
2025-11-07 05:00:00,44.06271815764779,33.7558638019144,180.31951688464176,2.098243721289057,0.0,-0.6602661850324234,16.647805738891712,0.19820603066042897,1,4.323275452165497,0.44450039394226043,0.44295207407668874,5,4,11
2025-11-07 06:00:00,52.94779310760193,33.110241403799456,125.6219243548833,2.8396283561104663,0.0,0.7517655710527497,16.742188099884768,1.6563662494160383,1,5.524980753983848,0.6000180446803125,0.12067328849493242,6,4,11
2025-11-07 07:00:00,36.84342428357041,37.07329518314885,138.08170413083906,3.2808643021308384,0.07869652733563293,-0.16911071142518108,18.868239488457284,1.1648439645244715,1,8.628921236465747,0.3181393188125656,0.194086440867708,7,4,11
2025-11-07 08:00:00,44.21595525796133,46.582609452341835,215.60875612704547,3.2627836261374243,0.15088025660882037,1.9297584080480807,17.524422658564717,1.786801843194263,0,0.0,0.4471825405736512,0.6508766396955212,8,4,11
2025-11-07 09:00:00,66.56552174716853,35.52870138280412,182.29926011779736,2.8491293996308618,0.21221110742641575,2.9675121266855724,19.99155019749207,0.21530698342609011,0,0.0,0.8383724962006814,0.4546167418515632,9,4,11
2025-11-07 10:00:00,63.55068318152438,49.71146476502162,158.34586051423761,4.0336649331432355,0.26365266531518555,4.356397345282784,17.77640151802549,0.20194414755757373,0,0.0,0.7856030357600716,0.31348306159699185,10,4,11
2025-11-07 11:00:00,46.9614639982658,49.68074164133189,170.71073403070363,3.1963155336839195,0.2955295438273984,3.997608443266857,19.484636464620085,0.1896316856989596,0,0.0,0.4952378548819613,0.38633702529915426,11,4,11
2025-11-07 12:00:00,57.63895309910782,49.819200681500504,255.68554892275134,3.919403154603693,0.3091190989438679,4.926001440921889,20.41711487349972,0.18932877226556558,0,0.0,0.6821285710658106,0.8870095207758874,12,4,11
2025-11-07 13:00:00,58.894085320849264,39.82967839757829,217.55514831894737,4.358860847567514,0.29896699378945285,5.369316373004482,23.401558722510632,0.1835558780667547,0,0.0,0.7040974588456337,0.6623448027875383,13,4,11
2025-11-07 14:00:00,52.84489940845129,48.907068107078366,182.92937386473687,2.541851144567643,0.2656555393337405,4.769980123346216,17.92177009129867,0.16157293548314405,0,0.0,0.5982170709735304,0.4583293786194713,14,4,11
2025-11-07 15:00:00,64.7607457849914,39.43993248646417,261.7150608828173,2.416700819265165,0.22049192942026452,3.6968986098786942,20.38902437920737,0.15792418874220862,0,0.0,0.8067830589334422,0.9225354681214405,15,4,11
2025-11-07 16:00:00,58.79520333201396,37.47191042741676,251.69652196585122,3.4394351948275506,0.15505709303556728,2.6082702749781417,23.809940417493202,0.1808830285145392,0,0.0,0.7023667030905512,0.8635061323475348,16,4,11
2025-11-07 17:00:00,65.08776467989252,46.528162542722725,158.61090435590472,2.487736779269958,0.08075658155321563,0.8834204800904295,25.506546504927837,0.2167064044368341,0,0.0,0.8125069510298435,0.31504470267601975,17,4,11
2025-11-07 18:00:00,35.85553132327989,34.59171253178834,208.0990107749472,2.0910117572520766,3.8520048226546526e-17,1.8190437469678278,21.087388243489467,0.17883943575955846,1,12.421224854140004,0.30084798551145103,0.6066291417679711,18,4,11
2025-11-07 19:00:00,31.20848209828494,30.739480701488088,166.019649458041,2.1046923335065526,0.0,1.9737428743404575,19.822744319623403,0.2312264952633165,1,12.724294729152657,0.21950954071431053,0.35869710607754485,19,4,11
2025-11-07 20:00:00,38.34035000273908,47.166948240295675,182.9822230782508,1.9896586581534164,0.0,-0.09608380719133625,21.919607396657234,0.188029064518124,1,11.335112675862971,0.34434037760900066,0.4586407667366165,20,4,11
2025-11-07 21:00:00,44.286725796457695,33.417975438690746,150.923979284029,1.2745910370009406,0.0,0.8491110820964431,20.504973653069268,0.21311935848011082,1,11.393734071848117,0.4484212547038542,0.2697532599918786,21,4,11
2025-11-07 22:00:00,34.2997212034265,22.72413735832886,145.2701024713577,1.5499835740416112,0.0,-3.0791089153292863,17.271850166388056,0.1931913442049802,1,8.778393493299337,0.27361625857645927,0.23644055885196594,22,4,11
2025-11-07 23:00:00,19.46480408804571,16.16794060897554,159.44204434418833,1.8213825397721364,0.0,-3.0160305254805637,20.447409849629302,0.19978264917277166,1,6.8078578030980585,0.01395705798753814,0.3199417881542654,23,4,11
2025-11-08 00:00:00,30.050401191874755,20.319039476168587,148.18324914537735,1.5648923832611608,0.0,-1.1175122083404854,26.03055321215959,0.17501605698767772,1,11.617422929903897,0.19923936596126185,0.2536048494341119,0,5,11
2025-11-08 01:00:00,27.13122892943617,26.001150635989436,133.95501014420893,0.993044655490268,0.0,-1.6148204229561922,22.612996710996466,0.2013869078345783,1,9.53188075354658,0.14814437633976446,0.16977191686456958,1,5,11
2025-11-08 02:00:00,38.97330848611776,23.342363970236427,112.52975802803108,1.5609137779080882,0.0,-0.2742420066421567,18.948967750869663,0.16106530703435232,1,10.539628868601438,0.35541920552032635,0.043534107969633154,2,5,11
2025-11-08 03:00:00,44.29012686261383,31.19573683693042,174.5425444782957,1.4245951132104049,0.0,-1.1353501487973385,26.127631450752915,0.1886767581079455,1,8.45346717766331,0.44848078440074324,0.4089140924151813,3,5,11
2025-11-08 04:00:00,36.36859947917345,28.347802269003353,121.70948058179486,1.4921924875522496,0.0,-1.3751391502929153,20.238997279583263,0.19483009637842227,1,5.090199498865628,0.3098283435526043,0.09762112898422176,4,5,11
2025-11-08 05:00:00,27.644130358349315,28.21949412533453,161.8137186665825,2.532685429880572,0.0,-0.0058150347072037645,20.302703715619074,0.2203995945511693,1,5.7625806712574255,0.15712181611759934,0.333915717994062,5,5,11
2025-11-08 06:00:00,59.078654779131334,32.72883741389455,126.61958101632516,3.431443345728782,0.0,-0.5570449192979052,22.75344453934473,1.4251658834060268,1,4.754228731883262,0.7073280234398209,0.1265514919478925,6,5,11
2025-11-08 07:00:00,41.89143523463501,41.362849568055815,185.62061417500468,3.4988543471674824,0.08255246367364055,0.614913865328393,22.223842808795695,1.6240770042928454,1,7.3618759406727285,0.40649589525467866,0.4741861945923114,7,5,11
2025-11-08 08:00:00,49.53784441457442,41.03540204076915,143.53558050455123,2.429690395662437,0.15626975634400933,3.4309043996182917,19.18722488911642,1.255962098402374,0,0.0,0.5403328745648183,0.22622073733563253,8,5,11
2025-11-08 09:00:00,43.11620139917392,51.2138967981642,164.6083446844468,3.8960172229675862,0.21987271551683227,3.943985809822468,21.00207736812734,0.15252260460329775,0,0.0,0.42793327847152235,0.3503816836341856,9,5,11
2025-11-08 10:00:00,42.1393778169725,49.46329471085774,214.6985199378038,4.067079995692431,0.2742839383210318,3.9023808539699325,19.47045089711119,0.2005947470981663,0,0.0,0.41083569521587665,0.6455135185764013,10,5,11
2025-11-08 11:00:00,42.01284366330973,37.59809573409794,185.67867856779162,3.2166355191815628,0.30431279813783624,2.1094272820714535,23.6414897820938,0.1973870782601706,0,0.0,0.4086209368231111,0.47452831060011813,11,5,11
2025-11-08 12:00:00,62.69955987001465,47.731735230387734,218.16658232375318,3.9346367821729906,0.31796475499188454,3.5657553797543815,17.0362800976371,0.21697524950076566,0,0.0,0.7707056152385862,0.6659473783199987,12,5,11
2025-11-08 13:00:00,53.696139950372206,45.20056804086375,177.58851968777654,3.223893625523283,0.30331346299095013,2.588372845732893,23.482034902329893,0.1813545262541725,0,0.0,0.6131165434077174,0.4268610101134246,13,5,11
2025-11-08 14:00:00,39.431588494386645,49.43192346425806,187.26405931928232,3.1935331128497615,0.27036233374162827,4.6816456944874085,17.234607887622314,0.15298653592192143,0,0.0,0.3634405931470633,0.4838693905205395,14,5,11
2025-11-08 15:00:00,49.39853206693051,36.649600675800635,244.19306854142457,2.69104531113428,0.21987312235812384,2.436080091128318,18.64355538158698,0.2223569604847549,0,0.0,0.5378944563020105,0.8192957065234392,15,5,11
2025-11-08 16:00:00,59.42412901155963,33.37454169189701,164.75188245222304,2.6483551740629703,0.15803571464471428,1.304184504500322,18.85305579204207,0.24422115946822812,0,0.0,0.7133749438451529,0.35122740965876115,16,5,11
2025-11-08 17:00:00,43.292361836442986,49.55830444288152,167.85631605329107,3.6495326429839383,0.08131659052657683,1.6876405366269556,25.547939482738713,0.18942635471942315,0,0.0,0.4310166579040408,0.3695187648098508,17,5,11
2025-11-08 18:00:00,38.05770905701821,37.0967894272313,171.49560186106396,2.8857013782971475,3.771113526732222e-17,0.23269249143852355,21.42067534354931,0.21111277805659842,1,12.749135262766773,0.3393932436648893,0.39096147474038145,18,5,11
2025-11-08 19:00:00,36.504240124272854,24.5299544117681,144.68623569701006,2.15672694688757,0.0,1.5715981307990972,23.364331915599443,0.20446872124764615,1,10.343113690507654,0.31220249510329695,0.23300040972884106,19,5,11
2025-11-08 20:00:00,56.73685659715878,39.90833574155084,143.58408286555667,1.747023584121417,0.0,-1.379030434056237,21.136466443115637,0.2066001458541183,1,10.518615491286303,0.6663389542632135,0.22650651375246797,20,5,11
2025-11-08 21:00:00,31.912911452830816,34.21136413011406,151.10407216334914,1.406877363645939,0.0,-2.6732943273973513,25.634194214928044,0.23673762134469395,1,9.537182567532396,0.23183934085071373,0.2708143691148741,21,5,11
2025-11-08 22:00:00,43.36408191607815,27.989801144630334,127.43339612665139,1.8135651867608413,0.0,-3.912256931094964,17.402831519179134,0.22363367723029942,1,8.767175447392216,0.43227199208618683,0.1313464990645463,22,5,11
2025-11-08 23:00:00,23.084909581197792,17.486720113823107,179.4887668212606,1.4213551060848453,0.0,-2.0983479515308523,21.96498297992518,0.22697864121076394,1,6.182825313067495,0.07732065423067788,0.43805728604003463,23,5,11
2025-11-09 00:00:00,31.121388090893458,28.45443454695438,113.82144741033096,1.6196596965916488,0.0,-2.7402261328887936,24.12251170604862,0.15900375053443455,1,9.458966325444552,0.21798511289584227,0.05114475528011529,0,6,11
2025-11-09 01:00:00,23.77089461157838,18.34398718506211,166.8778303163663,0.9835976146135638,0.0,-3.513485431325152,22.48756721556818,0.1646707468832029,1,8.901185658017118,0.08932761882773073,0.36375351664406325,1,6,11
2025-11-09 02:00:00,36.79035480577283,23.544838429260455,162.6002060242186,1.60590629019244,0.0,-0.6041556967178492,25.467446959582414,0.21633046176613463,1,9.909476862894355,0.31721043069856975,0.3385497097068868,2,6,11
2025-11-09 03:00:00,34.54220188833463,32.44475898589397,113.14420419229593,1.1983394466518589,0.0,-0.6578790128082824,22.428790019298486,0.2040457785241766,1,9.59735647602921,0.2778604576044552,0.04715443117703773,3,6,11
2025-11-09 04:00:00,35.36329171808413,24.677883313174917,110.85012980865504,1.501397742786135,0.0,-0.7405148306853215,24.931293485193684,0.22742783203935624,1,5.852431607719022,0.2922321947126726,0.033637720985601686,4,6,11
2025-11-09 05:00:00,31.300570140375562,33.93915483502215,117.57908405022872,1.9118456222756441,0.0,1.3670837614020779,18.000543736396985,0.1593073319799889,1,5.2998546332158565,0.22112138034961654,0.07328478954770955,5,6,11
2025-11-09 06:00:00,46.26587647761497,36.22271612174532,167.23024516590056,2.4711775416434225,0.0,1.4332670339483027,18.942186864266016,1.5498653408749026,1,5.813429464720278,0.48306281553748376,0.3658299486125651,6,6,11
2025-11-09 07:00:00,57.54660209045254,33.223145304864275,184.09724915147316,3.5716649329498633,0.07810111150290974,0.7158533304389733,20.882176574335144,1.489552047907433,1,9.596158001861935,0.680512128662088,0.4652105119877369,7,6,11
2025-11-09 08:00:00,52.093646738893824,46.54113638482108,190.85880521216083,2.2154535229483274,0.15122138560006432,1.2145577812085833,25.201126143874006,1.7660151574185756,0,0.0,0.5850677108456376,0.5050496708080421,8,6,11
2025-11-09 09:00:00,45.677298400498756,39.62570551521473,194.30037846789966,2.903854765116977,0.21335340996976968,3.6846104385737917,20.56944441934332,0.1687148972839673,0,0.0,0.47276078878536215,0.5253274563202056,9,6,11
2025-11-09 10:00:00,56.159371160144794,43.322923615626365,167.46840906294892,3.6694481170414104,0.26339670086215716,3.7312870849090896,22.60425121342568,0.18487131393005882,0,0.0,0.6562310847172941,0.3672332127775904,10,6,11
2025-11-09 11:00:00,59.24191304638489,47.158205886004325,243.7919379840076,4.690837331651177,0.29444963936015006,3.795909295975911,20.02868985728891,0.16504714608390744,0,0.0,0.7101855730192951,0.8169322410960763,11,6,11
2025-11-09 12:00:00,48.27271830889115,65.49640017983627,196.13412430641492,3.111685051356985,0.3006138930918215,2.8734311481935473,24.210064085729524,0.1951732499486611,0,0.0,0.5181890613779347,0.5361319059233719,12,6,11
2025-11-09 13:00:00,49.57132682188421,41.18765484791744,271.7853122178037,4.104877187153729,0.2888466595959583,4.217203673083885,17.743002953236047,0.23814058126196597,0,0.0,0.5409189253697021,0.9818694940015887,13,6,11
2025-11-09 14:00:00,44.77758118224537,40.450842242118256,207.33435776836095,3.341346792260571,0.25747325733891263,2.545610410150698,21.72285833466454,0.21703334777278527,0,0.0,0.45701281717010145,0.6021237982792246,14,6,11
2025-11-09 15:00:00,54.272081414378206,49.3570247797071,192.72907417104426,3.253308988734909,0.20989718234584753,2.7139260085334924,21.450524416868056,0.2244298782614047,0,0.0,0.6231973884145804,0.5160693150172874,15,6,11
2025-11-09 16:00:00,57.54436894076512,53.469416129119125,256.9522137956874,3.948591105642089,0.14903899543298452,3.6331004908493396,19.571975221810998,0.15933368781551738,0,0.0,0.6804730412942164,0.8944727234162375,16,6,11
2025-11-09 17:00:00,44.832072553573404,53.59389818137912,215.30492617346283,2.4555867337529835,0.07758160410847338,0.7933480604546232,22.621347059343673,0.19520259346305843,0,0.0,0.45796659303605225,0.6490864704406185,17,6,11
2025-11-09 18:00:00,35.99041170731807,30.23045129508638,222.18504401747396,2.5152426463080735,3.595041365308557e-17,-0.9036904836857804,15.666885232251635,0.23386703563656536,1,10.139978508559187,0.3032088300259221,0.6896241965246492,18,6,11
2025-11-09 19:00:00,33.562590552701224,34.13129361406554,181.63448951496346,2.798317665470342,0.0,-1.1681271410893619,24.020321052043013,0.23374796086182725,1,11.59935499816008,0.26071407961527915,0.4506999065273174,19,6,11
2025-11-09 20:00:00,59.401416942037756,45.61331409929372,214.82239553492312,2.394726658973184,0.0,0.146759230082378,19.0035387019787,0.24880201941119884,1,10.131641586670108,0.7129774089098444,0.6462433948864255,20,6,11
2025-11-09 21:00:00,40.877940373354605,30.28774177611439,205.08020254969162,1.1901817649604172,0.0,-1.2225407765449168,23.671384028445914,0.20260408290939327,1,9.78187588774884,0.3887564455877706,0.5888422922240854,21,6,11
2025-11-09 22:00:00,26.386140647299648,28.335693509570387,154.94151448935318,1.4447920877307365,0.0,-2.0913123209065674,18.727492225198027,0.15020714291854076,1,9.78205422856567,0.13510291300006344,0.29342461931723474,22,6,11
2025-11-09 23:00:00,23.65408730528921,17.41257824444411,132.04759261994232,1.4225155346320941,0.0,-2.779632357954891,17.613802319500653,0.23990604959099754,1,4.886590230990794,0.08728311183533605,0.1585333929206947,23,6,11
2025-11-10 00:00:00,28.992394938050385,26.18254805381977,156.09166504100799,1.6380560628958007,0.0,-1.8957986872255066,19.83963946739116,0.24561967152444464,1,12.75301013040265,0.18072082245006924,0.3002013183615635,0,0,11
2025-11-10 01:00:00,31.33309586421025,23.963981649358477,173.49366202701074,0.9570635825282912,0.0,-3.1364336194087725,24.271003586654704,0.24277462035788064,1,7.725739305890304,0.22169068608848952,0.4027340660742738,1,0,11
2025-11-10 02:00:00,33.06262450095791,19.95952201534247,148.5712521701059,1.5452077100126052,0.0,-1.6903497964877645,23.412379124908142,0.22719112570169014,1,10.518289988299378,0.2519630509234727,0.25589096730197847,2,0,11
2025-11-10 03:00:00,48.827591419631105,28.117689034875376,173.468082722373,1.1679306199060278,0.0,-2.2588970955121574,20.296885633114368,0.17119149509039777,1,9.247176510686655,0.5279011418191288,0.4025833525446026,3,0,11
2025-11-10 04:00:00,28.554493738174966,20.85583584436631,134.0070261002079,1.35940376538225,0.0,-1.8123597586022084,26.125435667922847,0.16390570750230513,1,4.7512214748553925,0.1730561301156111,0.17007839541974734,4,0,11
2025-11-10 05:00:00,37.9251969305081,32.821005626813516,183.2027406107028,2.5204659689858895,0.0,-0.8370182901617997,20.503084005063904,0.22008860034768013,1,6.313923061958596,0.3370738513440331,0.4599400583374205,5,0,11
2025-11-10 06:00:00,53.920303055194886,44.04921061434294,129.00534659332752,3.4872108616313864,0.0,0.19315033457805603,19.895591829153428,1.2303172564531508,1,5.151166463781269,0.6170401253291452,0.14060844760678673,6,0,11
2025-11-10 07:00:00,56.78699839529207,41.63883324836288,157.67306271812842,3.6135062792738135,0.07820622020574237,1.2878214336263707,17.666717683287416,1.8399867486995736,1,11.708210869187303,0.6672165984804423,0.309518929966259,7,0,11
2025-11-10 08:00:00,44.370366209366935,44.80148120912531,179.502411104149,3.2725109462513933,0.15098937831721723,2.2872911389541852,16.8279010798838,1.459370828087538,0,0.0,0.44988523340923053,0.438137678297098,8,0,11
2025-11-10 09:00:00,60.373041189853254,51.1578703407428,204.92524967764274,3.1222290530120107,0.21453788811193805,-1.02356353373237,19.75099487401474,0.1530815059987305,0,0.0,0.7299839869377734,0.5879293082860967,9,0,11
2025-11-10 10:00:00,48.04586435424441,55.647872282441774,179.41392449487265,4.5213584724380596,0.26258500046483196,2.3255580030355003,16.91502322838166,0.16505936005279734,0,0.0,0.5142183808506444,0.4376163142724874,10,0,11
2025-11-10 11:00:00,53.86597605231977,36.61415905544577,252.465458010148,4.593884247119771,0.29086174803802994,3.032995655526636,20.73465888425331,0.17904811794850622,0,0.0,0.6160892264446264,0.8680367115391362,11,0,11
2025-11-10 12:00:00,72.70572477971562,53.149809714585814,257.9444343287092,3.2640180886352517,0.2984245384380607,5.0235108707981055,24.780100209007816,0.22037547019371254,0,0.0,0.9458459790981234,0.9003188971438577,12,0,11
2025-11-10 13:00:00,61.7788287045043,44.657878602065125,251.36006752280994,4.051121237544686,0.2926571959816379,2.327889258726653,20.62136069702923,0.2237292324798674,0,0.0,0.754589831339406,0.8615237392605277,13,0,11
2025-11-10 14:00:00,56.42929362796749,35.46131427930821,177.57987774909054,3.0991193601999742,0.2642654481895115,3.262657655912025,20.548527649567703,0.17130252031538498,0,0.0,0.6609556040166411,0.42681009172056694,14,0,11
2025-11-10 15:00:00,51.71237845630924,43.28078771512231,172.53642542450177,3.229520593065799,0.21794406259747387,4.109810804422115,18.10115908177558,0.21485555315260668,0,0.0,0.5783942783824941,0.397094018030054,15,0,11
2025-11-10 16:00:00,58.63069791804653,41.527521799651964,214.4404829654231,4.129630859193348,0.1540041757448691,0.6721718365799241,17.13533997271193,0.15318273683871064,0,0.0,0.6994873243956041,0.6439931620442777,16,0,11
2025-11-10 17:00:00,41.25276004611015,53.04779658948352,235.91773664005623,2.809564524477193,0.079834662333179,1.6472578381143892,17.66854253291249,0.16028529251509732,0,0.0,0.39531700644805334,0.7705373646639145,17,0,11
2025-11-10 18:00:00,35.53461204866294,36.110161085687324,162.32358929112613,2.8439632307145484,3.768213884224109e-17,-0.3337563472870253,21.196881915399384,0.2035010674941229,1,13.957148633379546,0.2952308565681273,0.33691988103089643,18,0,11
2025-11-10 19:00:00,40.9996187488161,29.5317210326465,203.8142680310245,2.6030146000782537,0.0,-0.8208804776779299,21.45869845302933,0.22038236398861677,1,12.427061738289158,0.39088621210116303,0.5813833928387039,19,0,11
2025-11-10 20:00:00,43.38937677307406,37.62087002112338,182.5069851992076,2.4603720289636897,0.0,-1.8512006129228582,17.68954024115975,0.2414367257268741,1,9.437698471532647,0.4327147341854844,0.4558406601974272,20,0,11
2025-11-10 21:00:00,44.57982931637361,23.898845520701755,188.81647865561422,1.1914713979867175,0.0,-2.409562697725631,19.602979061044536,0.1937752476286963,1,12.791588653844233,0.4535515176557286,0.49301626143911753,21,0,11
2025-11-10 22:00:00,33.620698608340994,31.827529882366687,154.83001809330145,1.741570973301748,0.0,0.5591605403996835,21.46258285051,0.16199530608486934,1,10.938779401060122,0.26173115919569395,0.2927676813889933,22,0,11
2025-11-10 23:00:00,24.00696878058495,16.308402970639673,166.37879580884785,1.3852055454481131,0.0,-1.6262824327106282,23.58858874778007,0.24289766308644956,1,6.175010808918153,0.093459683033225,0.3608132001217422,23,0,11
2025-11-11 00:00:00,35.93252189750149,25.27507849075409,120.6195150366429,1.2252819203465548,0.0,-1.479503468986699,19.10757828044558,0.1937437685294584,1,8.959539515236052,0.30219557045579387,0.09119904062582788,0,1,11
2025-11-11 01:00:00,33.22971897803031,17.658102105015004,121.19006678841129,0.7392459646417565,0.0,-1.9953008984969627,18.713862886803536,0.19974731006455546,1,10.36323086116873,0.2548877466263196,0.09456073749706444,1,1,11
2025-11-11 02:00:00,33.33711443659053,23.78980272981168,168.2333844669803,1.5052221230100218,0.0,-3.8021205484936424,23.698711867793854,0.23544295044031702,1,9.084301007790932,0.25676751573454837,0.3717404558354457,2,1,11
2025-11-11 03:00:00,33.95844423411847,38.461416637733116,129.30294415278465,1.8932852719503785,0.0,-1.3324156265696492,21.501022853236766,0.20857796936059297,1,8.693588027456254,0.26764280389917916,0.14236189553050949,3,1,11
2025-11-11 04:00:00,37.76264755761211,30.72166346614633,180.64529979724173,1.3300497501618456,0.0,-0.041384401491779466,25.25608981210611,0.1801450254778343,1,4.2486961508871754,0.33422870971674074,0.4448715903950511,4,1,11
2025-11-11 05:00:00,33.06605763368683,26.099546910855903,117.29177866650443,1.980181436385917,0.0,-1.2524264418340545,18.378707215629515,0.20407804377344757,1,5.556255519348431,0.25202314188946695,0.07159198323073336,5,1,11
2025-11-11 06:00:00,41.05175402164817,33.42059234780071,159.67006519623257,2.392185164279594,0.0,1.334505968612143,24.41263591798094,1.5936458233238084,1,6.4327752390511055,0.39179874859602665,0.32128528939235285,6,1,11
2025-11-11 07:00:00,52.0516410528292,38.72897052436169,154.80201609564452,2.972543053175439,0.08006257710419984,1.8417267352225333,17.852702100126944,1.7923499172046249,1,10.67298929819336,0.5843324749977459,0.29260269332678873,7,1,11
2025-11-11 08:00:00,37.00581210588901,35.19397062333043,224.636853334583,2.2226197953718234,0.1528368457055424,3.704732482396162,22.341464281919563,1.3011258536131676,0,0.0,0.320981632780394,0.7040702825889682,8,1,11
2025-11-11 09:00:00,68.2251507587864,49.489997440545096,236.99249643110335,4.013412625761882,0.2176552529828403,2.0479937793039724,19.043458809879763,0.20593790306132187,0,0.0,0.8674213907161811,0.7768698605605541,9,1,11
2025-11-11 10:00:00,56.81720614206037,46.023447494012004,173.52432918529323,3.7474979804363038,0.26748308210519706,1.8366906554005065,17.01159142449563,0.24204990385888597,0,0.0,0.6677453320969798,0.4029147572906769,10,1,11
2025-11-11 11:00:00,69.1846254918802,52.674642811156964,184.04590564582858,4.570794131410026,0.29573855974350133,2.864148745506176,22.36299309637022,0.1545472790531097,0,0.0,0.8842153128016709,0.46490799551705964,11,1,11
2025-11-11 12:00:00,55.80921897453465,58.23279538479133,241.4359655164755,4.040783691022906,0.31169219902801415,4.755349294720372,21.07138907890864,0.1694567812836013,0,0.0,0.6501022849476124,0.8030508267488687,12,1,11
2025-11-11 13:00:00,62.31588479720699,35.441172170615665,261.23566381961393,3.893173015488062,0.3014597505164408,1.3809338052127447,20.72428960573753,0.18463149143816626,0,0.0,0.7639900561345961,0.9197108556258068,13,1,11
2025-11-11 14:00:00,41.85018446370596,47.43955029473017,238.00666866404106,3.8558672211194502,0.2681982738707054,0.8330515930530789,21.709889059833056,0.21784683995688592,0,0.0,0.4057738728719577,0.7828453739329951,14,1,11
2025-11-11 15:00:00,42.50695482814247,55.60644741095107,258.5064749825388,3.591162632014439,0.21871633521123016,2.505860598102154,19.32958751982596,0.2341847272154897,0,0.0,0.4172694859902317,0.9036304465372837,15,1,11
2025-11-11 16:00:00,38.740382136203465,45.41012130257039,167.7733405839606,2.7214373326657437,0.15395947841631624,1.3443545540747632,22.316904338660947,0.1699170848838692,0,0.0,0.35134223836611594,0.3690298724792724,16,1,11
2025-11-11 17:00:00,53.12148541037045,56.13083940724558,222.9192074160629,3.864047942930124,0.08079642837911555,1.0629327435490072,16.730040655265572,0.17467044780324548,0,0.0,0.6030582237480177,0.6939498949251245,17,1,11
2025-11-11 18:00:00,35.09691689674933,41.351629508064626,220.0170889170696,2.5080026983001447,3.848374743204137e-17,1.215868355711369,22.703457707275778,0.23232854362251018,1,10.136151350019427,0.2875697707417898,0.6768505824652377,18,1,11
2025-11-11 19:00:00,38.169297017476275,31.05102006391349,160.87845099224407,2.201668491388371,0.0,-1.066656022132965,21.33580755482385,0.1648343506574598,1,11.464016094248086,0.3413463951643237,0.32840511110371895,19,1,11
2025-11-11 20:00:00,44.267506472559496,46.881059966632584,205.01731883921448,2.1174519026603735,0.0,-3.1188164871983,20.427878777827374,0.1761176942578365,1,9.439201433073281,0.4480848541536892,0.5884717807461913,20,1,11
2025-11-11 21:00:00,33.38193980142309,29.03879422136044,207.3314177291329,1.2982216786032026,0.0,0.16917445563879596,16.802598540858632,0.22326935859111596,1,9.713073950162377,0.2575521051129724,0.6021064755374338,21,1,11
2025-11-11 22:00:00,37.08596000024585,26.5487502361483,191.83731938224525,1.5527178900322258,0.0,-3.3574623404921016,18.449493974777468,0.16661587949595436,1,12.73543362677894,0.32238448107511114,0.5108150865023028,22,1,11
2025-11-11 23:00:00,20.693827051682977,16.65342192225033,132.36950172907845,2.087457942289942,0.0,-3.7271385040394067,18.734449838967077,0.23280335246848868,1,5.458036141929535,0.03546894900529175,0.1604300847486514,23,1,11
2025-11-12 00:00:00,37.392105398599,29.13086241591382,132.56685820150264,1.0749023715306363,0.0,-1.674764924458091,18.205032866054317,0.19905165976390068,1,11.044607213432709,0.3277430192308746,0.1615929111422438,0,2,11
2025-11-12 01:00:00,30.51078742132954,17.379084334013363,141.3354979290338,0.6833147429426523,0.0,-3.0689075424717784,25.927684241796218,0.19475720755906842,1,7.760407049968123,0.2072976192951099,0.21325782785782355,1,2,11
2025-11-12 02:00:00,40.75165364423581,24.27266415889457,116.08528289963988,1.9136714016867424,0.0,-2.4562579754999083,25.666191552146085,0.16352552015222846,1,10.071034821160689,0.3865460179276135,0.06448329759081067,2,2,11
2025-11-12 03:00:00,36.94693934130285,32.5990882754832,173.44904994530958,1.4937841792393873,0.0,-1.4414680621318223,21.84610741299132,0.2179658285896204,1,8.47367732715659,0.3199511683113305,0.4024712112236677,3,2,11
2025-11-12 04:00:00,41.241162537007206,25.296008772785765,120.76399883053085,1.5300515540360966,0.0,-0.2274956268248598,18.27885107092851,0.2384001038180965,1,6.0390066086057095,0.3951140123956383,0.09205034064611894,4,2,11
2025-11-12 05:00:00,37.70669845500643,30.16693625125995,171.54671604461208,2.8751242839775566,0.0,-0.9291323983214385,25.89919803766148,0.21921078842874683,1,5.317013374276952,0.3332494188219371,0.3912626400428749,5,2,11
2025-11-12 06:00:00,60.61538768858678,40.529178380472715,147.3142520936743,3.3869114472946453,0.0,1.692606647778112,24.18112022820387,1.362663452135139,1,3.944147502891326,0.7342258372721733,0.24848470974341857,6,2,11
2025-11-12 07:00:00,37.288663164656874,37.49880184411248,175.90050305931229,2.3858290311725283,0.08189888829239539,-1.1948138040933431,16.528689174020396,1.6490989996567125,1,8.139016760456132,0.32593244438481117,0.4169151985355695,7,2,11
2025-11-12 08:00:00,51.83934299675681,45.39641840158917,139.24564419549253,2.652387297231415,0.15655545309991334,2.4161954737116984,21.33347266559073,1.5074568444000622,0,0.0,0.5806165699409401,0.20094438786642443,8,2,11
2025-11-12 09:00:00,63.95358070066546,49.790387074735776,162.27685799548485,3.927789445198198,0.22316141514689333,1.4300854138595218,22.47402369688583,0.2353730438348376,0,0.0,0.7926550500669778,0.3366445397496556,9,2,11
2025-11-12 10:00:00,41.38392422284762,54.370446815891285,194.43912383212123,3.056017134492385,0.27372269629676677,4.1105296161456994,16.64377949317392,0.19596470992629691,0,0.0,0.3976128052727225,0.5261449454530609,10,2,11
2025-11-12 11:00:00,57.859526437624226,41.240518991270754,226.73734302465635,4.106315607088896,0.3063184777068594,3.1718985782290656,16.373507274023602,0.17373026518905058,0,0.0,0.6859893204252402,0.716446389747168,11,2,11
2025-11-12 12:00:00,69.86245091172822,56.53323545326129,244.429103094796,3.237568837741906,0.31765586237510124,2.451070897519868,20.617001564094394,0.16012562214007842,0,0.0,0.8960794577299972,0.8206864245733149,12,2,11
2025-11-12 13:00:00,51.972800065582184,44.80815509159707,167.2726914778752,4.029634814189245,0.3090848401861375,3.676499491233712,15.673309562986056,0.17810667618277956,0,0.0,0.5829525018194005,0.3660800427253576,13,2,11
2025-11-12 14:00:00,39.77114042064001,39.114664013419684,181.77392376866686,2.6592974850009448,0.2780413118583976,3.599055252704105,16.048418928890538,0.20635398858346954,0,0.0,0.369383853971754,0.4515214546041835,14,2,11
2025-11-12 15:00:00,60.516050589790325,54.77221281951444,243.75752503495195,3.133249621111691,0.2248680463298171,2.862920024505095,17.18958793660273,0.16700425305922034,0,0.0,0.7324871156155779,0.816729479641376,15,2,11
2025-11-12 16:00:00,39.43819273443416,32.51497555455296,248.23828350537423,2.5078324076746297,0.1575520076076578,0.5619292757006835,24.782919149133864,0.1539761133931561,0,0.0,0.36355618878389073,0.8431301552752662,16,2,11
2025-11-12 17:00:00,62.65420454076009,48.43727319944393,180.85026751490594,2.8193973886735275,0.08158461669969935,0.37599058172840877,23.24871158652467,0.19488430521706265,0,0.0,0.7699117497626222,0.44607926232496914,17,2,11
2025-11-12 18:00:00,34.2107384090438,38.283612078420646,172.96530470060807,2.0597526065432574,3.929785615416625e-17,0.07140788924468046,19.991866543432188,0.1847432118601971,1,10.15749306621725,0.2720587708550331,0.3996209791973032,18,2,11
2025-11-12 19:00:00,31.060185118339195,30.13888806484921,151.1428948149677,2.1291470440752587,0.0,-0.7503007995014237,20.303718041035836,0.19203906250333605,1,10.66693511730626,0.2169138622239643,0.27104311258306024,19,2,11
2025-11-12 20:00:00,42.998394037156864,41.501264234722754,148.5264578037306,2.370447254955933,0.0,-0.6908981640981944,22.479969567406776,0.19541334106148095,1,8.069908576451772,0.42587126725791585,0.25562703842817147,20,2,11
2025-11-12 21:00:00,38.79643182892782,23.05047356291281,127.91536560667437,1.760309360276121,0.0,-4.084919729534487,20.38203310428086,0.22660704707320034,1,10.243499783334387,0.35232328991449113,0.13418626826690688,21,2,11
2025-11-12 22:00:00,43.00326261208882,28.697542303851815,167.18649918223156,1.7692844642393446,0.0,-2.2204967059932175,16.225723004286554,0.24609268552903252,1,8.178492384529585,0.4259564831216114,0.36557219682059633,22,2,11
2025-11-12 23:00:00,20.130471077797164,16.46978089890147,182.35406355522323,1.8834994767943938,0.0,-3.152550655875421,23.361822859019625,0.17622844373125354,1,7.2213139207096475,0.025608390925427587,0.4549396442763766,23,2,11
2025-11-13 00:00:00,27.100309708183456,23.864150441755626,119.89035280492186,1.2142698286313787,0.0,-3.811331585848248,16.356373169265147,0.2442398879520786,1,8.024436921768276,0.14760318961045085,0.0869028091526915,0,3,11
2025-11-13 01:00:00,27.387060802066266,19.63223565993864,159.13537809064238,0.7205164364869492,0.0,-3.6211292423723687,20.982487572710525,0.17283756202384593,1,10.03064374710757,0.1526222644880861,0.3181349073904013,1,3,11
2025-11-13 02:00:00,39.4231784868189,24.277995765323773,145.15610804257477,1.4098993427214632,0.0,-2.801507743123994,25.0931422894751,0.22549451065969564,1,6.699490870176769,0.3632933907174842,0.23576890248882243,2,3,11
2025-11-13 03:00:00,38.975535274167534,33.94560220824526,172.4572989311222,1.748680056183422,0.0,-5.719323057903345,17.26840188870517,0.2181346048504465,1,9.384226010871188,0.3554581815388904,0.3966278039059162,3,3,11
2025-11-13 04:00:00,30.25934877113532,28.787337957065574,167.02637731295488,1.4872551996500034,0.0,-2.2062257802940355,23.647342038181876,0.15522222164779398,1,5.5511687666906475,0.2028966267989066,0.3646287570970382,4,3,11
2025-11-13 05:00:00,37.44106187160272,27.805400673720495,178.47299912257398,2.934577657853596,0.0,-1.6652216219376366,16.609852738086722,0.2224921803032488,1,5.772361289806444,0.3285999164110159,0.43207237216676314,5,3,11
2025-11-13 06:00:00,43.14494693471222,36.84012610405618,171.13137218980535,3.2257273206479096,0.0,0.5118252461196433,26.800390898653376,1.8008420187537266,1,4.293333204589558,0.42843641864550003,0.38881542971907257,6,3,11
2025-11-13 07:00:00,46.423638259306394,42.43207454088427,196.05589461084352,3.8620224990245964,0.08115930875166673,-0.058030656245039,23.438840390869267,1.8226667225588171,1,8.305071577459382,0.48582415877916646,0.5356709757412718,7,3,11
2025-11-13 08:00:00,42.64006127578508,42.15790881440698,166.57825531318747,2.7901002260369028,0.15760885837154814,1.247927104446407,26.45894293121973,1.6388950532963726,0,0.0,0.4195992808599501,0.3619884176013111,8,3,11
2025-11-13 09:00:00,63.6090389722582,42.61731823524562,162.65810957453328,3.401180188084098,0.22170253065784343,3.6186450531095673,23.149643095502256,0.22865880365040905,0,0.0,0.7866244515087291,0.3388908780291696,9,3,11
2025-11-13 10:00:00,64.59370383223151,44.13574318773442,241.25199712329643,3.239093000320829,0.272187736730413,3.5394881580541853,18.511758365179453,0.1571541850018648,0,0.0,0.8038592825765474,0.801966883057802,10,3,11
2025-11-13 11:00:00,62.88585122365775,47.90005711084146,232.68851004318603,4.156762138002793,0.30054493601770527,3.7391268225263437,25.633824729521596,0.16612526461383248,0,0.0,0.7739663185905074,0.7515107278801944,11,3,11
2025-11-13 12:00:00,58.84992491835856,47.45832848867389,170.71504309686583,4.398901135328725,0.3098840404441908,2.431228206076174,22.330036940706528,0.17624796624450423,0,0.0,0.7033245084665222,0.3863624143619176,12,3,11
2025-11-13 13:00:00,50.54291303459741,34.586685286025045,258.74703832452667,2.757296209585886,0.29813070930510704,3.3639382674596274,21.663016020099583,0.2031338372833671,0,0.0,0.5579248376598869,0.9050478482569144,13,3,11
2025-11-13 14:00:00,41.32911650831617,34.067758963231384,203.37943339763197,2.8694198044248367,0.2684407087259656,2.279339977164679,20.014535889843124,0.18862447454949563,0,0.0,0.39665349237392733,0.5788213426442206,14,3,11
2025-11-13 15:00:00,61.98981037344038,43.88444432330421,196.58506036328683,2.662737441485019,0.21952721024520852,1.8324269443539443,18.422761435037884,0.21571350358218122,0,0.0,0.7582826953486064,0.5387888258729042,15,3,11
2025-11-13 16:00:00,52.98050452979643,33.506847078602284,227.87509084517836,4.150221733232556,0.15475196619834844,1.8089285927651573,20.876207526602062,0.19456887869860806,0,0.0,0.6005906007432205,0.7231500117703243,16,3,11
2025-11-13 17:00:00,64.95145079987367,48.17282969535048,215.42827971246422,2.626487855321026,0.07973906782945979,0.07075542988733519,19.14298760894615,0.2275022240350654,0,0.0,0.8101210156828795,0.6498132707787677,17,3,11
2025-11-13 18:00:00,37.704390218807404,30.356179582746986,203.82567211654882,2.8654732261171993,3.781540695498363e-17,1.3763488219493771,24.12875014465805,0.22135880820035567,1,11.872608259487556,0.3332090171963973,0.5814505858295369,18,3,11
2025-11-13 19:00:00,42.865288828460095,27.820529367892156,167.02285924378873,2.2097427833063947,0.0,-1.0611825182812094,15.683208191941517,0.22472813976157058,1,10.97103325771976,0.4235414940737711,0.3646080285968242,19,3,11
2025-11-13 20:00:00,52.919255967307876,34.47103857158564,221.37963761305977,2.370624692638026,0.0,-1.0141704292986833,20.876432891730996,0.23288488036511043,1,7.5783434457297245,0.5995185520995171,0.6848787335909168,20,3,11
2025-11-13 21:00:00,32.112888579297255,29.453998651108463,207.82812398683265,1.4490067356336287,0.0,-0.8061813992639457,24.12088111066563,0.23342224148811655,1,10.757137710442418,0.23533958964822865,0.6050330739875437,21,3,11
2025-11-13 22:00:00,37.637656360049995,30.872260960842887,120.3329751938,1.3669677655536292,0.0,-1.7148092942822473,15.848916103098452,0.2279552380503425,1,9.073088984225812,0.3320409580638527,0.08951074488370805,22,3,11
2025-11-13 23:00:00,30.166330102486665,19.138910561443478,139.41367904036412,1.9913008831265593,0.0,-4.46300354066593,18.598854631592246,0.15659265822293827,1,5.780132989334672,0.20126849817821393,0.20193445092470566,23,3,11
2025-11-14 00:00:00,39.89776483271571,24.969929788699734,112.32969164832753,1.6427189927341783,0.0,-2.7193259406904455,16.290986844661077,0.21232033514761461,1,12.704174910262447,0.3716001921797059,0.04235531477409129,0,4,11
2025-11-14 01:00:00,32.527160824775954,23.23045420687619,166.11906933623646,0.7998538247531736,0.0,-2.21918956761465,22.133096301818405,0.151978943198176,1,8.673579563392842,0.24259069858604998,0.35928288903664113,1,4,11
2025-11-14 02:00:00,26.12338955698915,18.817784566023253,167.05627668076318,1.7246917856586326,0.0,-1.8862490867553605,19.302820790412152,0.22437590396348048,1,6.784012642297375,0.13050391608398662,0.36480492448396074,2,4,11
2025-11-14 03:00:00,47.000212267696774,25.965892895878,142.6563167844131,1.2914109664782072,0.0,-3.422550252371182,26.26198834554187,0.15610577399258774,1,8.681305734911735,0.4959160753658641,0.221040106327457,3,4,11
2025-11-14 04:00:00,35.84354166092103,19.63514339544081,170.04661081107594,2.068220574731874,0.0,-2.3528642475643586,22.67927386847629,0.2483214995096928,1,6.468896279950839,0.30063812750420904,0.38242400436351043,4,4,11
2025-11-14 05:00:00,32.88591833018435,22.404823580218377,167.1422080120903,1.8941235073065839,0.0,0.014383399380600403,22.146808000506628,0.2114078209365966,1,4.798995867386306,0.24887011938328774,0.3653112327842476,5,4,11
2025-11-14 06:00:00,41.349257667824396,35.57239714074149,159.96591543427394,2.4187379400208537,0.0,-0.9733615128379325,25.985327477464807,1.2614985722215388,1,5.697425519098443,0.39700602803935536,0.32302844208007253,6,4,11
2025-11-14 07:00:00,39.465414352077715,43.37359854311359,158.0952281782618,2.7629862321658205,0.07998171472797685,0.2572817488445051,18.51375326331476,1.4762096321736022,1,10.98778565772036,0.36403265544838825,0.31200633325978294,7,4,11
2025-11-14 08:00:00,36.070070197082174,31.099910821019545,158.9602522793904,2.3537142585123343,0.1538096258447441,2.8485235495718313,22.100032271365624,1.7450077317895678,0,0.0,0.3046031121517604,0.31710306428426094,8,4,11
2025-11-14 09:00:00,62.22767614984593,56.19650377056341,167.4560977535424,3.1038509973563135,0.22040889193598304,1.8383011646757144,21.810334030479698,0.1679997963248268,0,0.0,0.7624461184987694,0.3671606744141826,9,4,11
2025-11-14 10:00:00,46.25111424929617,54.27981331066138,206.20643842375915,3.5617184684684933,0.2692105152415921,1.628219742061692,16.809963739553698,0.20367754704424934,0,0.0,0.48280442862676787,0.5954780857386833,10,4,11
2025-11-14 11:00:00,42.42127943331639,57.39268009571644,173.5850308671894,3.9885048069311075,0.3015892614920482,1.769220657242114,25.693993604811922,0.15035807675759025,0,0.0,0.41576988849618074,0.4032724122334173,11,4,11
2025-11-14 12:00:00,57.58092987374145,40.80495865301666,179.73951507191765,2.7397324456470313,0.31181934183395804,3.0739280052160303,23.102464688750032,0.22884262488750098,0,0.0,0.6811129762905216,0.43953469734775413,12,4,11
2025-11-14 13:00:00,49.995005017230184,47.585247438792884,165.1139593349707,3.0973248370853126,0.30178589157443836,1.2979915641500657,24.920589602734264,0.1694607601152332,0,0.0,0.5483346689599666,0.35336077042771374,13,4,11
2025-11-14 14:00:00,42.452112140995894,47.8440784985218,232.46608655150362,3.7008791454156356,0.26750013202551853,2.076261041119838,25.756325389104347,0.18871781916695624,0,0.0,0.416309560957158,0.7502002063477291,14,4,11
2025-11-14 15:00:00,42.59947788214266,56.900849090726005,272.67800608106506,3.453968261130526,0.22061693403387508,2.17223565792213,20.436409918844408,0.20302437005736015,0,0.0,0.41888893974591374,0.987129255553098,15,4,11
2025-11-14 16:00:00,42.6862668564298,43.88563723654648,256.4122372752046,3.0595496263626574,0.15517150703239815,2.509003875468635,23.68967135567286,0.164486154510386,0,0.0,0.4204080284949818,0.8912911761265796,16,4,11
2025-11-14 17:00:00,58.91339057410543,52.89897522797764,229.7052467565278,3.154994992898788,0.08090027537873629,1.146033840014229,21.31268507258111,0.24266708468270012,0,0.0,0.7044353634384719,0.7339333094851932,17,4,11
2025-11-14 18:00:00,35.080055339931306,28.09886026602364,228.5525297766573,2.0861323121619315,3.768366354512216e-17,-1.0198566263367626,25.390511250230258,0.1968806138769866,1,10.564143764571682,0.28727463876835174,0.7271414890190544,18,4,11
2025-11-14 19:00:00,38.98249217594054,23.352442704997653,182.4391042562483,2.8916180116391175,0.0,0.08835584312581157,17.92392553708298,0.1731783562492252,1,13.092912727648615,0.35557994990058095,0.4554407049736362,19,4,11
2025-11-14 20:00:00,39.88100314680398,31.535025900378475,161.8271599424462,2.46711333594743,0.0,-2.1209309015157216,15.567329263708139,0.2235142770920341,1,9.049120960159327,0.3713068082712882,0.33399491413161897,20,4,11
2025-11-14 21:00:00,30.83705593366772,33.38599460474905,158.50381361824236,1.3058388546864768,0.0,-3.6862434444621237,17.404413258213847,0.23942134273245608,1,9.279675005369375,0.21300837726107338,0.3144137229329515,21,4,11
2025-11-14 22:00:00,32.87428118618807,20.50627205545143,126.51376653840387,1.7903950309162704,0.0,-3.1071365503872515,16.890694863340848,0.2412670914940434,1,11.588934528485998,0.24866643159159257,0.1259280319405277,22,4,11
2025-11-14 23:00:00,19.918972015909013,14.35574166950694,161.865146738866,1.6692804501014047,0.0,-1.804420840423287,20.21266923204307,0.19311339396817118,1,6.0547456466801,0.02190647086021565,0.33421873273225766,23,4,11
2025-11-15 00:00:00,27.60340989453948,29.712132518965838,121.72833885621738,1.0541619237202424,0.0,-3.18736077357965,16.562807139368612,0.18594612738219363,1,7.89860380991246,0.15640907583073188,0.09773224213377672,0,5,11
2025-11-15 01:00:00,27.095175889100062,17.214853943996726,159.9435888862777,0.8524652700688079,0.0,-3.2456393731269837,18.17338122389613,0.24292574175986015,1,10.42845463047497,0.14751333111317755,0.32289689382645337,1,5,11
2025-11-15 02:00:00,30.875257637375405,29.146298286290573,118.29835235846689,1.488195494445273,0.0,-1.3290259301837248,16.96032498057618,0.15528381601154229,1,9.082988060372736,0.2136770310707794,0.07752272592050927,2,5,11
2025-11-15 03:00:00,44.56343064780879,36.628866287945385,122.14636973333343,1.7344184533303553,0.0,-3.928608825087423,21.212115762221273,0.22505401067202868,1,8.445706638089856,0.45326448772916095,0.10019528442104633,3,5,11
2025-11-15 04:00:00,26.159206035988603,18.962405953165774,178.59572537260465,1.9079901942294046,0.0,-3.1692996814645165,18.933677713718826,0.1677508826245903,1,6.4275746204530515,0.131130820719353,0.43279547651175543,4,5,11
2025-11-15 05:00:00,42.876779413050514,21.334490621094183,121.78190536451268,2.9021182696853445,0.0,-2.783765764628448,21.1715383441542,0.19655012915010836,1,6.714939537678638,0.42374261660016216,0.09804785655925392,5,5,11
2025-11-15 06:00:00,56.76364517094443,41.10692470039528,159.9074031396824,2.7219573320670527,0.0,-0.02657021682471261,17.080547075478123,1.8402691886494542,1,4.861560430965252,0.666807841254627,0.32268368703016237,6,5,11
2025-11-15 07:00:00,55.33231359374295,53.30152455542257,132.55272507333825,3.0629480703604073,0.07915327135007962,0.5359809641477878,21.664178859305075,1.5608610944268169,1,7.288891227602231,0.6417548928476231,0.16150963860371642,7,5,11
2025-11-15 08:00:00,42.099493411589854,45.81795371628332,143.13518928739856,2.7064002111620433,0.15451842790990056,2.628021528001558,17.468646954191634,1.517580563443914,0,0.0,0.41013758866515754,0.2238616281088167,8,5,11
2025-11-15 09:00:00,64.12640397746581,41.770942746282685,203.05884312154942,2.9252048345571615,0.2174270900832888,1.9423403983684662,17.07586492023027,0.156180075859249,0,0.0,0.7956800183595618,0.5769324213943686,9,5,11
2025-11-15 10:00:00,44.83785188049499,43.49080056114443,213.07272630585854,3.889386511260932,0.26747633267724896,1.7637292084316374,19.231457725717362,0.1777340547099794,0,0.0,0.4580677500156787,0.6359343255429087,10,5,11
2025-11-15 11:00:00,45.20871517197604,43.838016066044396,176.32516196495007,4.599938192021225,0.2981587727940115,2.4616530531020517,25.085019618840434,0.15030511029233276,0,0.0,0.46455906136206326,0.41941729323600746,11,5,11
2025-11-15 12:00:00,46.888419535864806,59.10247749861157,254.61645822025102,2.947792722938068,0.30441532407865723,2.672064034507875,24.02947473073732,0.23750057347582085,0,0.0,0.49395933970274103,0.8807104272080837,12,5,11
2025-11-15 13:00:00,61.51160006984824,37.25893783582404,240.73981548043034,4.471546419254612,0.295976975942053,0.7726541101402151,25.66195422324439,0.21448546776087235,0,0.0,0.7499124628641001,0.7989491034769118,13,5,11
2025-11-15 14:00:00,45.981602753586394,34.22154179794518,198.0671641158281,3.5020954274390874,0.2635315537792622,4.847332426679394,20.337025867996033,0.16180276652611547,0,0.0,0.4780871026733273,0.5475213966385242,14,5,11
2025-11-15 15:00:00,66.70080009934942,53.22926080430086,191.131024835153,3.4083853619615407,0.21692576133978508,2.1724079808456667,18.71023753662993,0.18634726889934594,0,0.0,0.8407403064493721,0.5066535916654675,15,5,11
2025-11-15 16:00:00,44.79611270890254,42.37235151545437,241.9310387135332,4.177782189757275,0.15190782943350162,1.233522361168986,25.40955368445181,0.23114153411960103,0,0.0,0.45733717903610094,0.8059678031886458,16,5,11
2025-11-15 17:00:00,65.09003438450074,36.45717780190005,232.61436563942777,3.223940441830148,0.07887024905952977,0.9074379964264716,19.304152725341122,0.16403031982376573,0,0.0,0.8125466782274786,0.7510738682800594,17,5,11
2025-11-15 18:00:00,53.297709714102844,41.480308736650855,164.88319115314377,1.9471417395376598,3.734812979813029e-17,0.21753607481237636,15.468309913725593,0.17302653042911711,1,11.539142071687134,0.6061427210509417,0.352001081893897,18,5,11
2025-11-15 19:00:00,45.97529438972526,30.901578877781837,175.99900704448464,2.851959452073105,0.0,-1.416571911550847,23.800877237554243,0.20414065231213138,1,11.741772864172706,0.47797668583011443,0.41749558504342243,19,5,11
2025-11-15 20:00:00,48.35278300830552,38.76031110814526,154.50095219925964,2.380830886612345,0.0,-2.6384834103439476,17.16531599696366,0.16449466462825935,1,8.70458589974684,0.5195904534911252,0.2908288217097401,20,5,11
2025-11-15 21:00:00,43.02605637802095,30.047854019644284,152.18580389558508,1.2118342726837914,0.0,-2.0367875091502916,22.89600527037783,0.1882706338988024,1,13.171833925295138,0.426355448009269,0.277187943761703,21,5,11
2025-11-15 22:00:00,42.55882333435634,26.34090612349869,143.00511699958977,1.1958292265654022,0.0,-2.734953391039834,15.719389613443235,0.24821277279575754,1,12.964394350035818,0.41817735320340754,0.22309524083262994,22,5,11
2025-11-15 23:00:00,22.70359731749242,19.27455161375445,187.82587002424364,1.4741224887897844,0.0,-4.237920353030313,16.811157989163302,0.2043851329527443,1,5.115939805644772,0.07064645195516707,0.48717958505283554,23,5,11
2025-11-16 00:00:00,31.656326721837345,28.94290335530244,163.54421931998283,1.2795904020816136,0.0,-2.1188765011700847,20.82741730960607,0.22015277812475312,1,11.532961145634625,0.22734827523741066,0.34411184588987154,0,6,11
2025-11-16 01:00:00,32.52149857595369,22.63531732496697,161.1574612172194,0.9842301756964966,0.0,-3.1499914712121986,16.564379745546084,0.2163281048251319,1,6.9001810799250975,0.24249159085317296,0.33004904225884285,1,6,11
2025-11-16 02:00:00,30.380671678124344,26.56153306715055,124.41962156859348,1.1704179671665538,0.0,-2.421471368613806,25.379203266674224,0.17117160249331334,1,7.969713566193462,0.20502017146025375,0.11358930794028119,2,6,11
2025-11-16 03:00:00,44.65333574481403,33.82218989668296,106.05948036432237,1.7692559388318077,0.0,-1.2902570370626416,24.021349560821122,0.23461133869121645,1,9.269877472608297,0.45483811874008495,0.005411164501831935,3,6,11
2025-11-16 04:00:00,26.144419308648274,25.005846847594636,113.24605945603672,1.9980040526309457,0.0,-2.0466063885348826,19.591759506970547,0.1622050155136849,1,4.754256690194293,0.13087200499624152,0.047754563453163625,4,6,11
2025-11-16 05:00:00,36.756155320187915,23.439064779812085,155.7361778635632,2.7419711803572033,0.0,-1.0356325294744504,22.530476636023966,0.24215951351681972,1,6.92757501338441,0.31661182869638366,0.29810678420497405,5,6,11
2025-11-16 06:00:00,39.75785680291677,37.09176835627027,142.83849111187092,2.2224572813278565,0.0,0.22627308689828018,23.816912403970854,1.2870539086931618,1,4.988946196205188,0.3691513475457242,0.22211347936458548,6,6,11
2025-11-16 07:00:00,43.79042501088205,46.81130981028769,143.6025361955033,3.366812471586862,0.07994331337754762,-0.5397794056403316,24.226328561814853,1.8410582148618246,1,8.555697486578895,0.43973438006667714,0.22661524096494814,7,6,11
2025-11-16 08:00:00,40.91874047620058,37.0860335548295,139.46768294546868,3.494646778252773,0.15161927437904296,0.9550603489945388,20.315023405605174,1.7234725973600087,0,0.0,0.38947057981626243,0.20225264249674427,8,6,11
2025-11-16 09:00:00,64.5694946504619,43.98877737052846,226.12782541019078,2.6377597284059795,0.21099217579179402,1.640267212412635,25.61145429342861,0.16709832419550952,0,0.0,0.8034355433175872,0.7128551056065766,9,6,11
2025-11-16 10:00:00,45.1233551136995,52.08977832106097,210.01273470579758,2.7865959816754224,0.25847714665173416,1.0278109945954965,25.943962756749105,0.1660402690577367,0,0.0,0.46306498328114637,0.617904823125202,10,6,11
2025-11-16 11:00:00,64.2461050674001,34.95997789724283,167.3952792970228,4.69008265179679,0.29283385765626907,4.593608115773687,17.914730988395206,0.15845294391266695,0,0.0,0.7977751759583686,0.3668023314341432,11,6,11
2025-11-16 12:00:00,69.62020399283996,57.64264315886081,243.2316305122679,3.813950630682606,0.2986317366619103,0.9633063825407047,25.31800739726065,0.1747355389356384,0,0.0,0.8918393503661052,0.8136309036295981,12,6,11
2025-11-16 13:00:00,50.405433012769734,40.25590592994666,246.60350715740955,3.8672470508620043,0.29431252344156,0.9626848474132323,23.08997440128094,0.2159106755927902,0,0.0,0.5555184910462134,0.8334980359853141,13,6,11
2025-11-16 14:00:00,44.095360219893024,38.976710557632856,196.83440051167815,3.9521224180313186,0.2666974176596746,3.267730977794438,24.77693241542534,0.20203024593552119,0,0.0,0.44507173598092836,0.5402579406273902,14,6,11
2025-11-16 15:00:00,47.64415770917528,43.59845147725707,184.57632304721963,3.3929206670723975,0.214872624352265,2.1824371798025277,19.86966811776258,0.21133507898980577,0,0.0,0.5071872107053281,0.4680332203773446,15,6,11
2025-11-16 16:00:00,49.65604904955041,36.20178913210844,248.3377106252134,3.17229801765636,0.15048144295868238,-0.1856863572224039,22.22466119308865,0.15311406041223574,0,0.0,0.5424018393446719,0.8437159809022026,16,6,11
2025-11-16 17:00:00,40.79158445900264,42.41029721527898,190.53477852014964,3.1142407081307493,0.07729150541035933,0.716457969479844,17.802425635090177,0.15799713814429045,0,0.0,0.38724493679319116,0.5031405021597031,17,6,11
2025-11-16 18:00:00,45.037245470543475,34.25975173265557,234.7428081080957,2.038101043752203,3.6767601149680865e-17,0.7930011107712321,23.07379296206608,0.2191974046158392,1,13.04280231738568,0.4615577850318411,0.7636146735012349,18,6,11
2025-11-16 19:00:00,46.527365322758165,28.710452794402908,146.91917390350045,2.2464723639331243,0.0,-1.4891251886463597,21.35550174450921,0.23479083433820716,1,12.279675747756645,0.4876397190661463,0.2461569049269672,19,6,11
2025-11-16 20:00:00,40.08193018956642,42.32449324822451,179.93600540203948,1.9536627397245274,0.0,0.40886773848700253,20.371036477239013,0.18594217768972032,1,10.536780591792102,0.37482368368721486,0.4406924204218688,20,6,11
2025-11-16 21:00:00,37.704949642550766,27.009364050722038,142.46935038815482,1.2837748652043095,0.0,-4.542881982309282,22.63554189896401,0.16664824079762652,1,10.151471962700768,0.3332188089276798,0.21993849837098375,21,6,11
2025-11-16 22:00:00,42.75006619855049,30.162154206725056,173.7635850582509,1.8954795795146653,0.0,-2.6092917482352638,21.293082187938033,0.18083555167302312,1,11.811364765818263,0.42152472406155034,0.40432445538914713,22,6,11
2025-11-16 23:00:00,29.37183300420269,19.196659698520865,189.43330283607165,1.3623609629984328,0.0,-2.4438217889330933,23.63964691160884,0.1912029965133767,1,6.551006637464929,0.18736222018514412,0.4966505959427272,23,6,11
2025-11-17 00:00:00,38.77502387041934,20.655578282281724,139.0003301073577,1.4641352024043737,0.0,-2.8287568890391626,24.76357870156005,0.21301359279378348,1,10.624872794343016,0.35194858115479133,0.19949899470095425,0,0,11
2025-11-17 01:00:00,34.02517656081635,19.033170208835717,113.11232347376168,0.922246733557833,0.0,-3.8297566254529922,24.305226378495448,0.19094734245855294,1,9.085496703086134,0.2688108362157093,0.04696658965097599,1,0,11
2025-11-17 02:00:00,30.526871112332724,19.42362929097823,127.23711836310079,1.7388070001720128,0.0,-3.6236582236686266,19.204757959803548,0.2397041124570549,1,9.222357525593047,0.2075791360919969,0.13019002843488603,2,0,11
2025-11-17 03:00:00,47.36381892719266,39.13211822985447,169.03522712749583,1.6463302949635896,0.0,-2.4198272903415874,26.436971914152462,0.19012123947289872,1,9.188290450734815,0.5022803720989831,0.37646492115296387,3,0,11
2025-11-17 04:00:00,40.55387531596267,29.380814285778282,164.67436005378008,1.6208465012288102,0.0,-1.4344036921181789,23.037715896892916,0.1681373518963896,1,6.436131897503261,0.3830842552353251,0.35077064687871756,4,0,11
2025-11-17 05:00:00,36.25288602512332,22.21695833454224,131.40187731881448,2.869426536851182,0.0,-0.9316424081726716,19.586731339536037,0.1748344606698074,1,6.406380456499064,0.30780298252481075,0.15472883163281317,5,0,11
2025-11-17 06:00:00,45.44976716964201,41.90885442389654,196.28789754922605,2.5690293426308255,0.0,0.27490418565372843,16.5827444092235,1.47387469651197,1,5.068030926791864,0.4687782537260983,0.5370379394735904,6,0,11
2025-11-17 07:00:00,46.74276741645206,52.516602464688084,180.01166102667224,3.476419973978324,0.08088122323039366,-1.0150559846514022,26.72584144698693,1.7118470061759474,1,9.273660809001445,0.491409954856392,0.44113818415115563,7,0,11
2025-11-17 08:00:00,42.677319282279264,43.2815616981031,150.12444602857713,3.4558358035457912,0.15765102491670532,0.49210194232291893,22.494133227575823,1.7770551498563862,0,0.0,0.42025141690537404,0.2650424017130783,8,0,11
2025-11-17 09:00:00,47.273708664499786,45.96613482979173,197.23612158121645,2.650816734607103,0.22117058564888575,0.39369896316523634,18.4445616149197,0.16852907194035038,0,0.0,0.5007031500226002,0.5426248853583301,9,0,11
2025-11-17 10:00:00,56.44554391644895,40.14292114858952,195.1276867663994,4.451986191379683,0.2688881564141387,1.4168851670689013,21.155690386875346,0.15034719077184777,0,0.0,0.6612400368101388,0.5302019654422871,10,0,11
2025-11-17 11:00:00,57.40385785106872,41.310031344201796,241.57826985232182,4.497184028757398,0.3019031469940581,3.1104528361902757,20.046954946737415,0.23694088117004403,0,0.0,0.6780136411546218,0.8038892853796508,11,0,11
2025-11-17 12:00:00,59.56318000125584,59.15694950494253,197.91619135082763,3.763562147081098,0.3117118388958932,2.297976677417316,25.739335016823528,0.17281964670753203,0,0.0,0.715808787495562,0.54663186353277,12,0,11
2025-11-17 13:00:00,40.24211297086402,46.15192044834128,259.6291067054677,3.375314904665553,0.3004436472398844,4.687173251207222,20.79400527356919,0.23216627398030087,0,0.0,0.37762740228006914,0.9102450043557879,13,0,11
2025-11-17 14:00:00,58.41492438163115,42.13201675245275,254.31674250821425,3.855636303861984,0.26720052284931556,1.966568605382695,20.590927029465004,0.20507479094428183,0,0.0,0.6957105871521064,0.878944499107273,14,0,11
2025-11-17 15:00:00,46.21053213773816,38.39687451247057,237.72442331265563,2.3080864504268113,0.22085920106678442,1.348653237611697,23.687665177724213,0.19041155429882806,0,0.0,0.4820941099533701,0.7811823813793265,15,0,11
2025-11-17 16:00:00,40.801957539743604,52.670022296391934,188.7346206077671,3.229784184740661,0.15735224428392072,0.7663844923590136,19.445177066141262,0.164675708855608,0,0.0,0.3874264993750306,0.49253395296757185,16,0,11
2025-11-17 17:00:00,57.398547938776964,54.213968411186336,257.26539776824245,3.6303088535513344,0.08113753803541655,-0.7085838485445832,17.403764936088297,0.21720370900829167,0,0.0,0.6779207004546399,0.8963180066484713,17,0,11
2025-11-17 18:00:00,42.09500105494391,29.715502997368223,204.86667803021535,2.8639617274338747,3.8072248854582135e-17,-0.9124971868163533,23.25108669477495,0.23181573679496528,1,12.077741611830096,0.41005895784259383,0.5875842035286587,18,0,11
2025-11-17 19:00:00,29.58838248764178,23.06866176208112,229.13846743169043,2.1197427355737264,0.0,-0.510752381793268,24.72414415409063,0.1961094115433459,1,12.637978974552974,0.1911525390201203,0.7305938397927738,19,0,11
2025-11-17 20:00:00,44.947393451218915,39.6662719968987,154.41569093251766,1.5541748586201245,0.0,-2.2555297165216266,15.89546606301509,0.19463553478944964,1,7.8516811023077455,0.45998508305260816,0.29032646143697644,20,0,11
2025-11-17 21:00:00,41.31359619670081,24.666908446920782,210.6491351722182,1.6787047274757445,0.0,-3.791691977224006,24.361775305588978,0.22552790990529703,1,11.085803749012046,0.3963818365449401,0.6216545013098518,21,0,11
2025-11-17 22:00:00,36.732401643810874,23.423342059837655,185.2847383155812,1.5079053313136765,0.0,-4.407478659009451,20.105330656606363,0.20001186130152077,1,11.150786022177035,0.31619606226026953,0.4722072105260139,22,0,11
2025-11-17 23:00:00,23.178532865411256,14.239758708545272,185.7931207497262,1.4810613916080215,0.0,-4.239697521561794,18.670136063157774,0.22856125847491382,1,7.6632587576712705,0.0789593655862117,0.4752026051295005,23,0,11
2025-11-18 00:00:00,27.910281712525194,29.993010636750782,124.45387141034722,1.1123439688359062,0.0,-3.825249437117605,16.161393540237498,0.15541164196635002,1,10.482145088169498,0.16178032868787287,0.11379110836505775,0,1,11
2025-11-18 01:00:00,31.24005623269569,24.955618012445054,136.46177707569908,0.8690750074345909,0.0,-2.610692928262667,18.01834452717871,0.235763061721762,1,7.782842528185449,0.22006219054960233,0.18454181376592996,1,1,11
2025-11-18 02:00:00,40.289464825973354,19.849004906052805,111.83437452835254,1.6225096043738925,0.0,-4.8524503399775165,19.474241634758638,0.1762070644332191,1,7.759180834391401,0.37845621343880115,0.03943690113794188,2,1,11
2025-11-18 03:00:00,42.522779499804244,38.02613431941872,115.7034401938067,1.8078024385980276,0.0,-3.3624099963359417,16.76984491697519,0.16691946234762614,1,6.8582074451547905,0.4175464691079209,0.062233476386116565,3,1,11
2025-11-18 04:00:00,38.42037612327005,26.874364057546437,129.65720928347653,1.2994759508263436,0.0,-2.284325624529918,18.09792945649065,0.15322935074698862,1,6.374988604650853,0.3457410944665125,0.14444922937488713,4,1,11
2025-11-18 05:00:00,36.720361031626524,25.59051373084645,185.97508685356132,2.810044213585515,0.0,-3.546165193636127,24.026980133373364,0.2334073099043272,1,6.051457356173012,0.315985312465709,0.4762747513108726,5,1,11
2025-11-18 06:00:00,54.355572162811804,47.913573817092185,173.37533448959817,3.353240862638916,0.0,-1.7769615942640176,23.508753774504175,1.1700864681567928,1,4.707199653441881,0.6246587475058529,0.40203687898989793,6,1,11
2025-11-18 07:00:00,58.51247152282178,44.78170856208145,153.92367961747524,3.007000780550142,0.07779770514011664,-0.8541501064033992,24.381432638931518,1.8408228118630428,1,10.61363083752208,0.6974179787407678,0.2874275256379632,7,1,11
2025-11-18 08:00:00,52.8910938422244,45.23704467327983,220.91159869541775,2.2453580774260757,0.15311698398407728,-0.25403883279835726,17.845745578799004,1.5486315120639529,0,0.0,0.5990256235021284,0.6821210434073752,8,1,11
2025-11-18 09:00:00,66.52739244168009,45.44586844431075,213.16952947447407,3.9830097409218,0.2166968159589624,1.3477973101480594,16.474588522125224,0.21986831849271576,0,0.0,0.8377051095948018,0.6365046908218726,9,1,11
2025-11-18 10:00:00,51.454744710889024,46.12706856674434,240.69790132443111,2.8600014848802426,0.26140229730410935,1.4647655451971364,20.91626738191538,0.22253104220566833,0,0.0,0.5738848516118392,0.798702144832676,10,1,11
2025-11-18 11:00:00,66.91153210223493,41.58804866355326,252.77595710073126,4.130938720829777,0.2933580097345915,1.362407486430818,19.468476664992597,0.17926844887655263,0,0.0,0.844428800492323,0.8698661754187934,11,1,11
2025-11-18 12:00:00,64.38818522413575,49.936609395681806,241.55375312195557,3.5440791427335245,0.30523254213334017,2.4405515523489556,23.90569733951474,0.23064583479096765,0,0.0,0.8002620398640172,0.8037448325486679,12,1,11
2025-11-18 13:00:00,59.76504427490158,41.8450248588199,190.55676065131345,4.207140794995618,0.2936887313389401,3.6261195905234427,21.27575917317111,0.24462406760251398,0,0.0,0.7193420674940036,0.5032700211057538,13,1,11
2025-11-18 14:00:00,39.149653467589374,50.82066321704692,274.62478506308713,3.2115105107742363,0.2658258455344199,3.2352842466678697,25.2234957152584,0.1869851109624959,0,0.0,0.35850581507538165,0.9985996976165366,14,1,11
2025-11-18 15:00:00,59.53400723497641,49.74738436537514,199.5162231603302,2.9435061259440896,0.21571646235435515,-0.8108101252552378,16.11668219862881,0.2335349390644085,0,0.0,0.715298169396912,0.5560592676397813,15,1,11
2025-11-18 16:00:00,59.336201953096555,35.65001584797086,233.06856443450206,3.9801586845901884,0.15349117748167387,1.060408935630312,19.165104066383744,0.22720398153108132,0,0.0,0.7118359349290203,0.7537500123171046,16,1,11
2025-11-18 17:00:00,45.26308719137889,34.8437146286774,244.19369754840577,3.9639206112597187,0.07940152973350069,-0.4255282867810143,19.544946039515697,0.20895958720640545,0,0.0,0.4655107481819317,0.819299412639132,17,1,11
2025-11-18 18:00:00,47.92915677238621,42.58405077663616,167.51509944246564,2.539452407049998,3.746057723389246e-17,-0.876100001594434,16.665366699115296,0.1867615977982919,1,10.351789483606423,0.5121756193594766,0.36750831298059866,18,1,11
2025-11-18 19:00:00,44.102625699061505,27.62685845511177,200.7309542687274,2.4340975104549223,0.0,-2.2132830506060768,21.368657046537585,0.19151852938625777,1,8.468997073993451,0.44519890544861807,0.5632164759978939,19,1,11
2025-11-18 20:00:00,43.3094601839249,35.362284708809554,168.7655499235432,2.340991583293667,0.0,-2.428236110277603,15.838662058628799,0.18076085192089064,1,11.09852154391511,0.4313159344826704,0.37487598025503216,20,1,11
2025-11-18 21:00:00,34.6479699796692,31.809073673057963,147.95691163978927,1.699292463994254,0.0,-3.02301386342773,22.842455613970458,0.19262704807672015,1,8.972569392989634,0.27971174250413794,0.2522712664908983,21,1,11
2025-11-18 22:00:00,35.93825061245886,32.120349795150474,120.94174502050495,1.42747615746051,0.0,-4.237399374041179,15.950972792942299,0.24896269183214798,1,10.845843012405771,0.30229584156177064,0.09309762305101588,22,1,11
2025-11-18 23:00:00,25.124380395844323,20.16833677809975,179.93288683561426,1.8709889246529618,0.0,-4.861781231312298,24.767881644632627,0.1863414769745839,1,5.914854722002315,0.113018013187035,0.44067404579597036,23,1,11
2025-11-19 00:00:00,25.392533335415603,20.46303501825504,118.89503970080398,1.1604337650630734,0.0,-4.523590992666084,16.432783201575837,0.21655097535505546,1,11.731997435473962,0.11771155999845988,0.08103841396392328,0,2,11
2025-11-19 01:00:00,23.427483270172072,20.25628427369025,168.0888487927023,0.867005448213575,0.0,-3.7456669322942195,20.668253977732352,0.1819606433314479,1,9.508987276950323,0.08331680571100086,0.37088885013535533,1,2,11
2025-11-19 02:00:00,27.007517658950245,27.788977369654692,147.04834191659137,1.81817126380435,0.0,-3.088476294069609,17.588469862482253,0.19666477356889436,1,9.854685049386104,0.14597902756508813,0.2469179642070864,2,2,11
2025-11-19 03:00:00,34.914728653121536,38.51137414163069,149.91935312435453,1.2959670166017063,0.0,-2.3646097920867564,17.43648152759261,0.1583773998413347,1,6.2474906484097055,0.28438088513298215,0.26383399218265274,3,2,11
2025-11-19 04:00:00,29.001099954556114,30.760256290713848,169.2452292752741,1.5467855960210113,0.0,-3.098064741626075,23.803672040111167,0.22632342358956456,1,6.105755798773401,0.18087318849360093,0.377702255997614,4,2,11
2025-11-19 05:00:00,40.72920188164455,28.19969163452972,152.43191397655008,2.312332601963989,0.0,-1.6037178667586196,24.42882539461562,0.2161024447234537,1,5.658349829684053,0.38615303920849314,0.2786380269252294,5,2,11
2025-11-19 06:00:00,50.796517009055165,46.929019845017145,148.5827654507474,3.294016544106541,0.0,-0.15582757077599896,24.071390186163203,1.3856137561125084,1,4.487074433727126,0.5623637303588963,0.2559588036715807,6,2,11
2025-11-19 07:00:00,55.283096587838884,33.01242850676094,139.00951393815538,3.4474297268777527,0.08049206659278108,0.8165027236816345,20.451693163825368,1.518633511622914,1,8.504165623697125,0.6408934354960898,0.19955310592778477,7,2,11
2025-11-19 08:00:00,36.527488811577605,34.396249510415494,186.33738430873007,2.587436681686732,0.15626563423308767,0.3084044187050786,26.692524385739866,1.7791663770218187,0,0.0,0.312609422591556,0.4784094116948305,8,2,11
2025-11-19 09:00:00,54.80461854165469,43.18993411850742,195.4130096109415,2.837453317521773,0.22547926809497473,0.7604181984241962,19.644937259357782,0.15444327156610604,0,0.0,0.6325185166471855,0.5318830906177275,9,2,11
2025-11-19 10:00:00,48.59405645154823,57.07574977228018,179.38964856672857,3.994656023912929,0.27844457975458525,1.6420280630290083,18.54359533716843,0.2430216496747729,0,0.0,0.5238135218715196,0.4374732802507087,10,2,11
2025-11-19 11:00:00,65.40084640524225,34.909468498621244,218.70441316896031,3.912034427992702,0.30951607699412753,0.5937013966165077,26.37484271461669,0.19707996024723784,0,0.0,0.8179868974219285,0.6691162832685569,11,2,11
2025-11-19 12:00:00,67.00496447178661,47.82898495407621,208.13383954729105,3.7225987279259583,0.3181808126270757,1.6448313908940881,26.011406455441396,0.235965540550653,0,0.0,0.8460641702216062,0.6068343532578219,12,2,11
2025-11-19 13:00:00,59.74511555800126,49.18416619626951,252.03713623127703,3.871322499655536,0.3070760212391964,2.4736200327269824,21.828925984732937,0.23614829246960387,0,0.0,0.7189932502637589,0.8655130351514111,13,2,11
2025-11-19 14:00:00,39.328965173880526,37.521194924571006,226.54348833891626,3.3014438526441965,0.27185318067195374,2.064100495511662,17.731281474722486,0.15587122768022393,0,0.0,0.3616443519441534,0.7153041959172356,14,2,11
2025-11-19 15:00:00,61.27134682782082,40.86321304964082,266.04613275999606,3.158689960336015,0.22043543632036458,0.6679566428016155,17.946911832367874,0.22815945718942407,0,0.0,0.745707251316335,0.9480541887869812,15,2,11
2025-11-19 16:00:00,51.55350610773633,48.26013308404219,216.57095745516247,3.9916160807638423,0.15275930267849805,0.527454606838227,20.781762640077012,0.22328673860931803,0,0.0,0.5756134966157153,0.6565459399547967,16,2,11
2025-11-19 17:00:00,62.85781340516379,51.91515969738227,248.63885966242154,3.8097865775198856,0.07941041329621393,-1.2456185401440876,23.349446927718414,0.154319354700476,0,0.0,0.7734755657619086,0.84549035416987,17,2,11
2025-11-19 18:00:00,44.50092335216715,35.72256781269036,202.0525138014102,2.0434807677981546,3.744534502535136e-17,-0.5010891672232457,16.168904980131124,0.24405378703565012,1,9.494822769253657,0.4521704071696912,0.5710031185459237,18,2,11
2025-11-19 19:00:00,38.70121717224613,36.26010874713879,195.8763043809489,2.5981860550296654,0.0,-2.0660101028714872,22.44225737082046,0.2134548236053474,1,10.723274984603927,0.3506567243754978,0.5346128282339332,19,2,11
2025-11-19 20:00:00,37.588428811847386,33.1750647256845,168.0127195910028,1.9475351166521424,0.0,-2.994827431116828,16.485580237758036,0.16675340086099788,1,8.893700384515299,0.3311793161878769,0.37044029608505274,20,2,11
2025-11-19 21:00:00,39.43580104445367,33.367011599601064,161.17922195010348,1.3015869411172114,0.0,-3.7090588354055027,24.19877866549712,0.16230971943705388,1,8.748409315240242,0.3635143264463016,0.33017725672392073,21,2,11
2025-11-19 22:00:00,30.79149535701955,29.626550289764417,194.64811898332897,1.6720856805812576,0.0,-3.8941176350037874,21.08322655580551,0.20619729923474228,1,10.6668381454046,0.21221091928953076,0.5273763470634163,22,2,11
2025-11-19 23:00:00,18.909458781586213,16.76063135264856,130.72452273145078,1.812107675020642,0.0,-4.58592980254366,25.98069288815492,0.15588342644698103,1,6.574425648598979,0.004236712588602559,0.15073785134048967,23,2,11
2025-11-20 00:00:00,25.842049098507875,28.202304657767563,117.84672338793216,1.5959424390435146,0.0,-3.5892529820659664,23.656313438395788,0.16644096947399772,1,8.926521693798053,0.1255795448876806,0.0748617233164498,0,3,11
2025-11-20 01:00:00,36.00989694073614,17.49126955403233,164.7027640541142,0.6469146269186092,0.0,-4.547572597941748,21.10013110598955,0.24484522055753122,1,9.470425733090144,0.3035498848557721,0.35093800354488824,1,3,11
2025-11-20 02:00:00,31.152143782836976,20.05991176050321,145.3837559821416,1.4042835323146974,0.0,-2.2667334493799576,17.437507212813795,0.22447408587268702,1,6.808680021270376,0.21852343733146268,0.23711020652270415,2,3,11
2025-11-20 03:00:00,46.91722396201619,38.879561723316556,126.14151966441726,1.1717604776887374,0.0,-1.9248351434750606,21.806202307706283,0.2113489112055683,1,8.196583947751169,0.49446351065359423,0.12373474947714064,3,3,11
2025-11-20 04:00:00,40.8584750657855,19.633337026020335,140.445866205082,1.9056108305980652,0.0,-3.667366965287491,17.30120726779828,0.1708819624777742,1,4.668917652268721,0.38841573952495273,0.20801610846305854,4,3,11
2025-11-20 05:00:00,44.381111929179426,21.085407335381372,153.60498606766822,2.8622841665588625,0.0,-1.989668712388778,25.835007318378313,0.17185158109135723,1,5.571282590103138,0.450073318384331,0.2855497799191061,5,3,11
2025-11-20 06:00:00,58.36867657985387,38.169817918552035,167.37122054691474,2.93203302738251,0.0,-1.9406590343167482,18.59822830487437,1.4593719934416374,1,6.246971070831472,0.6949011005102138,0.36666057702761756,6,3,11
2025-11-20 07:00:00,58.47870400368735,34.233759457978756,196.87994787663933,3.2706977549436145,0.0769056585617127,-0.8472735990777709,25.40754233319158,1.6905406995415047,1,10.258320800006848,0.696826937553539,0.5405263061767176,7,3,11
2025-11-20 08:00:00,41.625667517925166,45.513756506621846,170.4917094710414,2.202290879510797,0.14963252301332539,2.198269350126615,19.331533205013113,1.1279472030611273,0,0.0,0.4018440975852685,0.38504653030959646,8,3,11
2025-11-20 09:00:00,45.59113855843583,55.90981771638826,207.15168933893742,3.2619199328067516,0.21122583931032396,0.5025216781411606,18.384326494618577,0.15442752666609766,0,0.0,0.4712527118922508,0.6010475139881617,9,3,11
2025-11-20 10:00:00,57.00013032780272,45.70687991134792,233.47669737641405,3.687498294595397,0.2538339173162255,1.6400116885159024,19.17000897398858,0.23701116207583142,0,0.0,0.670947099081508,0.7561547358669343,10,3,11
2025-11-20 11:00:00,55.330700608348984,44.71030452098822,244.08557312168168,3.0408400873284926,0.2880716849654785,2.113750724154192,23.322157915767527,0.23140656820427064,0,0.0,0.6417266603678118,0.8186623423893324,11,3,11
2025-11-20 12:00:00,48.52092272954619,53.94029883662496,188.26648669384986,4.058367040813119,0.29977813833185546,0.6669709164265569,21.264763474438453,0.21946811520083137,0,0.0,0.522533444359563,0.48977570306498597,12,3,11
2025-11-20 13:00:00,54.910622525992764,34.932939043438374,202.2581725134123,3.2040112161421996,0.29093938737729147,0.7032364610636977,16.774449993969387,0.1999532011688821,0,0.0,0.6343739304400895,0.5722148618216862,13,3,11
2025-11-20 14:00:00,52.46296331554929,37.34025586046497,230.4396637688436,3.5656641356616254,0.26068578421611766,0.04556829793691031,16.984487304065716,0.16451267778763926,0,0.0,0.5915319496622583,0.7382605021803916,14,3,11
2025-11-20 15:00:00,65.19578119233118,37.923790836122905,260.8090985792822,2.8445557479468264,0.21485297117944344,-0.1181700936495198,19.39248129513791,0.16022331912953583,0,0.0,0.8143975905967574,0.9171975287814724,15,3,11
2025-11-20 16:00:00,53.30165417129359,42.12206823037433,245.81183774374733,4.172418052579806,0.15338230688808738,-2.7105781330015866,18.90665059408796,0.2405376327493043,0,0.0,0.6062117618546713,0.8288335115443439,16,3,11
2025-11-20 17:00:00,56.07041735500533,48.82506073236481,217.02834711411197,2.754471386797151,0.08015043705993384,-0.046530963408956016,24.125321327144242,0.18825218395413335,0,0.0,0.6546741044017178,0.6592408845950695,17,3,11
2025-11-20 18:00:00,43.02856686010102,44.01927073397265,248.37336306238439,1.9309631789563049,3.7974298612700343e-17,0.6796067140777555,21.24059520252069,0.2195722617254901,1,13.249495024875076,0.4263993895941754,0.8439260454338042,18,3,11
2025-11-20 19:00:00,37.23258046315682,33.180128737317965,184.5457871118169,3.0880738153972986,0.0,-2.010234299348883,17.30319696226304,0.19561980822876973,1,13.069741330560932,0.3249508150757217,0.4678533023275175,19,3,11
2025-11-20 20:00:00,59.45242512536325,43.31354707809947,210.82055140676223,1.7512453315309704,0.0,-4.304871682941303,15.716705525343864,0.22309289198737417,1,11.177162555851076,0.7138702176800437,0.6226644875513448,20,3,11
2025-11-20 21:00:00,29.796056979881204,24.99673760770171,196.65680721974874,1.5565880366866278,0.0,-4.159698611604697,16.54155215411714,0.16933088813596828,1,9.221494340098065,0.19478751670271818,0.539211559099367,21,3,11
2025-11-20 22:00:00,33.79710114277846,31.3707107599422,192.64306493362255,1.470775162606903,0.0,-4.459548140488358,22.82927121537835,0.1984567919167733,1,11.962500428521324,0.2648187761144566,0.5155625476934786,22,3,11
2025-11-20 23:00:00,26.824826779404482,21.952863324423433,188.70996726728262,1.9281256200709869,0.0,-5.324944672977358,24.492652935437878,0.18768663530013652,1,5.373220436636066,0.14278134419626384,0.4923886952283477,23,3,11
2025-11-21 00:00:00,31.88953710174328,29.734780024524905,145.04622201512774,1.4704746932238022,0.0,-3.556381241516459,23.96664903050214,0.1745053700478168,1,7.999453827527283,0.23143021383837728,0.23512145286919306,0,4,11
2025-11-21 01:00:00,26.13184674933555,16.48027348738972,119.849618993224,0.8961277700437634,0.0,-3.5110569040540565,24.19185833953646,0.20977111378018387,1,8.390911173238445,0.13065194440034417,0.08666280510938812,1,4,11
2025-11-21 02:00:00,30.161258209286704,25.881999502502538,137.2626749779706,1.1828633551966694,0.0,-5.184037187431489,18.710210052111346,0.20369732943506436,1,9.396803730503034,0.2011797235848993,0.18926071255802235,2,4,11
2025-11-21 03:00:00,34.347859507653055,34.29210132411977,166.376075032859,1.794135458075905,0.0,-2.8337123135320628,26.575415737426315,0.19956912303231591,1,6.491292361504897,0.27445883514739366,0.36079716928124317,3,4,11
2025-11-21 04:00:00,30.629658193041184,22.099040652191153,169.7870432586975,1.6788222027974649,0.0,-1.4176182988815635,17.00075715992575,0.20911027371441104,1,5.451118977991125,0.20937824362997945,0.3808946296380792,4,4,11
2025-11-21 05:00:00,43.08066025512121,34.94065466364242,139.27275624863142,2.3952881279069693,0.0,-0.3252819528752615,24.93200251983808,0.1642530769647106,1,6.744121151034689,0.42731119309140425,0.2011041323662482,5,4,11
2025-11-21 06:00:00,49.14181587688722,36.19279808645983,123.7845445566939,2.684321397716173,0.0,1.406882831227326,17.16578569493947,1.4029112506401933,1,4.460520941412005,0.5334010897286467,0.10984742756347053,6,4,11
2025-11-21 07:00:00,42.49417047411042,36.64060534660304,170.4820805530372,3.8460547232079736,0.0814268497599306,-1.5908049802043833,18.9859047333038,1.3685057050631948,1,9.113501761072394,0.41704571829930437,0.3849897966243037,7,4,11
2025-11-21 08:00:00,43.848144115244345,38.21605052064253,177.6690836170931,3.277707775633608,0.15586022257118465,2.852016584536158,21.383867105617593,1.7018815655650896,0,0.0,0.4407446517372807,0.427335693625093,8,4,11
2025-11-21 09:00:00,44.33119686298495,42.07376505012953,150.92727636966688,2.948735054751122,0.21922174775410966,0.28798163939127086,16.584672541147153,0.1535724074943774,0,0.0,0.4491996427119565,0.2697726864548396,9,4,11
2025-11-21 10:00:00,64.05494720763114,55.888493724615195,229.4889955723595,4.153602430750308,0.2699675947230467,0.519555872065432,20.125570545334263,0.1781931092851637,0,0.0,0.7944292929535736,0.732659155252967,10,4,11
2025-11-21 11:00:00,53.106798442080915,45.04944371499818,185.74690020567604,3.8272808425846647,0.30229430170097144,1.7318783107036293,19.54591222247864,0.24182943101842813,0,0.0,0.6028011541320925,0.4749302732019608,11,4,11
2025-11-21 12:00:00,75.27825925755887,50.53067832813027,230.28320473659807,4.214177283411545,0.31354766370489573,0.9180563764046069,22.54530685851559,0.18003506489153498,0,0.0,0.9908736823747163,0.7373386439308179,12,4,11
2025-11-21 13:00:00,46.589014607569375,43.02099608988363,175.07227737948884,2.758136309535711,0.2989698028657887,1.7900344997782638,23.14562498779732,0.16518994755468086,0,0.0,0.48871878165115806,0.4120352841931621,13,4,11
2025-11-21 14:00:00,59.41855538088081,32.836678179536065,259.67734902005634,2.975450455554872,0.26977310462812965,-0.23568700657223385,16.501388741969283,0.22573453964243828,0,0.0,0.7132773872174222,0.9105292485764239,14,4,11
2025-11-21 15:00:00,48.4577429046254,53.45726961377186,244.79416677892857,2.884757503292815,0.21974700476484454,0.36198872418468286,15.877824364931273,0.15478441905303572,0,0.0,0.5214275923548172,0.8228373836071743,15,4,11
2025-11-21 16:00:00,39.831311342156845,49.089185683260766,202.66648458925897,3.75211345889104,0.15601005341006352,1.2581161568019286,23.404113959478163,0.19263198498732148,0,0.0,0.37043704040065295,0.5746206408305273,16,4,11
2025-11-21 17:00:00,41.41135855182023,45.642048412444865,221.76952696965662,2.706362586624522,0.07998213088813606,-0.8149513635116583,20.80418725046922,0.2355357759645064,0,0.0,0.3980929950758954,0.6871759657458224,17,4,11
2025-11-21 18:00:00,46.69603426083701,44.480691623571445,168.7453892685575,2.2135568201747136,3.85012641176341e-17,-1.3996266165190003,20.85502672371395,0.24540948107142416,1,11.91404589124281,0.4905919729469804,0.37475719346561737,18,4,11
2025-11-21 19:00:00,34.36417710829033,30.81307939812919,236.55351770203157,2.7692613764216962,0.0,-1.849290192224151,25.448477972581546,0.17490197569534444,1,13.244355267237182,0.2747444461220995,0.7742833933111133,19,4,11
2025-11-21 20:00:00,47.07784141417216,42.77136821287885,206.64972378843467,1.5835379972050605,0.0,-1.8842933496602265,19.926752735254993,0.17962022337696149,1,7.747686380860983,0.49727483739732165,0.5980899277300117,20,4,11
2025-11-21 21:00:00,42.16589304293487,33.51811366809412,194.1561749583867,1.2400651206372897,0.0,-5.338357407511489,17.51017416692311,0.20672511048786443,1,10.773626710333788,0.4112997977331523,0.524477807738375,21,4,11
2025-11-21 22:00:00,30.356805317387863,28.45537993410585,132.27041740623008,1.767978106695926,0.0,-3.582215935973772,22.624151821333495,0.1726551558335101,1,9.033339038621232,0.20460243268209932,0.15984627888515948,22,4,11
2025-11-21 23:00:00,22.504952451213605,17.33137725856897,115.13202389071536,2.1407076181240376,0.0,-4.741425867648937,24.164784248682928,0.16507440665431242,1,5.8806510687551174,0.06716952203517632,0.0588666855694695,23,4,11
2025-11-22 00:00:00,38.69181241195171,18.640556830441305,151.5637314830029,1.5636181454013223,0.0,-4.415710872175625,21.02478817081056,0.1925981511057963,1,11.903077072852797,0.35049211054444046,0.2735226866196848,0,5,11
2025-11-22 01:00:00,29.20261439234221,23.864641218129048,116.20888385537782,0.8229947929994049,0.0,-3.427009635885839,23.15587403446622,0.15722480795458807,1,9.829808007857874,0.18440034522900411,0.06521155571095182,1,5,11
2025-11-22 02:00:00,39.27883213320037,30.316079357402735,159.63034195421915,1.2456645211339101,0.0,-5.3882727866708695,21.398021179776812,0.23942199711945902,1,6.63167732905507,0.36076686101077937,0.3210512396361686,2,5,11
2025-11-22 03:00:00,37.137838590594924,31.52422128135326,135.43110403735335,1.7872479067748472,0.0,-4.736796340350739,20.364374142474794,0.1834196621941646,1,9.804630398838764,0.3232925247933841,0.17846907747595148,3,5,11
2025-11-22 04:00:00,31.534423075070904,22.649385001826634,133.62809587136712,1.3779348883315663,0.0,-5.045077177312657,16.44209911598715,0.18362841246466527,1,6.1406981524255215,0.22521456574499765,0.16784573455986432,4,5,11
2025-11-22 05:00:00,30.282997526242298,28.307615719176532,119.37367232763627,2.236570212138657,0.0,-2.942072984224615,17.978474907650572,0.22913731131790682,1,6.9205890630019065,0.20331055677224194,0.08385852239248703,5,5,11
2025-11-22 06:00:00,59.2171201041384,45.02788216644694,199.6852063955697,2.1779087929792147,0.0,-0.29282827612734996,21.282500507562805,1.3811612680544667,1,4.898398248919739,0.7097516160572239,0.5570549186240003,6,5,11
2025-11-22 07:00:00,58.526070727915396,32.03182686127585,208.3277229359946,3.4139114402604873,0.07880225907310566,-0.97418840732309,20.371526506888255,1.6956801427153365,1,9.440500807233793,0.6976560089701107,0.6079767162059142,7,5,11
2025-11-22 08:00:00,57.80141225063069,45.9793885489268,146.8437217026166,2.853211982538414,0.1515548522648812,-1.4769750002658983,25.10752878105878,1.2609315105068037,0,0.0,0.6849721335262335,0.24571233977253026,8,5,11
2025-11-22 09:00:00,52.51971657879791,55.071395432172054,174.44037536127573,3.9193018035053613,0.21123296362505908,-0.007994269386796038,17.173017977239144,0.20289883374300388,0,0.0,0.5925253159784524,0.40831211091226155,9,5,11
2025-11-22 10:00:00,61.778930834578624,47.06422452418596,189.07875380246065,2.981372017702458,0.25994440080458,-0.5402011340857371,16.47010505504858,0.22685114694977224,0,0.0,0.7545916189471997,0.49456158933938954,10,5,11
2025-11-22 11:00:00,53.2948209789964,37.67235580507461,187.12270156598032,4.582410466404262,0.2897979445507396,0.11540195528132169,16.767636649571575,0.19498991030270763,0,0.0,0.6060921588103428,0.48303650916397983,11,5,11
2025-11-22 12:00:00,59.31169673021867,57.45247524223365,261.2684027164481,3.575218101773383,0.29852059368179157,1.7248617056593125,22.86997303138729,0.15718132639681237,0,0.0,0.7114070139897772,0.919903753547361,12,5,11
2025-11-22 13:00:00,58.75512728327067,33.14502425356311,242.83379344536016,3.362151055254001,0.2893146928991673,0.053185165844925164,21.856449109193168,0.22369023497075818,0,0.0,0.7016652421589862,0.8112868434826606,13,5,11
2025-11-22 14:00:00,42.65904183921415,41.69285184715691,270.15080461534717,3.4375631818440446,0.25551464358285086,2.0332357518451865,22.121785903822428,0.19940564937980848,0,0.0,0.4199315023269382,0.9722389581629728,14,5,11
2025-11-22 15:00:00,47.46246985061779,37.749751115637224,259.5774080863877,3.4237916404513427,0.21066516332170757,0.36597551761493585,17.104770220814686,0.18164161231111237,0,0.0,0.504007083459397,0.9099403955530463,15,5,11
2025-11-22 16:00:00,45.860402152808895,45.208327261673844,241.95854134716706,3.2439219569061013,0.14910325331560081,-0.10537359050869251,20.735150883928352,0.24927957348539873,0,0.0,0.4759656987676625,0.8061298489928189,16,5,11
2025-11-22 17:00:00,61.86233499678544,42.0361307812691,228.79684642638853,2.787612031153477,0.07718398782739264,-1.1996218715571552,23.262935063655448,0.23760722256075778,0,0.0,0.7560514624984629,0.7285810052670492,17,5,11
2025-11-22 18:00:00,41.518712274690095,42.22185007570249,236.61624909794813,2.9936422463177035,3.6952307632098936e-17,-0.9315899275176558,22.38473271579866,0.15378225495812364,1,12.762105909374123,0.39997203367407763,0.7746530073500281,18,5,11
2025-11-22 19:00:00,35.24804009067092,34.08218612843709,207.87948252419764,2.257614605240442,0.0,-1.7044607189329424,19.88806479602184,0.20936540301583811,1,11.431099143103436,0.29021491715001885,0.6053356790252743,19,5,11
2025-11-22 20:00:00,60.52877606596246,48.6795606421037,151.98478190830357,2.5088424662826676,0.0,-2.882828799906291,16.489587345234153,0.18545687311847484,1,10.767304534205472,0.7327098527528515,0.2760035201163466,20,5,11
2025-11-22 21:00:00,34.258068228558216,24.298601173921025,182.21186540370235,1.6528072464778003,0.0,-3.281128041507066,24.47275153570066,0.1537405189042198,1,11.459704910101923,0.27288719631933106,0.4541018112847474,21,5,11
2025-11-22 22:00:00,30.350943597009305,20.514570131411514,161.20013119588583,1.7165500133440366,0.0,-4.54147030533031,21.021870046631335,0.15112970269291193,1,9.828359829670562,0.20449983354954374,0.3303004542181157,22,5,11
2025-11-22 23:00:00,26.419018294735622,17.43165402487433,188.27122981128133,1.3628989983964253,0.0,-4.093580480930911,24.936815548859048,0.20837577825044917,1,5.594677517626053,0.13567837854423007,0.4898036495623543,23,5,11
2025-11-23 00:00:00,37.97490008608187,19.3573437920602,146.08327474611767,1.3669780120613897,0.0,-5.082579330629745,20.356351168944123,0.18201306593601224,1,12.712498062693703,0.33794381789272726,0.24123177837475976,0,6,11
2025-11-23 01:00:00,23.001565680241015,17.976397158035574,108.74028046741981,0.8129761302240506,0.0,-4.646936915866165,18.351029774956103,0.22033162064713566,1,8.208243027116794,0.07586186544688604,0.02120646666515194,1,6,11
2025-11-23 02:00:00,35.75583526071378,25.79528348500752,123.49326575359505,1.4616922461211732,0.0,-4.630794478267667,19.20376323381233,0.1954421286228989,1,10.14067898347698,0.2991029808237646,0.10813120981810391,2,6,11
2025-11-23 03:00:00,30.42658074729436,33.47458134283879,170.86412895246107,1.2671357641177972,0.0,-4.34329080975545,20.479652036877354,0.226649755924534,1,8.8842060162232,0.20582372918206324,0.3872408297777791,3,6,11
2025-11-23 04:00:00,33.66004640394212,18.999898959589032,178.96280703347293,1.58446017851274,0.0,-3.960535081433979,22.657085634147922,0.23130652346751993,1,5.5821621045932455,0.26241987333351213,0.4349583254855855,4,6,11
2025-11-23 05:00:00,31.915150175149833,27.23721398185548,169.04914278952424,1.8686428960058235,0.0,-2.0868556160733758,24.371465306964716,0.2157234405010725,1,7.109474706649618,0.2318785257577257,0.3765469123787503,5,6,11
2025-11-23 06:00:00,44.27516790987921,41.02267178152662,124.54911190295763,2.5156141322810086,0.0,-0.47414191336787614,18.73338679241219,1.4384794563533188,1,5.39082787079705,0.4482189541742236,0.11435226634070346,6,6,11
2025-11-23 07:00:00,48.03370358544511,37.73799276758616,129.23229435415078,2.44675826291469,0.07943305054493088,0.15615810201904856,18.128633714643513,1.8663579377588702,1,10.556447976940756,0.5140055279253188,0.1419456261802098,7,6,11
2025-11-23 08:00:00,56.472618170081844,45.687231708746445,178.16355025191902,3.2077153686000277,0.15214042853313928,-1.5546134534788314,18.246553618729806,1.3550140355536338,0,0.0,0.6617139241261368,0.43024909619387514,8,6,11
2025-11-23 09:00:00,61.02856617347272,38.33407819995722,237.9097635795457,3.5343883377384304,0.21685971551857094,1.6058342344813663,25.99261050525498,0.20145793344442003,0,0.0,0.7414578018495007,0.7822744081646047,9,6,11
2025-11-23 10:00:00,64.92915785025532,40.43801102480837,236.9296737499405,4.4389819625491835,0.26939164824999495,0.46859357933717766,17.679456570627163,0.20204041024226013,0,0.0,0.8097308167062591,0.7764997086680162,10,6,11
2025-11-23 11:00:00,60.113863903782274,38.476146551944346,253.3890238410264,3.7145274181502743,0.29865300939715067,1.680557470153236,19.499732612716855,0.19283388512611455,0,0.0,0.7254475431957169,0.8734783710457837,11,6,11
2025-11-23 12:00:00,45.73973956377093,42.763770909307944,227.8995532356529,4.06514848205104,0.3111904853187495,0.26920883049490696,20.851610012966045,0.16214153191154396,0,0.0,0.47385371181371433,0.7232941444300985,12,6,11
2025-11-23 13:00:00,44.52240772456645,48.143316880037546,257.8960155917412,3.7612557782395393,0.300675929541135,1.2085648249545065,21.457090443350985,0.18539420922201968,0,0.0,0.452546453420504,0.9000336134407231,13,6,11
2025-11-23 14:00:00,61.18396693549262,36.92267886284734,200.16682118369118,3.4416309457920535,0.2700161478235599,1.073996182808939,24.465133362817777,0.1715189745901583,0,0.0,0.7441778195835508,0.5598925979779784,14,6,11
2025-11-23 15:00:00,59.136529552550584,52.6469318841547,166.96916705214517,3.0606128260297156,0.21839090758496568,-1.2076922133817451,16.65016008037059,0.23998571930301094,0,0.0,0.708341019824191,0.3642916736437484,15,6,11
2025-11-23 16:00:00,62.714260866793175,41.72241809546543,259.52788607520586,3.8104796878385394,0.153977340096323,0.25726094121431464,16.535995516187388,0.21553750830093882,0,0.0,0.7709629303986023,0.9096486113467382,16,6,11
2025-11-23 17:00:00,44.770011194263006,49.38417679014999,178.96103517216181,2.480643915423184,0.07883651307852738,0.26479355477623057,18.633672075797183,0.17878141840557807,0,0.0,0.4568803178097962,0.4349478856602631,17,6,11
2025-11-23 18:00:00,39.835844708053365,43.98218314489922,222.848635494123,1.9585385331671676,3.688877734959015e-17,-2.038832797033653,19.610314939616185,0.20657326232174286,1,12.0047220178253,0.37051638901820927,0.6935340844251177,18,6,11
2025-11-23 19:00:00,35.32770049217569,34.74401457155033,205.48269551582501,1.9873057336040922,0.0,-1.2870540151655838,19.222162374499558,0.23532075221602475,1,11.205391519061033,0.29160923273752387,0.591213784977813,19,6,11
2025-11-23 20:00:00,44.24467182524734,30.569688555159683,149.23471935776917,1.7962844484253957,0.0,-3.567032556441512,19.455360206311994,0.24344344946218938,1,10.791829050565795,0.4476851737091886,0.2598001228904466,20,6,11
2025-11-23 21:00:00,31.860945774907805,32.423919283334335,143.84211167606114,1.5243659047468618,0.0,-3.155642817389759,24.27459506708468,0.15750355629002444,1,13.096450767991369,0.23092977281722868,0.22802682219473155,21,6,11
2025-11-23 22:00:00,33.74929208155758,25.637592759717087,146.32579851438368,1.6834388671220681,0.0,-6.707115010276519,24.242933816845657,0.22869085016563584,1,8.444978921971341,0.2639819623647761,0.24266073094646495,22,6,11
2025-11-23 23:00:00,26.656484881931306,16.598582609226437,171.2059393780181,1.9938877734873077,0.0,-2.3760242434515457,24.05858679764618,0.24663080911232607,1,5.590754406841841,0.13983481458753505,0.3892547803696222,23,6,11
2025-11-24 00:00:00,29.8809243368357,26.55776894885029,111.87148965196664,1.2492815174927474,0.0,-3.4081158890392507,23.680447011743425,0.19672458022372455,1,9.584066123369542,0.1962729709112929,0.0396555838333194,0,0,11
2025-11-24 01:00:00,23.149458584820785,26.241237607152055,134.79444765090537,0.872961605554777,0.0,-5.092520583875986,16.273757801131037,0.24955340100218662,1,6.3989365097236455,0.07845047130678276,0.17471789140783164,1,0,11
2025-11-24 02:00:00,37.268495319882604,19.606720212732142,151.55792444019966,1.2601762225572648,0.0,-6.486820177947963,17.524744341462817,0.24570779908611284,1,8.302306785566277,0.32557944164061253,0.2734884714629312,2,0,11
2025-11-24 03:00:00,38.812788486153224,36.28976122222546,118.14204604299807,1.1596241536048197,0.0,-3.7564781237593055,23.83262239488171,0.21568913480909813,1,7.428490983964493,0.35260958450625873,0.07660176747977641,3,0,11
2025-11-24 04:00:00,34.160876826753636,20.971881164755978,117.6984245843966,1.8621025918617138,0.0,-4.873636770132198,22.44940820859584,0.23476113996922374,1,5.243668199285626,0.27118603132458174,0.07398794521953149,4,0,11
2025-11-24 05:00:00,35.51918342311144,26.357272457681276,143.38746382486096,2.6287352969099596,0.0,-2.2678337580052763,23.351385371055947,0.17965631177880567,1,4.604714252476145,0.29496080554285165,0.2253480323143098,5,0,11
2025-11-24 06:00:00,58.58022648675227,47.96555307353219,142.92473742893617,2.980867602685842,0.0,-1.5311772375749548,23.83201239863088,1.8130977377425348,1,4.995525271326405,0.6986039105281375,0.22262164356412614,6,0,11
2025-11-24 07:00:00,50.271643459481766,43.66702286015378,182.294072028133,2.717424953137872,0.0762477279041776,-2.114195642855716,25.901629314461687,1.5689168326519787,1,9.91540065165702,0.5531767396104819,0.45458617357315845,7,0,11
2025-11-24 08:00:00,56.383489363636016,30.190325208036203,222.26116828691517,3.457000003523247,0.14819364619289918,0.6652169094392513,22.881272933438947,1.5072491910378014,0,0.0,0.6601538807196811,0.6900727215140345,8,0,11
2025-11-24 09:00:00,55.50474732821373,46.3408300640779,143.18990850129526,3.8673200240545205,0.2106921075025674,0.9646505779316927,18.957336943410997,0.233566176449057,0,0.0,0.6447730428850655,0.224184034287718,9,0,11
2025-11-24 10:00:00,47.7630753150968,52.79005027371589,240.23799124605588,3.666882529823015,0.2619862163353857,1.6051668800433139,16.819544330853475,0.23894943785497552,0,0.0,0.5092686547908847,0.7959923498548634,10,0,11
2025-11-24 11:00:00,51.638574282426916,47.111508719068866,201.32997564669964,4.918259534501868,0.29680834560003466,0.9314204712051549,20.41190473658159,0.22012490668976695,0,0.0,0.5771024657864844,0.5667459162036099,11,0,11
2025-11-24 12:00:00,61.370308414616765,44.09552316855628,232.24240898472226,3.1981683563497523,0.31147706865736263,-0.3972146602091837,23.203420437173406,0.152503628322981,0,0.0,0.7474394002940872,0.7488822957917031,12,0,11
2025-11-24 13:00:00,51.18983641360948,39.36172684935236,257.01078754260374,3.587439880287763,0.2981155116626275,1.887489439917423,18.59466720297888,0.2097206141701148,0,0.0,0.5692480965719569,0.8948178405438864,13,0,11
2025-11-24 14:00:00,55.62869859259097,50.348940588461005,228.08045272343367,3.893573158959302,0.26894501006773114,0.3330809506190027,16.808322900643983,0.23216558963844253,0,0.0,0.6469425923318104,0.7243600060985556,14,0,11
2025-11-24 15:00:00,47.577902482094984,51.12332531092312,174.61575937764232,2.933045061201146,0.22030146374922033,-1.2695410409171288,25.79507588419369,0.20452693386944487,0,0.0,0.5060275291806724,0.4093454753656298,15,0,11
2025-11-24 16:00:00,54.55660047234388,48.25576160522881,176.069507803528,3.2952870151841984,0.15456449813883918,0.8445069190791439,19.732732348494302,0.24348586434767486,0,0.0,0.6281773954189391,0.4179109762509007,16,0,11
2025-11-24 17:00:00,61.60303572928782,52.853829420716146,238.4105126479401,2.540812202632888,0.0792668003846296,0.8618871806985908,17.60684711471111,0.23973173858567043,0,0.0,0.7515128836855136,0.7852248268974866,17,0,11
2025-11-24 18:00:00,48.257400892638,28.812641199821854,172.90982314442329,2.120697860018358,3.737036176758648e-17,-2.0616644515989666,17.061698372599317,0.20296762518057665,1,12.163138204778528,0.5179209568763427,0.39929408128969074,18,0,11
2025-11-24 19:00:00,37.593774533631525,30.84564270343989,196.92351225369092,2.0644376198801893,0.0,-0.6441849668105029,24.238646858283452,0.19038307927501164,1,12.265594934283781,0.3312728836702055,0.5407829879406028,19,0,11
2025-11-24 20:00:00,60.35592829609773,36.549802782615515,173.52724612309015,2.074033757879387,0.0,-3.441960733648891,23.853631750426135,0.15550764507417308,1,9.4457446292555,0.7296844557521415,0.4029319439185947,20,0,11
2025-11-24 21:00:00,34.64009256320715,22.66241981915397,152.99118606801474,1.3256221055261124,0.0,-4.541471995504101,21.816280355322036,0.21325977431042467,1,9.161161379342325,0.27957386214758906,0.28193326392033,21,0,11
2025-11-24 22:00:00,27.899280891523315,22.365431045438765,182.95740512979103,1.2373287915276627,0.0,-5.274644504894237,21.239549677445336,0.17659647052269922,1,9.865384912653077,0.16158777861395246,0.4584945391254855,22,0,11
2025-11-24 23:00:00,28.8863353546783,20.465431461918737,169.2553301985434,1.8112865996378271,0.0,-3.3132128045665024,25.581489774690986,0.21684523122055885,1,6.148432333389111,0.17886443549360714,0.37776177074285083,23,0,11
2025-11-25 00:00:00,28.246768541960243,20.311954072356208,155.97810333765054,1.521798558676175,0.0,-5.839063308880092,18.14681004525622,0.22987612374044045,1,11.716703363081047,0.1676699403695734,0.29953221162113935,0,1,11
2025-11-25 01:00:00,32.434237635962575,19.410641781821692,132.3631903798486,0.9080040926273119,0.0,-4.227823086354383,20.235567843010205,0.19086935107493394,1,9.778722454859125,0.24096424117238238,0.16039289821317315,1,1,11
2025-11-25 02:00:00,28.332351447223896,21.952658485703537,120.85292268148993,1.8209202627796583,0.0,-5.228944246724592,16.199565644352436,0.1515584738423336,1,9.704515924063314,0.16916791899608,0.09257428090328389,2,1,11
2025-11-25 03:00:00,30.05295751945176,24.778446842145936,142.4864456647358,1.522090166218539,0.0,-4.659714378887973,20.484354513915687,0.2365253433163994,1,7.8994611066721925,0.19928410999116952,0.2200392239188716,3,1,11
2025-11-25 04:00:00,27.571438613083497,24.156125525020528,168.40594874763332,1.6041117505525868,0.0,-2.5542144375360625,20.192218305609792,0.20490071082760025,1,5.601751520708825,0.1558494746330914,0.3727572063765848,4,1,11
2025-11-25 05:00:00,34.09485700668598,31.765641591015832,157.4555118139767,2.5913731700708214,0.0,-3.2473287548812024,26.311186208907976,0.18147914377361377,1,5.166809235414172,0.2700304701867295,0.30823711777033674,5,1,11
2025-11-25 06:00:00,39.3732153699108,30.7566707340567,197.61117145559965,2.125747691444342,0.0,-2.5019945742352157,19.975998682021466,1.600347033920852,1,6.493167811546999,0.3624188740016587,0.544834683129284,6,1,11
2025-11-25 07:00:00,41.45492411580027,34.41946873454958,128.54489225415833,3.2962632552933933,0.08098373282629343,-0.19429556033826567,25.07909553428072,1.6307955946798387,1,7.886336592033749,0.3988555338503476,0.13789544583870045,7,1,11
2025-11-25 08:00:00,52.69209425046139,42.76236792082594,224.85121032497605,2.7139147327181905,0.15768485619411376,0.9874879291886289,24.28996534720362,1.2356000300998424,0,0.0,0.5955424847347988,0.7053332762117176,8,1,11
2025-11-25 09:00:00,62.663315082597535,48.31470877910341,208.57038210843365,3.1790509415355293,0.21954360948061274,0.6497550416621988,17.587555834071868,0.21464015301727032,0,0.0,0.7700712138157102,0.6094064665804191,9,1,11
2025-11-25 10:00:00,61.74890979913524,51.07481341537454,233.26740171909984,3.2679617069647446,0.26885870722462785,-0.17928817727411706,26.16637049336877,0.1786686980671458,0,0.0,0.7540661533848746,0.7549215636714658,10,1,11
2025-11-25 11:00:00,65.15637801175214,40.173782551123125,191.09585834712456,3.2153129715872213,0.30172716995177656,0.25824109533221784,22.51302400696319,0.23036247988587377,0,0.0,0.8137079070420574,0.5064463903512815,11,1,11
2025-11-25 12:00:00,58.28397992000356,60.94339526788681,215.53621171965267,3.3809685715808993,0.3177396008963239,0.9446603481158267,22.01378053662904,0.24415105797539005,0,0.0,0.6934186340550099,0.6504492072906567,12,1,11
2025-11-25 13:00:00,59.702024835677854,40.06658001435434,251.10345705438542,3.25785016147997,0.30109502270831817,1.0771318368832694,15.775092623093215,0.1602667367744629,0,0.0,0.7182390227595354,0.86001178770459,13,1,11
2025-11-25 14:00:00,51.52392870472809,43.82686976961509,248.6714419603685,3.9452057210321687,0.2712824729081906,-0.5376799446275268,22.816811984051593,0.24173577974695065,0,0.0,0.5750957960609443,0.8456823294091474,14,1,11
2025-11-25 15:00:00,54.36773340021403,37.714774630227055,200.4939230222911,3.6526835628696506,0.22315612017907743,0.6901597449684136,16.059104146772718,0.24034459751228257,0,0.0,0.6248716086332509,0.5618198854220865,15,1,11
2025-11-25 16:00:00,56.065126432468595,36.89766155176312,195.7966333612413,3.584369981715829,0.15796619404840828,-0.5749872480142845,17.331602874898362,0.1842907617707507,0,0.0,0.6545814960840856,0.5341434057549921,16,1,11
2025-11-25 17:00:00,46.33414045900387,52.56299520800617,225.23977762219985,3.8669002348025647,0.08050572454145508,-3.1060475443764544,16.399482993783916,0.15288355156364078,0,0.0,0.4842576567825408,0.7076227187790105,17,1,11
2025-11-25 18:00:00,50.76063556737721,31.225599239844144,243.36591814719944,2.7897762866406994,3.812014369461359e-17,-3.1020123675713824,19.251610711246204,0.2163225386569844,1,8.650933083596765,0.5617356886658007,0.8144221277749905,18,1,11
2025-11-25 19:00:00,36.60050177659106,23.59920407620702,184.52663393596018,2.2985751631529157,0.0,-3.4599549555704208,23.550599014990365,0.18447111773880784,1,9.103365669173979,0.31388738646426034,0.4677404516156368,19,1,11
2025-11-25 20:00:00,39.41794277695913,40.8613175264135,166.76476193782946,2.112832575071811,0.0,-3.7585038311547896,22.699594109602124,0.1691647496154723,1,8.158398904191237,0.363201748800908,0.36308731657862664,20,1,11
2025-11-25 21:00:00,29.448092745524058,28.314027167600333,203.1260210204957,1.2540607799167083,0.0,-2.4239584170461708,16.586272746948772,0.1608564455844649,1,9.696590306334372,0.1886970131816007,0.5773282342755034,21,1,11
2025-11-25 22:00:00,28.91197078038359,27.687608899507413,174.64448491652647,1.7160706860026318,0.0,-4.558086228630037,23.846534875132765,0.16960263620458976,1,10.929031603925386,0.17931313865073437,0.40951472654029036,22,1,11
2025-11-25 23:00:00,29.745750721800615,19.004378013107658,143.24058317351057,1.3921033267290273,0.0,-5.9429888711326155,20.46201882919483,0.17374668324345502,1,5.37776981122399,0.19390699390260882,0.22448260998485525,23,1,11
2025-11-26 00:00:00,41.09385237079421,24.452713229054158,113.1820452438241,1.6355358862675096,0.0,-4.9900605983161,16.092623167824506,0.22958255188781418,1,9.943429899108326,0.39253560634860823,0.047377391047255094,0,2,11
2025-11-26 01:00:00,27.212724026419835,21.352921014986048,157.01815727039948,0.8457673117829105,0.0,-5.466802247289809,18.21171761235596,0.22838194457826863,1,7.075294169926684,0.1495708050531919,0.30566022023876727,1,2,11
2025-11-26 02:00:00,30.24202901934461,29.815493137114768,129.7020543483266,1.2140193471266252,0.0,-4.496494326010505,24.280096234657883,0.1994414206411251,1,9.381744793247845,0.20259347492624052,0.14471345696463628,2,2,11
2025-11-26 03:00:00,34.0529507106893,32.54258174026408,111.00994875301345,1.8214499349224853,0.0,-3.770162055602392,23.84444260614645,0.20533252952689363,1,8.267365995694865,0.26929697398762653,0.03457937587238236,3,2,11
2025-11-26 04:00:00,38.60164914106207,26.066075083532358,153.5200976583338,2.017388581079789,0.0,-2.5264055052014456,18.093225533819957,0.24178165018645592,1,5.511128983986831,0.34891396065256053,0.28504961652607597,4,2,11
2025-11-26 05:00:00,31.047168698533113,24.770809476117,138.2894079389287,2.791521917395405,0.0,-3.042600242007357,16.52038843560956,0.24080401945431396,1,7.100263596762562,0.2166860326287539,0.1953102338709451,5,2,11
2025-11-26 06:00:00,59.40690822622573,47.910394324340984,147.07652066484235,3.194598108840159,0.0,-0.6091102440890379,19.298420897848334,1.7465053523180405,1,4.9571821548419255,0.7130735242067054,0.24708399368563425,6,2,11
2025-11-26 07:00:00,52.92363340451706,32.53721913158961,167.88037330059834,3.364858710872248,0.07761771095160677,-0.569798833363283,24.65091471042156,1.4057053463746616,1,8.109787801835129,0.5995951714589328,0.3696605103618586,7,2,11
2025-11-26 08:00:00,55.77506751276714,39.62364449546772,199.57272905956097,2.7014212326555973,0.14765904810474045,-1.4679197312040495,26.13102708669441,1.3999142983314057,0,0.0,0.6495045235181063,0.5563922009873027,8,2,11
2025-11-26 09:00:00,56.703817868161565,43.4746392909643,169.06470614743307,2.6637674237714535,0.2107712620934936,2.064500575257699,22.131737039020376,0.2387882651748613,0,0.0,0.6657606692688878,0.3766386118458466,9,2,11
2025-11-26 10:00:00,58.370131775233254,48.50767632051882,158.0945915778901,3.254327367038291,0.2538550075849456,0.6522063536265377,16.905478459050798,0.2426513566161076,0,0.0,0.6949265711526159,0.3120025824037543,10,2,11
2025-11-26 11:00:00,58.98635469819111,43.19402150635469,200.41380447994933,3.6496161948490253,0.28634977204595635,-0.2163940191527538,21.151449136125887,0.22984546469315223,0,0.0,0.7057124724364128,0.561347826135118,11,2,11
2025-11-26 12:00:00,70.75026536790837,58.666230727884376,166.87538642865675,3.3038901083586953,0.30059992985580997,2.3676897512092223,26.237309407987162,0.22571360117351508,0,0.0,0.9116190923750748,0.3637391172321933,12,2,11
2025-11-26 13:00:00,58.90293347479572,30.7668931757813,240.20213391023128,3.7214063735810194,0.2916013157922513,2.684161778325459,25.448231134874018,0.20581640142348606,0,0.0,0.7042523302589726,0.7957810780582579,13,2,11
2025-11-26 14:00:00,53.14792719339476,39.58161876843345,270.51678147148317,2.7396737094815724,0.2571662680729894,0.26749399960292813,25.867064165478634,0.1838334901147793,0,0.0,0.6035210407754966,0.9743952976157992,14,2,11
2025-11-26 15:00:00,58.83475945247875,55.222744440365865,235.99231038905836,2.525761341442487,0.21083142716410408,-0.6860442005371203,22.705049198393663,0.17406325675675083,0,0.0,0.703059063589663,0.7709767539707036,15,2,11
2025-11-26 16:00:00,61.20376660585243,37.875142233450475,190.53580509998721,3.7064931043898666,0.1483249927299144,-0.9822402470988008,19.8069195214914,0.16403383019881887,0,0.0,0.7445243780804783,0.5031465507788113,16,2,11
2025-11-26 17:00:00,65.69294285695207,35.90162272282425,175.13607812169323,2.425157488248478,0.07612469024327365,-0.8248210998109574,24.549963969053834,0.2228201790946261,0,0.0,0.8230995334114614,0.4124111988315561,17,2,11
2025-11-26 18:00:00,47.983760832828736,36.163556680586936,173.278357130009,2.044081980002302,3.636951935517056e-17,-1.0442916445051924,24.55059974620812,0.22769788180968306,1,9.880041547305972,0.5131313676506967,0.401465487375901,18,2,11
2025-11-26 19:00:00,28.600953889475978,36.69897889918133,163.85660942630938,2.4094843146626075,0.0,-2.534250101628373,16.868747131861184,0.18586451844383875,1,8.894576143127757,0.17386933356341153,0.34595245165400823,19,2,11
2025-11-26 20:00:00,38.86361929717587,30.47562445921372,163.2447455440064,1.656084189989185,0.0,-3.7326827439545265,23.39891600766941,0.15060411910404978,1,7.472137804814389,0.35349928868544445,0.3423473432788516,20,2,11
2025-11-26 21:00:00,42.88050361681059,21.707031365260445,135.49272619291685,1.7931245574352124,0.0,-2.963833835367737,24.975072412510695,0.24385962794597635,1,8.955971827923879,0.423807802253958,0.17883215585913861,21,2,11
2025-11-26 22:00:00,27.519384131939542,27.519775663997766,191.65752461171482,1.7026507535742479,0.0,-5.257550907498349,24.88464164761747,0.19370893221560023,1,11.708874852539077,0.15493835225500296,0.509755733839405,22,2,11
2025-11-26 23:00:00,21.321214653133012,15.700732694681127,180.93014705576545,1.7417152244475866,0.0,-4.21960297272426,23.0289603405734,0.2474591047723319,1,7.857647534751869,0.04645026840093673,0.4465499134127117,23,2,11
2025-11-27 00:00:00,28.549419886082138,23.35286398309102,153.73429620921996,1.1310660398606565,0.0,-5.646907884714592,21.392262521642213,0.21773595699342674,1,11.310606482364618,0.17296732123531317,0.28631167662159857,0,3,11
2025-11-27 01:00:00,30.777552814850967,24.959266770157555,110.39884859918124,0.7653639181951388,0.0,-4.831693503228822,24.05318379300428,0.16240134963915392,1,9.338027732254105,0.21196687954697516,0.030978767393339688,1,3,11
2025-11-27 02:00:00,35.0427167210065,20.894617104336294,161.28005185052362,1.6753130075554934,0.0,-5.082665293260974,21.42165581480824,0.1826952207985293,1,9.88314014342348,0.2866210917437406,0.33077134754866866,2,3,11
2025-11-27 03:00:00,35.45262731188818,35.50931635892031,110.38953397171811,1.8959841048840949,0.0,-4.554280213677026,19.444909469026346,0.21570502107780298,1,9.547429658118098,0.29379585756908627,0.030923885511192323,3,3,11
2025-11-27 04:00:00,28.36567149369553,24.67721385617293,116.7538783595347,1.673749674032658,0.0,-4.260569007748721,18.849675538801105,0.21492528116952997,1,4.576593861549622,0.16975112795930633,0.06842266901274571,4,3,11
2025-11-27 05:00:00,41.134448963865715,33.71464671017976,138.4630861997022,2.601209469157543,0.0,-1.8208540265860564,21.919681737919845,0.1731985425710917,1,6.056082741104317,0.39324617849549615,0.19633354799457098,5,3,11
2025-11-27 06:00:00,59.68545415811031,49.96875894338157,154.51762541324482,2.3813858941638637,0.0,-3.12823901896806,21.026514965525223,1.2576426458883692,1,4.480426100015696,0.7179489821171146,0.29092706046041206,6,3,11
2025-11-27 07:00:00,37.917320314104295,42.36844392206622,157.25357071431537,3.2809784008852465,0.0806207379057767,-2.3651437796084895,21.746078380503715,1.3325930995776696,1,9.576072638939278,0.33693598499110033,0.3070472787052538,7,3,11
2025-11-27 08:00:00,37.99995598251634,40.151778832905045,149.87068028805274,2.4766182929786518,0.15594255996438133,1.2135756019752533,18.868519602430396,1.7151689867219893,0,0.0,0.33838237740658317,0.26354721132359343,8,3,11
2025-11-27 09:00:00,59.13743617122596,51.82853149835891,153.43667207359553,2.7643622175982983,0.2209014379167663,0.6857070259615203,22.320689150962536,0.17418698011122033,0,0.0,0.7083568885937065,0.2845580721108209,9,3,11
2025-11-27 10:00:00,61.401281640651426,41.9314039073547,235.94152267044163,3.655384525670786,0.2674434797617731,-2.2065349017474305,22.972040709909894,0.22017807245824328,0,0.0,0.7479815322823732,0.7706775122029903,10,3,11
2025-11-27 11:00:00,63.76576515241409,40.095678163510854,194.035671924675,3.382055686983428,0.2987100144897323,-0.09300881757370583,24.371177490630647,0.23699996101094892,0,0.0,0.7893676683621919,0.5237678026071181,11,3,11
2025-11-27 12:00:00,67.36593951711228,65.20024221358804,184.44095843748983,3.949795486635457,0.31401820407529146,-1.2435406451796076,21.9448679379608,0.18916223438595892,0,0.0,0.8523824051650717,0.4672356506852099,12,3,11
2025-11-27 13:00:00,60.20329178273032,39.11026872879236,217.2149474556172,4.3913655424625535,0.3012726132457158,-0.4904818770186251,23.54276490216551,0.15069940391233538,0,0.0,0.727012821341689,0.6603403357531205,13,3,11
2025-11-27 14:00:00,43.675872789243684,31.185122511465657,169.0505740591747,3.0367034082839,0.2702504750030268,-2.9840180735739152,17.319872756904857,0.1641957736579628,0,0.0,0.43772934437520944,0.3765553454344563,14,3,11
2025-11-27 15:00:00,44.34430809039367,55.37564271465552,229.59962313957575,2.724275583935122,0.21647895554284702,-0.4652534073283433,16.734592188957645,0.18118968672304636,0,0.0,0.44942913174793886,0.7333109740326496,15,3,11
2025-11-27 16:00:00,53.457809465945715,45.437690628007324,187.64879082575,2.8018765477960823,0.1534305316639282,-2.0975241420449233,17.272578485852293,0.16899542264530576,0,0.0,0.6089449863588419,0.4861362325686971,16,3,11
2025-11-27 17:00:00,62.78416466364397,38.579247221040504,218.51065552569034,3.041132589180634,0.07956063194257357,-1.6252116725706816,24.069204259964007,0.1789513599831669,0,0.0,0.7721864737367439,0.6679746612138703,17,3,11
2025-11-27 18:00:00,46.161160258282486,27.71581581628406,211.41251644458688,2.5522954379745393,3.766943189398246e-17,-4.092680654369757,21.075536330856547,0.20440419822621522,1,11.67454563647972,0.48122994181199624,0.6261523517273265,18,3,11
2025-11-27 19:00:00,46.72119229803105,26.54742081339359,219.7836012249799,2.3322936366576927,0.0,-3.16708359437627,20.0586375608938,0.15210810995209934,1,12.978429677033153,0.49103232025565646,0.6754748705485931,19,3,11
2025-11-27 20:00:00,55.60540993434734,47.30426771976881,155.69142800485267,2.132089534253605,0.0,-4.394427089978374,23.262902067590304,0.15642814915033232,1,7.27506058080467,0.6465349652223836,0.2978431175707919,20,3,11
2025-11-27 21:00:00,40.02262968967266,33.644565911467154,166.54817661853505,1.5763374029644743,0.0,-3.104844269640041,16.765718986224137,0.2355739335195612,1,9.808019063378469,0.37378573246192814,0.36181119361875297,21,3,11
2025-11-27 22:00:00,27.094678648089875,23.787893477430718,196.95098705534298,1.2536476448544467,0.0,-3.678155897009887,15.626907623697518,0.20223197373966306,1,8.532379993758457,0.1475046277815579,0.5409448697584489,22,3,11
2025-11-27 23:00:00,20.005038614041762,20.956805180516575,168.94493437159045,1.9805318617767163,0.0,-4.609821653050206,18.89795245797002,0.24355311094229043,1,6.293143319528299,0.02341291568189836,0.37593291529358014,23,3,11
2025-11-28 00:00:00,37.693747120426124,23.73935098102181,179.90673030470592,1.683925345751546,0.0,-5.829950358239762,18.36339050752596,0.15032756093579072,1,11.802831613160524,0.3330227284294309,0.4405199312430934,0,4,11
2025-11-28 01:00:00,24.886554683649663,23.072602561800625,171.56980953474428,0.6196407913181401,0.0,-3.421674029105863,19.093916622452387,0.1500151190300729,1,10.471768438015957,0.10885529129060255,0.391398707127557,1,4,11
2025-11-28 02:00:00,25.798753656901884,22.562340450094524,147.75240177645023,1.5979979424114374,0.0,-6.666322367091867,26.28167431321911,0.22395966045933605,1,7.167369925984265,0.12482173413153555,0.25106629224343874,2,4,11
2025-11-28 03:00:00,47.7629167096625,32.25603150751553,124.67721429895633,1.6157199540913638,0.0,-6.0460173448474,22.07685955848417,0.19762527204847524,1,6.1701547617131896,0.5092658786809839,0.1151070469938028,3,4,11
2025-11-28 04:00:00,39.71442285007034,22.083212235927704,164.03210101792905,1.8749436757784548,0.0,-4.110842523815053,22.387980994161826,0.24137983463920085,1,4.241631181687147,0.3683911123932927,0.34698644994188954,4,4,11
2025-11-28 05:00:00,31.215670325904565,21.884966778022374,166.7446316316957,2.237389119522407,0.0,-1.0553930578461128,23.155081681365875,0.22865839592313977,1,7.104131600359833,0.2196353580291527,0.3629687086049641,5,4,11
2025-11-28 06:00:00,55.88076212087963,33.1253344746578,167.11120962859184,3.256976280493946,0.0,-2.7412210981499,20.400548754116695,1.5029719973735047,1,4.7505405033923225,0.6513545222228913,0.365128589985418,6,4,11
2025-11-28 07:00:00,37.79947575735268,38.22145628775729,186.42782931988654,3.1516062697039557,0.07941999734400622,-1.95157200824993,26.627873837512563,1.4838930014037992,1,8.354195535756341,0.3348733227489127,0.4789423146437414,7,4,11
2025-11-28 08:00:00,41.53376012053155,47.69440171351648,190.2227773090726,2.71854977541102,0.15133286716188069,-2.492589511741765,26.504721729402725,1.7333853197592877,0,0.0,0.40023541981849536,0.5013021877704319,8,4,11
2025-11-28 09:00:00,58.62679836750086,56.90165912606235,192.19718708559168,3.6126884995932333,0.21580268951983325,0.5106819747403297,24.228225471669496,0.23037063723219053,0,0.0,0.6994190696039211,0.5129354307631857,9,4,11
2025-11-28 10:00:00,60.3018535556795,53.666673719569076,191.59554816833432,4.416135851629263,0.26396821273165605,0.988802172983396,18.186729284619094,0.17769448097212404,0,0.0,0.72873797227941,0.5093905679887055,10,4,11
2025-11-28 11:00:00,42.03571764786152,40.22956029262523,160.8692290443568,4.568254604233195,0.2944064885069697,1.1185265118342222,25.146076774530517,0.2174636859828202,0,0.0,0.40902130579698576,0.3283507752905991,11,4,11
2025-11-28 12:00:00,55.424243237857084,51.36271815205853,253.88682942667228,4.322023047911032,0.307921228959576,-0.203416251113977,16.809658777467693,0.21432022536457698,0,0.0,0.6433639600042134,0.8764114467476163,12,4,11
2025-11-28 13:00:00,43.23030807044363,39.25531610352961,258.59738727133674,3.1816964029336945,0.2933647353859427,-0.3889878086873617,22.226081331731073,0.23560844984455587,0,0.0,0.42993051558537426,0.904166102690931,13,4,11
2025-11-28 14:00:00,63.54935588685424,39.18876619142344,230.34520519658145,2.595552597257738,0.2604166303425982,-1.2809610272124305,20.306107093693665,0.2368579570798286,0,0.0,0.7855798037952204,0.737703951287592,14,4,11
2025-11-28 15:00:00,59.896252873059915,36.59497376802513,193.26248962910117,3.041012993891909,0.2136668591096138,-0.38657213687082237,15.889667107101118,0.17682806417908603,0,0.0,0.7216386438377207,0.5192122044587117,15,4,11
2025-11-28 16:00:00,48.15864836110709,44.02810083083602,163.99980005248668,2.5821005986664196,0.14883052869081473,-2.1780158275436423,24.720562472665485,0.23797424540950007,0,0.0,0.5161924670442786,0.34679613231666273,16,4,11
2025-11-28 17:00:00,42.598742370166065,36.3654618016386,156.3620021529332,3.4983222131904537,0.07680361117241061,-3.004404903315389,25.247166582622764,0.24245711215444202,0,0.0,0.4188760658990037,0.30179414744415134,17,4,11
2025-11-28 18:00:00,46.529791733162725,41.695248128863994,157.2907389722539,2.1562072458958954,3.6799374184233567e-17,-3.0329668014272095,24.67579398544776,0.16096366655406877,1,11.242367727591557,0.487682189123852,0.307266274468625,18,4,11
2025-11-28 19:00:00,40.62645080966584,32.4722988316822,177.01724943131376,2.4336319874608225,0.0,-3.8807134591846593,17.362202035072436,0.20737461643952315,1,8.973780914742218,0.38435456194015816,0.423495079805036,19,4,11
2025-11-28 20:00:00,56.110252332043096,36.09820553022479,151.955635139737,2.1647130708759024,0.0,-4.658896251727124,18.849457740574625,0.19364636808648672,1,9.36940731498096,0.6553713457959671,0.2758317870520047,20,4,11
2025-11-28 21:00:00,32.5262703297681,29.685528520409296,149.71861474187338,1.4456129538420022,0.0,-4.2816045508823475,25.351079556752865,0.19019847032353893,1,13.869664888447042,0.24257511203305016,0.2626512395397375,21,4,11
2025-11-28 22:00:00,43.091288098638266,22.763788151866578,175.97283018439455,1.3621040474467851,0.0,-5.1515617986783315,16.666648419903524,0.22048293943046257,1,12.42573060824338,0.4274972148487326,0.4173413507107946,22,4,11
2025-11-28 23:00:00,24.13265389867128,15.836941168163044,186.54585006426962,2.145070868378035,0.0,-5.824264985233825,21.739900070880722,0.16295683601984867,1,7.8010276341632165,0.09565958054760912,0.4796376941003882,23,4,11
2025-11-29 00:00:00,29.62829776830614,22.17805495058258,124.04760109938393,1.588668321728503,0.0,-5.461110132010259,20.84798609893967,0.23199458090392608,1,12.61160121540219,0.19185118598848416,0.11139735945620151,0,5,11
2025-11-29 01:00:00,27.087803621481733,24.600536077799934,138.9346292468664,0.8530112299715734,0.0,-6.5392126598656,17.451821325764943,0.15265994276010375,1,9.811375292796479,0.14738429250100232,0.19911188454579892,1,5,11
2025-11-29 02:00:00,34.080065584991246,21.040273338558325,174.4035581049587,1.7126570461194863,0.0,-5.148484299039716,25.357385860781825,0.2078300862051127,1,7.943645277353823,0.2697715722971791,0.4080951832541046,2,5,11
2025-11-29 03:00:00,48.27686736387818,33.0049805190692,171.87435379346965,1.4709197041381186,0.0,-4.632176623169824,17.447501932066213,0.17253599994618696,1,8.911702378160312,0.5182616833071814,0.39319308507580963,3,5,11
2025-11-29 04:00:00,37.12892844146621,20.93444445480865,134.62540778728305,1.5916225970575912,0.0,-5.670271178858373,22.426507436291967,0.21674689191948932,1,4.897129467092759,0.3231365682631321,0.1737219067685906,4,5,11
2025-11-29 05:00:00,37.72998559600785,25.02410181279044,138.0377249189913,1.9696560071399138,0.0,-2.453746730706769,19.529956232381974,0.2025431893804066,1,5.552444544372729,0.3336570193747006,0.1938273148928778,5,5,11
2025-11-29 06:00:00,40.75030993966218,35.067197300118515,139.37365122697983,3.2357396178501356,0.0,-3.560169565522585,20.618297256902174,1.8748141732180619,1,6.194558406682054,0.38652249873618816,0.20169860663082814,6,5,11
2025-11-29 07:00:00,40.27487702359709,45.78453679074733,140.4172607875629,2.906182217983834,0.08011793218076999,-1.8177149136081223,18.382537561768007,1.7717419060523132,1,8.061145048093941,0.37820087954823006,0.20784756504473342,7,5,11
2025-11-29 08:00:00,46.5860303442748,39.03623492341406,176.40468712159006,3.1221266560793084,0.1559314359411189,-0.025809569755141037,22.769029533005117,1.3774745564515085,0,0.0,0.4886665473572022,0.419885856288233,8,5,11
2025-11-29 09:00:00,61.52662422556602,51.26213020839617,175.2311872705792,2.9300935509048114,0.2230050325892081,0.3510428574233375,26.57105377316372,0.20284824290976944,0,0.0,0.7501754343544601,0.41297158292860764,9,5,11
2025-11-29 10:00:00,59.97767150717714,39.655065912125934,224.4837593870395,4.177104182926133,0.2752740409680828,-0.06927104592775282,24.793895412788828,0.18178120508731493,0,0.0,0.7230637342028029,0.7031682514535504,10,5,11
2025-11-29 11:00:00,48.03369219445424,35.04309954363936,180.8809870022325,3.1717800134238874,0.3082656618045009,-0.17212203736008652,23.064925307819635,0.22287934916541757,0,0.0,0.5140053285460058,0.4462602618646457,11,5,11
2025-11-29 12:00:00,48.56197915190165,57.68272293577547,240.00431211767432,3.778538459863397,0.3205887774950724,1.234398065183104,23.69200344671162,0.1922413136605648,0,0.0,0.5232520650114307,0.7946155099935907,12,5,11
2025-11-29 13:00:00,47.52007472119477,32.6797419504359,195.47753211018997,4.15760873543331,0.31155148922833126,0.8536518236227718,24.411147135600846,0.16154377630329805,0,0.0,0.5050153556679785,0.5322632578561519,13,5,11
2025-11-29 14:00:00,61.49932470772321,36.267364853604825,230.2001663112315,3.4643177024556904,0.2796672732937934,-0.7448096880812025,20.465176111265734,0.2160803875832,0,0.0,0.7496976041836277,0.7368493806626183,14,5,11
2025-11-29 15:00:00,56.43060194442996,42.772917205884106,233.77000583195561,3.2828265445674796,0.22392148578301643,-1.4037878829150037,21.338558916920498,0.151106504788204,0,0.0,0.6609785038012587,0.7578829123456592,15,5,11
2025-11-29 16:00:00,45.99614719553431,48.62182260095209,233.07668601403935,3.3872081322218572,0.1585193694745675,-3.3082569120671614,24.633931700740224,0.1797290076981212,0,0.0,0.4783416776156634,0.7537978647484316,16,5,11
2025-11-29 17:00:00,49.30317197614152,49.153387577134936,174.4733798996164,3.3124212557703485,0.08279635725364363,-1.8110933521666488,22.527166447260242,0.24071430684415637,0,0.0,0.5362253451940905,0.40850657399634205,17,5,11
2025-11-29 18:00:00,36.18513677074361,30.507535248339508,178.27113697216944,1.9404527720498166,3.8723133891042216e-17,-2.8299541179312984,16.76923785522546,0.1594174311191053,1,13.163338714325821,0.306617150673112,0.4308829982715245,18,5,11
2025-11-29 19:00:00,37.43055609722511,31.087946810299425,166.18897157317332,2.180167497917638,0.0,-2.3931896193811273,23.384659869785356,0.20044257404622084,1,13.02302474620777,0.328416031259839,0.35969475374562626,19,5,11
2025-11-29 20:00:00,55.5036302356033,43.0229330351973,186.85443699139321,2.2313617313530485,0.0,-3.899529690170087,15.65874073908034,0.22950884851701156,1,9.170295705236976,0.6447534901385317,0.48145589149300094,20,5,11
2025-11-29 21:00:00,44.89212034387034,26.11520732920097,133.66051262123088,1.782633885178993,0.0,-3.551330294193048,24.234045365572705,0.24045021212903778,1,9.08706716830886,0.45901762426894455,0.16803673438810932,21,5,11
2025-11-29 22:00:00,34.75873730875787,22.933441183103106,161.460515996868,1.6019692898706206,0.0,-6.065327378542173,23.741105468700404,0.20598382960357442,1,11.20868034716232,0.28165053029100834,0.3318346441808426,22,5,11
2025-11-29 23:00:00,20.745053507862487,19.548744206923498,120.42186060876503,2.0055916050197746,0.0,-4.535155312043838,24.3220224852255,0.16531814005031437,1,4.955357665596381,0.036365578258904775,0.09003445867559527,23,5,11
2025-11-30 00:00:00,36.01287862774123,25.805962237433448,133.5162959848513,1.5318746129408063,0.0,-6.3100791956242945,15.997721733314636,0.24408574188305898,1,10.97639332931223,0.3036020740562999,0.1671870084626436,0,6,11
2025-11-30 01:00:00,33.071785946444784,16.899124489903944,154.55963057189746,1.014721243750301,0.0,-4.906972310574643,26.120691969862662,0.2249258845816954,1,7.073691080389073,0.2521234059556484,0.29117455529323083,1,6,11
2025-11-30 02:00:00,26.522083801063747,26.648601427519253,133.87948385082382,1.7878023834366636,0.0,-6.849246996073386,22.462652794664837,0.18956703575884992,1,8.728312261638145,0.13748235943426868,0.16932691515634263,2,6,11
2025-11-30 03:00:00,46.561859154391776,31.816750492263726,125.83720229875493,1.633976959533328,0.0,-4.684212353889013,24.55710308239824,0.1776980741272137,1,8.494311327047113,0.4882434730795709,0.1219417083851815,3,6,11
2025-11-30 04:00:00,38.69310959729845,27.74121702558714,153.77942452874987,1.370400818706953,0.0,-6.288323584575919,22.14629375588126,0.15477164894087567,1,5.040008446258282,0.3505148154984036,0.28657757315087506,4,6,11
2025-11-30 05:00:00,35.83053286360834,23.701849222120494,169.94203050101265,2.209973993930228,0.0,-3.852832010858194,19.76163316443283,0.16914311656457703,1,6.697075985306629,0.3004104313273741,0.3818078160860351,5,6,11
2025-11-30 06:00:00,50.49454636993335,35.526584050212,140.3667947818077,2.4591191625056346,0.0,-2.374478552369884,19.30859494926546,1.7082577975443556,1,4.892994163185773,0.5570782640400854,0.20755021881255514,6,6,11
2025-11-30 07:00:00,54.04829697819281,43.613950374943904,152.63161181544484,3.6363898881015246,0.07865781012925094,-2.564932526093101,16.863416492698757,1.2064707241903854,1,7.824062297045449,0.6192804344233851,0.2798146486744826,7,6,11
2025-11-30 08:00:00,50.64739312422302,38.169591331897934,192.62645252559773,2.771578797113968,0.15293879727190907,-2.3764407072563616,21.888624361457587,1.222059401024857,0,0.0,0.559753578349076,0.5154646672121592,8,6,11
2025-11-30 09:00:00,41.86609899364222,43.53268106637052,234.63102801954193,3.3132281246026216,0.2169509917263278,0.1358603644894808,17.548234388984767,0.169593270194196,0,0.0,0.40605242880111175,0.7629560640538131,9,6,11
2025-11-30 10:00:00,43.22939381388146,51.78460941869939,171.38715366697755,4.484264754242996,0.2637985989034956,-0.3425337953933819,21.96737221147578,0.18953417298524497,0,0.0,0.4299145131280488,0.3903224968499069,10,6,11
2025-11-30 11:00:00,46.271335210987296,47.944448716773564,224.34794944533854,4.6170237656432676,0.2963747665236834,-0.4345025494004056,22.449112527339157,0.16890711456102278,0,0.0,0.48315836108941795,0.7023680578607977,11,6,11
2025-11-30 12:00:00,68.45829563665599,58.470047957050106,258.2764444732505,4.071584049743709,0.3093221666689618,0.1936309826392238,20.39184732867321,0.24043035038887706,0,0.0,0.8715021828189056,0.902275104377757,12,6,11
2025-11-30 13:00:00,48.92269800210314,33.45686169492154,214.4792962275358,2.9587980709518775,0.2954408016322867,2.6806327349360908,17.284238719912516,0.17576553488675573,0,0.0,0.5295658157086667,0.6442218501893975,13,6,11
2025-11-30 14:00:00,52.02152781120502,46.291753940737294,199.8528649144857,2.4420104161740452,0.26709299416507293,0.8922228406683863,20.05183903325702,0.2419487612464098,0,0.0,0.5838053955279746,0.5580427643658268,14,6,11
2025-11-30 15:00:00,62.70224573517523,46.464486228921245,236.87913035101877,2.4299234475118245,0.21733251262217845,0.41900207231340536,24.555561958790967,0.24849430208509204,0,0.0,0.7707526265966584,0.7762019064344937,15,6,11
2025-11-30 16:00:00,46.523873567457684,33.19143806023756,164.35403955478787,3.7454823707927725,0.15449202640670576,-0.9348747209376567,20.135572040881026,0.225480335642126,0,0.0,0.4875786020148731,0.3488833151582952,16,6,11
2025-11-30 17:00:00,60.80013785520405,40.103703855226634,193.72109233556068,3.0738241348198274,0.08000698928616244,-1.9330011112272178,18.903674316887958,0.15074370595629405,0,0.0,0.7374595648487683,0.5219142963875635,17,6,11
2025-11-30 18:00:00,43.06287774780959,27.63641994424504,175.79740268171136,2.004365855738781,3.775776058670842e-17,-5.2775416624666915,21.83008057235243,0.17400201175665442,1,12.636078779560371,0.42699994149511356,0.4163077300355954,18,6,11
2025-11-30 19:00:00,35.608682906752676,28.998314755504595,164.14325209558245,2.788113305142494,0.0,-4.342406083938743,21.73638784478238,0.17673334137458735,1,8.533589519229642,0.29652733700336853,0.347641353250527,19,6,11
2025-11-30 20:00:00,44.40162330745468,35.57492651879454,151.17833371742668,1.701778226253601,0.0,-4.873045613572834,16.357094656393336,0.20427545883895007,1,11.281844585824308,0.4504323340798354,0.2712519189659119,20,6,11
2025-11-30 21:00:00,44.82639998711884,34.390575030821516,189.7558053917285,1.5228456567037103,0.0,-6.894179573521994,17.926179904279902,0.16583937029844661,1,9.432623272495556,0.457867304711121,0.49855078436377254,21,6,11
2025-11-30 22:00:00,39.45399891435285,31.110775910249593,196.40798362607714,1.7587012688482122,0.0,-6.6589484975413145,20.691948734615668,0.15772151530943979,1,9.917219749674418,0.36383284823605555,0.5377454878906763,22,6,11
2025-11-30 23:00:00,18.9157053683401,20.86475640077115,142.97467599320504,1.8996788093049934,0.0,-7.0,19.475715757785014,0.16763577421110065,1,7.378833957662403,0.004346048131922958,0.22291588210556673,23,6,11
2025-12-01 00:00:00,40.54082294398613,24.463950625945042,112.58804128434676,1.7493926199909962,0.0,-5.952739074032284,19.109547571383562,0.1827351966378219,1,12.887903419409835,0.3828557963604383,0.04387751352363349,0,0,12
2025-12-01 01:00:00,33.34506427024666,24.708446950819784,156.8359786888468,0.7852477847778571,0.0,-4.998896153020392,20.555890857785705,0.15492099700577977,1,7.655781929052342,0.25690666362704484,0.3045868221364676,1,0,12
2025-12-01 02:00:00,27.829456609257523,21.731226036045022,142.67430341245128,1.411391367651131,0.0,-4.416649097636293,19.02208722138529,0.16953642333233568,1,8.15353552311818,0.16036562703913623,0.2211460837274258,2,0,12
2025-12-01 03:00:00,31.231016432042814,32.970871867877314,157.17050002607778,1.3064741203950503,0.0,-4.637339396719819,19.725042836166402,0.16675199659883203,1,7.935293579386825,0.21990396469685555,0.30655782534388165,3,0,12
2025-12-01 04:00:00,30.03648294441432,23.30370736141922,156.1085833560889,1.7001302722006764,0.0,-5.399649314390373,24.365368116386048,0.22723593266765763,1,5.172734335301158,0.1989957514549544,0.3003010012504475,4,0,12
2025-12-01 05:00:00,38.5850301770168,23.430225927317004,182.4712364097251,2.791123388172827,0.0,-5.650218069789863,21.592858903381632,0.16695740018620225,1,6.475723821069825,0.3486230748400515,0.45563002795700136,5,0,12
2025-12-01 06:00:00,51.869975198670204,31.776283442221736,131.2352154181534,3.4370592462718665,0.0,-4.704000620149952,25.508200864610046,1.7186546438331192,1,6.04768487696017,0.5811527329002103,0.15374685797613746,6,0,12
2025-12-01 07:00:00,43.36375046538259,43.93210725802507,141.584348575143,3.8192838536470166,0.07876934585176577,-3.4450868467016704,26.301164597127975,1.5061366140372523,1,11.776213583927643,0.43226619062319416,0.2147240584597586,7,0,12
2025-12-01 08:00:00,45.27090865562627,30.77166128338403,165.74123016208233,2.8929211799466557,0.15089815974457255,-2.3468439232249074,25.95620677996644,1.6933906346431082,0,0.0,0.46564764919311463,0.3570566566823495,8,0,12
2025-12-01 09:00:00,47.25912458123163,51.18606548538109,189.53318047545676,3.4271158688472894,0.2140675407272814,-1.0018285336925392,18.723981724253136,0.19503569056968748,0,0.0,0.5004478812284925,0.4972390760355264,9,0,12
2025-12-01 10:00:00,41.31479169707662,55.8294476688832,242.57137810077208,3.7869551957317933,0.2606126283145277,-1.3848978709552842,20.961913004304023,0.24010551746190348,0,0.0,0.39640276168186356,0.8097406895358328,10,0,12
2025-12-01 11:00:00,56.134035096281636,38.59484237361174,250.66639521443267,3.8845398190064637,0.289922510227803,0.26254069536449426,21.499725486287844,0.1776518682398518,0,0.0,0.6557876213640709,0.857436614785828,11,0,12
2025-12-01 12:00:00,56.0549792279431,52.138777862487196,254.55052093055022,2.937887043421535,0.30439141425846905,-0.21188231824755946,24.698002924393727,0.226680685157106,0,0.0,0.6544038870691643,0.8803219240095606,12,0,12
2025-12-01 13:00:00,51.514956469252645,45.30600157463732,188.30408909441607,2.820497325109084,0.29322035531307744,-0.07667508562935287,21.48648858104744,0.16634200131199256,0,0.0,0.5749387528181049,0.48999725680124673,13,0,12
2025-12-01 14:00:00,62.219939038174125,37.109186306736774,245.26440149350543,3.1057184035861396,0.262205435067864,0.7479457072584115,18.184423214682866,0.23826444415794096,0,0.0,0.7623106939314502,0.8256080114491541,14,0,12
2025-12-01 15:00:00,45.339718715816645,57.34283348857051,205.90052335252562,2.5205392410659067,0.21458665339667102,-2.054668544906205,21.1372034970749,0.15284408974697894,0,0.0,0.4668520485896562,0.5936756309488375,15,0,12
2025-12-01 16:00:00,37.95641718947472,51.687484665570835,260.91578700864915,3.9901926306677242,0.15343500860293763,-1.0824219876771282,15.880639788885295,0.19574361228533,0,0.0,0.3376203072104462,0.9178261381198688,16,0,12
2025-12-01 17:00:00,42.631877529534556,37.08088954974676,178.55542360388267,3.638458742782176,0.07936921833151672,-2.2440053822829222,23.944791497953958,0.19212582790901228,0,0.0,0.41945603873781984,0.4325580180701714,17,0,12
2025-12-01 18:00:00,43.515367849661565,27.666186907231438,164.12579532039592,2.6251263713254867,3.734994745189795e-17,-3.345331601913499,21.17649358832987,0.2123790685104826,1,11.972465108607373,0.434919986966717,0.3475384977490855,18,0,12
2025-12-01 19:00:00,41.863824984839205,36.697867830232184,222.93974360023512,1.9268969785431376,0.0,-2.908395473142523,22.073430894026977,0.1940933359550881,1,10.482584626218227,0.40601262626609724,0.6940708943364222,19,0,12
2025-12-01 20:00:00,50.40229324197354,47.861266874944654,199.52168356071076,2.1312552028282736,0.0,-3.643523145075443,17.491596740250866,0.20889786719943287,1,8.980643191298626,0.555463534866234,0.5560914403757655,20,0,12
2025-12-01 21:00:00,36.27827407747429,26.57682325560816,196.91138819938104,1.5461915039854617,0.0,-6.09568438054038,21.246581795568353,0.23617029528901157,1,11.926929339832235,0.3082473558453148,0.5407115528861771,21,0,12
2025-12-01 22:00:00,32.19503318859029,20.366959789325623,132.63547101425021,1.521493708666599,0.0,-5.8134392752452015,21.06785773732456,0.1642028524849074,1,10.18113387480506,0.2367773869352525,0.1619971785504594,22,0,12
2025-12-01 23:00:00,22.5213982189522,19.00949227401512,180.9052802728169,1.9444590844219622,0.0,-5.655090810298452,22.118974731758556,0.17441473194415835,1,5.988373029345631,0.06745737635015912,0.4464033980682635,23,0,12
2025-12-02 00:00:00,30.95373413022419,21.924708153788718,158.26834112515127,1.6541778288623765,0.0,-6.316847588221748,24.64791053831251,0.2302819918697428,1,11.182359403056516,0.21505062441408235,0.31302631654810886,0,1,12
2025-12-02 01:00:00,30.94461498202429,26.09681716563346,152.07550933385235,0.9167166527562616,0.0,-5.361906102429801,23.924180256529187,0.1728063975164908,1,6.584649593104146,0.2148910097217169,0.27653808705380206,1,1,12
2025-12-02 02:00:00,28.142977176942953,28.2226914935514,145.78087041686385,1.5373000206672138,0.0,-5.371336551680364,21.748040596329965,0.24056539959643197,1,8.366807850435773,0.16585325459648737,0.23945000891326906,2,1,12
2025-12-02 03:00:00,45.001098048357036,34.39400166332798,160.0848298874591,1.3533879514264189,0.0,-3.348507147836716,25.55383030534894,0.20408113472319514,1,6.775487742650887,0.4609250878165294,0.3237290872783011,3,1,12
2025-12-02 04:00:00,34.47268673754269,21.96902036995505,139.22543897883023,1.6781191947906615,0.0,-6.095316148241406,19.91575203130495,0.15818643296852963,1,3.9833144783978693,0.2766437168338081,0.20082533851914647,4,1,12
2025-12-02 05:00:00,32.136119853661334,30.859167587099776,123.86233262468885,2.902046597877965,0.0,-3.9692123836089905,21.402947685099488,0.15206602674465228,1,4.4162336814256165,0.23574621235350718,0.11030575567128484,5,1,12
2025-12-02 06:00:00,49.042033932867575,36.15199821923085,163.14118931953573,3.2587689539377935,0.0,-3.9840972921525415,23.106415539253394,1.6971784380198907,1,4.352493561040696,0.5316545818367701,0.3417371889243672,6,1,12
2025-12-02 07:00:00,60.1375752107843,32.82031191534376,190.6921441595394,2.3592510404154896,0.08112447011338889,-1.7002989851112025,20.84670940860287,1.7672631240311114,1,9.142583837249555,0.725862568030246,0.5040677021480249,7,1,12
2025-12-02 08:00:00,35.37797108080376,38.68387265358159,148.82827075988942,3.2512076242984667,0.15401870047211846,-3.203297531542657,19.94790010905921,1.304898449000454,0,0.0,0.29248913120643855,0.25740532351321943,8,1,12
2025-12-02 09:00:00,46.91770201896403,45.89395636616225,164.08604774357102,2.7194710634356944,0.21637033158418986,-0.623747921064135,17.215173370138643,0.17407799041537034,0,0.0,0.49447187820185534,0.34730430461193823,9,1,12
2025-12-02 10:00:00,51.91411730882143,52.17593152891349,219.65456220661787,3.7679827004332864,0.26407275186248047,-1.1286017932052343,22.693931951181515,0.24541021042375208,0,0.0,0.5819253631040078,0.6747145713067617,10,1,12
2025-12-02 11:00:00,59.51462965484564,54.93199866324086,184.29522758542132,4.557418629033678,0.29705540477374437,-0.9382558211357866,17.88188652654789,0.21561871366672972,0,0.0,0.7149589988490102,0.4663770029851144,11,1,12
2025-12-02 12:00:00,51.96501386510324,49.057703593227785,179.21890161450696,3.665226136115122,0.3061147374791155,-1.5536047577069023,17.20167725099385,0.16676141123515945,0,0.0,0.582816218038624,0.43646723742763877,12,1,12
2025-12-02 13:00:00,61.312225598258024,39.45141576280176,261.2047972894703,3.4301985293638513,0.2995515490191746,-0.679633398704159,17.553762068655242,0.19485869413406942,0,0.0,0.746422762483012,0.9195289897083189,13,1,12
2025-12-02 14:00:00,54.49021091150623,40.92138643776702,182.6984891659571,2.920703157760656,0.2665464725581103,0.5650201788403137,22.705485155393937,0.2410436115653167,0,0.0,0.6270153626175101,0.4569690035665534,14,1,12
2025-12-02 15:00:00,65.59209148696416,43.212041926270004,201.59958691458314,2.6983235435032964,0.21692084616291396,-1.0266397857514555,16.913148219882775,0.21211741953377217,0,0.0,0.8213343070940048,0.5683344686055348,15,1,12
2025-12-02 16:00:00,46.22910145947002,48.54791679252123,206.96011876876085,3.9078956626868475,0.15156239848431097,-1.0002991597457052,25.464357301018392,0.1907469599758906,0,0.0,0.4824191333558517,0.5999187781909486,16,1,12
2025-12-02 17:00:00,62.96470967953184,46.753613132312715,205.79943839083276,3.740373158890261,0.0796056507027008,-0.6920819983649782,23.169288590878896,0.1651033500026705,0,0.0,0.7753465975265259,0.5930800373004108,17,1,12
2025-12-02 18:00:00,41.6421534916927,43.72460496903677,186.1309925820486,2.879124815145426,3.82041995824112e-17,-2.874619992340169,19.400530755774774,0.22260018443355478,1,10.386600311961793,0.4021326556362582,0.47719334948893294,18,1,12
2025-12-02 19:00:00,33.24837034095473,31.86478636460352,229.6166831596728,2.219922814874837,0.0,-4.478820146890931,21.47397992881919,0.17763628891377917,1,11.038329687870325,0.2552142060159596,0.7334114918489663,19,1,12
2025-12-02 20:00:00,58.41747683846585,33.35410995076473,194.27626990586293,2.308677605359061,0.0,-4.181492324859322,15.503669009517452,0.20659107071042437,1,7.612972761971043,0.69575526343146,0.5251854084212768,20,1,12
2025-12-02 21:00:00,28.955383426465815,23.017040292745566,157.7290658403419,1.1201575781735589,0.0,-5.819535365936938,24.203126722700265,0.21001402001974956,1,12.35994032172704,0.18007300086563496,0.3098489009463515,21,1,12
2025-12-02 22:00:00,42.42203339757299,24.594143255962823,148.6175775630096,1.3388755126199707,0.0,-6.261585339570789,18.37632002868491,0.20554494819227456,1,8.088964672560452,0.41578308531788305,0.2561639170000567,22,1,12
2025-12-02 23:00:00,24.36968524909684,16.569701676055278,151.9396990352657,1.8153693470183794,0.0,-7.0,16.403070541135985,0.17464927915767878,1,4.84087232116445,0.09980839853474849,0.2757378913582751,23,1,12
2025-12-03 00:00:00,41.12169412972868,23.3149732449074,111.46586246206014,1.3376639339440675,0.0,-5.243143779428925,23.710248455447363,0.22082745942193355,1,12.321515886759194,0.393022927498547,0.03726562420043639,0,2,12
2025-12-03 01:00:00,29.888911982347537,18.03092455712992,171.51871571080284,0.6544080648122613,0.0,-6.45832857645943,19.328990102485005,0.20660500056724632,1,8.796046297819153,0.19641278063399373,0.3910976617840783,1,2,12
2025-12-03 02:00:00,38.094610947067814,30.480356650719976,120.63165643998296,1.200996157509245,0.0,-5.595666961133573,21.967624805908937,0.19036829300104757,1,7.199694709587151,0.34003914651665296,0.09127057790092032,2,2,12
2025-12-03 03:00:00,29.858669860710428,26.331740016740007,155.32910261480478,1.621323674924696,0.0,-6.342104960993996,25.026701418626654,0.1552130852570541,1,8.398973299059636,0.19588344534567836,0.29570829259423487,3,2,12
2025-12-03 04:00:00,33.16726290264417,26.50125122239859,165.54373199682294,1.5386694128976035,0.0,-4.254001969281432,24.390032880824364,0.18312637958482836,1,4.840974474079157,0.2537945625875713,0.35589299543309444,4,2,12
2025-12-03 05:00:00,40.642576224939546,21.211431231887666,176.55030511771105,1.798627979142797,0.0,-4.733468096910153,19.73034834395799,0.18524475078825062,1,5.093007058359506,0.38463680904720765,0.42074383903990875,5,2,12
2025-12-03 06:00:00,55.944988842028344,38.53212318946743,133.25138478940076,2.712231004089529,0.0,-3.3418917813047644,25.46348830519256,1.7183725239255516,1,6.032562454117113,0.6524786983096341,0.165626148936507,6,2,12
2025-12-03 07:00:00,40.48720327081401,38.616523783899,172.75967716839443,2.7914252832784316,0.0789858239858321,-1.5510064382271977,20.289046330776895,1.5100853005583552,1,9.34760070845327,0.38191727804156766,0.3984094196331792,7,2,12
2025-12-03 08:00:00,44.64957382939921,36.24912748763089,142.5306925925883,2.9573326008431264,0.15257302746839896,-0.9196300441219915,21.43326798931875,1.8240891485286161,0,0.0,0.454772273009927,0.2202999272791935,8,2,12
2025-12-03 09:00:00,52.978668313737224,46.1107191271395,219.36179415769305,3.955450924967366,0.21790598081158774,-1.1161920406760335,22.55424949922311,0.22507298713185656,0,0.0,0.6005584610022072,0.6729895789094584,9,2,12
2025-12-03 10:00:00,42.7286190593711,48.42630712018185,198.64515339583906,3.2890598252285894,0.2711996673177674,-2.3906232896019066,16.69167122243857,0.20380046487133963,0,0.0,0.42114932951293726,0.5509269155037259,10,2,12
2025-12-03 11:00:00,54.076639437150966,48.380059170784556,172.71859250488274,4.934060245049488,0.30289469697875937,2.664940225602279,22.155916766395872,0.16688858055474587,0,0.0,0.6197765194489069,0.39816734836733,11,2,12
2025-12-03 12:00:00,70.0187702465663,56.365433172951114,238.10975169949083,2.8201841929039086,0.30933091008926,1.515138595935331,21.812881028677033,0.17210332016371954,0,0.0,0.8988155534698626,0.783452740252834,12,2,12
2025-12-03 13:00:00,45.394796523319826,47.44652781342147,200.18077137230566,2.861611327895039,0.29886924430399797,0.38466618508025074,24.768115593266838,0.16600793674579764,0,0.0,0.4678160889921225,0.5599747926347699,13,2,12
2025-12-03 14:00:00,49.14952341836622,49.56747576219818,177.59572641361186,3.548846387296498,0.26620636558791977,-1.3959726239691035,19.231762682238177,0.19428507338129083,0,0.0,0.5335359967216132,0.4269034722171993,14,2,12
2025-12-03 15:00:00,67.89655000938717,52.99576659226851,214.38168134584532,3.3613292036133764,0.2213155963313859,-1.2381689950471364,17.98500276200042,0.22225248843988876,0,0.0,0.8616698110316906,0.6436467022885316,15,2,12
2025-12-03 16:00:00,38.70813644569223,34.1690306841147,186.22754661013744,3.214807727678956,0.157142535639077,-2.294362915372349,20.32547457818922,0.22593248252233608,0,0.0,0.35077783411933366,0.47776224682931523,16,2,12
2025-12-03 17:00:00,56.545584248818244,56.908285856338146,255.17133472559573,2.873263762370629,0.08142856614456251,-1.2156679028035406,22.43878228738885,0.15961512299703973,0,0.0,0.6629910673368097,0.8839797653639274,17,2,12
2025-12-03 18:00:00,49.739407009596526,44.330354210653645,186.13616578067774,2.8427238852708308,3.865292723192126e-17,-2.9985097582983404,21.13441593242306,0.19959108358558184,1,11.942714732469705,0.5438608742081601,0.4772238300292028,18,2,12
2025-12-03 19:00:00,42.88722319103608,32.77455046781154,197.2485671017843,3.058603317874103,0.0,-4.8266584925013944,16.80557352250467,0.19814406084751082,1,10.617469686816927,0.4239254166132508,0.5426982144952999,19,2,12
2025-12-03 20:00:00,53.676620428284004,39.30721412862897,220.35248986113558,2.5004725321539887,0.0,-5.24181062279737,19.002781838970723,0.1938886652316171,1,9.112529102781796,0.6127748884148462,0.6788267683252963,20,2,12
2025-12-03 21:00:00,40.489264639735154,24.203414201003415,160.63228460715783,1.555948653830262,0.0,-4.276198922076599,16.14330963662793,0.18012159975557865,1,13.179537303368814,0.38195335868846453,0.3269546961957231,21,2,12
2025-12-03 22:00:00,27.07306508474174,29.637624090760372,148.65014990207644,1.7575807987757774,0.0,-4.279049453030184,23.233010502631615,0.19758080619107332,1,9.794269770851258,0.14712632026981343,0.2563558335615087,22,2,12
2025-12-03 23:00:00,25.31063788195341,21.33297287677635,126.10654160729781,2.0926924940401417,0.0,-4.65551453871004,24.866769287368673,0.20166067284901024,1,7.540456739350353,0.11627812374718399,0.12352865839983534,23,2,12
2025-12-04 00:00:00,37.66292083223903,26.469743898586277,177.2146642298768,1.6127554387515706,0.0,-5.5340272579580905,16.229566551249835,0.2099696166474606,1,9.229939122692727,0.33248316833040714,0.42465824985684675,0,3,12
2025-12-04 01:00:00,23.35997001049355,22.801943237224876,162.62005402907448,1.0122885533634736,0.0,-6.446445532647931,21.398043458341444,0.18773651672791916,1,7.007617810311394,0.08213510453256277,0.3386666543584762,1,3,12
2025-12-04 02:00:00,25.51550623308064,20.822740357752718,120.47076923153244,1.7998202975051314,0.0,-7.0,21.951037854611297,0.24451006354152027,1,7.599003578838983,0.11986398485216537,0.09032262879096886,2,3,12
2025-12-04 03:00:00,45.856988060100534,29.72517745919434,129.5361472785168,1.6607985104820155,0.0,-5.130150705260253,20.700432336067635,0.18388386606575363,1,7.9888948604075765,0.47590594106382805,0.14373593077920788,3,3,12
2025-12-04 04:00:00,36.7491205027015,27.369021935743913,175.51456107303127,1.5918973656508462,0.0,-4.812782477798869,21.462308798609634,0.23950509201298847,1,6.280543025209205,0.3164886965568103,0.4146412243277287,4,3,12
2025-12-04 05:00:00,34.73457483835819,21.265116320672757,154.54367927533022,2.489177223290332,0.0,-3.95238524343651,23.742505865251943,0.23012535188291242,1,4.826659664078769,0.2812276086326373,0.29108057008751365,5,3,12
2025-12-04 06:00:00,59.80652497838965,43.26646284424271,164.5067429284704,3.343571731637121,0.0,-3.2669624924098417,21.325050633454264,1.4739530302326997,1,5.428547807382282,0.720068114442821,0.34978304502845114,6,3,12
2025-12-04 07:00:00,55.34712236682648,48.38145631504425,182.21338930440606,2.7894368073435287,0.0792380852776187,-3.8756076480294857,25.990648528196218,1.4972342847520468,1,8.120417602161961,0.6420140944427964,0.45411079012358524,7,3,12
2025-12-04 08:00:00,57.420848028457165,35.33770785532419,203.59474361170183,2.1798288932928704,0.15253634881699824,-1.2733299908920777,21.871037014328046,1.777396191799342,0,0.0,0.6783110244055178,0.5800899526708142,8,3,12
2025-12-04 09:00:00,67.06464904588132,36.374082060932636,232.1623702230141,2.974437414794864,0.21971623318070946,-0.5821309583758546,16.781721944613864,0.19927250071787422,0,0.0,0.847108843992035,0.7484107065730599,9,3,12
2025-12-04 10:00:00,52.79108585775398,53.46968384631179,230.2225073470025,4.475908249553554,0.27124651416383694,-0.060174830112772915,26.066574519206323,0.21793795737963398,0,0.0,0.5972751591686826,0.7369810142783575,10,3,12
2025-12-04 11:00:00,62.75050377933591,38.12418068071564,253.53915280908558,4.532818898683104,0.30309918098151856,0.49884931455398596,17.398068861078666,0.2309302888159803,0,0.0,0.771597299005091,0.8743629324911604,11,3,12
2025-12-04 12:00:00,65.83354732251395,49.48976307662608,249.04901829029916,2.9999436843341503,0.3117725377993858,0.2536379984014706,23.986828950162522,0.24078812162556515,0,0.0,0.8255605679317809,0.8479070130825334,12,3,12
2025-12-04 13:00:00,58.2872501600776,44.66812258359109,169.05387741133558,2.724182212000145,0.300785824057101,-0.8675671895735798,21.151359259382545,0.17181641630958278,0,0.0,0.6934758738708277,0.3765748088198362,13,3,12
2025-12-04 14:00:00,58.18083257672891,48.119294954616706,177.9288082590636,3.4785408781651745,0.2719572963732559,-0.8329706330721592,23.24925921304265,0.2475365770623287,0,0.0,0.6916132207527812,0.4288659939240389,14,3,12
2025-12-04 15:00:00,45.611796659497436,55.95987213528621,260.71295670448785,3.107771003816901,0.22335802812867928,-1.152652652012561,20.78508630276725,0.24653335698340442,0,0.0,0.47161429571274827,0.9166310598525993,15,3,12
2025-12-04 16:00:00,43.813617348023335,43.93915460341245,163.9531590969626,2.6465541308174645,0.1587534243126225,-1.7622794042288068,16.031660154184642,0.17973549685746223,0,0.0,0.44014032124417457,0.3465213233203345,16,3,12
2025-12-04 17:00:00,47.73764499642938,45.68472713978417,238.92024742193053,3.967116096811014,0.08165264809500965,-1.6001781742471457,19.233962417273702,0.2113728118653688,0,0.0,0.5088235416726551,0.7882281895014449,17,3,12
2025-12-04 18:00:00,51.40362317906789,42.535677898068386,234.98437319035125,2.6243661231736946,3.833481387790128e-17,-2.73605144387107,21.73703131591539,0.15469179509555,1,10.550753296779595,0.5729900588750607,0.7650379774849694,18,3,12
2025-12-04 19:00:00,43.83301568518422,30.572097645887,182.3069847651387,2.6791567754240626,0.0,-2.083694240667812,21.839177715591045,0.16678273401068222,1,11.992948387199707,0.44047985510747656,0.45466225555425244,19,3,12
2025-12-04 20:00:00,48.33296637454979,40.4998447976277,166.93692775408977,2.36358976781073,0.0,-2.6829650272538954,25.431536815025037,0.20838171771602831,1,11.642203457436379,0.5192435980797092,0.36410171936340874,20,3,12
2025-12-04 21:00:00,37.84109833740618,26.738414033175776,143.72549808042814,1.339160278208867,0.0,-5.435951341965031,21.74406021352214,0.2150106240617959,1,13.387769133017203,0.33560185299812684,0.22733973367319418,21,3,12
2025-12-04 22:00:00,40.40821237795661,24.59978658465684,123.91350973298904,1.6148931452615332,0.0,-7.0,18.534305988233164,0.20346029802897478,1,10.432607462590715,0.3805346810284781,0.11060729172707376,22,3,12
2025-12-04 23:00:00,22.55399161604965,17.76842253724137,170.32995577262542,1.870957088500084,0.0,-5.06489806657274,16.106100667976705,0.2204722157700228,1,5.816964601448129,0.06802786659078384,0.38409347583173264,23,3,12
2025-12-05 00:00:00,25.57382895618281,22.798040940086732,114.37768492516369,1.7309553867178036,0.0,-6.94915528677591,24.02835961169558,0.22928907651082478,1,10.982298699759829,0.12088482180993824,0.05442211251805547,0,4,12
2025-12-05 01:00:00,29.053640796579636,19.744014768948094,172.79287591203675,0.6623647255910243,0.0,-7.0,25.24214826148117,0.16684578257643384,1,9.32678965898541,0.1817928237657085,0.3986050269769223,1,4,12
2025-12-05 02:00:00,40.730940107814035,30.670278111357575,125.77204239425434,1.7596873040859313,0.0,-6.414931524728194,22.457404178953425,0.2159617245551064,1,8.833380532073154,0.3861834638083815,0.12155778554836472,2,4,12
2025-12-05 03:00:00,45.37963698394413,29.37984396656214,162.1605918198567,1.593661321807395,0.0,-5.991178620445212,21.165395871798452,0.2062598236748987,1,9.385433794142276,0.4675507478483214,0.33595949823040977,3,4,12
2025-12-05 04:00:00,31.0069693210302,21.622833921466583,113.35694264051823,1.9899642804982538,0.0,-4.315743705945219,25.301527011635677,0.16175862429196086,1,4.0343019708082455,0.21598241304359586,0.048407888332438635,4,4,12
2025-12-05 05:00:00,28.42353599739149,25.989810928353272,154.46775229260922,2.766767486947189,0.0,-5.768697808291119,18.694002550802093,0.1728604489778146,1,6.04195907357205,0.17076394459018523,0.29063320751354116,5,4,12
2025-12-05 06:00:00,52.369249548795516,42.246402816203286,147.92796296724393,2.1238732549028043,0.0,-4.51531010681527,20.411369898963137,1.4397517638008281,1,5.285888261996758,0.5898916545685813,0.2521007006103792,6,4,12
2025-12-05 07:00:00,57.004966186183836,51.46193112097361,129.78023096507218,2.7136933927210847,0.07892784415384715,-2.322751225584513,21.56520564832088,1.772818826845609,1,7.2772451807711995,0.6710317422993726,0.1451740744057411,7,4,12
2025-12-05 08:00:00,50.372847403180714,44.06588586397372,194.0219418968254,2.3936811763727928,0.15322387979033897,-1.3241935231849244,16.60386148878601,1.287769335688564,0,0.0,0.5549481371122629,0.5236869051398491,8,4,12
2025-12-05 09:00:00,53.14438143507942,54.053174455173504,232.53138573087676,3.1934338693163578,0.214675681330876,-0.6890392855974511,23.36696921126776,0.16829236922016075,0,0.0,0.6034589784961808,0.7505849497935473,9,4,12
2025-12-05 10:00:00,43.25386194250309,54.38937113478465,151.07527672030656,4.3759509214398475,0.26199766366591754,-1.645618141704747,17.940948578170392,0.22209517278364724,0,0.0,0.4303427847974074,0.2706447060641831,10,4,12
2025-12-05 11:00:00,67.09393529309278,56.20574485339566,184.37708247952395,2.9737223008963958,0.28957971004364186,-1.5418961216454872,19.366722181582045,0.2475792942833337,0,0.0,0.847621448375331,0.46685929287476485,11,4,12
2025-12-05 12:00:00,53.89917970565302,45.899194715954664,236.49208790480813,3.5352515989494084,0.3023113745330042,-0.9727857368014258,20.102174545980844,0.1947328757673767,0,0.0,0.6166703981501429,0.7739214483052719,12,4,12
2025-12-05 13:00:00,43.481000287184976,39.631383508168724,259.22193941846547,4.2966981893703835,0.29136365888843796,-0.33323669583427784,22.315986660588525,0.1850137614413316,0,0.0,0.43431844307338385,0.9078459704547566,13,4,12
2025-12-05 14:00:00,58.90026390869585,39.151890882904304,185.98570908500858,3.8908319569280208,0.25607902263350507,0.6079375598981327,16.24189689329006,0.17539405893195756,0,0.0,0.704205604187366,0.4763373376093304,14,4,12
2025-12-05 15:00:00,68.45554729400055,44.57771843271079,171.70842876792358,3.224801305085915,0.21314320612145737,-3.4064550240173004,19.003626781591745,0.15497408636593002,0,0.0,0.8714540779018842,0.3922154530949959,15,4,12
2025-12-05 16:00:00,54.58989173990202,46.576400413305926,161.90816158819305,3.895063646593104,0.15240276882626191,-2.205782164750185,18.24663764813844,0.16784141215317627,0,0.0,0.628760100657769,0.3344721766730593,16,4,12
2025-12-05 17:00:00,57.445565408010516,43.97216379993998,178.6252597868126,2.934428540633145,0.0774181872032277,-4.045983001975056,15.40336483504241,0.15934150662184676,0,0.0,0.6787436587751984,0.43296949358825887,17,4,12
2025-12-05 18:00:00,40.33875217648972,38.333637919968155,157.13172920542476,2.213158263574115,3.697516431500748e-17,-5.146705722136735,22.464447772488775,0.1994101554689781,1,13.2475196175248,0.3793189020493736,0.30632938726428494,18,4,12
2025-12-05 19:00:00,28.841088780508983,27.892912311839947,176.9692579548791,1.929023437503313,0.0,-3.3086579409121057,17.808120729941088,0.24781975269540785,1,13.164638936357193,0.1780724735846315,0.4232123135254192,19,4,12
2025-12-05 20:00:00,40.98038431823852,35.28751093497617,174.61131974584623,2.0117070270090776,0.0,-4.45922033784006,17.13680832182254,0.22874024241707716,1,10.190859043440874,0.3905495471350758,0.40931931700879,20,4,12
2025-12-05 21:00:00,37.906533203967534,25.61997267006923,167.94430275311493,1.4257388881060062,0.0,-5.180412254156699,23.72240855365939,0.21016900835997518,1,12.470714256420623,0.3367471755509807,0.37003718336275426,21,4,12
2025-12-05 22:00:00,28.675968470692883,30.260310298040213,131.3863448195686,1.468693846987625,0.0,-5.19024936277711,15.969182435536853,0.19866382697453128,1,11.196937185626455,0.1751823322165081,0.15463731398528066,22,4,12
2025-12-05 23:00:00,29.66192354616332,18.849579621957076,148.98393904450072,1.453856006039242,0.0,-6.895361979399358,25.04721249809767,0.21171819910319087,1,6.511077700533311,0.19243974624329835,0.2583225226694863,23,4,12
2025-12-06 00:00:00,27.849899729834565,30.24499418513049,109.67710661036384,1.2142043346782543,0.0,-6.955162778311786,22.962467454190577,0.18760266430766337,1,8.134338931481077,0.16072344800337163,0.026726256068771156,0,5,12
2025-12-06 01:00:00,29.632604647451444,24.982282917410984,122.94486289480578,0.6916726752524401,0.0,-4.2392248255382246,17.661506596246234,0.16783852936449148,1,6.998124960167208,0.19192657035276506,0.104900014455273,1,5,12
2025-12-06 02:00:00,33.95227614734764,24.423673426996082,130.8360234516524,1.903844916497287,0.0,-6.376470971231996,19.65734465756018,0.2089773653598977,1,8.13634709528478,0.267534842360357,0.15139481474666744,2,5,12
2025-12-06 03:00:00,41.68417897623226,27.87842754742947,114.3874901705309,1.8941763979412836,0.0,-4.92265071676927,26.157922807416902,0.2028103289001662,1,8.590262241867455,0.402868238021723,0.054479885126009917,3,5,12
2025-12-06 04:00:00,30.356084260866517,26.76298715664546,168.18067844354306,1.2755956506064066,0.0,-5.034712761979253,22.706611422070925,0.24445366878186459,1,4.079679114968111,0.20458981185257558,0.3714299113957254,4,5,12
2025-12-06 05:00:00,43.11443608234407,31.214929225672094,129.05033893094017,1.982038289682711,0.0,-6.1704348186566085,22.650751393783317,0.21498328470640568,1,5.882940902787851,0.42790237969714706,0.14087354292918874,5,5,12
2025-12-06 06:00:00,47.648782314502164,39.6882103505649,180.3911769317014,3.355400779955662,0.0,-5.594966038672313,23.145514240211007,1.7050728816482166,1,3.9494095716437045,0.5072681563090601,0.44337429582124815,6,5,12
2025-12-06 07:00:00,53.72464118605418,36.92471377083508,167.43275131889507,2.376709963478235,0.07858430916878721,-3.357475029997768,21.08271120512036,1.1945262869141038,1,10.712812766245312,0.6136154075412624,0.3670231169777797,7,5,12
2025-12-06 08:00:00,49.69721384303677,39.62386706384344,178.1768783830648,3.4797617455383194,0.15335068216251507,-1.00345063071426,17.86766761639173,1.6957027504488815,0,0.0,0.5431223568430807,0.43032762568157423,8,5,12
2025-12-06 09:00:00,44.64385786924905,40.474072870132325,204.1718332421103,3.0605238089054945,0.2143331743660046,-0.6545368433608558,17.626195747178482,0.2482848837135467,0,0.0,0.45467222515447586,0.5834901707911763,9,5,12
2025-12-06 10:00:00,56.55720895937361,56.25667217356214,154.4277711632999,3.70899070583407,0.2615256751485316,-0.05658545094129075,23.24017559652541,0.2157495561242585,0,0.0,0.6631945375029324,0.29039763828272014,10,5,12
2025-12-06 11:00:00,57.072831732972716,49.4336381440683,164.41536930352686,4.473052359350917,0.29213147278451695,-1.6625905289788352,25.185636198108277,0.22420837037153515,0,0.0,0.672219609645693,0.34924467067742304,11,5,12
2025-12-06 12:00:00,72.79607273064602,47.40334953816999,196.05777149715055,3.100879259402557,0.30419028010781024,1.0379746417513507,18.9022143098416,0.24795212463244543,0,0.0,0.9474273614901497,0.5356820343749653,12,5,12
2025-12-06 13:00:00,60.03808851066242,34.721180733562285,209.54419219808705,2.8839450032280434,0.2931881083903616,-1.649582703868064,20.90610773397087,0.1891274723061042,0,0.0,0.7241212278648809,0.6151441657837252,13,5,12
2025-12-06 14:00:00,41.98732833703792,46.037033488534846,212.29348769143016,3.7043830709399295,0.26495740320295835,-0.7761283190689177,25.856967627032436,0.232417851348275,0,0.0,0.40817433579588774,0.6313430435006551,14,5,12
2025-12-06 15:00:00,43.63785757082474,52.29799157221801,237.9740717859047,3.7141017411734247,0.21888779049511134,-1.4806159320030625,18.139567412242933,0.1899692528230208,0,0.0,0.4370639546633491,0.7826533127870895,15,5,12
2025-12-06 16:00:00,45.35154026994224,45.38289851207255,161.0564243419884,3.6092153621267644,0.15370246690087352,-2.270005870207955,19.438002929651667,0.1925918616666704,0,0.0,0.4670589641571714,0.32945373193635086,16,5,12
2025-12-06 17:00:00,67.2271161314885,48.88539352020432,256.09645601237037,3.740652132258614,0.0798177661615993,-1.4856238458630326,19.11697084924437,0.2158241884930627,0,0.0,0.8499525453246858,0.8894305896329362,17,5,12
2025-12-06 18:00:00,33.734937953964355,38.107923115720425,167.4487410976945,3.0252706103347924,3.782467630234047e-17,-4.310317712205709,15.70900482063582,0.17564191581887761,1,12.146575362216588,0.26373071854136826,0.3671173289212102,18,5,12
2025-12-06 19:00:00,41.21811600901096,27.564294297995488,166.42843448141815,2.1524941073874158,0.0,-5.735796656299614,20.61466714094865,0.24927818195261153,1,11.752215278420609,0.39471062335144536,0.3611056716981675,19,5,12
2025-12-06 20:00:00,51.074484073230494,47.48989523028935,216.5064466072647,1.8582616744969704,0.0,-5.094258850650625,17.571178194118634,0.18292315668305748,1,7.572199706817071,0.5672290562055088,0.6561658413662522,20,5,12
2025-12-06 21:00:00,39.03672650141778,27.364785854993137,127.70122914259744,1.253114943947948,0.0,-6.1399144822928,16.812376667888135,0.1622849961489897,1,9.204566085888315,0.3565292266298253,0.1329245739875117,21,5,12
2025-12-06 22:00:00,29.838927387978316,19.96981144043804,199.3044865247163,1.2253663307149052,0.0,-2.843966757998573,22.933065993588826,0.18225540570089316,1,11.498711240456082,0.1955378879928871,0.5548117131747161,22,5,12
2025-12-06 23:00:00,21.48543861453318,16.58257400354772,116.51444325373636,2.0116153106344385,0.0,-5.84904252080829,23.643879171365732,0.23559662302890302,1,5.901778159207047,0.04932472076241991,0.06701191487250918,23,5,12
2025-12-07 00:00:00,31.850462101756598,19.93044959309389,117.7804249970109,1.1544991500055901,0.0,-7.0,25.083361117609627,0.1813928037705349,1,9.7167583288135,0.23074627450924992,0.07447109250577008,0,6,12
2025-12-07 01:00:00,23.386241694847616,19.956468735182554,122.99332384640117,0.646621668599916,0.0,-7.0,25.715890080462593,0.21113556149131263,1,8.002702851910168,0.08259494428120741,0.10518554688743262,1,6,12
2025-12-07 02:00:00,26.571247783930186,25.93011242873323,135.7105148079035,1.4470926473141617,0.0,-7.0,25.17132582641067,0.2435320210823985,1,9.94042072000171,0.13834288871054157,0.18011536864977923,2,6,12
2025-12-07 03:00:00,31.469187601404382,24.36298655864852,142.6671487238299,1.1984658802159314,0.0,-6.792238025779043,17.32301328828851,0.17599660564467254,1,8.788285215352316,0.22407273321499135,0.2211039282274583,3,6,12
2025-12-07 04:00:00,34.434911462991,29.17953011083579,116.63012316609603,1.4250409050739843,0.0,-5.035220799591495,18.471279346727947,0.16313653280757878,1,4.1579733866879565,0.27598252691843284,0.06769350212246346,4,6,12
2025-12-07 05:00:00,34.47183105821261,29.584024119360514,119.37554117406859,1.8626724706321616,0.0,-3.0037480074723684,17.427788291883996,0.1596848249863119,1,5.307359492440129,0.27662873966817375,0.08386953365515491,5,6,12
2025-12-07 06:00:00,43.95596771172455,36.27734857545836,122.54872291246144,3.3392431010588335,0.0,-2.5373803090254894,19.925388707654385,1.455276150317701,1,5.673706509992965,0.4426319146487563,0.10256595354828055,6,6,12
2025-12-07 07:00:00,44.339743176687634,38.659678013491366,149.01395228404465,3.522151891310703,0.07875510207439175,-2.6579603850701568,17.44493761385085,1.2032150269672055,1,11.705743409196034,0.4493492309413184,0.25849936098986265,7,6,12
2025-12-07 08:00:00,39.724140689572934,37.860161285932406,217.93796762357184,3.3602260259989456,0.15148770973010453,-2.4911158890097296,23.075609824516196,1.4653563056027041,0,0.0,0.36856120612668325,0.6646003781224947,8,6,12
2025-12-07 09:00:00,52.76978109731847,40.34166669566823,179.86837142256547,3.8553640306645955,0.2133887845697933,-1.2822443630064877,23.66737630904935,0.23627169391506203,0,0.0,0.5969022567102196,0.44029392030950854,9,6,12
2025-12-07 10:00:00,45.37756777525677,34.684151237111635,226.4007392094549,4.44730695358903,0.26520066854018925,-1.5973606548914212,17.633182987040765,0.22774838280386317,0,0.0,0.4675145299800696,0.7144631165578355,10,6,12
2025-12-07 11:00:00,61.17352518258762,35.44734222592205,176.01980818530436,3.332639276322619,0.30195930716723074,0.9349278362526248,22.413824600868388,0.20817008534408055,0,0.0,0.743995055015945,0.4176181455820503,11,6,12
2025-12-07 12:00:00,49.285295189714795,49.14426521361745,167.92216948045447,4.267513391395509,0.3122087630775601,-0.8748115508359875,15.991388769364667,0.23504225061183096,0,0.0,0.535912443407275,0.36990677388942905,12,6,12
2025-12-07 13:00:00,61.73682950100449,32.869316127719365,224.5708190059299,3.6485260550822116,0.30170427987512133,-0.8785824394197834,20.185724862832735,0.16002700479319085,0,0.0,0.7538547089574399,0.7036812076359262,13,6,12
2025-12-07 14:00:00,40.43251235257597,31.616534186635548,255.4301640407552,2.672076370348684,0.27124890773204147,-3.31216192122024,18.52289268610799,0.21094176959666175,0,0.0,0.3809600094570038,0.8855047903879659,14,6,12
2025-12-07 15:00:00,67.41379023959,55.88614002274903,262.19608003620795,3.2225213460258115,0.22093160420819827,-1.7729168128005506,25.792520540595785,0.16156413709259565,0,0.0,0.8532199481219707,0.9253696379893732,15,6,12
2025-12-07 16:00:00,58.965217685549064,38.39314109135393,219.59971767820036,3.0545235746892785,0.15630606927211538,-1.3666977266738596,24.91469024233809,0.1982139411268615,0,0.0,0.7053425061088099,0.6743914267733971,16,6,12
2025-12-07 17:00:00,58.95690058375358,46.31480299533237,186.83435343691144,2.487847870064925,0.08077474877227771,-3.998819811432794,16.901580783079694,0.19634623773729765,0,0.0,0.7051969298317984,0.48133755898055935,17,6,12
2025-12-07 18:00:00,53.4833393809857,30.419570883102796,160.95117452372608,1.9562581868111888,3.831396309777643e-17,-4.4626401572722845,24.778050611836726,0.17651553649312343,1,12.568330029240254,0.6093918427368604,0.32883359890958513,18,6,12
2025-12-07 19:00:00,31.094735930683573,22.920436175789202,206.32553370318595,2.395485220940259,0.0,-3.7000243391985377,19.68394112784034,0.2329854637517622,1,11.227636707898276,0.2175186135847749,0.5961797963670132,19,6,12
2025-12-07 20:00:00,40.60533771338847,43.73834212639829,160.23931354062765,2.3363604100297697,0.0,-6.697286787511868,21.355197831306658,0.17282276659362317,1,11.465998709501113,0.38398501422656467,0.32463930657375367,20,6,12
2025-12-07 21:00:00,31.863874775795466,22.466063847954704,198.82337587130039,1.3201812329677514,0.0,-4.788493183668608,20.995004319377212,0.20518942462386286,1,9.021197017003638,0.23098103983969326,0.5519770041876804,21,6,12
2025-12-07 22:00:00,30.29955885852117,20.040597064338925,168.40968947626305,1.7779889788832737,0.0,-6.859531171885891,23.096374224466008,0.1982261345031476,1,11.640261419213468,0.20360043384177817,0.37277924678868024,22,6,12
2025-12-07 23:00:00,22.532274584417642,18.725587138797437,178.93949013905117,1.4019586553133891,0.0,-7.0,19.14831589253634,0.19316522112623796,1,5.099426780618501,0.06764774804823499,0.4348209421004997,23,6,12
2025-12-08 00:00:00,34.24239214150207,18.502368581985642,150.20329075102288,1.3285342942838487,0.0,-7.0,16.4816671553873,0.1533542148177934,1,8.506505262523573,0.2726128139145153,0.2655069556399357,0,0,12
2025-12-08 01:00:00,22.394359874148957,20.73723626105516,160.5701202671765,0.6607219963133152,0.0,-6.2620115689384495,20.25916246121001,0.2196733859300486,1,8.483740239140785,0.06523379297593526,0.326588423256292,1,0,12
2025-12-08 02:00:00,31.762931514381123,22.001396971598865,125.60136056377691,1.8411978972521919,0.0,-3.8847935334615022,21.72287147439454,0.15126853433277354,1,6.598734215872758,0.2292142051240135,0.12055212642329058,2,0,12
2025-12-08 03:00:00,34.60005296240442,29.111111905017133,141.5791667903148,1.8953113626933056,0.0,-5.090714295805836,21.93985745634178,0.23205472041487557,1,7.996776802953866,0.2788730391732863,0.2146935273295142,3,0,12
2025-12-08 04:00:00,34.99389347808962,18.51449564458143,110.42968320914407,1.5489650100188004,0.0,-6.119471263934699,24.568637067863424,0.17663945867913572,1,3.907990862445452,0.28576652652255635,0.03116044523678964,4,0,12
2025-12-08 05:00:00,45.1422499955267,34.547201280832454,159.89561451303302,2.952936032993694,0.0,-3.400310285607576,16.587273326430804,0.1620005431549072,1,6.049951560292458,0.46339570504199695,0.3226142283190103,5,0,12
2025-12-08 06:00:00,49.44643802565485,40.75482884643223,162.69914780483623,3.1637036531561606,0.0,-4.080433936826061,26.74701439138229,1.4377805065121048,1,4.729349806293186,0.5387329660725108,0.33913267571006867,6,0,12
2025-12-08 07:00:00,47.022512204956286,44.23720343557016,191.3012086761587,2.319381521581064,0.07798510417946262,-1.6170858483563102,26.752357794949873,1.5445204122847376,1,7.484784384167243,0.49630639664888526,0.5076563166313811,7,0,12
2025-12-08 08:00:00,43.46927611573082,41.72105323961846,200.6060368937459,2.827260023076458,0.14919785387259157,-1.4656180540300043,17.13587392936686,1.357771993943704,0,0.0,0.4341132320187028,0.562480461521842,8,0,12
2025-12-08 09:00:00,63.07922236506419,53.02116170463264,202.4988861803177,3.799640908863813,0.21242113836602525,-4.598375083915293,19.688162913456804,0.16217847729455176,0,0.0,0.7773509412078122,0.5736331492572987,9,0,12
2025-12-08 10:00:00,41.885049345910765,48.6000138897756,155.66854136208673,3.700239156157837,0.2603239052371825,-2.1868096019297742,22.209550929238663,0.15183272739503792,0,0.0,0.4063841214747316,0.29770826923294896,10,0,12
2025-12-08 11:00:00,68.45754393402336,52.529245148222735,250.25456283872512,4.050491389626353,0.2924851064814768,0.057111292720875895,19.7911343118178,0.22038132429104995,0,0.0,0.8714890255829635,0.8550100941334964,11,0,12
2025-12-08 12:00:00,58.207559996489906,51.551417042318185,162.91459083681707,3.4632511801418118,0.29625774824953566,-0.6376322736341395,20.87005922195864,0.23864357936624378,0,0.0,0.69208103735027,0.3404020683011788,12,0,12
2025-12-08 13:00:00,45.735727353646645,37.86892826127401,251.7898037992015,3.4143041318030445,0.29026828431459567,-1.9194990573813755,19.054101487156153,0.16005210546797582,0,0.0,0.47378348511373586,0.8640557498823948,13,0,12
2025-12-08 14:00:00,62.920869259134996,48.24697529850741,217.7280986394217,2.4494327158082476,0.25645105448845346,-1.8332578392295407,22.950883232581898,0.17306337665948995,0,0.0,0.7745792478726525,0.6633638278793302,14,0,12
2025-12-08 15:00:00,67.20461097493995,56.02924466069445,253.39961761140478,3.171636756373683,0.20910375860472794,-3.5868776597818153,19.242666259005293,0.15202291603481113,0,0.0,0.8495586320380072,0.8735407896513268,15,0,12
2025-12-08 16:00:00,54.12929542169992,35.44288374408689,210.8922972510757,3.7896918736017153,0.15037439557521043,-2.3945444183864235,19.84597472715747,0.2385066235149491,0,0.0,0.6206981700889385,0.6230872148142184,16,0,12
2025-12-08 17:00:00,41.053785820005515,47.228964030385534,223.58668807150408,3.684271918865132,0.07631049944581254,-0.8232269144224094,21.295738003811074,0.19447385492393782,0,0.0,0.391834311662077,0.6978826979075933,17,0,12
2025-12-08 18:00:00,49.85245479769069,39.552879833026644,186.32655057819963,2.6328458787943907,3.62136656856245e-17,-3.0096359250172715,25.3093129430111,0.2425195208424704,1,9.584940260381792,0.5458395774295244,0.478345579241569,18,0,12
2025-12-08 19:00:00,34.81913022571327,23.466857018788133,213.54522201234232,2.2928293344635,0.0,-2.4047978828310232,21.971740855412147,0.1968099330335086,1,8.231485067674804,0.28270760236063347,0.6387182751727821,19,0,12
2025-12-08 20:00:00,45.73977253677951,47.33757944698621,157.8758557603048,1.529073761289136,0.0,-4.440541982686549,16.421928497694672,0.23621831063595697,1,7.63851997133983,0.473854288948388,0.3107137886855249,20,0,12
2025-12-08 21:00:00,30.16515326497185,27.929304709819768,188.2538005116805,1.7464465485731056,0.0,-4.92095428510184,18.77691727711535,0.24517564282515758,1,10.99214974901882,0.2012478997019337,0.48970095594735036,21,0,12
2025-12-08 22:00:00,35.13840112201483,28.181012841507325,135.4706120861772,1.5135182787799075,0.0,-4.45527790742571,19.917038396745532,0.18351516731220524,1,9.136724700438203,0.288295879333143,0.1787018593116187,22,0,12
2025-12-08 23:00:00,27.92883105050886,15.056355014526602,168.56889476937354,1.8934742328634877,0.0,-6.355954586626925,23.376875199727888,0.21407110551843594,1,6.772433193226324,0.16210500230989797,0.3737172860359089,23,0,12
2025-12-09 00:00:00,29.249970227123644,21.57047931999299,130.36311914421688,1.1888035178873966,0.0,-7.0,20.442193293624864,0.21664200030428146,1,7.965830357084465,0.18522922604491507,0.1486084576357254,0,1,12
2025-12-09 01:00:00,35.73801936746615,17.36059970887662,125.71633220278295,0.6666151076621695,0.0,-5.708858940442583,22.810298632174202,0.15214087351951272,1,9.967108399087735,0.2987911448652299,0.1212295405192593,1,1,12
2025-12-09 02:00:00,28.59830761706233,21.695915715655207,161.80457562350247,1.2361267981907456,0.0,-4.992113575971114,24.85713178605723,0.19382291647962752,1,9.428235562455978,0.17382301520692026,0.33386184708888916,2,1,12
2025-12-09 03:00:00,31.03139111301444,31.878812715808166,163.5352278646303,1.765390965438544,0.0,-6.453294087375855,17.129154125217237,0.2355327839871765,1,9.867406744669273,0.21640987367140088,0.3440588681411698,3,1,12
2025-12-09 04:00:00,35.62070528509482,28.729305502950854,159.27001081883466,1.821189705667868,0.0,-6.077702556505293,24.280812598056762,0.2446285262471843,1,6.350296531725867,0.2967377676465072,0.31892816482888475,4,1,12
2025-12-09 05:00:00,42.67457037578562,28.51038363789262,183.87253217246564,2.5166706488726933,0.0,-4.49785182167972,24.12085375769796,0.2399220873725538,1,6.310408359931001,0.4202033021193539,0.46388647720403514,5,1,12
2025-12-09 06:00:00,60.11865517715391,35.24869408230532,132.49549546760537,3.398406872998152,0.0,-3.0328619659650267,24.936908078521274,1.8546734498081539,1,4.327498781309683,0.725531406031202,0.16117244116993754,6,1,12
2025-12-09 07:00:00,55.36111216261934,32.969513486286495,150.08023772763764,2.562682949495172,0.08253654267064696,-2.2939156303638923,26.38179244006448,1.614781396839793,1,8.141035735171755,0.6422589612771523,0.26478192594293065,7,1,12
2025-12-09 08:00:00,39.546533342644935,40.87064194817961,161.46126779580916,2.3786595990266863,0.15757087922994248,-3.7967272611900853,19.392568196163456,1.2995995388081327,0,0.0,0.3654525010787643,0.33183907378804384,8,1,12
2025-12-09 09:00:00,68.39930600214383,44.312575756032324,171.82062008574624,2.7502567768144197,0.2214608809318356,0.156278039827495,20.595721041352455,0.2075382171132222,0,0.0,0.8704696727468015,0.39287648550955845,9,1,12
2025-12-09 10:00:00,64.46528009110158,57.27933500559801,182.80319838843036,3.4991951539138575,0.26916317652924154,-1.923818659653425,18.72849624018349,0.19211439566169963,0,0.0,0.8016114502698967,0.4575859513972925,10,1,12
2025-12-09 11:00:00,46.28738991872427,52.93703748096839,228.8012276901435,4.691194490120673,0.2983690705147662,-1.252091889367744,19.302831517185336,0.17586525754821786,0,0.0,0.48343937058507264,0.728606819718782,11,1,12
2025-12-09 12:00:00,62.48281035158133,61.06492489029855,190.0386636208387,4.234555975815968,0.3087239005909813,-1.7915260178955639,19.21317256958727,0.2272786144750517,0,0.0,0.7669117951419386,0.5002173879993868,12,1,12
2025-12-09 13:00:00,51.833570568970394,30.603046211186893,195.23436059878142,3.766625825808952,0.2985086852284134,1.7031745156020377,24.72930197090595,0.21291987299165052,0,0.0,0.5805155337185721,0.5308304887750961,13,1,12
2025-12-09 14:00:00,49.40283414018212,47.30538123856308,227.74560418675466,3.46093822203599,0.26844734433298545,-1.0568379114991324,16.215070045945563,0.2290104208421211,0,0.0,0.5379697565475529,0.7223870750285816,14,1,12
2025-12-09 15:00:00,68.54000946915717,40.14183457890178,185.11547798142294,3.584254457464301,0.22245810581492628,-2.6306853747591084,17.577337929052923,0.1769490667816726,0,0.0,0.8729324401138597,0.47120992687207597,15,1,12
2025-12-09 16:00:00,39.413561442096686,45.13757452522038,200.14067470664156,3.5514367940287532,0.1546760025360857,-1.5411457806499813,21.703911992767708,0.24038845456183244,0,0.0,0.3631250612199093,0.5597385426625417,16,1,12
2025-12-09 17:00:00,57.51040816002235,45.02692321417152,162.2472392449466,2.782776192469121,0.07908104442787679,-2.363507955368725,23.237542676346788,0.1738713739919172,0,0.0,0.6798786174015545,0.3364700257626145,17,1,12
2025-12-09 18:00:00,37.80842756084547,37.52349607224469,245.2547108063007,2.732326165894213,3.656285970463572e-17,-4.100852277267168,22.523114803331783,0.21019224137796258,1,11.047463980598158,0.33503000836573743,0.8255509138190875,18,1,12
2025-12-09 19:00:00,38.456933695761414,24.205491496386895,172.9647676917222,2.8265554000231985,0.0,-3.8529929021678218,15.865575247796784,0.1556894663399735,1,11.031888264503559,0.3463809706434233,0.39961781513534755,19,1,12
2025-12-09 20:00:00,55.22211303203083,38.12752585103293,211.50379202229774,2.144410023301023,0.0,-6.246444506618282,20.091832111577226,0.2040964268414252,1,7.525587286887698,0.6398260253294519,0.6266901483830372,20,1,12
2025-12-09 21:00:00,31.765203770460076,21.24923953926785,172.18733186095452,1.2928753280449745,0.0,-6.539394068566961,17.389197001425714,0.15987234098185335,1,13.504000492949801,0.229253976980668,0.3950371551132225,21,1,12
2025-12-09 22:00:00,32.879172414308805,20.241335049918394,138.25697258301616,1.4906643325315356,0.0,-7.0,25.81447539363229,0.18322148949798112,1,10.005197430724557,0.24875204395961928,0.19511912441566673,22,1,12
2025-12-09 23:00:00,30.494757666326667,19.358147897425827,128.45979923974622,1.7757993268614753,0.0,-7.0,26.076675405650334,0.23606892586975833,1,5.978703999004775,0.20701704655329345,0.1373940769104189,23,1,12
2025-12-10 00:00:00,37.308420445032105,29.97238116259098,159.52863173190516,1.1542471660417324,0.0,-5.129490365376929,16.284434700634797,0.2393527315140553,1,9.06123738258441,0.3262782609194195,0.32045196194564196,0,2,12
2025-12-10 01:00:00,30.374388711107926,24.390423914925133,174.22058389287426,0.7925801534991032,0.0,-5.197444258408595,22.901365420822064,0.2267298530513444,1,9.643520519635091,0.20491019914425623,0.4070170972884148,1,2,12
2025-12-10 02:00:00,29.058323029819334,24.219200001099463,117.81488043704209,1.294068395814037,0.0,-6.477350034050402,24.57631499254195,0.18677037919043635,1,6.527950987101257,0.18187477804496296,0.07467410431774146,2,2,12
2025-12-10 03:00:00,38.14489086145406,24.894294548880417,114.18036803185318,1.535526132379065,0.0,-4.407411257622524,19.48276717896762,0.2078722814989262,1,6.41902375645595,0.3409192082166051,0.053259519325013556,3,2,12
2025-12-10 04:00:00,37.77515050165822,19.02073743506277,137.15342163509408,1.315803532508814,0.0,-5.613049561555234,23.508118800690692,0.17239789663995586,1,5.102237131087156,0.3344475518195155,0.18861699072248025,4,2,12
2025-12-10 05:00:00,42.15187047761667,23.241677823732335,143.66042362452265,2.9050847137767173,0.0,-4.976788048272051,18.128060271561196,0.21783491951442668,1,7.102826385685701,0.41105435732573975,0.22695631430039082,5,2,12
2025-12-10 06:00:00,42.75487079638057,50.02631591018604,184.5002378953562,2.4530031885136436,0.0,-3.9043483171038105,17.500560897682824,1.3855522638008797,1,4.007887306757747,0.42160882011830664,0.4675849258691355,6,2,12
2025-12-10 07:00:00,52.7944549643671,40.526400068927856,167.00831556125294,3.0390045446683343,0.07773371541553127,-3.3132545984577737,26.0513344915859,1.2907489514410464,1,7.384217131629489,0.5973341294698348,0.3645223370676592,7,2,12
2025-12-10 08:00:00,37.111663332225454,45.135684185605704,140.62150695170777,2.1828190008296153,0.14756464496875513,-2.683910450548868,22.960497698542323,1.563727768424902,0,0.0,0.32283437281244864,0.2090509855737911,8,2,12
2025-12-10 09:00:00,42.050408410377194,50.889273082289115,230.39039026325918,2.755551256424238,0.2119279586907421,-0.7079124784846322,24.737528298639205,0.16118021913675562,0,0.0,0.4092784418241839,0.7379701821716553,9,2,12
2025-12-10 10:00:00,54.586418097683556,48.542824398897935,187.31878935505787,3.990181046868015,0.262059949934251,-1.2283286777304991,21.597577468368094,0.21866989806168524,0,0.0,0.6286993006442223,0.4841918604620638,10,2,12
2025-12-10 11:00:00,47.990984906677994,56.83960992940569,225.83552558149123,3.1847362852064647,0.2904120248035662,-0.3701837232165178,17.481684856328048,0.16870054249286856,0,0.0,0.5132578123909068,0.7111328719677231,11,2,12
2025-12-10 12:00:00,47.91895287026852,45.77592902939596,232.61594255139678,3.7841128099496952,0.2979346958550432,0.04704232765963168,19.704879442182193,0.20534553609831901,0,0.0,0.5119970179526633,0.7510831594618251,12,2,12
2025-12-10 13:00:00,56.22913323675422,39.56103236146693,170.13700723621005,2.706287509364679,0.2857521926509243,-0.7022629598153658,24.853293461389868,0.18925084859521732,0,0.0,0.6574521474912174,0.38295662104307093,13,2,12
2025-12-10 14:00:00,50.812787661039465,49.11069919183739,165.39651250730194,3.151216672925644,0.2535623214221657,-2.3643021892303304,15.724418242573941,0.2066244710769925,0,0.0,0.5626485195797895,0.35502557666560514,14,2,12
2025-12-10 15:00:00,63.35306962132507,48.60192144598221,173.60185212659565,3.3205379453158397,0.20451161149418787,-3.2275262620409046,17.623575916396444,0.17459618697737783,0,0.0,0.7821441570438782,0.4033715232692541,15,2,12
2025-12-10 16:00:00,54.685517566178,37.79386980836173,263.6361692935649,4.056467778087506,0.1433733250954961,-2.351066523420066,18.02991159626666,0.18103893187937137,0,0.0,0.6304338629992338,0.9338546589112324,16,2,12
2025-12-10 17:00:00,60.28415530922213,39.512373373318844,238.9013248191824,3.2059302226607977,0.07274065322915031,-3.398505566974828,18.08572485390627,0.1640321094306717,0,0.0,0.7284281955215619,0.7881166973287248,17,2,12
2025-12-10 18:00:00,40.07114082529809,40.807015960253246,163.20122767254102,2.900384283016994,3.4595815880069686e-17,-3.920167003423704,16.38551362255054,0.22769656454806625,1,10.297402404032983,0.3746348347924763,0.34209093552636527,18,2,12
2025-12-10 19:00:00,33.44800364015413,22.417547993582904,201.285659819878,2.8672754222175865,0.0,-4.803914435459621,24.08925526950946,0.15701120247302672,1,13.108387544695477,0.2587084367203092,0.5664848068898434,19,2,12
2025-12-10 20:00:00,50.889448569397764,47.03743784845598,190.07763754583627,1.8033945490714438,0.0,-2.9316672209905335,17.065600856880835,0.18764345125462525,1,9.09537127866544,0.5639903343014974,0.5004470227718996,20,2,12
2025-12-10 21:00:00,30.916944492008305,20.99309613749356,127.28285301518603,1.7311047445952412,0.0,-7.0,24.049748911952456,0.19490967896238837,1,10.079413927627145,0.21440668633375506,0.13045949748190153,21,2,12
2025-12-10 22:00:00,40.20833459838702,27.99096789828776,154.32514147929578,1.6792533951973345,0.0,-7.0,19.24626594327754,0.1695206211814001,1,9.620268729211368,0.37703617112411747,0.28979294311432696,22,2,12
2025-12-10 23:00:00,25.171072276721706,18.8827465869472,167.78056367966835,1.4456109782921411,0.0,-6.5921111177152625,20.425192162439235,0.1884821615533337,1,4.75807346086293,0.11383527265456814,0.36907243103450627,23,2,12
2025-12-11 00:00:00,28.49074300111788,25.40888875484676,122.59524711005297,1.7111418828719458,0.0,-7.0,20.6099338158521,0.19180882210916228,1,11.088767930023216,0.17194028529541766,0.10284007460565257,0,3,12
2025-12-11 01:00:00,31.142936233662887,21.144820276122527,166.16537035061089,0.6807114432928293,0.0,-6.616030398024968,23.381263899522324,0.17243303909856555,1,9.404847825322934,0.2183622753351177,0.3595556950961706,1,3,12
2025-12-11 02:00:00,41.259434371154974,28.93320136384447,151.2213425869532,1.5349059626713908,0.0,-6.052308307053045,23.70756073719692,0.21392557420746283,1,8.022471186868476,0.39543382879981515,0.2715053276736664,2,3,12
2025-12-11 03:00:00,31.345068425793475,34.549829312234024,106.5116447998667,1.5101166828660983,0.0,-4.879117873412945,22.85564804964624,0.15308540053022412,1,9.482608017692938,0.2219002447766522,0.008075322071311921,3,3,12
2025-12-11 04:00:00,26.73334131587475,28.09199824003867,171.15396613584952,1.8031818780748552,0.0,-7.0,24.366854394557198,0.169756466383921,1,5.80677000892478,0.1411800516416187,0.3889485534847786,4,3,12
2025-12-11 05:00:00,42.57503559012527,22.647694432621083,115.25844137274892,2.56863463941908,0.0,-5.382629798364291,16.201410628454806,0.212407497146158,1,6.045504294761292,0.4184611203009897,0.059611538691915676,5,3,12
2025-12-11 06:00:00,39.446136291124255,31.317307501123285,191.03430433278845,2.434128858781476,0.0,-3.624458935551133,21.551712135390357,1.5956455807125691,1,5.751966428098755,0.3636952268091079,0.5060837134569167,6,3,12
2025-12-11 07:00:00,37.5893711095524,32.62602207657877,155.5426699072337,2.8619929774427177,0.07851504262248543,-2.51005766285154,21.74103070041901,1.323946949188405,1,10.72869284593248,0.33119580945621796,0.29696663330834444,7,3,12
2025-12-11 08:00:00,42.996645099594076,31.726353932082926,197.87852296997806,2.342089479440701,0.15056687024859974,-0.3672798112223248,18.63964645136038,1.6372869292529662,0,0.0,0.4258406551738778,0.5464099210399918,8,3,12
2025-12-11 09:00:00,54.29366955580152,50.009221332301784,217.70940116525475,2.6469620904348834,0.21351269219701718,-0.9874487808193227,21.955412988474254,0.19697888151068485,0,0.0,0.623575250960126,0.6632536621665579,9,3,12
2025-12-11 10:00:00,55.13984336844927,45.97422359234273,178.1268819957274,4.2300060996966575,0.2662974168257745,-1.5269219784010726,20.901047053209926,0.20272466624530475,0,0.0,0.6383860391864783,0.4300330464460108,10,3,12
2025-12-11 11:00:00,55.86490408423435,52.298298107616866,193.33329648155896,4.447171633059941,0.297737878423954,-2.064597128790135,20.83478429748844,0.18326103632748422,0,0.0,0.6510769551096949,0.5196293991717799,11,3,12
2025-12-11 12:00:00,73.23858140108138,44.75266413289178,215.66504089265808,3.4543318684013613,0.3057228588181513,-1.6399507288319781,16.99373057575865,0.24842723214881152,0,0.0,0.9551726995143024,0.6512082701214585,12,3,12
2025-12-11 13:00:00,57.20854836633748,37.78166447909261,227.67674863695456,2.8753603683376996,0.29629911731739295,-1.7743010002387207,20.195035951609633,0.22373872269828268,0,0.0,0.6745950912376716,0.7219813774111212,13,3,12
2025-12-11 14:00:00,63.168632802640566,49.60445106253484,197.12460966848894,3.1270212451127057,0.2716552940388427,-0.8297733530433716,23.514218808725456,0.17484298995173841,0,0.0,0.778915914073169,0.5419678560056731,14,3,12
2025-12-11 15:00:00,54.529360975823934,57.696968253558886,272.4649643178921,2.682411722810937,0.22134240938149288,-1.7084656953460238,19.717253189112935,0.1736563279590212,0,0.0,0.6277006158160737,0.9858740112628449,15,3,12
2025-12-11 16:00:00,40.03794696773989,52.407324065369224,240.07647809790436,3.8084050198514547,0.15730426065076863,-3.914126099828886,20.438427416048423,0.22741734934903923,0,0.0,0.3740538345448182,0.7950407127016662,16,3,12
2025-12-11 17:00:00,66.38678926387735,53.602232149521974,184.7639792237923,2.568557495286959,0.081207735155956,-3.7536066582811656,25.313103899763366,0.18880109205294224,0,0.0,0.835244097614447,0.4691388925266234,17,3,12
2025-12-11 18:00:00,33.3478172197413,39.63608214611879,214.04321912676804,2.4181329491608383,3.842692249263766e-17,-3.220293315676214,24.310788913555665,0.15915119552373866,1,12.053401572431895,0.2569548491787052,0.6416524793641828,18,3,12
2025-12-11 19:00:00,43.175813249030114,35.76754181366576,184.20162662680838,2.6042756810703014,0.0,-4.526306941318435,24.914865600618366,0.15355999129845732,1,10.298682118894385,0.4289766793317293,0.4658255051608792,19,3,12
2025-12-11 20:00:00,37.092212603141,43.140489932791084,212.4296002390558,2.4962781605422766,0.0,-5.036531582166069,16.22402678962627,0.1913956016645941,1,8.711315046237912,0.32249392192043086,0.6321450200506716,20,3,12
2025-12-11 21:00:00,41.121444638285766,33.92723215082597,155.13816415274093,1.158773409466036,0.0,-5.847231612329224,21.870581413868972,0.19147080449644793,1,9.446193823688352,0.39301856058849843,0.29458328118461374,21,3,12
2025-12-11 22:00:00,42.33607657230826,20.028400106609084,135.0283190522595,1.2663038617642097,0.0,-5.084127977790723,17.880398198981403,0.22068567021226204,1,11.765298999538361,0.4142785618776907,0.17609586414346354,22,3,12
2025-12-11 23:00:00,23.50795064630458,21.72576226224484,117.28659462614735,2.242105473849347,0.0,-6.777859178001979,19.871344724991765,0.20747716552146234,1,6.734697393443813,0.0847252459737639,0.07156143881088935,23,3,12
2025-12-12 00:00:00,28.72129201277374,25.131737079588863,180.55833275502619,1.3368774988211636,0.0,-7.0,22.887376808337642,0.22701201344673763,1,12.42494747635522,0.17597564131375762,0.444359179675409,0,4,12
2025-12-12 01:00:00,25.297480336056378,17.262032435923416,131.4125459984429,0.9109221632026666,0.0,-7.0,21.963122130241644,0.18177522394479984,1,8.868143375608053,0.11604782398731586,0.15479169160443879,1,4,12
2025-12-12 02:00:00,33.60979238279981,21.092175355402212,120.43629278815773,1.7788212789174997,0.0,-6.475474721287548,21.31090584385716,0.21242514724903186,1,7.229524093801179,0.261540264849373,0.09011949322707843,2,4,12
2025-12-12 03:00:00,33.10425576123861,37.635096882267376,140.7811504390351,1.3935337023563692,0.0,-7.0,24.710849128982478,0.23857027876032957,1,8.723462299519412,0.25269173310483717,0.2099916066659149,3,4,12
2025-12-12 04:00:00,36.095120430206066,24.69729852751197,130.21543563783948,1.4545180678130072,0.0,-5.818516104315749,23.389832073421807,0.15692870537584835,1,6.1586180278588865,0.3050415725392992,0.1477383048760793,4,4,12
2025-12-12 05:00:00,33.93798086417914,34.806151749548306,131.45409578133902,2.107261194101998,0.0,-5.120122758571139,24.931462970308193,0.22084513329125977,1,7.1666043091238505,0.26728462850537854,0.15503650335855135,5,4,12
2025-12-12 06:00:00,44.67874233070569,32.683891658941626,169.31076001593811,3.1806800622912803,0.0,-5.5058880044733955,26.14327165078997,1.661912258426654,1,5.703026898358121,0.455282816457707,0.37808836380497274,6,4,12
2025-12-12 07:00:00,47.891822128284986,40.82186224869787,133.5843414474653,3.6160020050304644,0.07902071206995338,-4.296809966526782,23.759843351705815,1.7205227176454165,1,8.459917401922173,0.5115221419071797,0.16758793303795574,7,4,12
2025-12-12 08:00:00,47.525816623227136,35.28319921907497,180.8093654669829,3.132353189762181,0.15287014453550138,-1.838920568318094,20.31201699686767,1.3267854898372702,0,0.0,0.5051158575905702,0.4458382670320727,8,4,12
2025-12-12 09:00:00,45.32778377093401,46.527455535120424,179.63888046323459,3.160089830821932,0.2141690617460332,-1.800115562243813,18.28695196554519,0.19165208873403233,0,0.0,0.4666431483158498,0.43894175718395756,9,4,12
2025-12-12 10:00:00,58.82531751808222,49.188604398460676,203.25292987476487,3.2066400813620026,0.26346979541310045,-1.4558453855167501,18.815975284710177,0.1739708345345775,0,0.0,0.7028937990911593,0.578075982568286,10,4,12
2025-12-12 11:00:00,66.31948176678868,50.19399673310681,189.58457426988014,3.8040750647130057,0.2994168708025626,-0.9551399109329971,20.03733678424566,0.18085818901226972,0,0.0,0.8340659979491942,0.49754188880821276,11,4,12
2025-12-12 12:00:00,53.96074610589425,39.71495268399163,222.1878931133786,4.293327403406404,0.3072891215521338,-1.0701850445640702,23.52095658958862,0.24685084924838732,0,0.0,0.6177480099861539,0.6896409834274304,12,4,12
2025-12-12 13:00:00,42.37408026545191,32.15573561452347,172.9220566840004,4.257785121117937,0.29880160051926224,-0.025713013369736304,16.071968726101154,0.19456540076350345,0,0.0,0.4149437498598248,0.3993661614324527,13,4,12
2025-12-12 14:00:00,57.489511013291,31.88029180130192,206.3774851720298,2.924084598687193,0.2686511378745981,-1.4483807965999573,24.010670303931757,0.2348552447340512,0,0.0,0.6795128495059437,0.5964858949632005,14,4,12
2025-12-12 15:00:00,46.44802675249215,56.01239361344094,189.9407703190773,2.7324663911869695,0.21987623428260664,-3.5103048046404792,23.31123115086011,0.22948798539834897,0,0.0,0.486251036569917,0.4996405996445595,15,4,12
2025-12-12 16:00:00,38.94940294692301,39.240471850778256,207.99677272280837,3.8118404456324506,0.15652475164813145,-1.046800622579883,20.560988453782844,0.19445260301772763,0,0.0,0.355000780991987,0.6060267540986122,16,4,12
2025-12-12 17:00:00,57.295050857862705,43.16893857419209,197.6967763083492,3.099332526914339,0.080634242578568,-3.0336444444277197,19.487767368695895,0.24921791308323946,0,0.0,0.6761091656085423,0.5453390678143872,17,4,12
2025-12-12 18:00:00,38.57217244043124,35.32757861927229,213.11836617166912,2.568514957402021,3.81392776296546e-17,-4.773199542202023,16.530144784555333,0.23407805189478534,1,12.604320289112895,0.34839802271625314,0.6362032361082055,18,4,12
2025-12-12 19:00:00,31.712974129740914,34.81361099164129,202.6074563834959,2.3937440741861855,0.0,-6.217301332281426,18.35968680372759,0.19826950598935925,1,10.577492653717995,0.22833978874148173,0.5742728460266144,19,4,12
2025-12-12 20:00:00,60.11181130743435,29.50158856823624,172.20282726858008,1.7497357516083156,0.0,-5.295017626121565,16.552600069692648,0.18097056811138926,1,7.312922536052223,0.7254116160973255,0.3951284542165413,20,4,12
2025-12-12 21:00:00,32.5860668214365,22.378428937172252,142.64136213536648,1.2311203002962317,0.0,-6.432906263350606,23.93836266892612,0.15752945513304445,1,10.948604013903427,0.24362174472427975,0.22095199337932453,21,4,12
2025-12-12 22:00:00,41.737041690677934,28.70255522612843,166.55309188856194,1.2863747574034041,0.0,-5.221818105417903,20.84688032922808,0.19647999050541834,1,12.40472384324705,0.40379350710594947,0.3618401544410087,22,4,12
2025-12-12 23:00:00,20.881973742815905,22.104812061148785,187.10458841859386,1.3620186222687563,0.0,-7.0,18.22823576765303,0.18600099034288312,1,4.762982364101045,0.03876212678532634,0.4829297863106916,23,4,12
2025-12-13 00:00:00,38.25695810817035,26.195886110648,122.49712087606392,1.2491785540419975,0.0,-7.0,15.939938159470142,0.22113768832415304,1,8.330965429989451,0.3428807487812224,0.10226191381171093,0,5,12
2025-12-13 01:00:00,29.3382637446933,18.861281076993787,110.90343042805853,0.67857263458058,0.0,-6.210250403972838,21.3821274941825,0.15196783642734674,1,9.764530337485139,0.1867746491848631,0.03395176879095556,1,5,12
2025-12-13 02:00:00,26.63843572526047,24.84287990750275,123.51928298444187,1.3694387293445953,0.0,-5.884508999593871,23.92842539689264,0.23314476676241913,1,8.768026714668324,0.13951889576196952,0.10828450361356577,2,5,12
2025-12-13 03:00:00,44.25304603368531,39.600264581230164,135.2080470270164,1.210175861091719,0.0,-6.167821883166463,24.19884803040955,0.191662813779142,1,8.641269827810326,0.44783174953780003,0.17715482324496715,3,5,12
2025-12-13 04:00:00,39.735485965717984,24.967642981245024,131.27285681745968,1.5624925876914986,0.0,-5.042226772675063,18.372659305540623,0.1969732582033307,1,5.812364982406967,0.36875978528363923,0.1539686414933815,4,5,12
2025-12-13 05:00:00,30.208134225111166,26.26434886748604,177.1060924998952,2.396600101198384,0.0,-5.036151674643072,26.800662331726055,0.16827901779085794,1,5.180314433926302,0.20200020601167024,0.42401854409158946,5,5,12
2025-12-13 06:00:00,54.542293474645646,38.05656436547292,159.44221379896624,3.4337670629031316,0.0,-3.99155859917388,22.239384099763715,1.8281115763310296,1,4.692458627063681,0.6279269765216675,0.3199427865835839,6,5,12
2025-12-13 07:00:00,47.49543381205295,52.658154064348636,148.1128863301779,2.8536956053784226,0.08042157473433172,-2.2873846454917937,19.678469613103154,1.4237903989397678,1,8.338988650994091,0.5045840597787069,0.2531902709932005,7,5,12
2025-12-13 08:00:00,52.441833569452264,42.737903877029616,220.51791512064,2.1803564208295203,0.15430298132734732,-2.1069159723597437,20.284286242611522,1.757043598252242,0,0.0,0.5911621105227788,0.679801455679381,8,5,12
2025-12-13 09:00:00,61.11858075002329,50.474579220827835,154.66759791954973,3.0317098525166553,0.21829490559030876,-2.2835827222575147,17.343749494924175,0.17374534573282552,0,0.0,0.7430333491078159,0.29181070003150117,9,5,12
2025-12-13 10:00:00,40.675891607207305,39.934294814098344,162.29114418780438,4.215737169162341,0.2664036379371017,-0.2885768676488518,21.17940588868057,0.1596656996490845,0,0.0,0.38521993637172713,0.33672871414378125,10,5,12
2025-12-13 11:00:00,46.72026044588717,47.82214835799732,181.75769250984766,3.6359235494920576,0.3015987905359569,-3.7094731908948515,23.805401040363336,0.2135760969879284,0,0.0,0.4910160098185395,0.45142581985795827,11,5,12
2025-12-13 12:00:00,59.81939442552941,49.1179311768148,169.21998521540857,3.1859190638154447,0.31035479756270873,0.8063056695504591,20.048806023654738,0.24844164898994295,0,0.0,0.7202933715393279,0.3775535177336366,12,5,12
2025-12-13 13:00:00,61.36745602577807,35.21639619948041,246.14733121502422,4.358319630302993,0.2996344725032911,-3.0573142739204116,24.698806267749617,0.214694156955637,0,0.0,0.7473894742311464,0.8308102425756941,13,5,12
2025-12-13 14:00:00,46.84788683460265,49.75096424590917,199.4091917594302,2.882153683532172,0.26870293523936195,-2.2815069567338737,20.508805921958487,0.21087131233382542,0,0.0,0.4932498858698962,0.5554286375095355,14,5,12
2025-12-13 15:00:00,58.73449437241815,44.60801085736452,243.76258136802807,3.6926288692760942,0.21673024825748585,-2.1754378880345735,24.782031284742978,0.1942230718024666,0,0.0,0.7013040992489098,0.8167592716085886,15,5,12
2025-12-13 16:00:00,38.21220561536657,38.58032776734537,242.8381346751446,3.899884413668738,0.15294848467955766,-2.9056643861537594,22.65663192489193,0.17838012948767853,0,0.0,0.34209743489982947,0.8113124220538214,16,5,12
2025-12-13 17:00:00,59.7791835334216,56.22454281751612,180.94889256081214,3.5138627615702283,0.07904298942035817,-2.4796512233388777,15.952095858964476,0.19308332575911222,0,0.0,0.7195895504112102,0.4466603621239284,17,5,12
2025-12-13 18:00:00,46.62730027096105,30.744474057093317,201.8363638737484,2.6002427322565578,3.78935216351182e-17,-5.323684363036611,16.061929013246594,0.164895694521348,1,12.064591784035414,0.48938890502784965,0.5697295609180897,18,5,12
2025-12-13 19:00:00,42.02435629744422,33.27543682563175,192.21747423082465,2.147763195098494,0.0,-4.784859068799426,23.595684163949446,0.17619067653565929,1,9.139604754987852,0.4088224452880917,0.5130549628344564,19,5,12
2025-12-13 20:00:00,58.24804373350597,41.94351847932127,213.42279711033615,2.2398673786785555,0.0,-6.350694514827263,19.094634854463205,0.19873854202791494,1,9.4517685119608,0.6927896341498804,0.6379969463734927,20,5,12
2025-12-13 21:00:00,29.94250390127302,33.464739420796626,129.40953010474706,1.3465045293637712,0.0,-6.101968103844088,17.438454112905973,0.16447955596858727,1,8.359743018294889,0.19735081316346365,0.14298990107096968,21,5,12
2025-12-13 22:00:00,30.590918749682572,30.63190618482508,145.34402749190494,1.5579231207112618,0.0,-6.941936189466786,24.540199990311947,0.22915318194336265,1,11.167714272898174,0.20870017763099064,0.23687612584393386,22,5,12
2025-12-13 23:00:00,31.054849413795775,19.784806310600203,180.73055629226562,1.4455065656219013,0.0,-7.0,25.914038230375745,0.1511561320102087,1,4.733606460430974,0.21682047007586214,0.44537392255280206,23,5,12
2025-12-14 00:00:00,27.324282391514057,22.183411324054628,126.22997579955228,1.260078881920351,0.0,-7.0,24.241856470033255,0.18215934246873086,1,11.138978283776988,0.1515234385376985,0.1242559339477928,0,6,12
2025-12-14 01:00:00,32.54182149484244,21.372146078357996,115.69710594454318,0.8237991303868161,0.0,-7.0,23.507836368355964,0.20166514604239305,1,8.386046622057622,0.24284730789771336,0.06219615492340122,1,6,12
2025-12-14 02:00:00,37.54766123997889,30.06553992835474,145.3297366465399,1.5330989741479786,0.0,-6.603013853323516,15.947684697625965,0.24289478038077236,1,6.967456464886036,0.3304657513570799,0.2367919240340156,2,6,12
2025-12-14 03:00:00,43.25031061590303,24.371597181057542,127.64204850490201,1.4157694145080224,0.0,-5.473077225509758,17.146624988855024,0.20734522093724111,1,6.347890151732703,0.4302806250550354,0.13257588105306378,3,6,12
2025-12-14 04:00:00,28.695060989513628,28.245510730150688,142.98196423634425,1.673107041943099,0.0,-6.397006599165435,23.26493293294404,0.17949039760148897,1,3.9012885104168484,0.17551651326623463,0.22295882451014612,4,6,12
2025-12-14 05:00:00,31.15482300945813,24.558297742651067,175.9912137274913,2.663515097582257,0.0,-5.947199465989278,20.511551711968618,0.18521906873461194,1,5.903854245975252,0.21857033249354785,0.41744966673842754,5,6,12
2025-12-14 06:00:00,53.09028052482046,34.04751283884103,161.65575800664502,2.752166513394121,0.0,-3.6917547837847797,16.33435973643607,1.3793692126446393,1,6.020098835567503,0.6025120369662946,0.3329850121384679,6,6,12
2025-12-14 07:00:00,41.175846534318616,36.97385961829784,170.9950670678318,3.099478536751306,0.07965764888573747,-3.564494511095501,24.07025996964933,1.2602770346821617,1,11.140410788868572,0.3939707703463653,0.3880123185189899,7,6,12
2025-12-14 08:00:00,50.29408160046392,30.041908807123843,160.0364408125852,3.134690371497489,0.15328840740152197,-1.981175062127266,20.56245812250742,1.2336365076608553,0,0.0,0.5535694799072298,0.3234439783445339,8,6,12
2025-12-14 09:00:00,55.00653298201941,57.50877564812482,218.22664632190026,3.811873086207681,0.2178717575331301,-3.099368145909807,23.049292753895067,0.19806354271046325,0,0.0,0.6360526747260401,0.6663012760234397,9,6,12
2025-12-14 10:00:00,50.268767023741304,54.63977188891258,223.98146240479343,3.6874829128087616,0.26826669115862484,-3.499464705717255,20.91356729240016,0.17702610411367245,0,0.0,0.5531263926487088,0.7002087123961125,10,6,12
2025-12-14 11:00:00,50.10202554446012,46.92981758616146,180.59501382546793,4.837319019937742,0.3025181755112236,-1.9565319440654387,16.126997671325437,0.15918428682049887,0,0.0,0.550207875552966,0.4445753049249686,11,6,12
2025-12-14 12:00:00,74.28236747426531,58.597854762462944,195.32380975555657,3.2956591305407703,0.30941465455504447,-2.090853932093846,22.427207964686833,0.17164786568218568,0,0.0,0.973442343708525,0.5313575241396074,12,6,12
2025-12-14 13:00:00,50.63769492032889,41.61924699335481,250.1894389369149,3.1575899631847517,0.3044904275027093,-1.5087008563832458,23.87685277334887,0.20207260735966287,0,0.0,0.5595838283025666,0.8546263834249069,13,6,12
2025-12-14 14:00:00,52.42206727599027,48.0070011781378,204.34895820075988,3.5169814550688434,0.2744321450019012,-2.369640179406594,17.18075918448684,0.17568932283508937,0,0.0,0.5908161362298976,0.5845337928946308,14,6,12
2025-12-14 15:00:00,67.57368144745305,55.542568828477975,208.09431332781975,2.504966131917996,0.22475763344176883,-1.4717077502552756,24.6836750457569,0.17377421824208095,0,0.0,0.8560185632333334,0.6066014643605103,15,6,12
2025-12-14 16:00:00,54.43111414533528,37.49837562078685,200.08967221370548,4.012455549329999,0.1610945107469575,-3.1253618019449707,17.292329711509844,0.2120656495759289,0,0.0,0.62598097739365,0.5594380354422992,16,6,12
2025-12-14 17:00:00,66.44957366976439,45.311920974195004,173.04595993342397,3.0349836392419163,0.08320656798247815,-3.4134390238908785,19.72545527503812,0.21894163652974,0,0.0,0.8363430285026539,0.4000962006701419,17,6,12
2025-12-14 18:00:00,35.614889769481856,38.66904888517393,184.0896535082908,2.723942475684263,3.954554084233455e-17,-4.185887840437333,20.77866698994254,0.17412458887226767,1,11.507997376755176,0.2966359772473206,0.46516575837889773,18,6,12
2025-12-14 19:00:00,44.51397212074846,36.727243623033864,219.18504760098702,2.577872240049629,0.0,-4.928168803512899,18.607575512605404,0.19721412871585803,1,8.936889870281448,0.4523988029734656,0.6719481863542013,19,6,12
2025-12-14 20:00:00,44.45921014513518,42.526904537839485,179.19678189393804,1.56098987568151,0.0,-5.8739328520261305,20.571688900651477,0.2264566753020743,1,7.747309106382801,0.45144029065419744,0.4363369078033782,20,6,12
2025-12-14 21:00:00,42.017507780742214,33.14883166370501,166.1030939123463,1.6103476166612471,0.0,-5.963652993277126,22.9005883760192,0.21899042586040285,1,10.002625418897948,0.4087025740169392,0.3591887616724857,21,6,12
2025-12-14 22:00:00,40.90685409236211,30.816651639337085,132.5080941020664,1.7967241969822796,0.0,-7.0,22.974972706508755,0.15692907249336915,1,10.400729515938943,0.389262529518348,0.16124667245556276,22,6,12
2025-12-14 23:00:00,22.04251571728685,18.679229023958595,127.2568652929684,2.237080004192497,0.0,-5.857529935822384,25.277235408963442,0.18600708039334246,1,5.668020756686904,0.05907537821755577,0.13030637755159055,23,6,12
2025-12-15 00:00:00,31.490630900132373,29.262796598444616,112.14083400949916,1.344245459883769,0.0,-7.0,24.801954775042887,0.22232756918804825,1,11.49840079310506,0.22444806054323957,0.041242563596672825,0,0,12
2025-12-15 01:00:00,32.62076951698261,20.106812238088164,107.00862288206064,0.8131671446647235,0.0,-7.0,26.254406771405996,0.16794374904228124,1,8.636914282550398,0.24422915453410207,0.011003522114176194,1,0,12
2025-12-15 02:00:00,26.983708218302606,23.11383595537702,139.16098266510176,1.8500153692950376,0.0,-6.778473395078341,22.26340998319658,0.16959271825618671,1,8.255317673061732,0.14556228507323926,0.20044556124649618,2,0,12
2025-12-15 03:00:00,44.687496761264214,36.495982034721116,134.94737516342872,1.3586968105261874,0.0,-7.0,20.291370676991992,0.21301717077824242,1,6.847440560615737,0.4554360474075504,0.17561894190637506,3,0,12
2025-12-15 04:00:00,26.752074207911154,20.122861116803684,129.03353989308252,1.4331728296281125,0.0,-5.209299153597088,18.647772494029706,0.17837509535800702,1,5.450849546156119,0.14150793805534514,0.14077456282294804,4,0,12
2025-12-15 05:00:00,43.857761685421714,25.315521939941313,188.88961274857562,1.9373827491642428,0.0,-2.9445557290998248,18.73281465274916,0.18237504272182498,1,6.256234152254017,0.4409129904320264,0.4934471682775017,5,0,12
2025-12-15 06:00:00,43.53255024330745,42.60589062825784,151.83969565236046,3.481076793742198,0.0,-5.167339346367979,17.747432985536552,1.5171117144295911,1,5.96169038272208,0.4352207346260126,0.275148670383344,6,0,12
2025-12-15 07:00:00,50.683202860998264,40.9832739468979,194.14827754546323,2.7351757104903287,0.08159205208318787,-3.274993472926335,23.917702011725538,1.6879354627506609,1,11.775318191887935,0.5603803649736349,0.5244312760990741,7,0,12
2025-12-15 08:00:00,37.62704932074353,47.01006732201546,153.9491033998401,3.214794721571806,0.1572841265545948,-4.64237681691179,23.085951260011043,1.498716647679728,0,0.0,0.3318553004477359,0.28757732282878085,8,0,12
2025-12-15 09:00:00,48.849336017686916,56.736283580377794,166.27705952212486,3.173828480748425,0.22146312977469346,-1.81468654048628,19.13592490410586,0.23934268808373488,0,0.0,0.5282817428635691,0.36021376885944584,9,0,12
2025-12-15 10:00:00,50.73041876221171,46.17157289692181,206.83913671847432,3.166637059084399,0.2711889206845829,-2.6805831841815726,25.416460765077503,0.16066408187261827,0,0.0,0.5612067964979106,0.5992059506890377,10,0,12
2025-12-15 11:00:00,55.301291309459906,47.347923089193905,156.63271604525121,4.768475520455679,0.30101908331151367,-2.123028812958048,21.681799323764732,0.2254149228110081,0,0.0,0.6412119021807572,0.30338919652074264,11,0,12
2025-12-15 12:00:00,45.5260725737826,58.84979827993588,162.85087153904985,3.4918929837863657,0.31014131726742217,-2.5002768347359945,16.47469980718112,0.20436381934642578,0,0.0,0.4701138459701034,0.34002663353425794,12,0,12
2025-12-15 13:00:00,60.23425316778765,39.6091004693085,179.52491440693225,3.7222455701470816,0.3041498751758119,-0.7720729037771638,16.294201402452334,0.23166865135885556,0,0.0,0.7275547460744383,0.4382702679917655,13,0,12
2025-12-15 14:00:00,38.343410574965525,35.10005978223823,189.54331451340593,2.76230250565799,0.26796732056639544,-0.7996248944231312,17.048064607091142,0.18164032609761824,0,0.0,0.3443939475569473,0.4972987858928025,14,0,12
2025-12-15 15:00:00,62.729755917468566,53.225986189616535,221.68150080475507,2.7268032109913056,0.21536338383638423,-2.263296348785502,17.66575388167278,0.19821014469548268,0,0.0,0.7712341440791484,0.6866573146642696,15,0,12
2025-12-15 16:00:00,49.798939247673125,48.426707854849866,234.62725328521057,3.7578613352838617,0.15348180435689746,-3.775417643754683,24.551196738091647,0.2323597719783911,0,0.0,0.5449028816038207,0.7629338232797693,16,0,12
2025-12-15 17:00:00,54.716847901956406,40.346235899590766,188.6929135587854,2.9649566829855005,0.07851389854168066,-2.0479923845450765,23.37350494809818,0.2331781383358573,0,0.0,0.6309822455671397,0.49228821460004285,17,0,12
2025-12-15 18:00:00,37.87409512955555,42.25672000101107,173.9070936003784,2.4857807896588384,3.647595804789817e-17,-5.167356885839479,17.442672424926354,0.18759904701178876,1,12.804374283879536,0.3361794039614969,0.4051700092158955,18,0,12
2025-12-15 19:00:00,39.975177579603134,31.321509883090858,221.076761487821,2.0102576051759957,0.0,-7.0,17.93694121860495,0.23221959952267648,1,10.922488306558964,0.37295516651598587,0.6830941843025626,19,0,12
2025-12-15 20:00:00,49.34782592514029,33.82961109260307,149.6499286212608,2.3600434426392876,0.0,-5.4644839000349785,21.97364606299303,0.21823984298751875,1,10.678644994075862,0.5370069342390429,0.26224654020081695,20,0,12
2025-12-15 21:00:00,30.2650697765762,29.753312328222567,184.77354197717833,1.6311253352988127,0.0,-7.0,24.481762253985817,0.1909429523422356,1,10.086582311767208,0.20299676296332134,0.469195236369296,21,0,12
2025-12-15 22:00:00,30.183339676870958,22.771308313196347,194.50644131326968,1.773767070781566,0.0,-6.038236799799938,18.84856465707203,0.24697054909005323,1,12.628090873816928,0.2015662209394961,0.5265415807539865,22,0,12
2025-12-15 23:00:00,19.496886284212216,15.836787657931456,131.40182030028737,1.5122965731032671,0.0,-7.0,21.136654749723576,0.15308943210965065,1,6.460242491242535,0.014518600552618936,0.1547284956790568,23,0,12
2025-12-16 00:00:00,25.839515264926,28.70476673570049,115.3398364671926,1.3996873209918126,0.0,-6.830922921268031,25.098964262066126,0.18826628887745606,1,9.404715112429052,0.12553519457569856,0.06009111943718064,0,1,12
2025-12-16 01:00:00,22.183383911349964,26.01937012485162,175.27303728743934,0.6201641632680266,0.0,-5.933835545752411,23.988554242110645,0.18069526453054244,1,6.50394182193191,0.061541028842654937,0.41321816366436714,1,1,12
2025-12-16 02:00:00,29.032621691763854,21.60839325210874,123.95416572848762,1.4139495873155052,0.0,-7.0,25.40978799430801,0.24357604480692674,1,6.551533477292829,0.18142492120776957,0.1108468372765195,2,1,12
2025-12-16 03:00:00,43.1842854726118,38.84938262501456,125.50650976695276,1.4192301843223938,0.0,-7.0,18.984097451103878,0.15994532361042688,1,7.406781698054386,0.42912497074349254,0.11999326453928139,3,1,12
2025-12-16 04:00:00,30.16972719942692,21.406346268903157,144.17956222797235,2.0479236678015122,0.0,-6.021951669708435,23.479159711349578,0.21280244499820775,1,4.441891714236544,0.20132795840094178,0.23001508436558804,4,1,12
2025-12-16 05:00:00,33.47263707398152,22.672165101763035,131.31433712742435,2.957587120164287,0.0,-3.6880789457905783,17.33688634761642,0.2216628025352803,1,4.468020088099822,0.259139601767315,0.1542130439122575,5,1,12
2025-12-16 06:00:00,39.992924658208864,31.4855276117955,199.42978843468552,2.974691628927145,0.0,-5.11044094640274,22.74923447318028,1.2631318680211594,1,5.35793318348096,0.3732657979949292,0.5555499933349257,6,1,12
2025-12-16 07:00:00,50.68006069651373,37.18492963870316,130.87995058412858,3.115874332627405,0.07941056699362573,-4.272982453044635,19.377906847674428,1.2374606355850506,1,11.765591980064709,0.5603253668963399,0.15165363386929714,7,1,12
2025-12-16 08:00:00,42.861997734354816,36.31118362016164,175.63257710390775,2.7629143535833287,0.1530528446930071,-2.4796655443050852,23.59217777120578,1.160873499902361,0,0.0,0.4234838892447186,0.41533657601234547,8,1,12
2025-12-16 09:00:00,60.08027243935805,56.02185611862449,194.95422907582744,2.471607437892922,0.21753754602699027,-2.9165772915072328,17.529928177415496,0.1658875200477788,0,0.0,0.7248595835373536,0.5291799509205889,9,1,12
2025-12-16 10:00:00,59.72314203629855,40.16724550826314,196.6950857947249,4.1846129741908,0.2693181726020655,-1.7129221651671047,23.009290358678303,0.2308215036262046,0,0.0,0.7186086423124589,0.5394370968623025,10,1,12
2025-12-16 11:00:00,58.01880836334227,43.3169341723371,210.42157747074904,4.29128302683841,0.3059642438240079,-3.1201321106784654,23.332352623696337,0.24439561664541723,0,0.0,0.6887772711214616,0.6203137289597825,11,1,12
2025-12-16 12:00:00,53.902554888926566,59.1018706181469,266.9682576358624,3.821696283668703,0.3145567338281924,0.745117307187944,24.750141312669026,0.24014222411006605,0,0.0,0.6167294748125762,0.9534873581716713,12,1,12
2025-12-16 13:00:00,50.650659925773766,36.468509032156575,259.839355076462,4.160218827480522,0.3034052581685977,-2.9219774097725963,22.82278993712178,0.18653047957675076,0,0.0,0.5598107579795755,0.9114837899501949,13,1,12
2025-12-16 14:00:00,44.555365465393486,45.36508029842838,198.92880472257227,3.893785531902052,0.2734852461256,-2.198547728641864,20.987216923416472,0.2225875509518098,0,0.0,0.45312332085898077,0.5525981920788055,14,1,12
2025-12-16 15:00:00,66.29509568125313,45.76687066320958,224.2644277042226,2.824531968650695,0.22385310576063094,-2.388850059222225,23.579890154857534,0.23270436708341835,0,0.0,0.8336391623001369,0.7018759468911627,15,1,12
2025-12-16 16:00:00,57.27433982595184,36.71184294490881,161.01414013614198,3.2207123047636252,0.1602289711669892,-1.067811915327781,18.350207242042064,0.23124854885326315,0,0.0,0.6757466553263803,0.3292045929545564,16,1,12
2025-12-16 17:00:00,53.88214700716831,51.65435158975709,198.8665939239343,3.9818239898734085,0.08248602006058607,-5.03169192841718,22.337580318708238,0.15626849459651293,0,0.0,0.6163722706420474,0.552231645404485,17,1,12
2025-12-16 18:00:00,54.66185409011871,27.659649140759335,166.38742228619682,2.6821519892944483,3.873395392543622e-17,-2.5023949293436347,22.801409196150416,0.1714830373497463,1,11.051609628569437,0.630019675361452,0.3608640274162408,18,1,12
2025-12-16 19:00:00,38.8253968185662,26.560052175361907,210.4692978994474,2.9279928981815324,0.0,-4.508167708541661,19.41466900553592,0.24389449307002758,1,12.975773201974723,0.3528302712475226,0.6205948982233106,19,1,12
2025-12-16 20:00:00,44.292576612744085,36.16531783088673,154.89806198702505,1.7288782963911506,0.0,-5.574572945474189,25.5952713780239,0.22399061661376882,1,10.592150454863196,0.44852366297940444,0.2931685967203868,20,1,12
2025-12-16 21:00:00,29.01446512808709,27.07361504336404,190.7594676259141,1.3245896098603396,0.0,-7.0,19.160828597342373,0.2334352404789146,1,12.290116702404882,0.18110712241097934,0.504464372713966,21,1,12
2025-12-16 22:00:00,35.490705160374056,28.633018918620987,145.05278671840583,1.4841422980543262,0.0,-6.524142622765313,16.439095882472134,0.2014123246403577,1,10.969850350222387,0.29446234351040224,0.2351601321693655,22,1,12
2025-12-16 23:00:00,29.37051992685195,17.57880213888646,184.01817855551008,1.6373292549413239,0.0,-7.0,18.819787605808276,0.18930560484706282,1,6.765807006251474,0.18733923706952896,0.46474462721175985,23,1,12
2025-12-17 00:00:00,39.044567531537744,25.603427097986675,141.39189019277399,1.6726511912924211,0.0,-6.2360559508807505,16.794089950154028,0.21512236529807646,1,11.429214953172101,0.35666647010728514,0.21359009166384946,0,2,12
2025-12-17 01:00:00,30.841039763384277,22.445375909798347,165.36058304076886,0.81664996877629,0.0,-7.0,19.431705390020504,0.19728567237956196,1,8.678790016648355,0.21307810721179962,0.3548138798741133,1,2,12
2025-12-17 02:00:00,31.95135136992891,23.039894147971236,148.97162021273093,1.911384601268063,0.0,-7.0,17.29614938454113,0.18737621126367882,1,10.15208688743965,0.23251216416794326,0.2582499399842357,2,2,12
2025-12-17 03:00:00,42.6024964118773,38.94410766386119,175.10618098575839,1.3987275346210777,0.0,-7.0,20.70798063416734,0.18478755632870514,1,6.1420358324654005,0.4189417738137925,0.4122350445948552,3,2,12
2025-12-17 04:00:00,37.5771275970005,30.234007570974256,162.99995004884804,1.3042931922386334,0.0,-7.0,24.411938597219926,0.16579069942831362,1,6.320655038150316,0.3309815082466526,0.3409050056686066,4,2,12
2025-12-17 05:00:00,34.724009682773186,29.185073517887794,168.98881649446108,1.9434943786399623,0.0,-4.551497805762761,16.836660489112067,0.20294131893077846,1,6.542521414724598,0.28104268411759187,0.3761914692191446,5,2,12
2025-12-17 06:00:00,48.43184195697551,31.757642342126854,141.1892785959455,2.4118828601862012,0.0,-3.983607997952141,22.178410198790285,1.5148849280434717,1,5.295594737638463,0.5209742417018302,0.21239630202246548,6,2,12
2025-12-17 07:00:00,53.247568629101245,42.50007212111677,170.05945986130482,3.306217760360333,0.07967034859112732,-2.536298199673274,16.582995364632563,1.5680771623072276,1,11.158300827266112,0.6052650893158322,0.3824997111014512,7,2,12
2025-12-17 08:00:00,55.2986620156243,32.44310924267477,161.11023198170747,2.3940664767288387,0.15401962036806652,-4.804331959745651,25.554679306455085,1.21216774143969,0,0.0,0.6411658810044908,0.32977076711069153,8,2,12
2025-12-17 09:00:00,63.24654915278664,45.767721668116806,144.60085086364893,3.0628579796797117,0.22112170805059697,-1.341649651040984,25.852561806081734,0.24149229974755626,0,0.0,0.7802797031010674,0.23249732140026874,9,2,12
2025-12-17 10:00:00,40.56374752638494,38.92971671613812,221.05853326512337,4.176008168261705,0.27237299801463516,0.5737080479951366,21.168802088239513,0.2242056123157058,0,0.0,0.383257050960866,0.6829867834243412,10,2,12
2025-12-17 11:00:00,45.2076892686278,51.1744980197665,180.77372017282434,3.2103406464284165,0.3034942275914461,-2.0863495757909787,23.973757278313208,0.16309641001126504,0,0.0,0.4645411047235992,0.4456282445871748,11,2,12
2025-12-17 12:00:00,71.40528699791032,41.80832610259727,203.62177892060149,2.8102894510022853,0.31866512451679496,0.36000122624287845,21.97556482037784,0.15793439437878584,0,0.0,0.923084096964714,0.5802492449927801,12,2,12
2025-12-17 13:00:00,58.85154206277611,49.647427075874326,195.0940647482167,3.675427927191763,0.30554125821749056,-1.9031851216937772,19.207860566802783,0.21429206725126831,0,0.0,0.7033528137427453,0.5300038641605382,13,2,12
2025-12-17 14:00:00,48.03641576013385,35.209661567820426,186.95994421100156,3.5249663454388056,0.2703162711051904,-3.3147813182283756,18.10583577572368,0.18415027195106173,0,0.0,0.5140529997855293,0.4820775411311817,14,2,12
2025-12-17 15:00:00,57.504126764828385,51.18141624237104,171.31515976051668,3.6039725683793655,0.22353557363537427,-2.727398873910463,23.315988968228634,0.18190485536474554,0,0.0,0.6797686725975518,0.3898983080022739,15,2,12
2025-12-17 16:00:00,60.79864519407609,52.304168245867814,197.24327879651574,3.6145631242224665,0.15842769159949724,-1.9975143085965934,19.84693931101331,0.23399910611302863,0,0.0,0.7374334384341601,0.5426670557455102,16,2,12
2025-12-17 17:00:00,65.19798008369492,40.41340815244004,164.72629434749302,3.935235062663853,0.08276618839330208,-4.61006164131482,24.828061102794003,0.1845143199484688,0,0.0,0.8144360783327689,0.35107664427885443,17,2,12
2025-12-17 18:00:00,50.61864017976895,44.093049018143844,204.0319140403223,2.1618140238179224,3.93042951251584e-17,-5.151297486779274,25.375842451406303,0.21321820220268536,1,10.789208791690756,0.5592503084950247,0.5826657653951386,18,2,12
2025-12-17 19:00:00,32.429604149574665,27.987682301591462,144.63232252753878,2.293506767488686,0.0,-4.736485578384658,17.546094928124038,0.20370745115214992,1,10.89194728760582,0.2408831401212564,0.23268275277209993,19,2,12
2025-12-17 20:00:00,54.02409379401743,47.940288792280285,219.6017891678574,2.3492409925403113,0.0,-6.053109319001238,21.19493140783189,0.1762967382590111,1,8.717053212878872,0.6188568001417908,0.6744036320120582,20,2,12
2025-12-17 21:00:00,29.116870404582038,34.16817995481282,209.21533756466167,1.6846842076491335,0.0,-6.09546089861739,21.027727027289256,0.18316400712331846,1,12.447384431244977,0.18289954713596798,0.613206550854227,21,2,12
2025-12-17 22:00:00,41.57198536530163,22.173267620358125,144.37230786370952,1.6985601998248427,0.0,-6.921596760045557,24.569025689984898,0.2443192889904709,1,12.147643120761986,0.40090448567320275,0.2311507436613379,22,2,12
2025-12-17 23:00:00,20.520257974884814,20.913350321125144,133.5246063381328,1.807728781569957,0.0,-6.982081339441406,22.863574919447288,0.18313728731999315,1,6.086960100540283,0.03243092679203376,0.16723597315084004,23,2,12
2025-12-18 00:00:00,35.67300435879229,20.702326442182137,116.60735475505,1.0647394142949835,0.0,-7.0,22.12746381809156,0.2284003430978941,1,12.266178303347669,0.2976531711881789,0.06755935040714713,0,3,12
2025-12-18 01:00:00,30.92422083474599,18.48983469122655,169.98323736594716,0.7228397376333875,0.0,-7.0,23.020754439213025,0.23612754901008431,1,7.844751985636883,0.2145340459491667,0.38205060736394186,1,3,12
2025-12-18 02:00:00,38.422175419966294,19.48361678975976,146.0804747709933,1.2918405274257057,0.0,-7.0,20.075486145813656,0.157103799577664,1,9.79547095477627,0.3457725879988413,0.24121528089212838,2,3,12
2025-12-18 03:00:00,40.64664151356969,26.504977318861503,149.14675987342753,1.1912612915349738,0.0,-5.407057325101858,26.267982887352023,0.21631055002136873,1,8.592501005352803,0.3847079647933204,0.2592818646914482,3,3,12
2025-12-18 04:00:00,25.90645274542866,26.24973995539123,174.12963042549077,1.9311664678210632,0.0,-6.710986935560809,16.692305059201573,0.22492605606945237,1,5.0639702427632205,0.12670681774969908,0.406481198510112,4,3,12
2025-12-18 05:00:00,40.06844193977868,27.326205092854043,182.87713764847433,1.935486583965896,0.0,-4.226855982067233,16.42511064558718,0.1934021684186944,1,6.874398122793083,0.374587595535863,0.4580216022885236,5,3,12
2025-12-18 06:00:00,46.150260120791565,46.29090148826766,186.26733357684088,2.609014886808188,0.0,-4.815379910418977,20.592589664808276,1.5519938072719073,1,5.408585786267999,0.4810391540263154,0.47799667205203766,6,3,12
2025-12-18 07:00:00,44.448787344659195,39.103469889877765,192.84154102016552,3.827629861207892,0.07890934890878483,-3.605835916761215,17.772596857259476,1.2463543915765518,1,11.063064321440027,0.4512578578156151,0.5167319708651344,7,3,12
2025-12-18 08:00:00,57.974906856446225,47.54745759687749,213.95171000699852,2.7188585579655213,0.1558598404966412,-3.5817682240750277,21.91311564497581,1.3638729455555225,0,0.0,0.6880088522555781,0.6411133066762271,8,3,12
2025-12-18 09:00:00,57.708412326770855,35.767252754023566,226.13628347388195,2.672179052445219,0.21736898921112063,-3.4839828668245776,16.111361774188786,0.22076669639384414,0,0.0,0.6833443330001868,0.7129049406060471,9,3,12
2025-12-18 10:00:00,58.90407167763852,36.03509681944331,186.86448562718994,3.983845108135781,0.26467634481980684,-3.738488555886818,20.82163160688912,0.2102571233267678,0,0.0,0.7042722525030923,0.4815150981599042,10,3,12
2025-12-18 11:00:00,56.39441148207199,51.11690326429013,257.5842438815967,4.564184403342452,0.2983994833185723,-2.751840152881524,18.962848080962267,0.1636385743625775,0,0.0,0.6603450532432459,0.8981966512733396,11,3,12
2025-12-18 12:00:00,68.89219290613849,63.15943120649829,237.08519152274374,3.163550312691288,0.31141978132925385,-1.9206839117148509,17.874783639042437,0.24880486980948976,0,0.0,0.8790967933755586,0.7774160210071405,12,3,12
2025-12-18 13:00:00,56.79006637908788,46.4539554893805,204.4485209187854,4.160773067222354,0.30273290661072355,-1.4895924766903876,20.29299206292573,0.24377891233993443,0,0.0,0.6672702981549091,0.5851204174674952,13,3,12
2025-12-18 14:00:00,54.860861678730885,41.32463289251832,213.625446900306,2.840926343940764,0.2690714049040493,-0.993260174909876,24.428445478841944,0.17241172842546595,0,0.0,0.6335029540995981,0.6391909610492639,14,3,12
2025-12-18 15:00:00,68.91141152076467,41.91909171371528,239.09392273879268,3.278336113053577,0.2183543650821654,-2.9286118689461165,22.2506206351259,0.23751205632891895,0,0.0,0.8794331815111611,0.7892514862795145,15,3,12
2025-12-18 16:00:00,49.52637954756465,32.75178175482447,199.73408056110418,2.7164748448721645,0.15302662284108962,-3.988587056877577,17.069999414129907,0.17671693027370133,0,0.0,0.5401322021795625,0.557342885716998,16,3,12
2025-12-18 17:00:00,59.64577429443856,46.46113486904643,242.29268878162574,3.1013416604646213,0.078972359189747,-5.275327968682786,20.50547633806015,0.2063739130375212,0,0.0,0.7172544557102362,0.8080986491611997,17,3,12
2025-12-18 18:00:00,50.944225123469174,35.78520916016191,164.80636211914762,2.5037930292603905,3.75128294256234e-17,-4.131443209681636,24.924628967865996,0.22820510034103553,1,9.728482509699933,0.5649491017911015,0.3515484044244046,18,3,12
2025-12-18 19:00:00,35.58695405539261,27.329306237260862,229.14611203171955,2.771008800894636,0.0,-4.007198440128162,19.893573802924042,0.1844080201019333,1,13.077761672683428,0.29614701157721424,0.7306388818558647,19,3,12
2025-12-18 20:00:00,47.408609756226895,40.4885843689691,162.10777606529481,2.1591589403690374,0.0,-4.8500270264730485,20.264099660547984,0.20551473934582215,1,7.279607577272021,0.5030643569888404,0.3356483072537588,20,3,12
2025-12-18 21:00:00,44.90318761810318,30.814783268514425,140.18907978225707,1.7155115191620085,0.0,-6.030158844593056,25.202680288435413,0.19503536081375825,1,10.472118520070264,0.45921133749010024,0.20650312018195857,21,3,12
2025-12-18 22:00:00,26.609029771752734,28.90910774889245,188.64194251568188,1.3214848321333388,0.0,-6.580710577246306,16.971509898458248,0.22601986165614388,1,9.7474947604308,0.1390041961299468,0.49198789268254167,22,3,12
2025-12-18 23:00:00,22.836471880364993,15.81902308023365,131.95196646669666,1.9476073042295936,0.0,-5.823730294288584,23.323317771182793,0.19786757053789603,1,7.293120607629561,0.07297218808875981,0.15796996262856441,23,3,12
2025-12-19 00:00:00,32.76723389959225,25.493151062623056,170.31681161904132,1.141936272408392,0.0,-7.0,18.891194700742453,0.2066911197848581,1,10.405033113374786,0.24679275662283487,0.3840160303417455,0,4,12
2025-12-19 01:00:00,22.002977376038583,17.658045804254265,126.9626327476848,0.8030776623335115,0.0,-6.879999650954254,24.994946872313392,0.2345557697936287,1,7.057447340521518,0.05838332891244082,0.12857275632646917,1,4,12
2025-12-19 02:00:00,40.48473637897826,19.9445365200593,170.37050013579096,1.5771249574626605,0.0,-7.0,16.515101403961747,0.21986455376360908,1,8.698151161072465,0.38187409942742195,0.384332363642308,2,4,12
2025-12-19 03:00:00,35.389760176049776,36.57422626299494,121.50695778851517,1.172897972951173,0.0,-7.0,26.589461424824986,0.20275032753953012,1,6.937805032025228,0.2926954786382064,0.09642786257427334,3,4,12
2025-12-19 04:00:00,29.19778988113052,27.00719781400016,114.08136385011274,1.3323875118334516,0.0,-6.819307182284159,24.311560826472398,0.19612915959244018,1,3.9277557298256887,0.18431590062343498,0.052676185653765306,4,4,12
2025-12-19 05:00:00,42.14793087660867,31.79366601324416,184.83005053738,2.775452470889827,0.0,-5.423428209761142,19.166379644297464,0.16267656520017684,1,5.8834236742075605,0.4109854015209705,0.46952818539528585,5,4,12
2025-12-19 06:00:00,43.572837981256676,33.38971202668735,133.25005937949223,2.509812139206787,0.0,-4.57937288698516,24.304200857093523,1.167274862276573,1,4.8556681518690965,0.43592590080578086,0.16561833960750433,6,4,12
2025-12-19 07:00:00,52.686094640209,51.53937197970658,207.32016774395365,2.852263693289931,0.08012215422750904,-1.9397539611157115,26.026284798899862,1.8395815699227063,1,8.220486381461585,0.5954374720818891,0.6020401905074407,7,4,12
2025-12-19 08:00:00,54.01547428227454,31.454886340029088,209.15796151065027,3.048189689842646,0.1558836721345584,-3.063550942503915,17.284839466076875,1.2648949219099035,0,0.0,0.6187059307091395,0.6128684905456641,8,4,12
2025-12-19 09:00:00,63.28703309843116,54.694633942667615,150.561933450295,2.8011207329833585,0.21466092580208285,-1.3469879471483606,25.769237261993478,0.17768717074772178,0,0.0,0.7809883035523527,0.26762008216403815,9,4,12
2025-12-19 10:00:00,60.80202203321573,42.70851081294745,194.51351989429355,3.0798329507473987,0.2640487161419992,-2.4864688542236606,19.764353246230197,0.21109485367467518,0,0.0,0.7374925440796245,0.5265832878271959,10,4,12
2025-12-19 11:00:00,44.21315955897584,37.27889296588148,163.85720058783912,3.7967484490027115,0.2936108719015699,-2.0656747836029368,15.915297796968265,0.23279257182173452,0,0.0,0.4471336067671449,0.34595593478390624,11,4,12
2025-12-19 12:00:00,47.94732757959911,47.2667950905552,196.37362378420872,2.7720892250161957,0.30817070397647,-2.983085028881172,16.930420189951583,0.23331419675119225,0,0.0,0.5124936674643809,0.537543039344077,12,4,12
2025-12-19 13:00:00,45.5609575320816,34.02740348036873,202.40356985611305,4.354671371252881,0.29929295265599704,-2.5009214016853973,24.886028738775426,0.23296474176043125,0,0.0,0.47072444596968854,0.573071544481109,13,4,12
2025-12-19 14:00:00,39.0624555488054,41.34234037731307,230.9596663360331,3.9131172160594017,0.2669584013080436,-1.533599200862163,25.75766460712969,0.2478088007597583,0,0.0,0.3569795684702699,0.7413243627289534,14,4,12
2025-12-19 15:00:00,55.19079961410068,58.0293285211174,270.6612305493661,2.9122340427676914,0.22102827782554538,-2.5320546742385677,24.72796019312227,0.1555703046746324,0,0.0,0.6392779388788024,0.9752463930890267,15,4,12
2025-12-19 16:00:00,47.88346024313228,39.55596608210559,179.19986075855314,2.857641245741527,0.15836867965537943,-2.2202674304455767,19.965779622935575,0.18998481982359983,0,0.0,0.5113757817760594,0.43635504850579737,16,4,12
2025-12-19 17:00:00,55.61296746949777,48.83447949893621,190.4916878471491,3.170117405920213,0.0828220963133311,-3.7077582752083496,25.250421190335658,0.24135877459024493,0,0.0,0.6466672466177105,0.5028866114650266,17,4,12
2025-12-19 18:00:00,39.88108935975765,43.32185850190807,208.71024942145306,1.9826347798819328,3.92861777664241e-17,-5.020178854222645,19.545214746681033,0.19673378176002906,1,10.798396593832495,0.37130831727780694,0.6102305662472911,18,4,12
2025-12-19 19:00:00,37.66824574637273,31.56490289575583,159.0797879735289,2.3632102981482146,0.0,-3.2981336118734443,16.554131049992613,0.23712966234232702,1,12.998540421096537,0.3325763716113158,0.3178073698406649,19,4,12
2025-12-19 20:00:00,44.44298408794652,36.28256308600752,198.9638696032847,1.5803463943190725,0.0,-6.266117579719923,18.931310186306224,0.15176564506703963,1,7.2134155524565315,0.45115628198697344,0.552804794721626,20,4,12
2025-12-19 21:00:00,30.828307200144497,34.43743795787177,161.47530663245644,1.6082241301518414,0.0,-5.632766507251092,25.79175958092875,0.2004367818669052,1,8.913339611550658,0.21285524602783917,0.33192179075996914,21,4,12
2025-12-19 22:00:00,37.32486934241673,22.164515588756213,195.96578365082536,1.3932143721420893,0.0,-7.0,22.056685587304102,0.2422452215917586,1,12.593204038714665,0.32656617001336613,0.5351400410251512,22,4,12
2025-12-19 23:00:00,27.04393035598553,18.151641578792045,161.56746130113052,1.820917271491693,0.0,-6.867068728271532,19.200929784246842,0.17612828857752452,1,7.523795425519802,0.14661636795128186,0.33246476702880245,23,4,12
2025-12-20 00:00:00,38.42613109966225,28.077569969941916,135.4077595047341,1.061812548107149,0.0,-6.753085540352043,22.303880520281155,0.2429658309841567,1,9.735183338916853,0.3458418252328379,0.17833153124631776,0,5,12
2025-12-20 01:00:00,34.80041825792394,16.071650076640253,156.87565272829357,0.8219790817901806,0.0,-7.0,20.38075048359377,0.15084772872091506,1,8.626533458494377,0.2823800821891465,0.304820581990616,1,5,12
2025-12-20 02:00:00,37.199804469879766,27.083548422585995,163.71282045929658,1.1710417445747137,0.0,-7.0,16.463953790443693,0.15789275378551837,1,7.206110263632962,0.3243771288092845,0.34510524556091143,2,5,12
2025-12-20 03:00:00,43.33955233930913,28.264394156714495,162.60132242402565,1.8624835393548766,0.0,-6.7907551728011,18.162559839046413,0.19768246225160827,1,9.528519010897138,0.431842644874801,0.33855628754619194,3,5,12
2025-12-20 04:00:00,25.858430926093803,20.555999604140975,128.11682054753905,1.6979058282800101,0.0,-4.959407494918917,16.280895148782395,0.16063796084463636,1,5.097840816515349,0.12586628004245526,0.13537324287929026,4,5,12
2025-12-20 05:00:00,29.241088744953277,24.872096385018274,145.41826313887375,1.8984149206526084,0.0,-4.941016540193845,18.849068121668612,0.17255973155491883,1,5.939661575258849,0.18507377127948121,0.23731352305001693,5,5,12
2025-12-20 06:00:00,56.67371811275611,49.84458124537687,156.17421288244037,2.586037473548382,0.0,-4.248366499453428,24.075324100981636,1.3481437660338917,1,4.223140154427563,0.6652338258517176,0.300687691104107,6,5,12
2025-12-20 07:00:00,42.316220841780016,51.05520251522263,160.17951356852356,2.3886481258995893,0.08059181454911812,-5.642162750522248,18.18875028176673,1.4861220070224,1,9.997689002706043,0.41393102214585575,0.32428696451451144,7,5,12
2025-12-20 08:00:00,43.174280014447355,33.008124617043215,162.9777224570236,2.8922334655978665,0.1553445808783929,-3.918968039049219,21.733679064890982,1.4178852264920003,0,0.0,0.42894984274996895,0.3407740404657836,8,5,12
2025-12-20 09:00:00,45.42073704379741,37.31700754797159,214.40838262065733,2.6409836633873285,0.2202254907459896,-2.16797744836863,23.506031277129523,0.24221476386495958,0,0.0,0.4682701322980393,0.6438040264781697,9,5,12
2025-12-20 10:00:00,45.16691164823483,42.97995666468579,151.22242434315112,3.589683899195956,0.2702318321807229,-1.6943308267479313,21.767250684864123,0.2386014661486803,0,0.0,0.46382736401100844,0.27151170139246533,10,5,12
2025-12-20 11:00:00,63.326832500380085,48.58498273376407,186.78352632897005,3.56748003409967,0.3027833348031146,-0.5924733837014398,16.00944234041129,0.22480708911134117,0,0.0,0.7816849222670782,0.4810380851305344,11,5,12
2025-12-20 12:00:00,53.4712931442899,62.619926010713236,176.17919808415053,4.0213754191249835,0.3148258844988271,-1.851904160570574,19.565090694352754,0.21593083110390077,0,0.0,0.6091809944950936,0.4185572725281987,12,5,12
2025-12-20 13:00:00,49.14842374517432,49.90617788616188,178.05464537689397,3.571442523435717,0.3029995470229124,-1.4055480364260853,20.261487520878077,0.17043410602300035,0,0.0,0.5335167488714435,0.4296074275345477,13,5,12
2025-12-20 14:00:00,42.00555265008181,46.75207942064447,195.46545335872264,3.7657025554641725,0.2706504678156909,-2.0968037779574598,19.118566013392833,0.21018262583796168,0,0.0,0.408493320426503,0.532192089726547,14,5,12
2025-12-20 15:00:00,60.08793552639298,49.721077830201466,247.29522007490783,3.6494083045599126,0.22052580212548403,-3.5789736851095713,21.124037895315386,0.16470627675416508,0,0.0,0.7249937124332592,0.8375736157085216,15,5,12
2025-12-20 16:00:00,56.31110148481792,35.540814520510445,265.0196096427145,4.128746454473719,0.15644855058563004,-5.471232114758159,20.702253095947004,0.1952719117690861,0,0.0,0.6588868578842957,0.9420059038751889,16,5,12
2025-12-20 17:00:00,50.33200295737319,36.393586189769294,209.80666957259598,2.83167615681692,0.08164092678957639,-3.510055877217549,17.310739588157695,0.19615237517731826,0,0.0,0.554233226738016,0.6166906852114935,17,5,12
2025-12-20 18:00:00,50.655306724277466,37.96587669108534,183.89718175769178,2.809967677945409,3.8395431538449383e-17,-4.545649845660631,23.082733843687965,0.21897099565721315,1,12.854726341893453,0.5598920920359362,0.46403171281723793,18,5,12
2025-12-20 19:00:00,33.004708157029064,30.216256628206786,221.68201548743042,2.4134102254702627,0.0,-6.116296008257453,17.04107876535238,0.23351267251406896,1,9.581374733513863,0.2509493269202557,0.6866603471799599,19,5,12
2025-12-20 20:00:00,53.09444140586758,45.71051930269777,141.03930827414246,1.9343505390955071,0.0,-7.0,20.14500794356631,0.18205022693971232,1,7.367143575516954,0.6025848658899776,0.21151267532248424,20,5,12
2025-12-20 21:00:00,40.55315301811072,25.19868715152266,135.13827066101098,1.7263641130566503,0.0,-6.217355491376668,23.292311458864198,0.15411812761587518,1,9.696083458011877,0.38307161267848666,0.17674370016882263,21,5,12
2025-12-20 22:00:00,42.86951821007181,20.224147761083422,147.62930517994133,1.2911821096548277,0.0,-7.0,22.79659622168512,0.15469703716509073,1,11.981725415630075,0.4236155219796732,0.2503410058131347,22,5,12
2025-12-20 23:00:00,21.555172818834563,17.258548965441854,147.80210770246762,1.7823037376472384,0.0,-7.0,20.162930163069156,0.23748242882872417,1,7.230514734135718,0.050545295680484555,0.2513591600778757,23,5,12
2025-12-21 00:00:00,26.291986336804513,30.186124840771033,167.00568886381214,1.468247049678528,0.0,-5.867835557608248,24.033664298110477,0.19863258602819756,1,9.235489921700216,0.13345490696099901,0.36450686053894626,0,6,12
2025-12-21 01:00:00,25.836119182839443,24.58514936092313,171.421253048781,0.6358280710957516,0.0,-7.0,23.38769858221263,0.17480125830891008,1,7.728978969295235,0.12547575211620443,0.3905234107630874,1,6,12
2025-12-21 02:00:00,27.385438720803986,18.86429473791667,142.18935744942488,1.8419503454761266,0.0,-7.0,20.0231941210814,0.1532286727399302,1,8.872744166072595,0.15259387280105624,0.21828877705616972,2,6,12
2025-12-21 03:00:00,33.08062499057271,37.995416051814125,141.05512573271457,1.3933645171455447,0.0,-7.0,25.57636142641183,0.2028764338045669,1,7.041518798407876,0.2522781179175944,0.2116058719533385,3,6,12
2025-12-21 04:00:00,30.46705519426402,24.273462128463475,124.50077052741082,1.829978864515575,0.0,-4.785097704639172,17.596069641222837,0.16370947798535107,1,5.452813866740158,0.20653216337570793,0.11406743845186901,4,6,12
2025-12-21 05:00:00,34.766986578371565,26.141830098502126,148.0124649154726,2.880819838184789,0.0,-7.0,19.962851245755616,0.19170280672000664,1,5.1280441612243575,0.2817949192846693,0.2525985869705442,5,6,12
2025-12-21 06:00:00,58.90780326904569,37.31528544904104,193.8915385019236,3.117978307474022,0.0,-2.808037254018835,23.626453965842188,1.5120582862620529,1,4.230487917063277,0.704337567464691,0.5229185669772174,6,6,12
2025-12-21 07:00:00,41.40454093462177,44.72027983378846,160.56258925553786,3.6863467756293966,0.0765228159759935,-3.8335610660772477,25.489293285704488,1.296900244347418,1,7.823114298035308,0.3979736646463484,0.32654405045718243,7,6,12
2025-12-21 08:00:00,57.51154537376417,39.110782993670824,153.96142390208664,2.235215847307652,0.14697602820460234,-3.34384300177478,19.53168724747815,1.2741276046290757,0,0.0,0.6798985223331967,0.2876499153564978,8,6,12
2025-12-21 09:00:00,63.77501382540331,49.76966150880997,174.86709152907252,3.243937329837713,0.21149724233983572,-2.8265424096180185,22.007424814744315,0.15198080706928596,0,0.0,0.7895295501587809,0.41082632702279387,9,6,12
2025-12-21 10:00:00,63.453725597559696,47.809937925511214,201.45946126351734,3.756558908626351,0.26088705124458195,-2.5899428725205134,16.063297341952882,0.20855207851045396,0,0.0,0.7839059633364449,0.5675088468081994,10,6,12
2025-12-21 11:00:00,67.61353048391786,38.173123464410416,218.55112687463208,4.325294046488579,0.29742063147871733,-0.8078072861065306,19.764901792002163,0.17004412110564296,0,0.0,0.85671605071319,0.6682131188238776,11,6,12
2025-12-21 12:00:00,68.38440432061961,46.485536846037284,207.38935650362504,2.8749742465925725,0.30559868094696535,-2.824160160686583,19.224817570075558,0.2378228445827849,0,0.0,0.8702088449523545,0.6024478514009375,12,6,12
2025-12-21 13:00:00,57.71570185800152,47.375331937708836,246.89982466715165,3.8859015869563827,0.29942065443824006,-1.5143780372702507,24.444375496552173,0.21037765497758476,0,0.0,0.6834719234570328,0.8352439418427673,13,6,12
2025-12-21 14:00:00,49.28288387876522,44.92667417347584,229.28987203173773,2.6396222414504766,0.2662904743556995,-2.545597851134296,16.33000816465981,0.20564143297470508,0,0.0,0.5358702376390412,0.7314859172751271,14,6,12
2025-12-21 15:00:00,55.46725986447549,46.153523701316225,236.67985021706872,2.343319473171574,0.21629957953768697,-3.4022206075684642,16.12605755542891,0.2004684664608136,0,0.0,0.6441168905930998,0.7750277458071307,15,6,12
2025-12-21 16:00:00,61.4718818053073,36.41226283678528,253.58965953093738,3.2924631785962246,0.15687233725592523,-0.6773398386118772,19.97776407177475,0.17153100783909034,0,0.0,0.7492172643173693,0.8746605186230046,16,6,12
2025-12-21 17:00:00,50.779809953598864,34.859780477279855,246.36785992884475,3.3789313387467446,0.08038020018713812,-3.5697070607821644,19.566985468106637,0.24694104442769912,0,0.0,0.5620713026607677,0.8321096000572382,17,6,12
2025-12-21 18:00:00,34.18663599800853,32.81918492183665,170.35083123020982,3.046095632287999,3.85369804154214e-17,-4.15384170662016,17.03098928806921,0.24670446294744158,1,11.098416603604171,0.27163690043047956,0.384216474245513,18,6,12
2025-12-21 19:00:00,42.92273268863568,23.04079334004656,202.09226822055933,2.737813046016863,0.0,-4.407672329274213,18.08929912294696,0.1821272424579831,1,10.115827397666413,0.4245469480777217,0.5712373519981165,19,6,12
2025-12-21 20:00:00,50.21805104424345,38.622265221078905,199.49767749374942,2.100269559681826,0.0,-7.0,25.443363289737327,0.22762162240229747,1,9.194323067737646,0.5522386983939265,0.5559499963788898,20,6,12
2025-12-21 21:00:00,42.09731396677939,32.10038440760834,139.60720399863388,1.249862891977419,0.0,-5.141767060652681,20.782533164993566,0.16192460657108945,1,8.52414894493987,0.41009944130694775,0.20307470199694447,21,6,12
2025-12-21 22:00:00,27.36026648435921,23.45156897429867,187.42158696471347,1.2961842607548077,0.0,-7.0,16.473975680330806,0.22805288456318468,1,11.11769975763896,0.15215327695940448,0.48479754505014666,22,6,12
2025-12-21 23:00:00,26.394360275242434,21.062876740225878,127.47685488086313,1.898969243735203,0.0,-7.0,16.172065637035107,0.17863319329712854,1,7.731263951564727,0.13524678316827285,0.13160255849755764,23,6,12
2025-12-22 00:00:00,28.83250119969917,26.951131139107165,167.11046027563995,1.208722395867941,0.0,-7.0,16.190347632064743,0.17891344759672576,1,11.879986591854246,0.1779221630469503,0.365124174790011,0,0,12
2025-12-22 01:00:00,35.21831328555617,17.406235375698227,117.4348644197605,0.8958562493802055,0.0,-7.0,19.956928454423355,0.20072333094475991,1,9.984719463804279,0.28969460157345556,0.07243504598104235,1,0,12
2025-12-22 02:00:00,27.166872266581816,26.37656902103182,156.92449757677008,1.2576733812629217,0.0,-7.0,25.13468458858395,0.18923289616687466,1,7.486406204809267,0.1487682504307066,0.30510837634720256,2,0,12
2025-12-22 03:00:00,46.421788433745434,26.42726195947427,116.49354413274457,1.4127917261762089,0.0,-7.0,24.908029515813283,0.16178311429737904,1,8.421120808886135,0.48579178082769886,0.06688877703368576,3,0,12
2025-12-22 04:00:00,26.387976192901704,26.527623174628655,136.55235972569733,1.928627059453026,0.0,-6.297609801962762,20.01721643049272,0.20930771429299544,1,6.195321294176228,0.13513504100590046,0.18507552768433197,4,0,12
2025-12-22 05:00:00,27.702871280900442,23.028903449318083,124.67362395313454,2.765682291719058,0.0,-6.5419013159946635,24.430678761285062,0.17138436093822712,1,4.513852867228046,0.15814997292311783,0.11508589263878002,5,0,12
2025-12-22 06:00:00,42.520909208319324,38.24015259224188,141.65720770613038,2.5919173203984203,0.0,-6.286454643942081,24.211670912920592,1.4583598359786425,1,6.204639057590484,0.41751373293635585,0.2151533452193245,6,0,12
2025-12-22 07:00:00,44.76035727282861,44.11088827602628,210.745535117459,2.636854037265745,0.0757322997811214,-3.2880469756462345,21.300308791562763,1.2982580173731357,1,7.39607770558322,0.4567113428500639,0.6222224907924868,7,0,12
2025-12-22 08:00:00,49.478916488244025,29.86130461128314,144.69080904624454,3.500765124943702,0.14656577087260736,-2.599095495202816,20.408382473559474,1.7681889312199166,0,0.0,0.539301444586187,0.2330273559502223,8,0,12
2025-12-22 09:00:00,45.046042102388924,38.154297139483205,181.45042249551034,3.680765391605024,0.20932445506211805,-1.088765153167389,17.942842352165968,0.1838021677272068,0,0.0,0.46171175464118225,0.44961538172921534,9,0,12
2025-12-22 10:00:00,51.619684586480446,41.971398813208,217.69193408855227,4.197243936964491,0.2581276405627532,-2.9882914102735825,18.89944174139242,0.23874908251659646,0,0.0,0.5767718347953787,0.6631507459684771,10,0,12
2025-12-22 11:00:00,47.431132184996315,45.56594428864729,166.06490058372162,3.4039630454869205,0.2852023901105984,-1.2075208764431666,19.425274428552147,0.18260972435593048,0,0.0,0.5034585725954464,0.3589637261819421,11,0,12
2025-12-22 12:00:00,71.48192339228082,62.3909067740794,172.68223772040764,3.4218902854983964,0.2913264504122297,-2.0835757217395896,24.283537317220212,0.1679497072053311,0,0.0,0.9244254826120682,0.3979531455980884,12,0,12
2025-12-22 13:00:00,38.95911049273621,34.14528529794064,179.63905948620413,2.825452098525613,0.2849908251318426,-0.7133643431392926,21.423170352365972,0.2076634642682497,0,0.0,0.355170694552402,0.438942811989161,13,0,12
2025-12-22 14:00:00,47.200485014939886,38.36838032733543,235.94850158363258,2.5809376241116633,0.2561561253271808,-1.1833180181553278,17.646988216702255,0.20551377762557466,0,0.0,0.49942149848649464,0.7707186320322887,14,0,12
2025-12-22 15:00:00,58.80348487267675,46.801994497535105,263.38513768428504,2.5725464995027925,0.20769048889660102,-2.4725598466569387,16.474084782753227,0.21189135571129572,0,0.0,0.7025116569323165,0.9323755780515525,15,0,12
2025-12-22 16:00:00,60.98168960632551,38.8614674516715,249.62636997860957,3.014789883090881,0.14865104581595376,-3.646344712735771,20.532679790218026,0.18021395985763494,0,0.0,0.7406373097727923,0.8513087752507866,16,0,12
2025-12-22 17:00:00,64.02016638742653,49.15005737116418,258.59067549838363,4.017289693619858,0.0767531243497785,-3.0711425912719177,22.22319902711555,0.18199689158633717,0,0.0,0.7938205157086509,0.9041265568546997,17,0,12
2025-12-22 18:00:00,53.10399978263447,31.817793997356723,207.81378845993936,2.381849231780082,3.620091588158367e-17,-4.163337112652404,23.768557031826614,0.17374300835275866,1,13.602570151711932,0.6027521685079104,0.6049486089135949,18,0,12
2025-12-22 19:00:00,29.646140379585777,33.67325395968686,234.27450152609285,2.73687955987986,0.0,-6.272841284750291,23.567045133607433,0.24284009702249965,1,13.082149822129875,0.19216348959930016,0.7608554062364884,19,0,12
2025-12-22 20:00:00,56.70413519976033,39.0678571087862,162.44407486939068,2.4146550258105757,0.0,-7.0,23.90044057109923,0.21829557315638787,1,7.3196749721028045,0.6657662236018589,0.33762978331447663,20,0,12
2025-12-22 21:00:00,41.46148527916122,21.93167571941858,162.988973763359,1.2728195008582095,0.0,-7.0,20.10806315684963,0.22562557487942134,1,13.856457227413898,0.3989703755053422,0.3408403332800426,21,0,12
2025-12-22 22:00:00,41.719474020054214,27.93855645728441,151.68330943729038,1.2904393280261564,0.0,-5.899666753315786,24.54369664387603,0.16941631401075605,1,8.078131545891493,0.40348601584901245,0.27422724117332725,22,0,12
2025-12-22 23:00:00,22.541332998358953,18.564218340968914,117.37923388060253,1.5709371058391688,0.0,-6.569966303074102,20.292561222576197,0.21615782908664946,1,5.254511288245834,0.06780629969394426,0.0721072702641982,23,0,12
2025-12-23 00:00:00,39.78771302302047,22.477129038825876,169.32179525091883,1.6713706463226075,0.0,-7.0,17.515273551139895,0.22626643172623187,1,8.218378093878032,0.3696739283046485,0.3781533835245565,0,1,12
2025-12-23 01:00:00,27.88194792627406,16.18419089706752,107.76934345690023,0.8792435831913673,0.0,-7.0,20.045244197316475,0.18424561070762363,1,9.488250722815568,0.16128439546287363,0.015485695674063275,1,1,12
2025-12-23 02:00:00,36.01245767209326,20.917405925170666,156.09133757595083,1.5200848960906317,0.0,-6.147037476397413,19.55026644831479,0.16576926070124745,1,6.8711429258592585,0.3035947059661256,0.30019938893403186,2,1,12
2025-12-23 03:00:00,38.122573275258986,30.491796724571604,134.7941679195124,1.781915869103815,0.0,-7.0,20.20234952003348,0.21970042495111963,1,7.164277270038651,0.34052857801992686,0.17471624322754722,3,1,12
2025-12-23 04:00:00,32.02077664617953,20.927635481208615,109.47331871662395,1.473545870097171,0.0,-5.817624416170304,23.132857041795233,0.211114359203347,1,5.535409302278361,0.233727331842403,0.025525535673718618,4,1,12
2025-12-23 05:00:00,37.176460693503955,29.123954823381293,135.78154939808908,2.06346204316328,0.0,-6.221073961638994,23.16847876910745,0.2075618248142197,1,5.749533024596839,0.3239685369536424,0.18053390519591422,5,1,12
2025-12-23 06:00:00,45.48299023692524,44.70231621671515,147.69021567350617,2.903720554193216,0.0,-3.213118928963259,18.542691333359798,1.2619249844291713,1,4.270552071398392,0.4693597652387533,0.2506998910764044,6,1,12
2025-12-23 07:00:00,55.98539735659746,50.2885511345693,209.06498359496987,3.5381090478033146,0.07850639446527898,-4.825742130280898,19.505784532468336,1.3218690678284606,1,9.556680137046097,0.6531859784722664,0.6123206636968845,7,1,12
2025-12-23 08:00:00,49.64434725975705,41.35240586003981,194.49711878467107,2.505817850138852,0.1494346965215823,-2.190015918858892,22.454884060485142,1.5936633968922203,0,0.0,0.542197020041701,0.5264866523182665,8,1,12
2025-12-23 09:00:00,60.451273693955294,50.51695803070158,194.49974819379776,2.7837344821426253,0.20747060782679366,-2.5287938028801924,16.913385829812327,0.21135862240850153,0,0.0,0.7313533096860713,0.5265021448242609,9,1,12
2025-12-23 10:00:00,46.12300096454788,48.61229696440011,162.7050564202658,3.5912615606681717,0.26164987465653095,-1.9862894543507599,23.254557084803956,0.2054722833481778,0,0.0,0.4805620303144731,0.3391674893337958,10,1,12
2025-12-23 11:00:00,68.73041928738601,57.7140906076201,196.94364460416992,3.2290042351387838,0.28995918439920587,-3.9106717090453045,17.737001531262045,0.22681393659872465,0,0.0,0.8762652299637149,0.5409016079595689,11,1,12
2025-12-23 12:00:00,65.55993910517557,46.58512370099938,164.81901071292322,3.996887710875277,0.2995775242806114,-4.042626412761213,24.682466943716914,0.2314657197902782,0,0.0,0.8207715360527295,0.35162293007083223,12,1,12
2025-12-23 13:00:00,42.79784763860947,35.74371390875861,247.24409479539028,3.742740935494163,0.29150285421804917,-2.1640663395133797,19.84362862763556,0.1776514135376606,0,0.0,0.4223610543512449,0.8372723850284607,13,1,12
2025-12-23 14:00:00,57.23480345580064,33.775788288438896,182.90543724131226,3.2274418903651094,0.26258471242770426,-1.9978527866587832,17.853360864662555,0.16576075642911764,0,0.0,0.6750546405218616,0.45818834378463796,14,1,12
2025-12-23 15:00:00,46.176887893176236,47.03669635593734,228.96060378609562,3.5461378133790555,0.21639979448109833,-3.848262092879826,22.378894162472417,0.17011677841017117,0,0.0,0.48150522647128374,0.7295458653381348,15,1,12
2025-12-23 16:00:00,39.508648439991646,34.54166767187125,236.0398173430388,3.732572948064987,0.15436617274840375,-4.434619929611126,21.122612745085487,0.17813087959317253,0,0.0,0.3647893923157809,0.7712566654389674,16,1,12
2025-12-23 17:00:00,54.81615976491145,40.92809488680974,194.38224672059266,2.653225556013536,0.07875988865456747,-3.5095310267994826,17.151582643606286,0.24477485726091688,0,0.0,0.6327205255146001,0.5258098249188098,17,1,12
2025-12-23 18:00:00,45.52884931039137,35.91281220225655,213.2593152099442,2.379796193742783,3.77350278917461e-17,-4.286132945852955,23.85340066492311,0.16371621150715124,1,11.528060660387931,0.4701624478734691,0.6370337093115643,18,1,12
2025-12-23 19:00:00,32.038394599907654,36.418344871686664,215.5014892910243,2.267916227891746,0.0,-5.7647046171743215,20.037852193179706,0.23787614911253466,1,12.179514921894272,0.23403570321687567,0.6502446223790866,19,1,12
2025-12-23 20:00:00,44.77324450695963,48.004237795630466,151.57114155953894,2.311842652256296,0.0,-5.571816055470586,16.990849573543212,0.1703377459204164,1,7.701650695166628,0.45693691127665076,0.2735663468679088,20,1,12
2025-12-23 21:00:00,44.47768243542083,31.021138323881143,178.20257631130391,1.617606735690493,0.0,-7.0,23.70399906171544,0.18484457130493548,1,12.420605774869074,0.45176361569142637,0.43047903814274174,21,1,12
2025-12-23 22:00:00,30.997508707163774,24.8156792274026,178.71065083526952,1.5472274771841716,0.0,-7.0,16.946882747933127,0.16258726633963116,1,12.589371739810254,0.21581682159373936,0.4334726185362404,22,1,12
2025-12-23 23:00:00,20.60013240052271,21.21904464600723,140.87170210717596,2.093954026423432,0.0,-6.106405867582795,25.754710426793515,0.16033603509757607,1,5.5670829766145555,0.03382898849654656,0.21052513803889017,23,1,12
2025-12-24 00:00:00,41.12064630403434,29.04030426419497,120.82901270057027,1.339993740149396,0.0,-7.0,20.389002987332795,0.15951430431228725,1,9.712485235736763,0.39300458714787073,0.09243340304636766,0,2,12
2025-12-24 01:00:00,26.411596756995493,25.81273321500588,126.24533003014308,0.9352155895061626,0.0,-7.0,23.540510392661286,0.18427589066657946,1,8.839574801087872,0.13554847754500277,0.12434640123455051,1,2,12
2025-12-24 02:00:00,36.79129595075788,26.32076911409122,170.31522667878804,1.1934822879620823,0.0,-5.1530550500651175,20.739657128131537,0.20236920889942278,1,10.25345866030457,0.31722690379056984,0.3840066918572451,2,2,12
2025-12-24 03:00:00,34.30633542882177,27.229081454742182,131.2871769190098,1.2553442024298183,0.0,-7.0,18.017729765787518,0.170080754001236,1,9.622494313715842,0.2737320289892828,0.15405301568104737,3,2,12
2025-12-24 04:00:00,34.05521043520306,19.587789600984838,116.84686188473209,1.914107881140135,0.0,-5.567403119338616,24.19909336115389,0.24326742314462974,1,5.2670607072464355,0.26933652650121526,0.06897052891285785,4,2,12
2025-12-24 05:00:00,34.26366643819822,33.852280753172266,120.06225276198874,1.9154082872855356,0.0,-3.9777469022356993,19.220345263430623,0.2086418780167569,1,6.210091797779839,0.2729851831586607,0.08791564549233352,5,2,12
2025-12-24 06:00:00,60.32565021147583,31.4314204960758,134.43960525950752,3.0674197892184125,0.0,-5.1915688864009475,23.460991704301865,1.7887985662128063,1,6.193301724819259,0.729154490994864,0.17262715633735468,6,2,12
2025-12-24 07:00:00,47.19638805948799,38.332781092422636,138.0514864397618,3.4353847066848178,0.07873815298848451,-3.2320503025798937,18.876786466941763,1.236614087735663,1,8.18459762326897,0.49934978846821715,0.19390839791676515,7,2,12
2025-12-24 08:00:00,48.4934329471676,38.270290920799205,179.55392939614228,3.0792199687838675,0.15191275642848784,-4.351577337733861,18.658597918039813,1.232620866054613,0,0.0,0.522052283941795,0.43844122461076457,8,2,12
2025-12-24 09:00:00,67.49119570933956,35.12348507765626,175.8432599869911,3.7738088406839063,0.21692369926996782,-3.4363818585192605,20.89920975168217,0.23467527020828005,0,0.0,0.854574795084718,0.41657792175651187,9,2,12
2025-12-24 10:00:00,66.32504210909883,55.493839036121166,234.1405654683264,3.6597445048963766,0.26734402815628455,-1.889331494582146,24.610043270486265,0.20679813545686943,0,0.0,0.8341633219873418,0.760066253587419,10,2,12
2025-12-24 11:00:00,44.57553953777408,41.49774355359038,247.97060345520615,4.736275005589108,0.29836708746760165,-1.1774266342377513,22.329909168093398,0.24385867952710882,0,0.0,0.4534764326065035,0.8415529816282599,11,2,12
2025-12-24 12:00:00,70.84511484560153,40.43473147342017,211.77334648340067,3.6798206295477227,0.306295380244361,-0.7542232860831053,16.42902302472557,0.16468968523477534,0,0.0,0.9132792660964735,0.6282783660788185,12,2,12
2025-12-24 13:00:00,47.46095405943482,50.46269181857987,261.11023975262134,3.6175980786582316,0.2965895081477013,-0.40913509228392075,23.311037629858248,0.1526017979620863,0,0.0,0.5039805521937508,0.9189718557151415,13,2,12
2025-12-24 14:00:00,53.27599602845849,37.61911518286322,214.55078026041107,3.222384092626396,0.26642848200967534,-2.347285211509863,21.577624138063793,0.24165605490855185,0,0.0,0.6057626610740373,0.6446430348565472,14,2,12
2025-12-24 15:00:00,51.73158592037697,56.30057497375964,234.15612184411842,3.6056602785561425,0.21766463745458203,-1.5643488177035696,21.922041167194788,0.2198837105247886,0,0.0,0.5787304713471314,0.7601579119158102,15,2,12
2025-12-24 16:00:00,48.04353169240072,42.274078647126636,178.42408293328683,2.915248563791955,0.15313568424086518,-3.7229441572199784,19.061259244022786,0.23071680483499724,0,0.0,0.5141775516970425,0.4317841574693763,16,2,12
2025-12-24 17:00:00,44.848239209206405,50.01428824349008,161.68926372029338,3.53121372892175,0.07877394475964881,-3.2034416087170037,21.09317242550346,0.17960140135991504,0,0.0,0.45824956198324707,0.3331824281526877,17,2,12
2025-12-24 18:00:00,45.95547646284489,31.536815964775634,166.00851764047974,2.1594468389901977,3.740704006603124e-17,-4.675844343417211,19.186859160400743,0.1503066419483113,1,10.134318929312611,0.47762980778482006,0.35863151729238935,18,2,12
2025-12-24 19:00:00,38.82464751865706,29.67998637368926,166.73428944826478,1.9826375941603838,0.0,-5.215447798272574,16.223905254144494,0.1982879849549063,1,8.633580626549621,0.3528171560670403,0.36290777235233884,19,2,12
2025-12-24 20:00:00,40.921229931259084,34.2455803317425,202.58837037363105,2.464161011110416,0.0,-5.962488467237886,24.10893390011563,0.24900094157846905,1,10.039641650325192,0.38951415336004197,0.5741603910574584,20,2,12
2025-12-24 21:00:00,37.130009692696895,33.88779635331559,141.95277124497355,1.1880175984914187,0.0,-7.0,22.484256222739102,0.24075374170678532,1,11.637006985512217,0.3231554936691868,0.21689480867237865,21,2,12
2025-12-24 22:00:00,42.946699346258,20.503330598474285,130.45237564288257,1.715274323466146,0.0,-7.0,22.518304750855457,0.1572022785044093,1,12.436755010063246,0.4249664423769212,0.14913435785664658,22,2,12
2025-12-24 23:00:00,27.55375109275476,15.921487352137609,184.15326304056043,1.7343160750381827,0.0,-7.0,17.67403794820547,0.16877836599735285,1,6.348118613149111,0.15553988561730925,0.4655405464063621,23,2,12
2025-12-25 00:00:00,32.68094615818572,29.256115755361193,159.08104797865937,1.6395765044321022,0.0,-7.0,22.717763935040487,0.1811227897118812,1,9.113397785095986,0.24528244107607572,0.31781479380403316,0,3,12
2025-12-25 01:00:00,35.40611437412738,21.205790170746393,139.47616614723677,0.9228939011201278,0.0,-6.959086685756246,18.298392178414186,0.23304004552763838,1,6.555036082021019,0.2929817301869056,0.2023026256100262,1,3,12
2025-12-25 02:00:00,35.02046831590298,25.8295243206154,111.6477875251031,1.2804912518930809,0.0,-6.620322366772982,23.242556050484282,0.23247144317460067,1,6.539828347805039,0.28623167244071207,0.03833752856903304,2,3,12
2025-12-25 03:00:00,32.39419899339328,34.42759555058277,166.2280704510484,1.511231287921059,0.0,-6.68922606174451,19.57619554831649,0.16850045028338548,1,9.694364822096587,0.24026343497027497,0.3599251247417965,3,3,12
2025-12-25 04:00:00,34.01182916739757,19.339682878220625,116.88740563272472,1.2960526364875726,0.0,-7.0,17.762757022332313,0.20330800771447405,1,4.257588520488039,0.26857721350800495,0.06920941309882797,4,3,12
2025-12-25 05:00:00,30.53430108824715,21.276892150530017,160.13948149694272,2.2893024998794114,0.0,-4.293919776803515,25.846843894061703,0.2001794865877481,1,5.75292276473142,0.207709184786663,0.32405109513129543,5,3,12
2025-12-25 06:00:00,55.5694898447859,49.25910379568363,173.41411940971895,3.0905329971453974,0.0,-2.8616420992928213,17.249990988170275,1.4357103718484598,1,5.989388522214867,0.645906247065884,0.4022654001437057,6,3,12
2025-12-25 07:00:00,60.24490775893168,37.81224269074681,161.17665024127558,2.6761526746331654,0.0812329815888144,-3.976562270042474,24.29495189087725,1.526940341926479,1,11.481208448150042,0.7277412360020559,0.33016210418868847,7,3,12
2025-12-25 08:00:00,43.29651616514184,36.21616225954983,217.00950525041176,3.2897587031193836,0.15742527358696398,-2.890796682629291,17.165439128720188,1.3445916480193443,0,0.0,0.43108937214036164,0.6591298681376615,8,3,12
2025-12-25 09:00:00,53.416117176726324,50.35735256580283,147.5900720850602,2.528369393384109,0.22475389097312326,-2.5795012248707696,23.3257637708312,0.203154917265851,0,0.0,0.6082152359729629,0.25010984400896524,9,3,12
2025-12-25 10:00:00,51.19780571830194,40.03227268657463,231.81169057986892,2.7918438825813596,0.2690921565587534,-1.77533531825193,17.110346943246753,0.21856081830756235,0,0.0,0.5693875852707883,0.7463444984586974,10,3,12
2025-12-25 11:00:00,49.68644465405084,51.85290941238221,213.8865347666643,3.0180740373645913,0.30228423181325087,-2.126774824342953,21.222637449332172,0.15625032773343406,0,0.0,0.542933861081269,0.6407292934805187,11,3,12
2025-12-25 12:00:00,69.62686928571162,51.802910171831655,226.57545635471172,3.165108259457741,0.31166790781837184,-1.9407629463864746,17.723954764438773,0.24673058998757008,0,0.0,0.89195601462552,0.7154925517996706,12,3,12
2025-12-25 13:00:00,53.40233052591756,47.69062856088219,271.85608134896233,3.5441476152717493,0.3041599775645881,-1.1039011184958478,24.695977522170587,0.16653035989667925,0,0.0,0.6079739248351954,0.9822864664603685,13,3,12
2025-12-25 14:00:00,39.77719241890878,36.93683168447617,229.0912583429605,2.5778065067748117,0.27175504126367683,0.03511435332914603,19.727902406610443,0.18602986632197108,0,0.0,0.369489783584991,0.730315683349672,14,3,12
2025-12-25 15:00:00,64.52643120425242,40.35998049331323,251.10769179988472,3.732214905686572,0.22203479137337243,-4.188519062954267,15.644084607721298,0.1970627362512256,0,0.0,0.8026817932338899,0.8600367388692324,15,3,12
2025-12-25 16:00:00,42.634783008105735,50.4588000393108,177.4577618958285,4.1789633648307785,0.15712046537627253,-3.51475513822949,21.88493272105896,0.15409844405286233,0,0.0,0.4195068940433974,0.4260905838397007,16,3,12
2025-12-25 17:00:00,67.02538459403334,42.227037361348735,240.49434989597097,3.249311472318325,0.08165054393222572,-5.316112814382563,19.954245926044738,0.20483618355825706,0,0.0,0.8464215886404134,0.7975028176935174,17,3,12
2025-12-25 18:00:00,41.60765356003195,34.63017101886665,226.10729072241665,2.5626742757081065,3.867603451697215e-17,-3.321243704832857,24.187327795220234,0.2369973766965615,1,13.741984707686138,0.4015287948525592,0.712734115012072,18,3,12
2025-12-25 19:00:00,40.14744288498185,33.98974279749814,234.90578445103037,3.021955244992975,0.0,-6.278615174709057,19.831195394894134,0.24010181629474434,1,12.62703799312562,0.37597036849763144,0.7645749318133531,19,3,12
2025-12-25 20:00:00,38.21958851881493,41.60897121137136,219.21395714723886,2.2794289660961433,0.0,-7.0,19.6532009898127,0.18261916275892723,1,9.641774206552487,0.34222665967355187,0.6721185217021911,20,3,12
2025-12-25 21:00:00,33.5462332759004,26.845597595365305,145.3865418754699,1.2158804300221964,0.0,-6.399833328936282,20.17254061885093,0.20587966086759943,1,9.675900700395935,0.2604277741789306,0.23712662103524634,21,3,12
2025-12-25 22:00:00,39.98157289429817,22.985162280380294,157.19465034114626,1.7986732737301865,0.0,-5.771593527134529,24.48348543908632,0.22767974316097153,1,13.134579613853148,0.3730671052810165,0.30670011925210905,22,3,12
2025-12-25 23:00:00,24.602284667683882,20.313279261929438,182.92996387549056,1.5598368624665175,0.0,-7.0,21.776609540360496,0.17528457118861807,1,7.285441888616864,0.10387964332958056,0.45833285496898474,23,3,12
2025-12-26 00:00:00,39.669565285832846,20.54352200423915,155.5897175956643,1.354151355875094,0.0,-7.0,22.778305412473838,0.20284725081084273,1,7.88571132008824,0.3676059594207697,0.29724383877919947,0,4,12
2025-12-26 01:00:00,30.40978269979873,26.006390182310735,138.7972569661145,0.8251749350764253,0.0,-7.0,23.45798546095835,0.1866721599664848,1,8.328203483486924,0.20552970882790514,0.1983024856350657,1,4,12
2025-12-26 02:00:00,40.981615799621764,20.297700840879454,112.62571331205814,1.727036585845494,0.0,-6.105501012259918,25.898602425931983,0.18781749596809924,1,6.936301686773296,0.39057110205641615,0.044099477503759685,2,4,12
2025-12-26 03:00:00,49.18642107957023,36.879476401470036,130.88497188686688,1.2672718469034845,0.0,-7.0,24.95718538824663,0.15941375326797744,1,6.5230769835563,0.5341818255548529,0.15168321943739424,3,4,12
2025-12-26 04:00:00,32.45675938105772,23.689420792740997,157.3685393987036,1.3373197544099282,0.0,-6.53628502525484,26.01200720545083,0.19068896351035325,1,3.8868377267694023,0.24135844481246949,0.3077246753925836,4,4,12
2025-12-26 05:00:00,37.51286204701649,23.635802273698687,172.7218699681637,2.8073107244306,0.0,-6.154659916946279,19.799825833797385,0.16608792568031117,1,6.295405624312094,0.3298566525292618,0.39818665921515944,5,4,12
2025-12-26 06:00:00,57.22164149611806,38.43953711073398,155.77335312074018,3.2683289062284278,0.0,-6.094444973802883,18.434530452932076,1.3509525543434155,1,4.574082177478849,0.6748242635064202,0.29832582120793116,6,4,12
2025-12-26 07:00:00,42.03740316413372,36.74605166549345,131.9723606508146,3.125911457960304,0.08036539009806978,-4.479557144876086,18.29692685572462,1.3727108271749588,1,8.532279118804597,0.40905080780258624,0.1580901253740616,7,4,12
2025-12-26 08:00:00,54.94911425897244,31.510396425699906,191.98549640425773,3.079459856590337,0.15710042938582813,-2.320969599370045,25.26739037830018,1.4479499591170835,0,0.0,0.6350476607034303,0.5116881470612172,8,4,12
2025-12-26 09:00:00,57.75038439125696,40.1354363625205,230.47782885361752,3.6127611419197705,0.22359648744472163,-2.241812197772223,24.883202140132866,0.24169137389595405,0,0.0,0.6840789803613256,0.7384853712578722,9,4,12
2025-12-26 10:00:00,59.29790948038235,54.58280803370127,199.64107489054834,3.595912900232502,0.2718657468086429,-1.6883842918859413,22.84812337108998,0.2130997085651122,0,0.0,0.7111656923670828,0.556794895336203,10,4,12
2025-12-26 11:00:00,43.9687058325293,37.29069578875541,252.90133459368786,3.47208933785128,0.30001808136033387,-1.8875465451678533,16.51202484577619,0.24744620384881,0,0.0,0.4428548731081425,0.870604900914753,11,4,12
2025-12-26 12:00:00,68.77732175690376,65.40802119783902,198.98303168696623,3.523161123839205,0.3156931575949128,-1.409496803488541,19.08950565251916,0.20906515162588027,0,0.0,0.8770861754159816,0.5529176979185033,12,4,12
2025-12-26 13:00:00,45.662250107695186,30.45660001858818,260.8739658573534,4.415619036368991,0.30148889475136587,-2.8366467178900856,23.31455006060239,0.23054900431004627,0,0.0,0.47249739481765657,0.9175797274603159,13,4,12
2025-12-26 14:00:00,58.62701101159726,44.822411049075114,251.49737278954024,3.7491001689078027,0.270541336335951,-2.6462731143164753,18.141401027506248,0.2334151466292292,0,0.0,0.699422791565807,0.8623327433239467,14,4,12
2025-12-26 15:00:00,55.43145710709574,55.82082572033107,269.11393430931884,2.9381654125613794,0.22114724404352357,-2.6225127611726347,21.927134551480965,0.2239003804560128,0,0.0,0.643490226130616,0.9661297075071822,15,4,12
2025-12-26 16:00:00,44.846674697162044,52.67195423731585,245.8735629749752,2.884959130207358,0.1560516507153796,-3.1593117008886793,21.006516381807412,0.21699149724717018,0,0.0,0.4582221779443885,0.8291971972504203,16,4,12
2025-12-26 17:00:00,66.31187502753403,38.01108816606078,189.69279112189577,3.844238280511102,0.08120272588590438,-3.8411651032111354,18.082407235285,0.19179149918364674,0,0.0,0.8339328553223369,0.4981795036287938,17,4,12
2025-12-26 18:00:00,50.218885625858995,39.81671875132061,240.05675272993176,2.6497051130951323,3.799942747819813e-17,-5.077120224224344,24.951964816051156,0.20672761452050203,1,12.385549470465916,0.5522533062810776,0.7949244906278717,18,4,12
2025-12-26 19:00:00,47.151577555933706,23.81880798604847,206.5071513882813,2.371855540754056,0.0,-6.093632642006519,18.021540112795286,0.1693716673632899,1,8.373705967287085,0.4985654592103996,0.5972498896615371,19,4,12
2025-12-26 20:00:00,45.163015352051644,36.095760074815075,149.58623931671136,1.6184996780089047,0.0,-3.282940299983355,24.626819634737,0.21182466463834415,1,7.856151669055406,0.46375916618123186,0.26187128215424793,20,4,12
2025-12-26 21:00:00,39.084760984420576,30.857803952329906,131.13435306254277,1.6414635633575339,0.0,-6.156196444716245,21.0689959511677,0.20142965220983344,1,10.937786475219248,0.3573699859923617,0.15315257592506876,21,4,12
2025-12-26 22:00:00,36.66883468411623,24.247228013801088,149.26764833186283,1.42558580072758,0.0,-7.0,16.51521563509925,0.23043252556429558,1,9.292354513608835,0.315083434140422,0.2599941407491958,22,4,12
2025-12-26 23:00:00,27.21963510146497,16.268691590914315,173.47663051729742,1.8980975519014338,0.0,-7.0,24.35206329834916,0.24025436244522133,1,7.662453651001221,0.14969177129840058,0.40263371624143524,23,4,12
2025-12-27 00:00:00,25.3781340102336,19.756510645195434,153.95076058374255,1.4519249508366254,0.0,-7.0,24.060036464287446,0.16327945517929152,1,12.002400031150444,0.11745952507054633,0.2875870869736154,0,5,12
2025-12-27 01:00:00,26.25646280763358,16.776239551530008,143.28035484054925,0.8930216317276954,0.0,-7.0,24.62605771650688,0.2190907801615396,1,7.512675961645568,0.13283312989848625,0.22471694506179332,1,5,12
2025-12-27 02:00:00,40.65703583689337,19.866757680737482,105.26093442131807,1.587301449544754,0.0,-7.0,22.717828297416677,0.24500463080638776,1,10.667156948372483,0.38488989918930644,0.0007061234782686173,2,5,12
2025-12-27 03:00:00,38.115461890722514,38.008150174101814,136.80406088973083,1.636099807114398,0.0,-7.0,23.61292617809873,0.241788083741715,1,7.506406105475434,0.34040410570845664,0.1865585535676028,3,5,12
2025-12-27 04:00:00,40.874528988995515,18.604359544194196,120.48249364359857,1.3418781691586346,0.0,-7.0,25.795252131528326,0.23344262503036442,1,5.35494980108082,0.3886967352888392,0.0903917091491268,4,5,12
2025-12-27 05:00:00,31.125198440678645,30.741371587279517,148.26930852448942,2.5690165691917155,0.0,-6.362340458626955,17.48389161249595,0.1548341000433576,1,5.939444620523184,0.2180518063846896,0.254111912193283,5,5,12
2025-12-27 06:00:00,61.20409260477244,45.83990261999418,199.34162575902693,2.379745119593402,0.0,-4.742744089534076,17.017656826817298,1.3143630874799044,1,5.61042426954048,0.7445300841197037,0.555030537930569,6,5,12
2025-12-27 07:00:00,53.66182022573688,44.1385090747169,201.84109476110808,2.92307889729595,0.08013626691116187,-4.413574438973965,17.455719841691845,1.2362163485404567,1,8.242893233816703,0.612515836831878,0.5697574353557474,7,5,12
2025-12-27 08:00:00,52.965885821430135,42.96631342771509,162.9567543695923,2.866085374471995,0.15593885822875841,-1.973504410283231,25.398887811033834,1.820200845627681,0,0.0,0.6003347258975096,0.3406504962759794,8,5,12
2025-12-27 09:00:00,52.36550847098339,49.66909937390193,199.25245705389852,3.5599784562377623,0.21834964608478838,-4.313561597059259,22.025487745914447,0.2248889815545697,0,0.0,0.589826173564105,0.554505154990085,9,5,12
2025-12-27 10:00:00,64.13414558988391,45.087413397917445,200.20952334139176,4.079658732413267,0.26149159487857343,-3.1066062366602045,17.808193613486576,0.20317846363302736,0,0.0,0.7958155217045498,0.560144199536456,10,5,12
2025-12-27 11:00:00,56.927004200033444,43.71737266019042,169.75657629012397,4.356678631700218,0.28856202136427533,-0.5363118904476432,17.344203305034046,0.2479400235421017,0,0.0,0.6696671544932736,0.38071511794152885,11,5,12
2025-12-27 12:00:00,66.19006086914621,64.58246219334478,267.207300287446,2.836295082788691,0.30182371616012926,-1.8238982242000792,20.42694733132875,0.16947187653410373,0,0.0,0.8318007121670105,0.9548957999675819,12,5,12
2025-12-27 13:00:00,40.21596024117715,50.024520972759994,210.45729217325376,3.399647431436135,0.2871629068169837,-1.1732262320196436,24.16536856779573,0.2141571917798907,0,0.0,0.3771696446242026,0.6205241603593797,13,5,12
2025-12-27 14:00:00,54.21322145256323,44.677725178387334,220.62249407790122,2.855590246217088,0.25704005347732084,-0.307344189694823,23.916208465451597,0.21093810282736378,0,0.0,0.6221671480355677,0.6804176359861325,14,5,12
2025-12-27 15:00:00,65.63753243128697,40.20544913282184,234.77237091362016,2.837823285102606,0.2097413262391985,-3.5299647746848413,24.272510476578034,0.18404542449198608,0,0.0,0.8221296711115518,0.7637888578596717,15,5,12
2025-12-27 16:00:00,42.412269814852365,42.15342679515904,181.53741872823167,3.589311920856404,0.14915008410756153,-3.5576006991363682,23.332678756086693,0.1985380292084368,0,0.0,0.4156121909297039,0.4501279644396219,16,5,12
2025-12-27 17:00:00,60.498304299260376,46.162547205053706,179.35635639773113,2.723448011428846,0.07757992518106865,-4.455054092530058,16.01990577522919,0.17353861686599725,0,0.0,0.7321764979305185,0.437277122443799,17,5,12
2025-12-27 18:00:00,33.81978630122847,40.89919526415591,169.25584251964375,2.4809984977513175,3.692602312008894e-17,-6.914467601105143,22.756710768403384,0.21771147557479797,1,10.993508396970512,0.2652158400186597,0.3777647893441167,18,5,12
2025-12-27 19:00:00,46.02322912145144,32.12361491114408,179.35661036175975,2.969733916005854,0.0,-6.0475111091453675,20.71155183598052,0.19182407103403049,1,9.662866541555468,0.47881569922153805,0.437278618802504,19,5,12
2025-12-27 20:00:00,60.143649369015876,39.256076344322835,152.97092608119482,2.2405988919046536,0.0,-5.580369859502104,22.895295855093643,0.15235500969790516,1,8.868739726786814,0.7259688855147588,0.2818138918667122,20,5,12
2025-12-27 21:00:00,33.719301462670394,30.144929218881614,205.81568736554593,1.622219883378402,0.0,-6.542930028375905,20.48419382091094,0.24507852230739433,1,8.827821784450071,0.26345702919091035,0.593175776428868,21,5,12
2025-12-27 22:00:00,27.907672520765868,20.01879190066006,177.14512370801927,1.8427890094317896,0.0,-6.94195175088825,20.579217655133586,0.20014191572724407,1,11.35784554547524,0.16173465936318837,0.424248516376881,22,5,12
2025-12-27 23:00:00,26.859034089026323,20.424834061643487,181.8946854067104,1.7115046045695874,0.0,-7.0,16.969195285358506,0.22056338797012784,1,7.608279034403066,0.14338008314449133,0.4522329834348604,23,5,12
2025-12-28 00:00:00,25.238202701947774,20.924961358594054,170.6866333832531,1.5851237856918847,0.0,-7.0,25.254865037219684,0.16969299901780321,1,11.258278935209356,0.11501027298748694,0.38619502403304984,0,6,12
2025-12-28 01:00:00,29.05202651879526,23.094711771488267,155.72204825562324,0.632816039531416,0.0,-6.593712774179533,19.804825395633014,0.16272297179160364,1,8.797033300410549,0.1817645686648704,0.2980235324076456,1,6,12
2025-12-28 02:00:00,29.898379621957012,19.85071032754801,121.99223323526115,1.21245248560486,0.0,-7.0,22.125224731222392,0.24024219296465646,1,10.783665143254371,0.19657849505715766,0.09928711056704112,2,6,12
2025-12-28 03:00:00,39.09655132138166,25.83174974082684,149.51387534876648,1.4067729893222995,0.0,-6.793878949856355,18.226926240733686,0.20909325233188955,1,8.15998876587906,0.35757635515817354,0.2614449129004921,3,6,12
2025-12-28 04:00:00,25.220553901416128,18.905475662455764,122.55934442351615,1.4397096614354514,0.0,-6.304019253933978,20.027959751701,0.1993350871882998,1,4.778795736994012,0.11470136169383036,0.10262853560217794,4,6,12
2025-12-28 05:00:00,28.184504045302123,33.788597587359035,123.83614668540025,2.3949153207820104,0.0,-4.282799643079414,25.463513432504957,0.20211500356541104,1,6.344177630799814,0.16658010958039043,0.11015146784392471,5,6,12
2025-12-28 06:00:00,37.15185166810028,42.524789799762786,170.60601935620852,2.3643102165675995,0.0,-3.997345055309365,18.378193176081943,1.302151947903814,1,5.275930394556436,0.3235377991332763,0.3857200453450454,6,6,12
2025-12-28 07:00:00,51.74620555788232,39.74306719322849,180.21843207204867,3.824720655485002,0.08032067573444124,-5.488249086467627,18.326101808670092,1.8095147763845438,1,11.686645765446936,0.5789863624557917,0.4423564813067595,7,6,12
2025-12-28 08:00:00,47.933123117269645,44.064219635925646,149.09599278175395,3.348249659431883,0.1544441568076334,-4.657683254830588,18.866399896016535,1.2856801384527858,0,0.0,0.5122450432688711,0.25898274445789904,8,6,12
2025-12-28 09:00:00,47.846253159654324,49.064756902764806,176.3073641258125,4.041272450202178,0.21801303881478354,-2.270574711841786,22.150693154381013,0.16580062778339985,0,0.0,0.5107245370487049,0.4193124281822099,9,6,12
2025-12-28 10:00:00,57.19678373438598,48.880638079131884,156.62811738568288,4.198524250013027,0.26913753840925436,-2.4377333930332292,21.46981234840693,0.2430045887855541,0,0.0,0.6743891719929604,0.3033621011706104,10,6,12
2025-12-28 11:00:00,66.3545530272886,46.14001656691452,230.75117843148453,4.8431164341114705,0.29620046904503017,-2.5295256434097935,17.699282330015023,0.17575738563030693,0,0.0,0.8346798588419937,0.7400959498212035,11,6,12
2025-12-28 12:00:00,53.94056939787558,39.89036502867845,266.9592971440508,3.3217224866851347,0.30591130862279714,-0.9571551330834094,23.015674719460797,0.23624847188897694,0,0.0,0.6173948521064101,0.9534345628604758,12,6,12
2025-12-28 13:00:00,58.805420028171675,35.585943011860905,244.863218068031,3.5996388634182637,0.2970393665875141,-1.8881901319806462,25.12339100267743,0.2272512807496237,0,0.0,0.7025455284345917,0.8232442345226453,13,6,12
2025-12-28 14:00:00,54.99725481127204,33.4173950488773,257.8567386532985,2.790046483712211,0.26352633146534726,-2.3235296673251256,17.625349602322498,0.1881943617558465,0,0.0,0.6358902766229398,0.8998021933098317,14,6,12
2025-12-28 15:00:00,42.31729571790236,51.22295336529124,216.05091139231843,3.1926735460366142,0.2080779288687235,-2.073542850330253,22.431887571059978,0.1754002006289099,0,0.0,0.41394983596682217,0.6534818231293849,15,6,12
2025-12-28 16:00:00,47.38733128480933,37.84095256319165,171.2388942682967,3.8256438989995183,0.14980305315953638,-3.8504216947877214,21.455322690193615,0.225898857455603,0,0.0,0.50269191467352,0.3894489509268033,16,6,12
2025-12-28 17:00:00,54.28095779025572,45.09039331050136,231.8835584474312,3.2154313573404965,0.0776939917888837,-2.630949740064583,18.762204241496573,0.20975986909500544,0,0.0,0.6233527538033152,0.7467679446838256,17,6,12
2025-12-28 18:00:00,49.47918718923217,33.57166211998788,175.65202001308145,2.2260624942922895,3.638990041044341e-17,-5.764578940566622,21.707763841282127,0.17540403497730234,1,12.639987402659504,0.5393061827321189,0.41545113383595117,18,6,12
2025-12-28 19:00:00,33.90050980522511,24.350050896327062,179.72098455027725,2.500030726546639,0.0,-5.096657137963599,17.541132037253337,0.23908794660871302,1,12.150806307870313,0.26662876335038316,0.43942551532100926,19,6,12
2025-12-28 20:00:00,60.13911940127767,47.89819257551054,198.2789324965659,1.5695303410947994,0.0,-5.043886276869581,24.001209706878946,0.22209824177529827,1,10.358760016339163,0.7258895963760027,0.5487691381461903,20,6,12
2025-12-28 21:00:00,39.72707688227772,33.64357242318688,203.98252666265725,1.6191249336949787,0.0,-7.0,15.714135286251796,0.2409278130689698,1,12.831877294421389,0.36861259902929067,0.5823747744509156,21,6,12
2025-12-28 22:00:00,32.5223827168691,20.814145868858915,158.89992391993997,1.531219312501222,0.0,-7.0,21.445778384030913,0.19374703869643328,1,13.001887796280311,0.242507066188931,0.31674760896126386,22,6,12
2025-12-28 23:00:00,19.871685152423936,20.87995854658098,186.73214171175874,2.1611687401371653,0.0,-6.735013107299931,18.979508172252554,0.16281995142127414,1,5.052710465486479,0.021078797265857496,0.48073532643007727,23,6,12
2025-12-29 00:00:00,27.738098439936127,24.308167169698592,146.80556217253184,1.7000136699929314,0.0,-6.822757696596113,25.004287559202506,0.24240753615900182,1,12.50949516667085,0.15876656254630764,0.2454875034233364,0,0,12
2025-12-29 01:00:00,29.127078405961225,24.351257808882803,114.68144544979454,0.6599362286915841,0.0,-7.0,21.122714331504845,0.21014260305637567,1,7.498942189841425,0.18307822029316292,0.05621187269685028,1,0,12
2025-12-29 02:00:00,33.66004059058787,20.30804529606422,141.2903622077778,1.944463852260881,0.0,-7.0,24.46393541725317,0.210605950047077,1,8.935222851925497,0.2624197715809438,0.2129918877174997,2,0,12
2025-12-29 03:00:00,44.92891522807487,26.11676672314148,166.85266818603708,1.8967584612298976,0.0,-6.147018193790711,25.878588571492653,0.20842654412897157,1,9.760677698759173,0.4596616541711005,0.36360526110976826,3,0,12
2025-12-29 04:00:00,36.97972274089736,29.432606889569282,148.12408479429084,1.8047895349160754,0.0,-5.298612964861648,19.657818618115677,0.19723930225297087,1,5.4887979439503125,0.32052498421236253,0.25325625246053357,4,0,12
2025-12-29 05:00:00,30.90304224176346,33.614577627371645,170.50992032918072,2.7590506833444812,0.0,-6.923803238424629,25.568397912664686,0.17550430798103256,1,4.558640642847196,0.21416335183064406,0.38515382887565947,5,0,12
2025-12-29 06:00:00,51.340869779874424,39.723291725807215,163.83660894863002,2.1328723945451316,0.0,-6.187109382742106,23.9324984768016,1.5847664085156903,1,5.217987712110203,0.5718916707046328,0.34583460863095283,6,0,12
2025-12-29 07:00:00,37.131435466207805,50.59036856571414,173.5537526826936,3.81670476141407,0.07799557641506263,-3.98198718740264,17.274175465469472,1.6639520582300853,1,11.319129028520551,0.32318044933339335,0.40308812084419354,7,0,12
2025-12-29 08:00:00,44.174369737340555,41.74679453273997,160.62848111675387,2.786020646852914,0.15109967085269738,-2.854837933671348,17.188418317416726,1.8124073887673555,0,0.0,0.44645465898479686,0.3269322859905995,8,0,12
2025-12-29 09:00:00,62.50379516002401,38.88588756150065,161.91981589168458,3.92270812912962,0.2151537466346154,-3.1624371624069982,24.741779263595028,0.1572147708064849,0,0.0,0.7672790974020295,0.33454084395076455,9,0,12
2025-12-29 10:00:00,50.61194417878085,42.16842271784135,177.89187958446539,3.4296166175125484,0.2639129052320729,-1.707800534016571,20.91335845205269,0.17547095325524903,0,0.0,0.5591331067438999,0.4286484097882073,10,0,12
2025-12-29 11:00:00,65.00166631741205,37.990055238415934,202.12300286026368,4.521178742318784,0.2969998541248056,-2.798004128669736,21.078173567178,0.22766857867555002,0,0.0,0.8109999502289751,0.571418440815761,11,0,12
2025-12-29 12:00:00,75.14970200944857,60.15454048786487,247.86638412762915,3.410345299679949,0.31290936773933836,-4.100805325607185,25.10808865650408,0.2275150693483933,0,0.0,0.9886235132625734,0.840938920263358,12,0,12
2025-12-29 13:00:00,53.137157470884375,50.29393025786645,254.6018528521949,3.356050893180947,0.3003621518512258,-2.5126943360795275,25.08439751584663,0.17120345061257533,0,0.0,0.6033325356752754,0.8806243722271894,13,0,12
2025-12-29 14:00:00,41.83598896576294,42.4992998704223,182.97155976799897,3.9238087083528663,0.2689030016121306,-2.325713690839409,16.731824591123875,0.16847176788763948,0,0.0,0.4055254055823074,0.4585779384014138,14,0,12
2025-12-29 15:00:00,51.85930114256765,51.06790566364962,224.41505385800926,3.2873046567023065,0.21959339497080124,-3.141985260912158,19.342090032239643,0.18671402092594502,0,0.0,0.5809659022726392,0.7027634377600305,15,0,12
2025-12-29 16:00:00,38.14649056836629,48.60646817439963,205.62906871554014,3.9123321369852238,0.15581130731345091,-4.646504793655601,24.631299269823156,0.15629153650848235,0,0.0,0.3409472082798866,0.5920762173969408,16,0,12
2025-12-29 17:00:00,56.84849553268448,39.867116247538,215.67166920743927,3.28720628785737,0.08060704554644622,-6.0275215453130695,23.79826885053801,0.22303607855363938,0,0.0,0.668292997991786,0.6512473242212705,17,0,12
2025-12-29 18:00:00,51.47168711148668,33.25596521989386,214.76233870170267,2.996814093373369,3.788219085878989e-17,-5.502838972962554,22.765340415617732,0.21698087251048861,1,14.23546056840277,0.5741813986138231,0.645889539398807,18,0,12
2025-12-29 19:00:00,40.403346133054974,28.338093105318574,169.37702887686683,2.7892850164708696,0.0,-4.867964284994853,16.43381026586674,0.23587254943332,1,11.206364257930005,0.38044950594787597,0.37847882062462845,19,0,12
2025-12-29 20:00:00,55.375818913811116,40.81036818604518,217.7318143747432,1.5788421372057997,0.0,-5.233370523341637,21.813290849985652,0.1930049147105597,1,7.892927008199778,0.6425163771580782,0.663385721030593,20,0,12
2025-12-29 21:00:00,41.82503913598587,32.49705749652814,206.58352663269523,1.6524761748588346,0.0,-5.9235722520648,21.491416906566318,0.21367360090397317,1,11.14638890546079,0.40533374802032807,0.5976998933980789,21,0,12
2025-12-29 22:00:00,40.826555096332996,23.041814867867526,128.42861940394232,1.1915712699516514,0.0,-7.0,17.29685825858634,0.24539494887790464,1,11.677580114316724,0.3878570364539213,0.13721036499271336,22,0,12
2025-12-29 23:00:00,21.982489696094543,17.681829110644575,167.11627715892837,2.0988404339519966,0.0,-7.0,23.728387802042104,0.24588023146253413,1,6.633022806121542,0.05802472801465249,0.3651584479270059,23,0,12
2025-12-30 00:00:00,39.11962704870754,27.525340522029214,111.43452724605305,1.2851323358650306,0.0,-7.0,19.025758341751846,0.15710776141537544,1,10.406772888169268,0.3579802552854101,0.03708099678095327,0,1,12
2025-12-30 01:00:00,31.56682422356587,17.000576727941368,109.31342352360853,0.8518794357228517,0.0,-7.0,22.403784672429786,0.15018843449508307,1,9.19212580249032,0.2257816910110797,0.0245834315290557,1,1,12
2025-12-30 02:00:00,30.20122081862484,24.757141983947417,172.04599398581152,1.7522587435060806,0.0,-7.0,19.78200203669293,0.24599843950300176,1,7.2171396065876365,0.20187919895867334,0.394204390878983,2,1,12
2025-12-30 03:00:00,49.27923829483734,26.310458594623736,155.1354755806732,1.6411326514765288,0.0,-7.0,16.916233887418166,0.2035316601946785,1,7.7457577467123775,0.5358064280874927,0.29456744008995367,3,1,12
2025-12-30 04:00:00,40.700753275375995,25.103954643748608,132.606758652111,1.8431729393162275,0.0,-7.0,21.69872732445286,0.220040054092861,1,5.825851643927033,0.3856550962605071,0.16182800501331748,4,1,12
2025-12-30 05:00:00,37.68151018717346,31.79217806625916,164.60228583296276,2.8388022369090695,0.0,-5.7990122185196284,19.406023739214643,0.2412597158038651,1,5.983883721767565,0.3328085423789573,0.3503459848180589,5,1,12
2025-12-30 06:00:00,57.42474810312037,35.096821734232925,187.6668040522945,2.6322746117300277,0.0,-4.505976015679539,16.89161478598659,1.449865949327532,1,6.280394527998248,0.6783792883709588,0.48624236668734244,6,1,12
2025-12-30 07:00:00,43.0132061108348,50.14897346239256,201.10861340111694,3.1628053658369866,0.07940291245699632,-3.4497499163883565,18.244502026031256,1.4554899614610797,1,9.189006443988651,0.4261305266242045,0.5654416475442311,7,1,12
2025-12-30 08:00:00,44.58130818654315,35.33962668048311,136.84678011217488,2.3852950637638357,0.15299135649398687,-3.3495733824431526,22.706731307273213,1.2502361781919022,0,0.0,0.45357740268380187,0.18681025567172693,8,1,12
2025-12-30 09:00:00,46.48839819929241,39.01916317297724,220.64055185108066,3.2029283854681956,0.21724804484887003,-2.5420275313305694,17.097598011291282,0.24058282805851158,0,0.0,0.48695766792628004,0.6805240325740154,9,1,12
2025-12-30 10:00:00,53.82514327414912,45.312553354095755,235.32027150599328,3.001919018632912,0.2666053730351419,-2.3114870745383715,16.866829873678775,0.21476733060319608,0,0.0,0.6153745202918954,0.7670170938635406,10,1,12
2025-12-30 11:00:00,55.55044862447056,55.17351914290911,218.23715648759196,4.215724508992511,0.2953664099511712,-1.4113212399601371,25.82036630700057,0.16802692472915512,0,0.0,0.6455729639065065,0.6663632020292971,11,1,12
2025-12-30 12:00:00,51.982767010683546,41.504211876303316,212.4842864307974,3.24374493208627,0.3042753709846723,-1.6821340761667583,16.878995480774854,0.2059792014567886,0,0.0,0.5831269557093148,0.6324672316626907,12,1,12
2025-12-30 13:00:00,54.79110442111789,36.98449856580134,176.11201175268462,4.250252075323329,0.29173246663005453,-2.031758509029648,19.57723715039126,0.18281639383894513,0,0.0,0.632281975673754,0.41816140996257034,13,1,12
2025-12-30 14:00:00,41.14388403403465,44.717013467165096,191.3575223635789,2.9564809129878937,0.26434048979800384,-2.665832441547696,16.94663798876618,0.16471819698065263,0,0.0,0.393411322847737,0.5079881174649103,14,1,12
2025-12-30 15:00:00,43.0862421016668,44.002194175134676,217.59688044846652,2.6710184017881726,0.21211551487334782,-2.793186576378095,25.181119539477812,0.1681869447394799,0,0.0,0.4274088935234704,0.6625906889298553,15,1,12
2025-12-30 16:00:00,47.63385390631849,33.993348088497584,253.82155624264436,3.3291635757296443,0.1484440789012763,-3.0114577426212357,20.373260669544372,0.20592571578102026,0,0.0,0.5070068607113234,0.876026856466643,16,1,12
2025-12-30 17:00:00,51.63329377220652,42.35820228571778,239.85333054546945,2.695147247129347,0.07738819683630012,-3.9523596588684606,16.52769662089735,0.20643852259327586,0,0.0,0.5770100397181844,0.7937259249956965,17,1,12
2025-12-30 18:00:00,40.34561938788789,42.04013734829069,199.59295809187364,2.1113539669246597,3.689479613124732e-17,-4.615701111353131,23.255368534862818,0.22899407810523256,1,9.797665384736105,0.37943910053838814,0.556511390656641,18,1,12
2025-12-30 19:00:00,33.3469129880064,36.57308023673275,217.53770812493318,2.843061411629982,0.0,-4.430490435167416,23.3974915035929,0.17479842842033289,1,8.966785882919158,0.2569390221883954,0.662242044982537,19,1,12
2025-12-30 20:00:00,44.54064094538415,30.000623801174815,203.91600375148064,2.005704430925367,0.0,-6.231811154747069,24.692719431386237,0.2415833382241378,1,9.525099939908554,0.45286559396607373,0.58198282076455,20,1,12
2025-12-30 21:00:00,30.2494150530855,28.609167211786776,176.34960626311093,1.2438686198731677,0.0,-7.0,22.76947309228013,0.20186129315470153,1,8.98806316440736,0.20272275449024252,0.4195613192956808,21,1,12
2025-12-30 22:00:00,33.05444126093707,21.085982082657374,137.62603627455735,1.201623756363408,0.0,-6.7118611892847095,16.13018134110098,0.17041726888412861,1,9.531724684025512,0.251819817662005,0.19140164110670907,22,1,12
2025-12-30 23:00:00,29.920333110499133,19.56142772121008,140.18561925741872,1.7720911396977606,0.0,-7.0,21.395606325385337,0.1913280575603391,1,7.853353867694864,0.19696275236312366,0.20648273073352405,23,1,12
2025-12-31 00:00:00,28.44845947072202,18.434209133978502,120.94336603724243,1.5733008941937734,0.0,-7.0,19.782418516703963,0.24233592720407274,1,12.169645806368086,0.1712001862699042,0.09310717409853733,0,2,12
2025-12-31 01:00:00,32.01168755179119,16.222580683880167,106.5276336128805,0.7515618420590789,0.0,-7.0,23.755594928148483,0.1978156542866866,1,9.328114627558664,0.2335682431892884,0.008169528324323508,1,2,12
2025-12-31 02:00:00,27.704748559031533,28.003984468309092,110.63678019390056,1.3616595394522026,0.0,-7.0,22.216120715374302,0.23747151104790454,1,6.607020778419716,0.15818283138366807,0.03238066283061981,2,2,12
2025-12-31 03:00:00,36.73031014385238,25.191332198368308,159.71369193527843,1.4563694176025983,0.0,-7.0,23.757969062756363,0.1659832735166639,1,7.053928509991252,0.31615945422242,0.32154233859375864,3,2,12
2025-12-31 04:00:00,30.252109232332963,22.223585020082968,111.45299431074947,2.0864772339761073,0.0,-6.88127412776986,18.00848791829573,0.2413958398609296,1,5.358303332304849,0.20276991137182118,0.0371898049187225,4,2,12
2025-12-31 05:00:00,44.26780452914997,34.458803478912,144.11876381005877,2.2817549293482275,0.0,-6.381148088920894,20.80701216141094,0.1930618805499436,1,6.360348534587841,0.4480900711114525,0.22965685945322423,5,2,12
2025-12-31 06:00:00,47.248842622086315,50.216992461560146,198.8624265337562,2.4716755136076816,0.0,-5.485426202703017,20.770121515062048,1.8270952076480733,1,5.6594635694784685,0.5002679135703387,0.5522070910980974,6,2,12
2025-12-31 07:00:00,53.48808283079248,35.46218872158188,194.69049715020986,3.196945467833711,0.08025551694344538,-3.278830010413686,26.649342784538607,1.7745588895967486,1,7.967913453552297,0.6094748685047352,0.5276260396646058,7,2,12
2025-12-31 08:00:00,48.918962735734105,39.694430663439185,202.55558445352477,3.2907703037721467,0.1576668047745118,-2.7925067842965534,16.27955370746805,1.6199747301621932,0,0.0,0.5295004364233072,0.5739672160742947,8,2,12
2025-12-31 09:00:00,45.30293284915593,47.520099019127926,168.91035769082146,2.4781776692141912,0.2233907563312475,-2.8969336935963383,24.727873309316198,0.21728464169530196,0,0.0,0.46620817652378604,0.3757291891299173,9,2,12
2025-12-31 10:00:00,65.0009615991105,45.01414598185048,214.17302156108585,3.744314188107616,0.2736787044945503,-2.9471294660710825,16.969311206740418,0.17115079878768996,0,0.0,0.8109876153713284,0.6424172766607866,10,2,12
2025-12-31 11:00:00,51.37214118180257,56.302615016384394,208.15012031430487,4.61628994002725,0.3076625315746786,-3.451220118161183,16.696227570029556,0.21028297789229222,0,0.0,0.5724390217388718,0.6069302797068461,11,2,12
2025-12-31 12:00:00,46.88241104130166,59.627719789812,227.92991381303085,3.0505915433287947,0.3184059254630948,-0.5792594479620343,19.195853178082277,0.2049495571891704,0,0.0,0.4938541715455565,0.7234730292686151,12,2,12
2025-12-31 13:00:00,45.40142776551703,45.82715081360277,211.62054639506454,4.363162326601146,0.30340854612825546,-1.509641750915625,22.965652289531327,0.1834147036340452,0,0.0,0.46793215725421283,0.6273780663649149,13,2,12
2025-12-31 14:00:00,46.68411063878768,36.75051721667663,223.40593443334538,3.3319277401207783,0.2694971327416267,-3.1082070494530134,22.601380608979404,0.2005621524248456,0,0.0,0.49038327085950845,0.6968176955866305,14,2,12
2025-12-31 15:00:00,43.94300214343369,45.81997782577672,272.02778647093174,3.014669382086871,0.22340114174553768,-2.158767625515107,21.96658705505474,0.24291435520282292,0,0.0,0.44240497512011573,0.9832981548295845,15,2,12
2025-12-31 16:00:00,53.5744219146815,43.0087557919595,196.32278502884358,4.118943642150479,0.15644427193017751,-3.5699766805024136,23.39033181931353,0.1505305663791458,0,0.0,0.6109860827115848,0.5372434968673098,16,2,12
2025-12-31 17:00:00,49.928412209275216,41.59318942535985,178.7550575279342,2.6216654177854366,0.08122821267110968,-4.5104633059394805,17.77163238297671,0.1917124092797604,0,0.0,0.5471690786742864,0.43373426323250186,17,2,12
2025-12-31 18:00:00,47.205219328801945,28.887346635097177,194.8494442830723,2.7759795320550897,3.7989776779411856e-17,-4.5646495677525225,21.87190555968466,0.18336387207708674,1,10.401189759209279,0.49950436434568335,0.5285625578289608,18,2,12
2025-12-31 19:00:00,28.581724493481854,24.10051139266592,192.66749998556045,2.88717425387613,0.0,-6.517858924093263,21.93309780983284,0.24612310674198384,1,10.92093087289191,0.17353275671887594,0.51570651927431,19,2,12
2025-12-31 20:00:00,60.12260645431551,32.745722461548695,142.70659526193532,1.996998742608373,0.0,-6.8436947843642315,22.15409556375981,0.24738942312856935,1,11.068919109952018,0.7256005662065576,0.22133634764133103,20,2,12
2025-12-31 21:00:00,30.37927421437664,23.554092821094347,195.6008924598036,1.0981725133382139,0.0,-6.999824553330275,21.621512576024244,0.20856605356360547,1,11.639472542952804,0.20499571130879093,0.5329900983224994,21,2,12
2025-12-31 22:00:00,37.497904686569285,22.88495778212002,153.76422301559143,1.58828247620757,0.0,-7.0,17.860800013190033,0.20500069684406666,1,10.408084786229614,0.3295948501729402,0.28648800567682137,22,2,12
2025-12-31 23:00:00,27.57086893634328,15.749109859083708,145.13026736721807,1.4900622567990018,0.0,-7.0,25.19392179615282,0.24032124968105248,1,6.823527749300937,0.15583950344108485,0.23561664896014947,23,2,12
